{
"type": "FeatureCollection",
"name": "东城轨迹和高度",
"crs": { "type": "name", "properties": { "name": "urn:ogc:def:crs:OGC:1.3:CRS84" } },
"features": [
{ "type": "Feature", "properties": { "pt_id": "  1000", "trajectory_id": 1, "北京时间": "2026-05-07 23:00", "lon": 113.942, "lat": 30.907, "height": 10.0 }, "geometry": { "type": "Point", "coordinates": [ 113.942, 30.907 ] } },
{ "type": "Feature", "properties": { "pt_id": "  1001", "trajectory_id": 1, "北京时间": "2026-05-07 22:00", "lon": 113.985, "lat": 31.058, "height": 16.0 }, "geometry": { "type": "Point", "coordinates": [ 113.985, 31.058 ] } },
{ "type": "Feature", "properties": { "pt_id": "  1002", "trajectory_id": 1, "北京时间": "2026-05-07 21:00", "lon": 114.049, "lat": 31.225, "height": 53.0 }, "geometry": { "type": "Point", "coordinates": [ 114.049, 31.225 ] } },
{ "type": "Feature", "properties": { "pt_id": "  1003", "trajectory_id": 1, "北京时间": "2026-05-07 20:00", "lon": 114.172, "lat": 31.436, "height": 119.0 }, "geometry": { "type": "Point", "coordinates": [ 114.172, 31.436 ] } },
{ "type": "Feature", "properties": { "pt_id": "  1004", "trajectory_id": 1, "北京时间": "2026-05-07 19:00", "lon": 114.322, "lat": 31.683, "height": 140.0 }, "geometry": { "type": "Point", "coordinates": [ 114.322, 31.683 ] } },
{ "type": "Feature", "properties": { "pt_id": "  1005", "trajectory_id": 1, "北京时间": "2026-05-07 18:00", "lon": 114.469, "lat": 31.978, "height": 86.0 }, "geometry": { "type": "Point", "coordinates": [ 114.469, 31.978 ] } },
{ "type": "Feature", "properties": { "pt_id": "  1006", "trajectory_id": 1, "北京时间": "2026-05-07 17:00", "lon": 114.581, "lat": 32.255, "height": 50.0 }, "geometry": { "type": "Point", "coordinates": [ 114.581, 32.255 ] } },
{ "type": "Feature", "properties": { "pt_id": "  1007", "trajectory_id": 1, "北京时间": "2026-05-07 16:00", "lon": 114.703, "lat": 32.526, "height": 47.0 }, "geometry": { "type": "Point", "coordinates": [ 114.703, 32.526 ] } },
{ "type": "Feature", "properties": { "pt_id": "  1008", "trajectory_id": 1, "北京时间": "2026-05-07 15:00", "lon": 114.858, "lat": 32.807, "height": 44.0 }, "geometry": { "type": "Point", "coordinates": [ 114.858, 32.807 ] } },
{ "type": "Feature", "properties": { "pt_id": "  1009", "trajectory_id": 1, "北京时间": "2026-05-07 14:00", "lon": 115.029, "lat": 33.126, "height": 44.0 }, "geometry": { "type": "Point", "coordinates": [ 115.029, 33.126 ] } },
{ "type": "Feature", "properties": { "pt_id": "  1010", "trajectory_id": 1, "北京时间": "2026-05-07 13:00", "lon": 115.192, "lat": 33.475, "height": 44.0 }, "geometry": { "type": "Point", "coordinates": [ 115.192, 33.475 ] } },
{ "type": "Feature", "properties": { "pt_id": "  1011", "trajectory_id": 1, "北京时间": "2026-05-07 12:00", "lon": 115.351, "lat": 33.842, "height": 44.0 }, "geometry": { "type": "Point", "coordinates": [ 115.351, 33.842 ] } },
{ "type": "Feature", "properties": { "pt_id": "  1012", "trajectory_id": 1, "北京时间": "2026-05-07 11:00", "lon": 115.515, "lat": 34.219, "height": 44.0 }, "geometry": { "type": "Point", "coordinates": [ 115.515, 34.219 ] } },
{ "type": "Feature", "properties": { "pt_id": "  1013", "trajectory_id": 1, "北京时间": "2026-05-07 10:00", "lon": 115.665, "lat": 34.604, "height": 42.0 }, "geometry": { "type": "Point", "coordinates": [ 115.665, 34.604 ] } },
{ "type": "Feature", "properties": { "pt_id": "  1014", "trajectory_id": 1, "北京时间": "2026-05-07 09:00", "lon": 115.795, "lat": 34.983, "height": 30.0 }, "geometry": { "type": "Point", "coordinates": [ 115.795, 34.983 ] } },
{ "type": "Feature", "properties": { "pt_id": "  1015", "trajectory_id": 1, "北京时间": "2026-05-07 08:00", "lon": 115.915, "lat": 35.347, "height": 29.0 }, "geometry": { "type": "Point", "coordinates": [ 115.915, 35.347 ] } },
{ "type": "Feature", "properties": { "pt_id": "  1016", "trajectory_id": 1, "北京时间": "2026-05-07 07:00", "lon": 116.024, "lat": 35.686, "height": 29.0 }, "geometry": { "type": "Point", "coordinates": [ 116.024, 35.686 ] } },
{ "type": "Feature", "properties": { "pt_id": "  1017", "trajectory_id": 1, "北京时间": "2026-05-07 06:00", "lon": 116.136, "lat": 36.041, "height": 46.0 }, "geometry": { "type": "Point", "coordinates": [ 116.136, 36.041 ] } },
{ "type": "Feature", "properties": { "pt_id": "  1018", "trajectory_id": 1, "北京时间": "2026-05-07 05:00", "lon": 116.286, "lat": 36.396, "height": 24.0 }, "geometry": { "type": "Point", "coordinates": [ 116.286, 36.396 ] } },
{ "type": "Feature", "properties": { "pt_id": "  1019", "trajectory_id": 1, "北京时间": "2026-05-07 04:00", "lon": 116.397, "lat": 36.657, "height": 10.0 }, "geometry": { "type": "Point", "coordinates": [ 116.397, 36.657 ] } },
{ "type": "Feature", "properties": { "pt_id": "  1020", "trajectory_id": 1, "北京时间": "2026-05-07 03:00", "lon": 116.464, "lat": 36.898, "height": 7.0 }, "geometry": { "type": "Point", "coordinates": [ 116.464, 36.898 ] } },
{ "type": "Feature", "properties": { "pt_id": "  1021", "trajectory_id": 1, "北京时间": "2026-05-07 02:00", "lon": 116.529, "lat": 37.128, "height": 7.0 }, "geometry": { "type": "Point", "coordinates": [ 116.529, 37.128 ] } },
{ "type": "Feature", "properties": { "pt_id": "  1022", "trajectory_id": 1, "北京时间": "2026-05-07 01:00", "lon": 116.61, "lat": 37.306, "height": 7.0 }, "geometry": { "type": "Point", "coordinates": [ 116.61, 37.306 ] } },
{ "type": "Feature", "properties": { "pt_id": "  1023", "trajectory_id": 1, "北京时间": "2026-05-07 00:00", "lon": 116.709, "lat": 37.413, "height": 4.0 }, "geometry": { "type": "Point", "coordinates": [ 116.709, 37.413 ] } },
{ "type": "Feature", "properties": { "pt_id": "  1024", "trajectory_id": 1, "北京时间": "2026-05-06 23:00", "lon": 116.831, "lat": 37.47, "height": 0.0 }, "geometry": { "type": "Point", "coordinates": [ 116.831, 37.47 ] } },
{ "type": "Feature", "properties": { "pt_id": "  1025", "trajectory_id": 1, "北京时间": "2026-05-06 22:00", "lon": 116.989, "lat": 37.523, "height": 0.0 }, "geometry": { "type": "Point", "coordinates": [ 116.989, 37.523 ] } },
{ "type": "Feature", "properties": { "pt_id": "  1026", "trajectory_id": 1, "北京时间": "2026-05-06 21:00", "lon": 117.194, "lat": 37.615, "height": 0.0 }, "geometry": { "type": "Point", "coordinates": [ 117.194, 37.615 ] } },
{ "type": "Feature", "properties": { "pt_id": "  1027", "trajectory_id": 1, "北京时间": "2026-05-06 20:00", "lon": 117.474, "lat": 37.749, "height": 0.0 }, "geometry": { "type": "Point", "coordinates": [ 117.474, 37.749 ] } },
{ "type": "Feature", "properties": { "pt_id": "  1028", "trajectory_id": 1, "北京时间": "2026-05-06 19:00", "lon": 117.774, "lat": 37.904, "height": 0.0 }, "geometry": { "type": "Point", "coordinates": [ 117.774, 37.904 ] } },
{ "type": "Feature", "properties": { "pt_id": "  1029", "trajectory_id": 1, "北京时间": "2026-05-06 18:00", "lon": 118.06, "lat": 38.099, "height": 0.0 }, "geometry": { "type": "Point", "coordinates": [ 118.06, 38.099 ] } },
{ "type": "Feature", "properties": { "pt_id": "  1030", "trajectory_id": 1, "北京时间": "2026-05-06 17:00", "lon": 118.32, "lat": 38.328, "height": 0.0 }, "geometry": { "type": "Point", "coordinates": [ 118.32, 38.328 ] } },
{ "type": "Feature", "properties": { "pt_id": "  1031", "trajectory_id": 1, "北京时间": "2026-05-06 16:00", "lon": 118.607, "lat": 38.551, "height": 0.0 }, "geometry": { "type": "Point", "coordinates": [ 118.607, 38.551 ] } },
{ "type": "Feature", "properties": { "pt_id": "  1032", "trajectory_id": 1, "北京时间": "2026-05-06 15:00", "lon": 118.848, "lat": 38.679, "height": 0.0 }, "geometry": { "type": "Point", "coordinates": [ 118.848, 38.679 ] } },
{ "type": "Feature", "properties": { "pt_id": "  1033", "trajectory_id": 1, "北京时间": "2026-05-06 14:00", "lon": 119.006, "lat": 38.643, "height": 0.0 }, "geometry": { "type": "Point", "coordinates": [ 119.006, 38.643 ] } },
{ "type": "Feature", "properties": { "pt_id": "  1034", "trajectory_id": 1, "北京时间": "2026-05-06 13:00", "lon": 119.142, "lat": 38.45, "height": 0.0 }, "geometry": { "type": "Point", "coordinates": [ 119.142, 38.45 ] } },
{ "type": "Feature", "properties": { "pt_id": "  1035", "trajectory_id": 1, "北京时间": "2026-05-06 12:00", "lon": 119.25, "lat": 38.203, "height": 5.0 }, "geometry": { "type": "Point", "coordinates": [ 119.25, 38.203 ] } },
{ "type": "Feature", "properties": { "pt_id": "  1036", "trajectory_id": 1, "北京时间": "2026-05-06 11:00", "lon": 119.314, "lat": 37.94, "height": 13.0 }, "geometry": { "type": "Point", "coordinates": [ 119.314, 37.94 ] } },
{ "type": "Feature", "properties": { "pt_id": "  1037", "trajectory_id": 1, "北京时间": "2026-05-06 10:00", "lon": 119.334, "lat": 37.662, "height": 18.0 }, "geometry": { "type": "Point", "coordinates": [ 119.334, 37.662 ] } },
{ "type": "Feature", "properties": { "pt_id": "  1038", "trajectory_id": 1, "北京时间": "2026-05-06 09:00", "lon": 119.329, "lat": 37.36, "height": 18.0 }, "geometry": { "type": "Point", "coordinates": [ 119.329, 37.36 ] } },
{ "type": "Feature", "properties": { "pt_id": "  1039", "trajectory_id": 1, "北京时间": "2026-05-06 08:00", "lon": 119.301, "lat": 37.056, "height": 14.0 }, "geometry": { "type": "Point", "coordinates": [ 119.301, 37.056 ] } },
{ "type": "Feature", "properties": { "pt_id": "  1040", "trajectory_id": 1, "北京时间": "2026-05-06 07:00", "lon": 119.265, "lat": 36.78, "height": 36.0 }, "geometry": { "type": "Point", "coordinates": [ 119.265, 36.78 ] } },
{ "type": "Feature", "properties": { "pt_id": "  1041", "trajectory_id": 1, "北京时间": "2026-05-06 06:00", "lon": 119.183, "lat": 36.471, "height": 98.0 }, "geometry": { "type": "Point", "coordinates": [ 119.183, 36.471 ] } },
{ "type": "Feature", "properties": { "pt_id": "  1042", "trajectory_id": 1, "北京时间": "2026-05-06 05:00", "lon": 119.016, "lat": 36.108, "height": 257.0 }, "geometry": { "type": "Point", "coordinates": [ 119.016, 36.108 ] } },
{ "type": "Feature", "properties": { "pt_id": "  1043", "trajectory_id": 1, "北京时间": "2026-05-06 04:00", "lon": 118.796, "lat": 35.664, "height": 277.0 }, "geometry": { "type": "Point", "coordinates": [ 118.796, 35.664 ] } },
{ "type": "Feature", "properties": { "pt_id": "  1044", "trajectory_id": 1, "北京时间": "2026-05-06 03:00", "lon": 118.674, "lat": 35.249, "height": 205.0 }, "geometry": { "type": "Point", "coordinates": [ 118.674, 35.249 ] } },
{ "type": "Feature", "properties": { "pt_id": "  1045", "trajectory_id": 1, "北京时间": "2026-05-06 02:00", "lon": 118.65, "lat": 34.879, "height": 135.0 }, "geometry": { "type": "Point", "coordinates": [ 118.65, 34.879 ] } },
{ "type": "Feature", "properties": { "pt_id": "  1046", "trajectory_id": 1, "北京时间": "2026-05-06 01:00", "lon": 118.662, "lat": 34.524, "height": 108.0 }, "geometry": { "type": "Point", "coordinates": [ 118.662, 34.524 ] } },
{ "type": "Feature", "properties": { "pt_id": "  1047", "trajectory_id": 1, "北京时间": "2026-05-06 00:00", "lon": 118.691, "lat": 34.204, "height": 85.0 }, "geometry": { "type": "Point", "coordinates": [ 118.691, 34.204 ] } },
{ "type": "Feature", "properties": { "pt_id": "  1048", "trajectory_id": 1, "北京时间": "2026-05-05 23:00", "lon": 118.742, "lat": 33.882, "height": 94.0 }, "geometry": { "type": "Point", "coordinates": [ 118.742, 33.882 ] } },
{ "type": "Feature", "properties": { "pt_id": "  2000", "trajectory_id": 2, "北京时间": "2026-05-07 23:00", "lon": 113.942, "lat": 30.907, "height": 10.0 }, "geometry": { "type": "Point", "coordinates": [ 113.942, 30.907 ] } },
{ "type": "Feature", "properties": { "pt_id": "  2005", "trajectory_id": 2, "北京时间": "2026-05-07 22:00", "lon": 113.994, "lat": 31.099, "height": 35.0 }, "geometry": { "type": "Point", "coordinates": [ 113.994, 31.099 ] } },
{ "type": "Feature", "properties": { "pt_id": "  2006", "trajectory_id": 2, "北京时间": "2026-05-07 21:00", "lon": 114.032, "lat": 31.298, "height": 58.0 }, "geometry": { "type": "Point", "coordinates": [ 114.032, 31.298 ] } },
{ "type": "Feature", "properties": { "pt_id": "  2007", "trajectory_id": 2, "北京时间": "2026-05-07 20:00", "lon": 114.117, "lat": 31.523, "height": 106.0 }, "geometry": { "type": "Point", "coordinates": [ 114.117, 31.523 ] } },
{ "type": "Feature", "properties": { "pt_id": "  2008", "trajectory_id": 2, "北京时间": "2026-05-07 19:00", "lon": 114.271, "lat": 31.8, "height": 140.0 }, "geometry": { "type": "Point", "coordinates": [ 114.271, 31.8 ] } },
{ "type": "Feature", "properties": { "pt_id": "  2009", "trajectory_id": 2, "北京时间": "2026-05-07 18:00", "lon": 114.466, "lat": 32.087, "height": 46.0 }, "geometry": { "type": "Point", "coordinates": [ 114.466, 32.087 ] } },
{ "type": "Feature", "properties": { "pt_id": "  2010", "trajectory_id": 2, "北京时间": "2026-05-07 17:00", "lon": 114.653, "lat": 32.351, "height": 12.0 }, "geometry": { "type": "Point", "coordinates": [ 114.653, 32.351 ] } },
{ "type": "Feature", "properties": { "pt_id": "  2011", "trajectory_id": 2, "北京时间": "2026-05-07 16:00", "lon": 114.809, "lat": 32.597, "height": 0.0 }, "geometry": { "type": "Point", "coordinates": [ 114.809, 32.597 ] } },
{ "type": "Feature", "properties": { "pt_id": "  2012", "trajectory_id": 2, "北京时间": "2026-05-07 15:00", "lon": 114.977, "lat": 32.868, "height": 0.0 }, "geometry": { "type": "Point", "coordinates": [ 114.977, 32.868 ] } },
{ "type": "Feature", "properties": { "pt_id": "  2013", "trajectory_id": 2, "北京时间": "2026-05-07 14:00", "lon": 115.138, "lat": 33.17, "height": 0.0 }, "geometry": { "type": "Point", "coordinates": [ 115.138, 33.17 ] } },
{ "type": "Feature", "properties": { "pt_id": "  2014", "trajectory_id": 2, "北京时间": "2026-05-07 13:00", "lon": 115.264, "lat": 33.484, "height": 0.0 }, "geometry": { "type": "Point", "coordinates": [ 115.264, 33.484 ] } },
{ "type": "Feature", "properties": { "pt_id": "  2015", "trajectory_id": 2, "北京时间": "2026-05-07 12:00", "lon": 115.376, "lat": 33.813, "height": 0.0 }, "geometry": { "type": "Point", "coordinates": [ 115.376, 33.813 ] } },
{ "type": "Feature", "properties": { "pt_id": "  2016", "trajectory_id": 2, "北京时间": "2026-05-07 11:00", "lon": 115.487, "lat": 34.144, "height": 0.0 }, "geometry": { "type": "Point", "coordinates": [ 115.487, 34.144 ] } },
{ "type": "Feature", "properties": { "pt_id": "  2017", "trajectory_id": 2, "北京时间": "2026-05-07 10:00", "lon": 115.584, "lat": 34.449, "height": 0.0 }, "geometry": { "type": "Point", "coordinates": [ 115.584, 34.449 ] } },
{ "type": "Feature", "properties": { "pt_id": "  2018", "trajectory_id": 2, "北京时间": "2026-05-07 09:00", "lon": 115.661, "lat": 34.731, "height": 0.0 }, "geometry": { "type": "Point", "coordinates": [ 115.661, 34.731 ] } },
{ "type": "Feature", "properties": { "pt_id": "  2019", "trajectory_id": 2, "北京时间": "2026-05-07 08:00", "lon": 115.706, "lat": 34.996, "height": 0.0 }, "geometry": { "type": "Point", "coordinates": [ 115.706, 34.996 ] } },
{ "type": "Feature", "properties": { "pt_id": "  2020", "trajectory_id": 2, "北京时间": "2026-05-07 07:00", "lon": 115.721, "lat": 35.212, "height": 0.0 }, "geometry": { "type": "Point", "coordinates": [ 115.721, 35.212 ] } },
{ "type": "Feature", "properties": { "pt_id": "  2021", "trajectory_id": 2, "北京时间": "2026-05-07 06:00", "lon": 115.699, "lat": 35.369, "height": 0.0 }, "geometry": { "type": "Point", "coordinates": [ 115.699, 35.369 ] } },
{ "type": "Feature", "properties": { "pt_id": "  2022", "trajectory_id": 2, "北京时间": "2026-05-07 05:00", "lon": 115.695, "lat": 35.508, "height": 0.0 }, "geometry": { "type": "Point", "coordinates": [ 115.695, 35.508 ] } },
{ "type": "Feature", "properties": { "pt_id": "  2023", "trajectory_id": 2, "北京时间": "2026-05-07 04:00", "lon": 115.77, "lat": 35.665, "height": 0.0 }, "geometry": { "type": "Point", "coordinates": [ 115.77, 35.665 ] } },
{ "type": "Feature", "properties": { "pt_id": "  2024", "trajectory_id": 2, "北京时间": "2026-05-07 03:00", "lon": 115.921, "lat": 35.82, "height": 0.0 }, "geometry": { "type": "Point", "coordinates": [ 115.921, 35.82 ] } },
{ "type": "Feature", "properties": { "pt_id": "  2025", "trajectory_id": 2, "北京时间": "2026-05-07 02:00", "lon": 116.067, "lat": 35.951, "height": 2.0 }, "geometry": { "type": "Point", "coordinates": [ 116.067, 35.951 ] } },
{ "type": "Feature", "properties": { "pt_id": "  2026", "trajectory_id": 2, "北京时间": "2026-05-07 01:00", "lon": 116.153, "lat": 36.089, "height": 12.0 }, "geometry": { "type": "Point", "coordinates": [ 116.153, 36.089 ] } },
{ "type": "Feature", "properties": { "pt_id": "  2027", "trajectory_id": 2, "北京时间": "2026-05-07 00:00", "lon": 116.218, "lat": 36.286, "height": 0.0 }, "geometry": { "type": "Point", "coordinates": [ 116.218, 36.286 ] } },
{ "type": "Feature", "properties": { "pt_id": "  2028", "trajectory_id": 2, "北京时间": "2026-05-06 23:00", "lon": 116.24, "lat": 36.477, "height": 0.0 }, "geometry": { "type": "Point", "coordinates": [ 116.24, 36.477 ] } },
{ "type": "Feature", "properties": { "pt_id": "  2029", "trajectory_id": 2, "北京时间": "2026-05-06 22:00", "lon": 116.204, "lat": 36.566, "height": 0.0 }, "geometry": { "type": "Point", "coordinates": [ 116.204, 36.566 ] } },
{ "type": "Feature", "properties": { "pt_id": "  2030", "trajectory_id": 2, "北京时间": "2026-05-06 21:00", "lon": 116.116, "lat": 36.575, "height": 0.0 }, "geometry": { "type": "Point", "coordinates": [ 116.116, 36.575 ] } },
{ "type": "Feature", "properties": { "pt_id": "  2031", "trajectory_id": 2, "北京时间": "2026-05-06 20:00", "lon": 115.992, "lat": 36.484, "height": 0.0 }, "geometry": { "type": "Point", "coordinates": [ 115.992, 36.484 ] } },
{ "type": "Feature", "properties": { "pt_id": "  2032", "trajectory_id": 2, "北京时间": "2026-05-06 19:00", "lon": 115.843, "lat": 36.308, "height": 0.0 }, "geometry": { "type": "Point", "coordinates": [ 115.843, 36.308 ] } },
{ "type": "Feature", "properties": { "pt_id": "  2033", "trajectory_id": 2, "北京时间": "2026-05-06 18:00", "lon": 115.665, "lat": 36.076, "height": 1.0 }, "geometry": { "type": "Point", "coordinates": [ 115.665, 36.076 ] } },
{ "type": "Feature", "properties": { "pt_id": "  2034", "trajectory_id": 2, "北京时间": "2026-05-06 17:00", "lon": 115.469, "lat": 35.812, "height": 2.0 }, "geometry": { "type": "Point", "coordinates": [ 115.469, 35.812 ] } },
{ "type": "Feature", "properties": { "pt_id": "  2035", "trajectory_id": 2, "北京时间": "2026-05-06 16:00", "lon": 115.274, "lat": 35.539, "height": 6.0 }, "geometry": { "type": "Point", "coordinates": [ 115.274, 35.539 ] } },
{ "type": "Feature", "properties": { "pt_id": "  2036", "trajectory_id": 2, "北京时间": "2026-05-06 15:00", "lon": 115.095, "lat": 35.27, "height": 13.0 }, "geometry": { "type": "Point", "coordinates": [ 115.095, 35.27 ] } },
{ "type": "Feature", "properties": { "pt_id": "  2037", "trajectory_id": 2, "北京时间": "2026-05-06 14:00", "lon": 114.941, "lat": 34.995, "height": 19.0 }, "geometry": { "type": "Point", "coordinates": [ 114.941, 34.995 ] } },
{ "type": "Feature", "properties": { "pt_id": "  2038", "trajectory_id": 2, "北京时间": "2026-05-06 13:00", "lon": 114.819, "lat": 34.718, "height": 18.0 }, "geometry": { "type": "Point", "coordinates": [ 114.819, 34.718 ] } },
{ "type": "Feature", "properties": { "pt_id": "  2039", "trajectory_id": 2, "北京时间": "2026-05-06 12:00", "lon": 114.732, "lat": 34.457, "height": 17.0 }, "geometry": { "type": "Point", "coordinates": [ 114.732, 34.457 ] } },
{ "type": "Feature", "properties": { "pt_id": "  2040", "trajectory_id": 2, "北京时间": "2026-05-06 11:00", "lon": 114.671, "lat": 34.215, "height": 17.0 }, "geometry": { "type": "Point", "coordinates": [ 114.671, 34.215 ] } },
{ "type": "Feature", "properties": { "pt_id": "  2041", "trajectory_id": 2, "北京时间": "2026-05-06 10:00", "lon": 114.637, "lat": 33.992, "height": 17.0 }, "geometry": { "type": "Point", "coordinates": [ 114.637, 33.992 ] } },
{ "type": "Feature", "properties": { "pt_id": "  2042", "trajectory_id": 2, "北京时间": "2026-05-06 09:00", "lon": 114.632, "lat": 33.793, "height": 17.0 }, "geometry": { "type": "Point", "coordinates": [ 114.632, 33.793 ] } },
{ "type": "Feature", "properties": { "pt_id": "  2043", "trajectory_id": 2, "北京时间": "2026-05-06 08:00", "lon": 114.64, "lat": 33.605, "height": 17.0 }, "geometry": { "type": "Point", "coordinates": [ 114.64, 33.605 ] } },
{ "type": "Feature", "properties": { "pt_id": "  2044", "trajectory_id": 2, "北京时间": "2026-05-06 07:00", "lon": 114.644, "lat": 33.421, "height": 17.0 }, "geometry": { "type": "Point", "coordinates": [ 114.644, 33.421 ] } },
{ "type": "Feature", "properties": { "pt_id": "  2045", "trajectory_id": 2, "北京时间": "2026-05-06 06:00", "lon": 114.643, "lat": 33.238, "height": 17.0 }, "geometry": { "type": "Point", "coordinates": [ 114.643, 33.238 ] } },
{ "type": "Feature", "properties": { "pt_id": "  2046", "trajectory_id": 2, "北京时间": "2026-05-06 05:00", "lon": 114.647, "lat": 33.053, "height": 17.0 }, "geometry": { "type": "Point", "coordinates": [ 114.647, 33.053 ] } },
{ "type": "Feature", "properties": { "pt_id": "  2047", "trajectory_id": 2, "北京时间": "2026-05-06 04:00", "lon": 114.667, "lat": 32.867, "height": 18.0 }, "geometry": { "type": "Point", "coordinates": [ 114.667, 32.867 ] } },
{ "type": "Feature", "properties": { "pt_id": "  2048", "trajectory_id": 2, "北京时间": "2026-05-06 03:00", "lon": 114.705, "lat": 32.683, "height": 18.0 }, "geometry": { "type": "Point", "coordinates": [ 114.705, 32.683 ] } },
{ "type": "Feature", "properties": { "pt_id": "  2049", "trajectory_id": 2, "北京时间": "2026-05-06 02:00", "lon": 114.749, "lat": 32.505, "height": 18.0 }, "geometry": { "type": "Point", "coordinates": [ 114.749, 32.505 ] } },
{ "type": "Feature", "properties": { "pt_id": "  2050", "trajectory_id": 2, "北京时间": "2026-05-06 01:00", "lon": 114.787, "lat": 32.333, "height": 20.0 }, "geometry": { "type": "Point", "coordinates": [ 114.787, 32.333 ] } },
{ "type": "Feature", "properties": { "pt_id": "  2051", "trajectory_id": 2, "北京时间": "2026-05-06 00:00", "lon": 114.825, "lat": 32.15, "height": 32.0 }, "geometry": { "type": "Point", "coordinates": [ 114.825, 32.15 ] } },
{ "type": "Feature", "properties": { "pt_id": "  2052", "trajectory_id": 2, "北京时间": "2026-05-05 23:00", "lon": 114.857, "lat": 31.936, "height": 67.0 }, "geometry": { "type": "Point", "coordinates": [ 114.857, 31.936 ] } },
{ "type": "Feature", "properties": { "pt_id": "  3000", "trajectory_id": 3, "北京时间": "2026-05-07 23:00", "lon": 113.942, "lat": 30.907, "height": 10.0 }, "geometry": { "type": "Point", "coordinates": [ 113.942, 30.907 ] } },
{ "type": "Feature", "properties": { "pt_id": "  3009", "trajectory_id": 3, "北京时间": "2026-05-07 22:00", "lon": 113.998, "lat": 31.159, "height": 22.0 }, "geometry": { "type": "Point", "coordinates": [ 113.998, 31.159 ] } },
{ "type": "Feature", "properties": { "pt_id": "  3010", "trajectory_id": 3, "北京时间": "2026-05-07 21:00", "lon": 114.076, "lat": 31.426, "height": 83.0 }, "geometry": { "type": "Point", "coordinates": [ 114.076, 31.426 ] } },
{ "type": "Feature", "properties": { "pt_id": "  3011", "trajectory_id": 3, "北京时间": "2026-05-07 20:00", "lon": 114.211, "lat": 31.686, "height": 156.0 }, "geometry": { "type": "Point", "coordinates": [ 114.211, 31.686 ] } },
{ "type": "Feature", "properties": { "pt_id": "  3012", "trajectory_id": 3, "北京时间": "2026-05-07 19:00", "lon": 114.353, "lat": 31.98, "height": 109.0 }, "geometry": { "type": "Point", "coordinates": [ 114.353, 31.98 ] } },
{ "type": "Feature", "properties": { "pt_id": "  3013", "trajectory_id": 3, "北京时间": "2026-05-07 18:00", "lon": 114.445, "lat": 32.238, "height": 40.0 }, "geometry": { "type": "Point", "coordinates": [ 114.445, 32.238 ] } },
{ "type": "Feature", "properties": { "pt_id": "  3014", "trajectory_id": 3, "北京时间": "2026-05-07 17:00", "lon": 114.504, "lat": 32.462, "height": 27.0 }, "geometry": { "type": "Point", "coordinates": [ 114.504, 32.462 ] } },
{ "type": "Feature", "properties": { "pt_id": "  3015", "trajectory_id": 3, "北京时间": "2026-05-07 16:00", "lon": 114.554, "lat": 32.7, "height": 12.0 }, "geometry": { "type": "Point", "coordinates": [ 114.554, 32.7 ] } },
{ "type": "Feature", "properties": { "pt_id": "  3016", "trajectory_id": 3, "北京时间": "2026-05-07 15:00", "lon": 114.591, "lat": 32.943, "height": 0.0 }, "geometry": { "type": "Point", "coordinates": [ 114.591, 32.943 ] } },
{ "type": "Feature", "properties": { "pt_id": "  3017", "trajectory_id": 3, "北京时间": "2026-05-07 14:00", "lon": 114.621, "lat": 33.17, "height": 0.0 }, "geometry": { "type": "Point", "coordinates": [ 114.621, 33.17 ] } },
{ "type": "Feature", "properties": { "pt_id": "  3018", "trajectory_id": 3, "北京时间": "2026-05-07 13:00", "lon": 114.644, "lat": 33.379, "height": 0.0 }, "geometry": { "type": "Point", "coordinates": [ 114.644, 33.379 ] } },
{ "type": "Feature", "properties": { "pt_id": "  3019", "trajectory_id": 3, "北京时间": "2026-05-07 12:00", "lon": 114.674, "lat": 33.615, "height": 0.0 }, "geometry": { "type": "Point", "coordinates": [ 114.674, 33.615 ] } },
{ "type": "Feature", "properties": { "pt_id": "  3020", "trajectory_id": 3, "北京时间": "2026-05-07 11:00", "lon": 114.697, "lat": 33.854, "height": 0.0 }, "geometry": { "type": "Point", "coordinates": [ 114.697, 33.854 ] } },
{ "type": "Feature", "properties": { "pt_id": "  3021", "trajectory_id": 3, "北京时间": "2026-05-07 10:00", "lon": 114.702, "lat": 34.08, "height": 0.0 }, "geometry": { "type": "Point", "coordinates": [ 114.702, 34.08 ] } },
{ "type": "Feature", "properties": { "pt_id": "  3022", "trajectory_id": 3, "北京时间": "2026-05-07 09:00", "lon": 114.702, "lat": 34.28, "height": 0.0 }, "geometry": { "type": "Point", "coordinates": [ 114.702, 34.28 ] } },
{ "type": "Feature", "properties": { "pt_id": "  3023", "trajectory_id": 3, "北京时间": "2026-05-07 08:00", "lon": 114.702, "lat": 34.475, "height": 4.0 }, "geometry": { "type": "Point", "coordinates": [ 114.702, 34.475 ] } },
{ "type": "Feature", "properties": { "pt_id": "  3024", "trajectory_id": 3, "北京时间": "2026-05-07 07:00", "lon": 114.682, "lat": 34.685, "height": 16.0 }, "geometry": { "type": "Point", "coordinates": [ 114.682, 34.685 ] } },
{ "type": "Feature", "properties": { "pt_id": "  3025", "trajectory_id": 3, "北京时间": "2026-05-07 06:00", "lon": 114.625, "lat": 34.911, "height": 21.0 }, "geometry": { "type": "Point", "coordinates": [ 114.625, 34.911 ] } },
{ "type": "Feature", "properties": { "pt_id": "  3026", "trajectory_id": 3, "北京时间": "2026-05-07 05:00", "lon": 114.556, "lat": 35.194, "height": 25.0 }, "geometry": { "type": "Point", "coordinates": [ 114.556, 35.194 ] } },
{ "type": "Feature", "properties": { "pt_id": "  3027", "trajectory_id": 3, "北京时间": "2026-05-07 04:00", "lon": 114.449, "lat": 35.582, "height": 54.0 }, "geometry": { "type": "Point", "coordinates": [ 114.449, 35.582 ] } },
{ "type": "Feature", "properties": { "pt_id": "  3028", "trajectory_id": 3, "北京时间": "2026-05-07 03:00", "lon": 114.325, "lat": 35.913, "height": 142.0 }, "geometry": { "type": "Point", "coordinates": [ 114.325, 35.913 ] } },
{ "type": "Feature", "properties": { "pt_id": "  3029", "trajectory_id": 3, "北京时间": "2026-05-07 02:00", "lon": 114.317, "lat": 36.195, "height": 109.0 }, "geometry": { "type": "Point", "coordinates": [ 114.317, 36.195 ] } },
{ "type": "Feature", "properties": { "pt_id": "  3030", "trajectory_id": 3, "北京时间": "2026-05-07 01:00", "lon": 114.411, "lat": 36.621, "height": 137.0 }, "geometry": { "type": "Point", "coordinates": [ 114.411, 36.621 ] } },
{ "type": "Feature", "properties": { "pt_id": "  3031", "trajectory_id": 3, "北京时间": "2026-05-07 00:00", "lon": 114.54, "lat": 36.938, "height": 103.0 }, "geometry": { "type": "Point", "coordinates": [ 114.54, 36.938 ] } },
{ "type": "Feature", "properties": { "pt_id": "  3032", "trajectory_id": 3, "北京时间": "2026-05-06 23:00", "lon": 114.659, "lat": 37.173, "height": 74.0 }, "geometry": { "type": "Point", "coordinates": [ 114.659, 37.173 ] } },
{ "type": "Feature", "properties": { "pt_id": "  3033", "trajectory_id": 3, "北京时间": "2026-05-06 22:00", "lon": 114.712, "lat": 37.392, "height": 58.0 }, "geometry": { "type": "Point", "coordinates": [ 114.712, 37.392 ] } },
{ "type": "Feature", "properties": { "pt_id": "  3034", "trajectory_id": 3, "北京时间": "2026-05-06 21:00", "lon": 114.767, "lat": 37.568, "height": 54.0 }, "geometry": { "type": "Point", "coordinates": [ 114.767, 37.568 ] } },
{ "type": "Feature", "properties": { "pt_id": "  3035", "trajectory_id": 3, "北京时间": "2026-05-06 20:00", "lon": 114.821, "lat": 37.665, "height": 55.0 }, "geometry": { "type": "Point", "coordinates": [ 114.821, 37.665 ] } },
{ "type": "Feature", "properties": { "pt_id": "  3036", "trajectory_id": 3, "北京时间": "2026-05-06 19:00", "lon": 114.852, "lat": 37.685, "height": 56.0 }, "geometry": { "type": "Point", "coordinates": [ 114.852, 37.685 ] } },
{ "type": "Feature", "properties": { "pt_id": "  3037", "trajectory_id": 3, "北京时间": "2026-05-06 18:00", "lon": 114.849, "lat": 37.621, "height": 53.0 }, "geometry": { "type": "Point", "coordinates": [ 114.849, 37.621 ] } },
{ "type": "Feature", "properties": { "pt_id": "  3038", "trajectory_id": 3, "北京时间": "2026-05-06 17:00", "lon": 114.816, "lat": 37.468, "height": 51.0 }, "geometry": { "type": "Point", "coordinates": [ 114.816, 37.468 ] } },
{ "type": "Feature", "properties": { "pt_id": "  3039", "trajectory_id": 3, "北京时间": "2026-05-06 16:00", "lon": 114.746, "lat": 37.239, "height": 51.0 }, "geometry": { "type": "Point", "coordinates": [ 114.746, 37.239 ] } },
{ "type": "Feature", "properties": { "pt_id": "  3040", "trajectory_id": 3, "北京时间": "2026-05-06 15:00", "lon": 114.665, "lat": 36.967, "height": 50.0 }, "geometry": { "type": "Point", "coordinates": [ 114.665, 36.967 ] } },
{ "type": "Feature", "properties": { "pt_id": "  3041", "trajectory_id": 3, "北京时间": "2026-05-06 14:00", "lon": 114.603, "lat": 36.681, "height": 64.0 }, "geometry": { "type": "Point", "coordinates": [ 114.603, 36.681 ] } },
{ "type": "Feature", "properties": { "pt_id": "  3042", "trajectory_id": 3, "北京时间": "2026-05-06 13:00", "lon": 114.548, "lat": 36.38, "height": 61.0 }, "geometry": { "type": "Point", "coordinates": [ 114.548, 36.38 ] } },
{ "type": "Feature", "properties": { "pt_id": "  3043", "trajectory_id": 3, "北京时间": "2026-05-06 12:00", "lon": 114.504, "lat": 36.048, "height": 59.0 }, "geometry": { "type": "Point", "coordinates": [ 114.504, 36.048 ] } },
{ "type": "Feature", "properties": { "pt_id": "  3044", "trajectory_id": 3, "北京时间": "2026-05-06 11:00", "lon": 114.427, "lat": 35.737, "height": 61.0 }, "geometry": { "type": "Point", "coordinates": [ 114.427, 35.737 ] } },
{ "type": "Feature", "properties": { "pt_id": "  3045", "trajectory_id": 3, "北京时间": "2026-05-06 10:00", "lon": 114.314, "lat": 35.478, "height": 61.0 }, "geometry": { "type": "Point", "coordinates": [ 114.314, 35.478 ] } },
{ "type": "Feature", "properties": { "pt_id": "  3046", "trajectory_id": 3, "北京时间": "2026-05-06 09:00", "lon": 114.221, "lat": 35.236, "height": 56.0 }, "geometry": { "type": "Point", "coordinates": [ 114.221, 35.236 ] } },
{ "type": "Feature", "properties": { "pt_id": "  3047", "trajectory_id": 3, "北京时间": "2026-05-06 08:00", "lon": 114.17, "lat": 34.972, "height": 55.0 }, "geometry": { "type": "Point", "coordinates": [ 114.17, 34.972 ] } },
{ "type": "Feature", "properties": { "pt_id": "  3048", "trajectory_id": 3, "北京时间": "2026-05-06 07:00", "lon": 114.131, "lat": 34.693, "height": 58.0 }, "geometry": { "type": "Point", "coordinates": [ 114.131, 34.693 ] } },
{ "type": "Feature", "properties": { "pt_id": "  3049", "trajectory_id": 3, "北京时间": "2026-05-06 06:00", "lon": 114.1, "lat": 34.402, "height": 59.0 }, "geometry": { "type": "Point", "coordinates": [ 114.1, 34.402 ] } },
{ "type": "Feature", "properties": { "pt_id": "  3050", "trajectory_id": 3, "北京时间": "2026-05-06 05:00", "lon": 114.087, "lat": 34.116, "height": 46.0 }, "geometry": { "type": "Point", "coordinates": [ 114.087, 34.116 ] } },
{ "type": "Feature", "properties": { "pt_id": "  3051", "trajectory_id": 3, "北京时间": "2026-05-06 04:00", "lon": 114.081, "lat": 33.838, "height": 45.0 }, "geometry": { "type": "Point", "coordinates": [ 114.081, 33.838 ] } },
{ "type": "Feature", "properties": { "pt_id": "  3052", "trajectory_id": 3, "北京时间": "2026-05-06 03:00", "lon": 114.063, "lat": 33.557, "height": 58.0 }, "geometry": { "type": "Point", "coordinates": [ 114.063, 33.557 ] } },
{ "type": "Feature", "properties": { "pt_id": "  3053", "trajectory_id": 3, "北京时间": "2026-05-06 02:00", "lon": 114.019, "lat": 33.267, "height": 86.0 }, "geometry": { "type": "Point", "coordinates": [ 114.019, 33.267 ] } },
{ "type": "Feature", "properties": { "pt_id": "  3054", "trajectory_id": 3, "北京时间": "2026-05-06 01:00", "lon": 113.935, "lat": 32.959, "height": 167.0 }, "geometry": { "type": "Point", "coordinates": [ 113.935, 32.959 ] } },
{ "type": "Feature", "properties": { "pt_id": "  3055", "trajectory_id": 3, "北京时间": "2026-05-06 00:00", "lon": 113.82, "lat": 32.623, "height": 261.0 }, "geometry": { "type": "Point", "coordinates": [ 113.82, 32.623 ] } },
{ "type": "Feature", "properties": { "pt_id": "  3056", "trajectory_id": 3, "北京时间": "2026-05-05 23:00", "lon": 113.709, "lat": 32.289, "height": 326.0 }, "geometry": { "type": "Point", "coordinates": [ 113.709, 32.289 ] } },
{ "type": "Feature", "properties": { "pt_id": "  4000", "trajectory_id": 4, "北京时间": "2026-05-07 23:00", "lon": 113.942, "lat": 30.907, "height": 10.0 }, "geometry": { "type": "Point", "coordinates": [ 113.942, 30.907 ] } },
{ "type": "Feature", "properties": { "pt_id": "  4013", "trajectory_id": 4, "北京时间": "2026-05-07 22:00", "lon": 113.971, "lat": 31.103, "height": 16.0 }, "geometry": { "type": "Point", "coordinates": [ 113.971, 31.103 ] } },
{ "type": "Feature", "properties": { "pt_id": "  4014", "trajectory_id": 4, "北京时间": "2026-05-07 21:00", "lon": 114.06, "lat": 31.33, "height": 72.0 }, "geometry": { "type": "Point", "coordinates": [ 114.06, 31.33 ] } },
{ "type": "Feature", "properties": { "pt_id": "  4015", "trajectory_id": 4, "北京时间": "2026-05-07 20:00", "lon": 114.185, "lat": 31.565, "height": 144.0 }, "geometry": { "type": "Point", "coordinates": [ 114.185, 31.565 ] } },
{ "type": "Feature", "properties": { "pt_id": "  4016", "trajectory_id": 4, "北京时间": "2026-05-07 19:00", "lon": 114.259, "lat": 31.811, "height": 226.0 }, "geometry": { "type": "Point", "coordinates": [ 114.259, 31.811 ] } },
{ "type": "Feature", "properties": { "pt_id": "  4017", "trajectory_id": 4, "北京时间": "2026-05-07 18:00", "lon": 114.238, "lat": 32.066, "height": 229.0 }, "geometry": { "type": "Point", "coordinates": [ 114.238, 32.066 ] } },
{ "type": "Feature", "properties": { "pt_id": "  4018", "trajectory_id": 4, "北京时间": "2026-05-07 17:00", "lon": 114.202, "lat": 32.325, "height": 211.0 }, "geometry": { "type": "Point", "coordinates": [ 114.202, 32.325 ] } },
{ "type": "Feature", "properties": { "pt_id": "  4019", "trajectory_id": 4, "北京时间": "2026-05-07 16:00", "lon": 114.15, "lat": 32.62, "height": 170.0 }, "geometry": { "type": "Point", "coordinates": [ 114.15, 32.62 ] } },
{ "type": "Feature", "properties": { "pt_id": "  4020", "trajectory_id": 4, "北京时间": "2026-05-07 15:00", "lon": 114.088, "lat": 32.943, "height": 172.0 }, "geometry": { "type": "Point", "coordinates": [ 114.088, 32.943 ] } },
{ "type": "Feature", "properties": { "pt_id": "  4021", "trajectory_id": 4, "北京时间": "2026-05-07 14:00", "lon": 114.077, "lat": 33.249, "height": 143.0 }, "geometry": { "type": "Point", "coordinates": [ 114.077, 33.249 ] } },
{ "type": "Feature", "properties": { "pt_id": "  4022", "trajectory_id": 4, "北京时间": "2026-05-07 13:00", "lon": 114.105, "lat": 33.583, "height": 128.0 }, "geometry": { "type": "Point", "coordinates": [ 114.105, 33.583 ] } },
{ "type": "Feature", "properties": { "pt_id": "  4023", "trajectory_id": 4, "北京时间": "2026-05-07 12:00", "lon": 114.107, "lat": 33.954, "height": 137.0 }, "geometry": { "type": "Point", "coordinates": [ 114.107, 33.954 ] } },
{ "type": "Feature", "properties": { "pt_id": "  4024", "trajectory_id": 4, "北京时间": "2026-05-07 11:00", "lon": 114.098, "lat": 34.322, "height": 138.0 }, "geometry": { "type": "Point", "coordinates": [ 114.098, 34.322 ] } },
{ "type": "Feature", "properties": { "pt_id": "  4025", "trajectory_id": 4, "北京时间": "2026-05-07 10:00", "lon": 114.064, "lat": 34.679, "height": 129.0 }, "geometry": { "type": "Point", "coordinates": [ 114.064, 34.679 ] } },
{ "type": "Feature", "properties": { "pt_id": "  4026", "trajectory_id": 4, "北京时间": "2026-05-07 09:00", "lon": 114.118, "lat": 35.115, "height": 133.0 }, "geometry": { "type": "Point", "coordinates": [ 114.118, 35.115 ] } },
{ "type": "Feature", "properties": { "pt_id": "  4027", "trajectory_id": 4, "北京时间": "2026-05-07 08:00", "lon": 114.172, "lat": 35.634, "height": 339.0 }, "geometry": { "type": "Point", "coordinates": [ 114.172, 35.634 ] } },
{ "type": "Feature", "properties": { "pt_id": "  4028", "trajectory_id": 4, "北京时间": "2026-05-07 07:00", "lon": 114.222, "lat": 36.096, "height": 458.0 }, "geometry": { "type": "Point", "coordinates": [ 114.222, 36.096 ] } },
{ "type": "Feature", "properties": { "pt_id": "  4029", "trajectory_id": 4, "北京时间": "2026-05-07 06:00", "lon": 114.372, "lat": 36.572, "height": 628.0 }, "geometry": { "type": "Point", "coordinates": [ 114.372, 36.572 ] } },
{ "type": "Feature", "properties": { "pt_id": "  4030", "trajectory_id": 4, "北京时间": "2026-05-07 05:00", "lon": 114.546, "lat": 37.009, "height": 769.0 }, "geometry": { "type": "Point", "coordinates": [ 114.546, 37.009 ] } },
{ "type": "Feature", "properties": { "pt_id": "  4031", "trajectory_id": 4, "北京时间": "2026-05-07 04:00", "lon": 114.718, "lat": 37.369, "height": 872.0 }, "geometry": { "type": "Point", "coordinates": [ 114.718, 37.369 ] } },
{ "type": "Feature", "properties": { "pt_id": "  4032", "trajectory_id": 4, "北京时间": "2026-05-07 03:00", "lon": 114.837, "lat": 37.641, "height": 1014.0 }, "geometry": { "type": "Point", "coordinates": [ 114.837, 37.641 ] } },
{ "type": "Feature", "properties": { "pt_id": "  4033", "trajectory_id": 4, "北京时间": "2026-05-07 02:00", "lon": 114.926, "lat": 37.882, "height": 1120.0 }, "geometry": { "type": "Point", "coordinates": [ 114.926, 37.882 ] } },
{ "type": "Feature", "properties": { "pt_id": "  4034", "trajectory_id": 4, "北京时间": "2026-05-07 01:00", "lon": 114.987, "lat": 38.085, "height": 1304.0 }, "geometry": { "type": "Point", "coordinates": [ 114.987, 38.085 ] } },
{ "type": "Feature", "properties": { "pt_id": "  4035", "trajectory_id": 4, "北京时间": "2026-05-07 00:00", "lon": 114.987, "lat": 38.275, "height": 1406.0 }, "geometry": { "type": "Point", "coordinates": [ 114.987, 38.275 ] } },
{ "type": "Feature", "properties": { "pt_id": "  4036", "trajectory_id": 4, "北京时间": "2026-05-06 23:00", "lon": 114.947, "lat": 38.44, "height": 1484.0 }, "geometry": { "type": "Point", "coordinates": [ 114.947, 38.44 ] } },
{ "type": "Feature", "properties": { "pt_id": "  4037", "trajectory_id": 4, "北京时间": "2026-05-06 22:00", "lon": 114.833, "lat": 38.572, "height": 1647.0 }, "geometry": { "type": "Point", "coordinates": [ 114.833, 38.572 ] } },
{ "type": "Feature", "properties": { "pt_id": "  4038", "trajectory_id": 4, "北京时间": "2026-05-06 21:00", "lon": 114.645, "lat": 38.682, "height": 1724.0 }, "geometry": { "type": "Point", "coordinates": [ 114.645, 38.682 ] } },
{ "type": "Feature", "properties": { "pt_id": "  4039", "trajectory_id": 4, "北京时间": "2026-05-06 20:00", "lon": 114.421, "lat": 38.774, "height": 1694.0 }, "geometry": { "type": "Point", "coordinates": [ 114.421, 38.774 ] } },
{ "type": "Feature", "properties": { "pt_id": "  4040", "trajectory_id": 4, "北京时间": "2026-05-06 19:00", "lon": 114.171, "lat": 38.835, "height": 1513.0 }, "geometry": { "type": "Point", "coordinates": [ 114.171, 38.835 ] } },
{ "type": "Feature", "properties": { "pt_id": "  4041", "trajectory_id": 4, "北京时间": "2026-05-06 18:00", "lon": 113.807, "lat": 38.841, "height": 1559.0 }, "geometry": { "type": "Point", "coordinates": [ 113.807, 38.841 ] } },
{ "type": "Feature", "properties": { "pt_id": "  4042", "trajectory_id": 4, "北京时间": "2026-05-06 17:00", "lon": 113.249, "lat": 38.831, "height": 1564.0 }, "geometry": { "type": "Point", "coordinates": [ 113.249, 38.831 ] } },
{ "type": "Feature", "properties": { "pt_id": "  4043", "trajectory_id": 4, "北京时间": "2026-05-06 16:00", "lon": 112.79, "lat": 38.787, "height": 1314.0 }, "geometry": { "type": "Point", "coordinates": [ 112.79, 38.787 ] } },
{ "type": "Feature", "properties": { "pt_id": "  4044", "trajectory_id": 4, "北京时间": "2026-05-06 15:00", "lon": 112.277, "lat": 38.725, "height": 1263.0 }, "geometry": { "type": "Point", "coordinates": [ 112.277, 38.725 ] } },
{ "type": "Feature", "properties": { "pt_id": "  4045", "trajectory_id": 4, "北京时间": "2026-05-06 14:00", "lon": 111.763, "lat": 38.675, "height": 1546.0 }, "geometry": { "type": "Point", "coordinates": [ 111.763, 38.675 ] } },
{ "type": "Feature", "properties": { "pt_id": "  4046", "trajectory_id": 4, "北京时间": "2026-05-06 13:00", "lon": 111.245, "lat": 38.573, "height": 1562.0 }, "geometry": { "type": "Point", "coordinates": [ 111.245, 38.573 ] } },
{ "type": "Feature", "properties": { "pt_id": "  4047", "trajectory_id": 4, "北京时间": "2026-05-06 12:00", "lon": 110.711, "lat": 38.293, "height": 1206.0 }, "geometry": { "type": "Point", "coordinates": [ 110.711, 38.293 ] } },
{ "type": "Feature", "properties": { "pt_id": "  4048", "trajectory_id": 4, "北京时间": "2026-05-06 11:00", "lon": 110.282, "lat": 37.905, "height": 894.0 }, "geometry": { "type": "Point", "coordinates": [ 110.282, 37.905 ] } },
{ "type": "Feature", "properties": { "pt_id": "  4049", "trajectory_id": 4, "北京时间": "2026-05-06 10:00", "lon": 109.943, "lat": 37.511, "height": 933.0 }, "geometry": { "type": "Point", "coordinates": [ 109.943, 37.511 ] } },
{ "type": "Feature", "properties": { "pt_id": "  4050", "trajectory_id": 4, "北京时间": "2026-05-06 09:00", "lon": 109.648, "lat": 37.195, "height": 1079.0 }, "geometry": { "type": "Point", "coordinates": [ 109.648, 37.195 ] } },
{ "type": "Feature", "properties": { "pt_id": "  4051", "trajectory_id": 4, "北京时间": "2026-05-06 08:00", "lon": 109.376, "lat": 36.996, "height": 1362.0 }, "geometry": { "type": "Point", "coordinates": [ 109.376, 36.996 ] } },
{ "type": "Feature", "properties": { "pt_id": "  4052", "trajectory_id": 4, "北京时间": "2026-05-06 07:00", "lon": 109.138, "lat": 36.834, "height": 1550.0 }, "geometry": { "type": "Point", "coordinates": [ 109.138, 36.834 ] } },
{ "type": "Feature", "properties": { "pt_id": "  4053", "trajectory_id": 4, "北京时间": "2026-05-06 06:00", "lon": 108.933, "lat": 36.646, "height": 1551.0 }, "geometry": { "type": "Point", "coordinates": [ 108.933, 36.646 ] } },
{ "type": "Feature", "properties": { "pt_id": "  4054", "trajectory_id": 4, "北京时间": "2026-05-06 05:00", "lon": 108.774, "lat": 36.423, "height": 1375.0 }, "geometry": { "type": "Point", "coordinates": [ 108.774, 36.423 ] } },
{ "type": "Feature", "properties": { "pt_id": "  4055", "trajectory_id": 4, "北京时间": "2026-05-06 04:00", "lon": 108.651, "lat": 36.178, "height": 1290.0 }, "geometry": { "type": "Point", "coordinates": [ 108.651, 36.178 ] } },
{ "type": "Feature", "properties": { "pt_id": "  4056", "trajectory_id": 4, "北京时间": "2026-05-06 03:00", "lon": 108.512, "lat": 35.946, "height": 1229.0 }, "geometry": { "type": "Point", "coordinates": [ 108.512, 35.946 ] } },
{ "type": "Feature", "properties": { "pt_id": "  4057", "trajectory_id": 4, "北京时间": "2026-05-06 02:00", "lon": 108.353, "lat": 35.706, "height": 1222.0 }, "geometry": { "type": "Point", "coordinates": [ 108.353, 35.706 ] } },
{ "type": "Feature", "properties": { "pt_id": "  4058", "trajectory_id": 4, "北京时间": "2026-05-06 01:00", "lon": 108.177, "lat": 35.451, "height": 1226.0 }, "geometry": { "type": "Point", "coordinates": [ 108.177, 35.451 ] } },
{ "type": "Feature", "properties": { "pt_id": "  4059", "trajectory_id": 4, "北京时间": "2026-05-06 00:00", "lon": 107.98, "lat": 35.192, "height": 1305.0 }, "geometry": { "type": "Point", "coordinates": [ 107.98, 35.192 ] } },
{ "type": "Feature", "properties": { "pt_id": "  4060", "trajectory_id": 4, "北京时间": "2026-05-05 23:00", "lon": 107.724, "lat": 34.934, "height": 1384.0 }, "geometry": { "type": "Point", "coordinates": [ 107.724, 34.934 ] } },
{ "type": "Feature", "properties": { "pt_id": "  5000", "trajectory_id": 5, "北京时间": "2026-05-07 23:00", "lon": 113.942, "lat": 30.907, "height": 10.0 }, "geometry": { "type": "Point", "coordinates": [ 113.942, 30.907 ] } },
{ "type": "Feature", "properties": { "pt_id": "  5017", "trajectory_id": 5, "北京时间": "2026-05-07 22:00", "lon": 114.014, "lat": 31.105, "height": 16.0 }, "geometry": { "type": "Point", "coordinates": [ 114.014, 31.105 ] } },
{ "type": "Feature", "properties": { "pt_id": "  5018", "trajectory_id": 5, "北京时间": "2026-05-07 21:00", "lon": 114.082, "lat": 31.296, "height": 86.0 }, "geometry": { "type": "Point", "coordinates": [ 114.082, 31.296 ] } },
{ "type": "Feature", "properties": { "pt_id": "  5019", "trajectory_id": 5, "北京时间": "2026-05-07 20:00", "lon": 114.119, "lat": 31.461, "height": 189.0 }, "geometry": { "type": "Point", "coordinates": [ 114.119, 31.461 ] } },
{ "type": "Feature", "properties": { "pt_id": "  5020", "trajectory_id": 5, "北京时间": "2026-05-07 19:00", "lon": 114.099, "lat": 31.596, "height": 230.0 }, "geometry": { "type": "Point", "coordinates": [ 114.099, 31.596 ] } },
{ "type": "Feature", "properties": { "pt_id": "  5021", "trajectory_id": 5, "北京时间": "2026-05-07 18:00", "lon": 114.076, "lat": 31.765, "height": 333.0 }, "geometry": { "type": "Point", "coordinates": [ 114.076, 31.765 ] } },
{ "type": "Feature", "properties": { "pt_id": "  5022", "trajectory_id": 5, "北京时间": "2026-05-07 17:00", "lon": 114.057, "lat": 31.943, "height": 365.0 }, "geometry": { "type": "Point", "coordinates": [ 114.057, 31.943 ] } },
{ "type": "Feature", "properties": { "pt_id": "  5023", "trajectory_id": 5, "北京时间": "2026-05-07 16:00", "lon": 113.998, "lat": 32.021, "height": 327.0 }, "geometry": { "type": "Point", "coordinates": [ 113.998, 32.021 ] } },
{ "type": "Feature", "properties": { "pt_id": "  5024", "trajectory_id": 5, "北京时间": "2026-05-07 15:00", "lon": 113.911, "lat": 31.981, "height": 308.0 }, "geometry": { "type": "Point", "coordinates": [ 113.911, 31.981 ] } },
{ "type": "Feature", "properties": { "pt_id": "  5025", "trajectory_id": 5, "北京时间": "2026-05-07 14:00", "lon": 113.821, "lat": 31.828, "height": 262.0 }, "geometry": { "type": "Point", "coordinates": [ 113.821, 31.828 ] } },
{ "type": "Feature", "properties": { "pt_id": "  5026", "trajectory_id": 5, "北京时间": "2026-05-07 13:00", "lon": 113.761, "lat": 31.613, "height": 154.0 }, "geometry": { "type": "Point", "coordinates": [ 113.761, 31.613 ] } },
{ "type": "Feature", "properties": { "pt_id": "  5027", "trajectory_id": 5, "北京时间": "2026-05-07 12:00", "lon": 113.676, "lat": 31.359, "height": 127.0 }, "geometry": { "type": "Point", "coordinates": [ 113.676, 31.359 ] } },
{ "type": "Feature", "properties": { "pt_id": "  5028", "trajectory_id": 5, "北京时间": "2026-05-07 11:00", "lon": 113.588, "lat": 31.094, "height": 114.0 }, "geometry": { "type": "Point", "coordinates": [ 113.588, 31.094 ] } },
{ "type": "Feature", "properties": { "pt_id": "  5029", "trajectory_id": 5, "北京时间": "2026-05-07 10:00", "lon": 113.524, "lat": 30.823, "height": 124.0 }, "geometry": { "type": "Point", "coordinates": [ 113.524, 30.823 ] } },
{ "type": "Feature", "properties": { "pt_id": "  5030", "trajectory_id": 5, "北京时间": "2026-05-07 09:00", "lon": 113.454, "lat": 30.53, "height": 174.0 }, "geometry": { "type": "Point", "coordinates": [ 113.454, 30.53 ] } },
{ "type": "Feature", "properties": { "pt_id": "  5031", "trajectory_id": 5, "北京时间": "2026-05-07 08:00", "lon": 113.377, "lat": 30.221, "height": 235.0 }, "geometry": { "type": "Point", "coordinates": [ 113.377, 30.221 ] } },
{ "type": "Feature", "properties": { "pt_id": "  5032", "trajectory_id": 5, "北京时间": "2026-05-07 07:00", "lon": 113.304, "lat": 29.9, "height": 297.0 }, "geometry": { "type": "Point", "coordinates": [ 113.304, 29.9 ] } },
{ "type": "Feature", "properties": { "pt_id": "  5033", "trajectory_id": 5, "北京时间": "2026-05-07 06:00", "lon": 113.239, "lat": 29.569, "height": 391.0 }, "geometry": { "type": "Point", "coordinates": [ 113.239, 29.569 ] } },
{ "type": "Feature", "properties": { "pt_id": "  5034", "trajectory_id": 5, "北京时间": "2026-05-07 05:00", "lon": 113.205, "lat": 29.229, "height": 470.0 }, "geometry": { "type": "Point", "coordinates": [ 113.205, 29.229 ] } },
{ "type": "Feature", "properties": { "pt_id": "  5035", "trajectory_id": 5, "北京时间": "2026-05-07 04:00", "lon": 113.213, "lat": 28.895, "height": 515.0 }, "geometry": { "type": "Point", "coordinates": [ 113.213, 28.895 ] } },
{ "type": "Feature", "properties": { "pt_id": "  5036", "trajectory_id": 5, "北京时间": "2026-05-07 03:00", "lon": 113.244, "lat": 28.587, "height": 615.0 }, "geometry": { "type": "Point", "coordinates": [ 113.244, 28.587 ] } },
{ "type": "Feature", "properties": { "pt_id": "  5037", "trajectory_id": 5, "北京时间": "2026-05-07 02:00", "lon": 113.262, "lat": 28.304, "height": 629.0 }, "geometry": { "type": "Point", "coordinates": [ 113.262, 28.304 ] } },
{ "type": "Feature", "properties": { "pt_id": "  5038", "trajectory_id": 5, "北京时间": "2026-05-07 01:00", "lon": 113.274, "lat": 28.02, "height": 588.0 }, "geometry": { "type": "Point", "coordinates": [ 113.274, 28.02 ] } },
{ "type": "Feature", "properties": { "pt_id": "  5039", "trajectory_id": 5, "北京时间": "2026-05-07 00:00", "lon": 113.272, "lat": 27.738, "height": 585.0 }, "geometry": { "type": "Point", "coordinates": [ 113.272, 27.738 ] } },
{ "type": "Feature", "properties": { "pt_id": "  5040", "trajectory_id": 5, "北京时间": "2026-05-06 23:00", "lon": 113.246, "lat": 27.459, "height": 633.0 }, "geometry": { "type": "Point", "coordinates": [ 113.246, 27.459 ] } },
{ "type": "Feature", "properties": { "pt_id": "  5041", "trajectory_id": 5, "北京时间": "2026-05-06 22:00", "lon": 113.209, "lat": 27.179, "height": 680.0 }, "geometry": { "type": "Point", "coordinates": [ 113.209, 27.179 ] } },
{ "type": "Feature", "properties": { "pt_id": "  5042", "trajectory_id": 5, "北京时间": "2026-05-06 21:00", "lon": 113.193, "lat": 26.923, "height": 687.0 }, "geometry": { "type": "Point", "coordinates": [ 113.193, 26.923 ] } },
{ "type": "Feature", "properties": { "pt_id": "  5043", "trajectory_id": 5, "北京时间": "2026-05-06 20:00", "lon": 113.167, "lat": 26.684, "height": 652.0 }, "geometry": { "type": "Point", "coordinates": [ 113.167, 26.684 ] } },
{ "type": "Feature", "properties": { "pt_id": "  5044", "trajectory_id": 5, "北京时间": "2026-05-06 19:00", "lon": 113.148, "lat": 26.451, "height": 629.0 }, "geometry": { "type": "Point", "coordinates": [ 113.148, 26.451 ] } },
{ "type": "Feature", "properties": { "pt_id": "  5045", "trajectory_id": 5, "北京时间": "2026-05-06 18:00", "lon": 113.145, "lat": 26.226, "height": 633.0 }, "geometry": { "type": "Point", "coordinates": [ 113.145, 26.226 ] } },
{ "type": "Feature", "properties": { "pt_id": "  5046", "trajectory_id": 5, "北京时间": "2026-05-06 17:00", "lon": 113.157, "lat": 26.029, "height": 653.0 }, "geometry": { "type": "Point", "coordinates": [ 113.157, 26.029 ] } },
{ "type": "Feature", "properties": { "pt_id": "  5047", "trajectory_id": 5, "北京时间": "2026-05-06 16:00", "lon": 113.169, "lat": 25.855, "height": 716.0 }, "geometry": { "type": "Point", "coordinates": [ 113.169, 25.855 ] } },
{ "type": "Feature", "properties": { "pt_id": "  5048", "trajectory_id": 5, "北京时间": "2026-05-06 15:00", "lon": 113.152, "lat": 25.69, "height": 846.0 }, "geometry": { "type": "Point", "coordinates": [ 113.152, 25.69 ] } },
{ "type": "Feature", "properties": { "pt_id": "  5049", "trajectory_id": 5, "北京时间": "2026-05-06 14:00", "lon": 113.121, "lat": 25.548, "height": 924.0 }, "geometry": { "type": "Point", "coordinates": [ 113.121, 25.548 ] } },
{ "type": "Feature", "properties": { "pt_id": "  5050", "trajectory_id": 5, "北京时间": "2026-05-06 13:00", "lon": 113.092, "lat": 25.435, "height": 959.0 }, "geometry": { "type": "Point", "coordinates": [ 113.092, 25.435 ] } },
{ "type": "Feature", "properties": { "pt_id": "  5051", "trajectory_id": 5, "北京时间": "2026-05-06 12:00", "lon": 113.074, "lat": 25.354, "height": 930.0 }, "geometry": { "type": "Point", "coordinates": [ 113.074, 25.354 ] } },
{ "type": "Feature", "properties": { "pt_id": "  5052", "trajectory_id": 5, "北京时间": "2026-05-06 11:00", "lon": 113.056, "lat": 25.301, "height": 864.0 }, "geometry": { "type": "Point", "coordinates": [ 113.056, 25.301 ] } },
{ "type": "Feature", "properties": { "pt_id": "  5053", "trajectory_id": 5, "北京时间": "2026-05-06 10:00", "lon": 113.023, "lat": 25.27, "height": 849.0 }, "geometry": { "type": "Point", "coordinates": [ 113.023, 25.27 ] } },
{ "type": "Feature", "properties": { "pt_id": "  5054", "trajectory_id": 5, "北京时间": "2026-05-06 09:00", "lon": 112.967, "lat": 25.254, "height": 973.0 }, "geometry": { "type": "Point", "coordinates": [ 112.967, 25.254 ] } },
{ "type": "Feature", "properties": { "pt_id": "  5055", "trajectory_id": 5, "北京时间": "2026-05-06 08:00", "lon": 112.897, "lat": 25.232, "height": 1187.0 }, "geometry": { "type": "Point", "coordinates": [ 112.897, 25.232 ] } },
{ "type": "Feature", "properties": { "pt_id": "  5056", "trajectory_id": 5, "北京时间": "2026-05-06 07:00", "lon": 112.818, "lat": 25.199, "height": 1360.0 }, "geometry": { "type": "Point", "coordinates": [ 112.818, 25.199 ] } },
{ "type": "Feature", "properties": { "pt_id": "  5057", "trajectory_id": 5, "北京时间": "2026-05-06 06:00", "lon": 112.736, "lat": 25.161, "height": 1524.0 }, "geometry": { "type": "Point", "coordinates": [ 112.736, 25.161 ] } },
{ "type": "Feature", "properties": { "pt_id": "  5058", "trajectory_id": 5, "北京时间": "2026-05-06 05:00", "lon": 112.636, "lat": 25.124, "height": 1638.0 }, "geometry": { "type": "Point", "coordinates": [ 112.636, 25.124 ] } },
{ "type": "Feature", "properties": { "pt_id": "  5059", "trajectory_id": 5, "北京时间": "2026-05-06 04:00", "lon": 112.51, "lat": 25.1, "height": 1715.0 }, "geometry": { "type": "Point", "coordinates": [ 112.51, 25.1 ] } },
{ "type": "Feature", "properties": { "pt_id": "  5060", "trajectory_id": 5, "北京时间": "2026-05-06 03:00", "lon": 112.366, "lat": 25.083, "height": 1835.0 }, "geometry": { "type": "Point", "coordinates": [ 112.366, 25.083 ] } },
{ "type": "Feature", "properties": { "pt_id": "  5061", "trajectory_id": 5, "北京时间": "2026-05-06 02:00", "lon": 112.193, "lat": 25.069, "height": 1948.0 }, "geometry": { "type": "Point", "coordinates": [ 112.193, 25.069 ] } },
{ "type": "Feature", "properties": { "pt_id": "  5062", "trajectory_id": 5, "北京时间": "2026-05-06 01:00", "lon": 111.975, "lat": 25.04, "height": 2016.0 }, "geometry": { "type": "Point", "coordinates": [ 111.975, 25.04 ] } },
{ "type": "Feature", "properties": { "pt_id": "  5063", "trajectory_id": 5, "北京时间": "2026-05-06 00:00", "lon": 111.741, "lat": 25.003, "height": 2059.0 }, "geometry": { "type": "Point", "coordinates": [ 111.741, 25.003 ] } },
{ "type": "Feature", "properties": { "pt_id": "  5064", "trajectory_id": 5, "北京时间": "2026-05-05 23:00", "lon": 111.527, "lat": 24.966, "height": 2071.0 }, "geometry": { "type": "Point", "coordinates": [ 111.527, 24.966 ] } },
{ "type": "Feature", "properties": { "pt_id": "  6000", "trajectory_id": 6, "北京时间": "2026-05-07 23:00", "lon": 113.942, "lat": 30.907, "height": 10.0 }, "geometry": { "type": "Point", "coordinates": [ 113.942, 30.907 ] } },
{ "type": "Feature", "properties": { "pt_id": "  6021", "trajectory_id": 6, "北京时间": "2026-05-07 22:00", "lon": 113.956, "lat": 31.038, "height": 26.0 }, "geometry": { "type": "Point", "coordinates": [ 113.956, 31.038 ] } },
{ "type": "Feature", "properties": { "pt_id": "  6022", "trajectory_id": 6, "北京时间": "2026-05-07 21:00", "lon": 113.973, "lat": 31.109, "height": 57.0 }, "geometry": { "type": "Point", "coordinates": [ 113.973, 31.109 ] } },
{ "type": "Feature", "properties": { "pt_id": "  6023", "trajectory_id": 6, "北京时间": "2026-05-07 20:00", "lon": 114.041, "lat": 31.121, "height": 83.0 }, "geometry": { "type": "Point", "coordinates": [ 114.041, 31.121 ] } },
{ "type": "Feature", "properties": { "pt_id": "  6024", "trajectory_id": 6, "北京时间": "2026-05-07 19:00", "lon": 114.167, "lat": 31.071, "height": 87.0 }, "geometry": { "type": "Point", "coordinates": [ 114.167, 31.071 ] } },
{ "type": "Feature", "properties": { "pt_id": "  6025", "trajectory_id": 6, "北京时间": "2026-05-07 18:00", "lon": 114.324, "lat": 30.977, "height": 59.0 }, "geometry": { "type": "Point", "coordinates": [ 114.324, 30.977 ] } },
{ "type": "Feature", "properties": { "pt_id": "  6026", "trajectory_id": 6, "北京时间": "2026-05-07 17:00", "lon": 114.479, "lat": 30.867, "height": 35.0 }, "geometry": { "type": "Point", "coordinates": [ 114.479, 30.867 ] } },
{ "type": "Feature", "properties": { "pt_id": "  6027", "trajectory_id": 6, "北京时间": "2026-05-07 16:00", "lon": 114.674, "lat": 30.757, "height": 34.0 }, "geometry": { "type": "Point", "coordinates": [ 114.674, 30.757 ] } },
{ "type": "Feature", "properties": { "pt_id": "  6028", "trajectory_id": 6, "北京时间": "2026-05-07 15:00", "lon": 114.886, "lat": 30.641, "height": 50.0 }, "geometry": { "type": "Point", "coordinates": [ 114.886, 30.641 ] } },
{ "type": "Feature", "properties": { "pt_id": "  6029", "trajectory_id": 6, "北京时间": "2026-05-07 14:00", "lon": 115.033, "lat": 30.519, "height": 84.0 }, "geometry": { "type": "Point", "coordinates": [ 115.033, 30.519 ] } },
{ "type": "Feature", "properties": { "pt_id": "  6030", "trajectory_id": 6, "北京时间": "2026-05-07 13:00", "lon": 115.147, "lat": 30.402, "height": 114.0 }, "geometry": { "type": "Point", "coordinates": [ 115.147, 30.402 ] } },
{ "type": "Feature", "properties": { "pt_id": "  6031", "trajectory_id": 6, "北京时间": "2026-05-07 12:00", "lon": 115.264, "lat": 30.278, "height": 92.0 }, "geometry": { "type": "Point", "coordinates": [ 115.264, 30.278 ] } },
{ "type": "Feature", "properties": { "pt_id": "  6032", "trajectory_id": 6, "北京时间": "2026-05-07 11:00", "lon": 115.371, "lat": 30.124, "height": 74.0 }, "geometry": { "type": "Point", "coordinates": [ 115.371, 30.124 ] } },
{ "type": "Feature", "properties": { "pt_id": "  6033", "trajectory_id": 6, "北京时间": "2026-05-07 10:00", "lon": 115.457, "lat": 29.951, "height": 75.0 }, "geometry": { "type": "Point", "coordinates": [ 115.457, 29.951 ] } },
{ "type": "Feature", "properties": { "pt_id": "  6034", "trajectory_id": 6, "北京时间": "2026-05-07 09:00", "lon": 115.538, "lat": 29.752, "height": 132.0 }, "geometry": { "type": "Point", "coordinates": [ 115.538, 29.752 ] } },
{ "type": "Feature", "properties": { "pt_id": "  6035", "trajectory_id": 6, "北京时间": "2026-05-07 08:00", "lon": 115.597, "lat": 29.524, "height": 173.0 }, "geometry": { "type": "Point", "coordinates": [ 115.597, 29.524 ] } },
{ "type": "Feature", "properties": { "pt_id": "  6036", "trajectory_id": 6, "北京时间": "2026-05-07 07:00", "lon": 115.647, "lat": 29.303, "height": 162.0 }, "geometry": { "type": "Point", "coordinates": [ 115.647, 29.303 ] } },
{ "type": "Feature", "properties": { "pt_id": "  6037", "trajectory_id": 6, "北京时间": "2026-05-07 06:00", "lon": 115.645, "lat": 29.113, "height": 171.0 }, "geometry": { "type": "Point", "coordinates": [ 115.645, 29.113 ] } },
{ "type": "Feature", "properties": { "pt_id": "  6038", "trajectory_id": 6, "北京时间": "2026-05-07 05:00", "lon": 115.585, "lat": 28.952, "height": 175.0 }, "geometry": { "type": "Point", "coordinates": [ 115.585, 28.952 ] } },
{ "type": "Feature", "properties": { "pt_id": "  6039", "trajectory_id": 6, "北京时间": "2026-05-07 04:00", "lon": 115.517, "lat": 28.815, "height": 182.0 }, "geometry": { "type": "Point", "coordinates": [ 115.517, 28.815 ] } },
{ "type": "Feature", "properties": { "pt_id": "  6040", "trajectory_id": 6, "北京时间": "2026-05-07 03:00", "lon": 115.453, "lat": 28.692, "height": 173.0 }, "geometry": { "type": "Point", "coordinates": [ 115.453, 28.692 ] } },
{ "type": "Feature", "properties": { "pt_id": "  6041", "trajectory_id": 6, "北京时间": "2026-05-07 02:00", "lon": 115.386, "lat": 28.58, "height": 159.0 }, "geometry": { "type": "Point", "coordinates": [ 115.386, 28.58 ] } },
{ "type": "Feature", "properties": { "pt_id": "  6042", "trajectory_id": 6, "北京时间": "2026-05-07 01:00", "lon": 115.312, "lat": 28.467, "height": 137.0 }, "geometry": { "type": "Point", "coordinates": [ 115.312, 28.467 ] } },
{ "type": "Feature", "properties": { "pt_id": "  6043", "trajectory_id": 6, "北京时间": "2026-05-07 00:00", "lon": 115.25, "lat": 28.35, "height": 116.0 }, "geometry": { "type": "Point", "coordinates": [ 115.25, 28.35 ] } },
{ "type": "Feature", "properties": { "pt_id": "  6044", "trajectory_id": 6, "北京时间": "2026-05-06 23:00", "lon": 115.197, "lat": 28.225, "height": 95.0 }, "geometry": { "type": "Point", "coordinates": [ 115.197, 28.225 ] } },
{ "type": "Feature", "properties": { "pt_id": "  6045", "trajectory_id": 6, "北京时间": "2026-05-06 22:00", "lon": 115.157, "lat": 28.112, "height": 80.0 }, "geometry": { "type": "Point", "coordinates": [ 115.157, 28.112 ] } },
{ "type": "Feature", "properties": { "pt_id": "  6046", "trajectory_id": 6, "北京时间": "2026-05-06 21:00", "lon": 115.128, "lat": 27.996, "height": 76.0 }, "geometry": { "type": "Point", "coordinates": [ 115.128, 27.996 ] } },
{ "type": "Feature", "properties": { "pt_id": "  6047", "trajectory_id": 6, "北京时间": "2026-05-06 20:00", "lon": 115.117, "lat": 27.881, "height": 78.0 }, "geometry": { "type": "Point", "coordinates": [ 115.117, 27.881 ] } },
{ "type": "Feature", "properties": { "pt_id": "  6048", "trajectory_id": 6, "北京时间": "2026-05-06 19:00", "lon": 115.108, "lat": 27.771, "height": 89.0 }, "geometry": { "type": "Point", "coordinates": [ 115.108, 27.771 ] } },
{ "type": "Feature", "properties": { "pt_id": "  6049", "trajectory_id": 6, "北京时间": "2026-05-06 18:00", "lon": 115.105, "lat": 27.659, "height": 99.0 }, "geometry": { "type": "Point", "coordinates": [ 115.105, 27.659 ] } },
{ "type": "Feature", "properties": { "pt_id": "  6050", "trajectory_id": 6, "北京时间": "2026-05-06 17:00", "lon": 115.125, "lat": 27.555, "height": 97.0 }, "geometry": { "type": "Point", "coordinates": [ 115.125, 27.555 ] } },
{ "type": "Feature", "properties": { "pt_id": "  6051", "trajectory_id": 6, "北京时间": "2026-05-06 16:00", "lon": 115.151, "lat": 27.463, "height": 86.0 }, "geometry": { "type": "Point", "coordinates": [ 115.151, 27.463 ] } },
{ "type": "Feature", "properties": { "pt_id": "  6052", "trajectory_id": 6, "北京时间": "2026-05-06 15:00", "lon": 115.172, "lat": 27.379, "height": 79.0 }, "geometry": { "type": "Point", "coordinates": [ 115.172, 27.379 ] } },
{ "type": "Feature", "properties": { "pt_id": "  6053", "trajectory_id": 6, "北京时间": "2026-05-06 14:00", "lon": 115.174, "lat": 27.303, "height": 73.0 }, "geometry": { "type": "Point", "coordinates": [ 115.174, 27.303 ] } },
{ "type": "Feature", "properties": { "pt_id": "  6054", "trajectory_id": 6, "北京时间": "2026-05-06 13:00", "lon": 115.157, "lat": 27.247, "height": 62.0 }, "geometry": { "type": "Point", "coordinates": [ 115.157, 27.247 ] } },
{ "type": "Feature", "properties": { "pt_id": "  6055", "trajectory_id": 6, "北京时间": "2026-05-06 12:00", "lon": 115.128, "lat": 27.204, "height": 50.0 }, "geometry": { "type": "Point", "coordinates": [ 115.128, 27.204 ] } },
{ "type": "Feature", "properties": { "pt_id": "  6056", "trajectory_id": 6, "北京时间": "2026-05-06 11:00", "lon": 115.096, "lat": 27.163, "height": 42.0 }, "geometry": { "type": "Point", "coordinates": [ 115.096, 27.163 ] } },
{ "type": "Feature", "properties": { "pt_id": "  6057", "trajectory_id": 6, "北京时间": "2026-05-06 10:00", "lon": 115.052, "lat": 27.12, "height": 37.0 }, "geometry": { "type": "Point", "coordinates": [ 115.052, 27.12 ] } },
{ "type": "Feature", "properties": { "pt_id": "  6058", "trajectory_id": 6, "北京时间": "2026-05-06 09:00", "lon": 114.998, "lat": 27.07, "height": 35.0 }, "geometry": { "type": "Point", "coordinates": [ 114.998, 27.07 ] } },
{ "type": "Feature", "properties": { "pt_id": "  6059", "trajectory_id": 6, "北京时间": "2026-05-06 08:00", "lon": 114.953, "lat": 27.012, "height": 36.0 }, "geometry": { "type": "Point", "coordinates": [ 114.953, 27.012 ] } },
{ "type": "Feature", "properties": { "pt_id": "  6060", "trajectory_id": 6, "北京时间": "2026-05-06 07:00", "lon": 114.926, "lat": 26.944, "height": 39.0 }, "geometry": { "type": "Point", "coordinates": [ 114.926, 26.944 ] } },
{ "type": "Feature", "properties": { "pt_id": "  6061", "trajectory_id": 6, "北京时间": "2026-05-06 06:00", "lon": 114.913, "lat": 26.873, "height": 46.0 }, "geometry": { "type": "Point", "coordinates": [ 114.913, 26.873 ] } },
{ "type": "Feature", "properties": { "pt_id": "  6062", "trajectory_id": 6, "北京时间": "2026-05-06 05:00", "lon": 114.906, "lat": 26.81, "height": 56.0 }, "geometry": { "type": "Point", "coordinates": [ 114.906, 26.81 ] } },
{ "type": "Feature", "properties": { "pt_id": "  6063", "trajectory_id": 6, "北京时间": "2026-05-06 04:00", "lon": 114.898, "lat": 26.755, "height": 67.0 }, "geometry": { "type": "Point", "coordinates": [ 114.898, 26.755 ] } },
{ "type": "Feature", "properties": { "pt_id": "  6064", "trajectory_id": 6, "北京时间": "2026-05-06 03:00", "lon": 114.891, "lat": 26.707, "height": 78.0 }, "geometry": { "type": "Point", "coordinates": [ 114.891, 26.707 ] } },
{ "type": "Feature", "properties": { "pt_id": "  6065", "trajectory_id": 6, "北京时间": "2026-05-06 02:00", "lon": 114.889, "lat": 26.658, "height": 92.0 }, "geometry": { "type": "Point", "coordinates": [ 114.889, 26.658 ] } },
{ "type": "Feature", "properties": { "pt_id": "  6066", "trajectory_id": 6, "北京时间": "2026-05-06 01:00", "lon": 114.894, "lat": 26.611, "height": 112.0 }, "geometry": { "type": "Point", "coordinates": [ 114.894, 26.611 ] } },
{ "type": "Feature", "properties": { "pt_id": "  6067", "trajectory_id": 6, "北京时间": "2026-05-06 00:00", "lon": 114.905, "lat": 26.563, "height": 138.0 }, "geometry": { "type": "Point", "coordinates": [ 114.905, 26.563 ] } },
{ "type": "Feature", "properties": { "pt_id": "  6068", "trajectory_id": 6, "北京时间": "2026-05-05 23:00", "lon": 114.926, "lat": 26.511, "height": 176.0 }, "geometry": { "type": "Point", "coordinates": [ 114.926, 26.511 ] } },
{ "type": "Feature", "properties": { "pt_id": "  7000", "trajectory_id": 7, "北京时间": "2026-05-07 23:00", "lon": 113.942, "lat": 30.907, "height": 10.0 }, "geometry": { "type": "Point", "coordinates": [ 113.942, 30.907 ] } },
{ "type": "Feature", "properties": { "pt_id": "  7025", "trajectory_id": 7, "北京时间": "2026-05-07 22:00", "lon": 114.025, "lat": 30.873, "height": 12.0 }, "geometry": { "type": "Point", "coordinates": [ 114.025, 30.873 ] } },
{ "type": "Feature", "properties": { "pt_id": "  7026", "trajectory_id": 7, "北京时间": "2026-05-07 21:00", "lon": 114.079, "lat": 30.817, "height": 11.0 }, "geometry": { "type": "Point", "coordinates": [ 114.079, 30.817 ] } },
{ "type": "Feature", "properties": { "pt_id": "  7027", "trajectory_id": 7, "北京时间": "2026-05-07 20:00", "lon": 114.126, "lat": 30.746, "height": 9.0 }, "geometry": { "type": "Point", "coordinates": [ 114.126, 30.746 ] } },
{ "type": "Feature", "properties": { "pt_id": "  7028", "trajectory_id": 7, "北京时间": "2026-05-07 19:00", "lon": 114.178, "lat": 30.655, "height": 10.0 }, "geometry": { "type": "Point", "coordinates": [ 114.178, 30.655 ] } },
{ "type": "Feature", "properties": { "pt_id": "  7029", "trajectory_id": 7, "北京时间": "2026-05-07 18:00", "lon": 114.217, "lat": 30.541, "height": 16.0 }, "geometry": { "type": "Point", "coordinates": [ 114.217, 30.541 ] } },
{ "type": "Feature", "properties": { "pt_id": "  7030", "trajectory_id": 7, "北京时间": "2026-05-07 17:00", "lon": 114.221, "lat": 30.403, "height": 33.0 }, "geometry": { "type": "Point", "coordinates": [ 114.221, 30.403 ] } },
{ "type": "Feature", "properties": { "pt_id": "  7031", "trajectory_id": 7, "北京时间": "2026-05-07 16:00", "lon": 114.186, "lat": 30.267, "height": 45.0 }, "geometry": { "type": "Point", "coordinates": [ 114.186, 30.267 ] } },
{ "type": "Feature", "properties": { "pt_id": "  7032", "trajectory_id": 7, "北京时间": "2026-05-07 15:00", "lon": 114.143, "lat": 30.129, "height": 52.0 }, "geometry": { "type": "Point", "coordinates": [ 114.143, 30.129 ] } },
{ "type": "Feature", "properties": { "pt_id": "  7033", "trajectory_id": 7, "北京时间": "2026-05-07 14:00", "lon": 114.114, "lat": 29.971, "height": 71.0 }, "geometry": { "type": "Point", "coordinates": [ 114.114, 29.971 ] } },
{ "type": "Feature", "properties": { "pt_id": "  7034", "trajectory_id": 7, "北京时间": "2026-05-07 13:00", "lon": 114.098, "lat": 29.794, "height": 141.0 }, "geometry": { "type": "Point", "coordinates": [ 114.098, 29.794 ] } },
{ "type": "Feature", "properties": { "pt_id": "  7035", "trajectory_id": 7, "北京时间": "2026-05-07 12:00", "lon": 114.082, "lat": 29.609, "height": 258.0 }, "geometry": { "type": "Point", "coordinates": [ 114.082, 29.609 ] } },
{ "type": "Feature", "properties": { "pt_id": "  7036", "trajectory_id": 7, "北京时间": "2026-05-07 11:00", "lon": 114.077, "lat": 29.436, "height": 364.0 }, "geometry": { "type": "Point", "coordinates": [ 114.077, 29.436 ] } },
{ "type": "Feature", "properties": { "pt_id": "  7037", "trajectory_id": 7, "北京时间": "2026-05-07 10:00", "lon": 114.102, "lat": 29.284, "height": 497.0 }, "geometry": { "type": "Point", "coordinates": [ 114.102, 29.284 ] } },
{ "type": "Feature", "properties": { "pt_id": "  7038", "trajectory_id": 7, "北京时间": "2026-05-07 09:00", "lon": 114.128, "lat": 29.138, "height": 606.0 }, "geometry": { "type": "Point", "coordinates": [ 114.128, 29.138 ] } },
{ "type": "Feature", "properties": { "pt_id": "  7039", "trajectory_id": 7, "北京时间": "2026-05-07 08:00", "lon": 114.147, "lat": 28.993, "height": 639.0 }, "geometry": { "type": "Point", "coordinates": [ 114.147, 28.993 ] } },
{ "type": "Feature", "properties": { "pt_id": "  7040", "trajectory_id": 7, "北京时间": "2026-05-07 07:00", "lon": 114.17, "lat": 28.847, "height": 632.0 }, "geometry": { "type": "Point", "coordinates": [ 114.17, 28.847 ] } },
{ "type": "Feature", "properties": { "pt_id": "  7041", "trajectory_id": 7, "北京时间": "2026-05-07 06:00", "lon": 114.189, "lat": 28.685, "height": 631.0 }, "geometry": { "type": "Point", "coordinates": [ 114.189, 28.685 ] } },
{ "type": "Feature", "properties": { "pt_id": "  7042", "trajectory_id": 7, "北京时间": "2026-05-07 05:00", "lon": 114.181, "lat": 28.523, "height": 708.0 }, "geometry": { "type": "Point", "coordinates": [ 114.181, 28.523 ] } },
{ "type": "Feature", "properties": { "pt_id": "  7043", "trajectory_id": 7, "北京时间": "2026-05-07 04:00", "lon": 114.135, "lat": 28.356, "height": 819.0 }, "geometry": { "type": "Point", "coordinates": [ 114.135, 28.356 ] } },
{ "type": "Feature", "properties": { "pt_id": "  7044", "trajectory_id": 7, "北京时间": "2026-05-07 03:00", "lon": 114.103, "lat": 28.196, "height": 857.0 }, "geometry": { "type": "Point", "coordinates": [ 114.103, 28.196 ] } },
{ "type": "Feature", "properties": { "pt_id": "  7045", "trajectory_id": 7, "北京时间": "2026-05-07 02:00", "lon": 114.085, "lat": 28.045, "height": 884.0 }, "geometry": { "type": "Point", "coordinates": [ 114.085, 28.045 ] } },
{ "type": "Feature", "properties": { "pt_id": "  7046", "trajectory_id": 7, "北京时间": "2026-05-07 01:00", "lon": 114.068, "lat": 27.902, "height": 916.0 }, "geometry": { "type": "Point", "coordinates": [ 114.068, 27.902 ] } },
{ "type": "Feature", "properties": { "pt_id": "  7047", "trajectory_id": 7, "北京时间": "2026-05-07 00:00", "lon": 114.053, "lat": 27.772, "height": 933.0 }, "geometry": { "type": "Point", "coordinates": [ 114.053, 27.772 ] } },
{ "type": "Feature", "properties": { "pt_id": "  7048", "trajectory_id": 7, "北京时间": "2026-05-06 23:00", "lon": 114.061, "lat": 27.652, "height": 965.0 }, "geometry": { "type": "Point", "coordinates": [ 114.061, 27.652 ] } },
{ "type": "Feature", "properties": { "pt_id": "  7049", "trajectory_id": 7, "北京时间": "2026-05-06 22:00", "lon": 114.078, "lat": 27.524, "height": 1042.0 }, "geometry": { "type": "Point", "coordinates": [ 114.078, 27.524 ] } },
{ "type": "Feature", "properties": { "pt_id": "  7050", "trajectory_id": 7, "北京时间": "2026-05-06 21:00", "lon": 114.085, "lat": 27.397, "height": 1043.0 }, "geometry": { "type": "Point", "coordinates": [ 114.085, 27.397 ] } },
{ "type": "Feature", "properties": { "pt_id": "  7051", "trajectory_id": 7, "北京时间": "2026-05-06 20:00", "lon": 114.099, "lat": 27.288, "height": 933.0 }, "geometry": { "type": "Point", "coordinates": [ 114.099, 27.288 ] } },
{ "type": "Feature", "properties": { "pt_id": "  7052", "trajectory_id": 7, "北京时间": "2026-05-06 19:00", "lon": 114.125, "lat": 27.189, "height": 795.0 }, "geometry": { "type": "Point", "coordinates": [ 114.125, 27.189 ] } },
{ "type": "Feature", "properties": { "pt_id": "  7053", "trajectory_id": 7, "北京时间": "2026-05-06 18:00", "lon": 114.148, "lat": 27.107, "height": 722.0 }, "geometry": { "type": "Point", "coordinates": [ 114.148, 27.107 ] } },
{ "type": "Feature", "properties": { "pt_id": "  7054", "trajectory_id": 7, "北京时间": "2026-05-06 17:00", "lon": 114.161, "lat": 27.056, "height": 654.0 }, "geometry": { "type": "Point", "coordinates": [ 114.161, 27.056 ] } },
{ "type": "Feature", "properties": { "pt_id": "  7055", "trajectory_id": 7, "北京时间": "2026-05-06 16:00", "lon": 114.164, "lat": 27.03, "height": 611.0 }, "geometry": { "type": "Point", "coordinates": [ 114.164, 27.03 ] } },
{ "type": "Feature", "properties": { "pt_id": "  7056", "trajectory_id": 7, "北京时间": "2026-05-06 15:00", "lon": 114.152, "lat": 27.019, "height": 657.0 }, "geometry": { "type": "Point", "coordinates": [ 114.152, 27.019 ] } },
{ "type": "Feature", "properties": { "pt_id": "  7057", "trajectory_id": 7, "北京时间": "2026-05-06 14:00", "lon": 114.117, "lat": 27.015, "height": 789.0 }, "geometry": { "type": "Point", "coordinates": [ 114.117, 27.015 ] } },
{ "type": "Feature", "properties": { "pt_id": "  7058", "trajectory_id": 7, "北京时间": "2026-05-06 13:00", "lon": 114.068, "lat": 27.004, "height": 925.0 }, "geometry": { "type": "Point", "coordinates": [ 114.068, 27.004 ] } },
{ "type": "Feature", "properties": { "pt_id": "  7059", "trajectory_id": 7, "北京时间": "2026-05-06 12:00", "lon": 114.017, "lat": 26.981, "height": 1006.0 }, "geometry": { "type": "Point", "coordinates": [ 114.017, 26.981 ] } },
{ "type": "Feature", "properties": { "pt_id": "  7060", "trajectory_id": 7, "北京时间": "2026-05-06 11:00", "lon": 113.966, "lat": 26.951, "height": 1068.0 }, "geometry": { "type": "Point", "coordinates": [ 113.966, 26.951 ] } },
{ "type": "Feature", "properties": { "pt_id": "  7061", "trajectory_id": 7, "北京时间": "2026-05-06 10:00", "lon": 113.903, "lat": 26.92, "height": 1119.0 }, "geometry": { "type": "Point", "coordinates": [ 113.903, 26.92 ] } },
{ "type": "Feature", "properties": { "pt_id": "  7062", "trajectory_id": 7, "北京时间": "2026-05-06 09:00", "lon": 113.817, "lat": 26.889, "height": 1155.0 }, "geometry": { "type": "Point", "coordinates": [ 113.817, 26.889 ] } },
{ "type": "Feature", "properties": { "pt_id": "  7063", "trajectory_id": 7, "北京时间": "2026-05-06 08:00", "lon": 113.701, "lat": 26.851, "height": 1185.0 }, "geometry": { "type": "Point", "coordinates": [ 113.701, 26.851 ] } },
{ "type": "Feature", "properties": { "pt_id": "  7064", "trajectory_id": 7, "北京时间": "2026-05-06 07:00", "lon": 113.573, "lat": 26.8, "height": 1218.0 }, "geometry": { "type": "Point", "coordinates": [ 113.573, 26.8 ] } },
{ "type": "Feature", "properties": { "pt_id": "  7065", "trajectory_id": 7, "北京时间": "2026-05-06 06:00", "lon": 113.445, "lat": 26.729, "height": 1245.0 }, "geometry": { "type": "Point", "coordinates": [ 113.445, 26.729 ] } },
{ "type": "Feature", "properties": { "pt_id": "  7066", "trajectory_id": 7, "北京时间": "2026-05-06 05:00", "lon": 113.315, "lat": 26.636, "height": 1242.0 }, "geometry": { "type": "Point", "coordinates": [ 113.315, 26.636 ] } },
{ "type": "Feature", "properties": { "pt_id": "  7067", "trajectory_id": 7, "北京时间": "2026-05-06 04:00", "lon": 113.196, "lat": 26.531, "height": 1204.0 }, "geometry": { "type": "Point", "coordinates": [ 113.196, 26.531 ] } },
{ "type": "Feature", "properties": { "pt_id": "  7068", "trajectory_id": 7, "北京时间": "2026-05-06 03:00", "lon": 113.099, "lat": 26.423, "height": 1151.0 }, "geometry": { "type": "Point", "coordinates": [ 113.099, 26.423 ] } },
{ "type": "Feature", "properties": { "pt_id": "  7069", "trajectory_id": 7, "北京时间": "2026-05-06 02:00", "lon": 113.02, "lat": 26.313, "height": 1083.0 }, "geometry": { "type": "Point", "coordinates": [ 113.02, 26.313 ] } },
{ "type": "Feature", "properties": { "pt_id": "  7070", "trajectory_id": 7, "北京时间": "2026-05-06 01:00", "lon": 112.961, "lat": 26.21, "height": 1019.0 }, "geometry": { "type": "Point", "coordinates": [ 112.961, 26.21 ] } },
{ "type": "Feature", "properties": { "pt_id": "  7071", "trajectory_id": 7, "北京时间": "2026-05-06 00:00", "lon": 112.922, "lat": 26.123, "height": 992.0 }, "geometry": { "type": "Point", "coordinates": [ 112.922, 26.123 ] } },
{ "type": "Feature", "properties": { "pt_id": "  7072", "trajectory_id": 7, "北京时间": "2026-05-05 23:00", "lon": 112.898, "lat": 26.047, "height": 998.0 }, "geometry": { "type": "Point", "coordinates": [ 112.898, 26.047 ] } },
{ "type": "Feature", "properties": { "pt_id": "  8000", "trajectory_id": 8, "北京时间": "2026-05-07 23:00", "lon": 113.942, "lat": 30.907, "height": 10.0 }, "geometry": { "type": "Point", "coordinates": [ 113.942, 30.907 ] } },
{ "type": "Feature", "properties": { "pt_id": "  8029", "trajectory_id": 8, "北京时间": "2026-05-07 22:00", "lon": 113.916, "lat": 30.773, "height": 6.0 }, "geometry": { "type": "Point", "coordinates": [ 113.916, 30.773 ] } },
{ "type": "Feature", "properties": { "pt_id": "  8030", "trajectory_id": 8, "北京时间": "2026-05-07 21:00", "lon": 113.891, "lat": 30.605, "height": 2.0 }, "geometry": { "type": "Point", "coordinates": [ 113.891, 30.605 ] } },
{ "type": "Feature", "properties": { "pt_id": "  8031", "trajectory_id": 8, "北京时间": "2026-05-07 20:00", "lon": 113.873, "lat": 30.419, "height": 0.0 }, "geometry": { "type": "Point", "coordinates": [ 113.873, 30.419 ] } },
{ "type": "Feature", "properties": { "pt_id": "  8032", "trajectory_id": 8, "北京时间": "2026-05-07 19:00", "lon": 113.845, "lat": 30.235, "height": 0.0 }, "geometry": { "type": "Point", "coordinates": [ 113.845, 30.235 ] } },
{ "type": "Feature", "properties": { "pt_id": "  8033", "trajectory_id": 8, "北京时间": "2026-05-07 18:00", "lon": 113.804, "lat": 30.049, "height": 0.0 }, "geometry": { "type": "Point", "coordinates": [ 113.804, 30.049 ] } },
{ "type": "Feature", "properties": { "pt_id": "  8034", "trajectory_id": 8, "北京时间": "2026-05-07 17:00", "lon": 113.76, "lat": 29.861, "height": 14.0 }, "geometry": { "type": "Point", "coordinates": [ 113.76, 29.861 ] } },
{ "type": "Feature", "properties": { "pt_id": "  8035", "trajectory_id": 8, "北京时间": "2026-05-07 16:00", "lon": 113.735, "lat": 29.644, "height": 83.0 }, "geometry": { "type": "Point", "coordinates": [ 113.735, 29.644 ] } },
{ "type": "Feature", "properties": { "pt_id": "  8036", "trajectory_id": 8, "北京时间": "2026-05-07 15:00", "lon": 113.727, "lat": 29.405, "height": 194.0 }, "geometry": { "type": "Point", "coordinates": [ 113.727, 29.405 ] } },
{ "type": "Feature", "properties": { "pt_id": "  8037", "trajectory_id": 8, "北京时间": "2026-05-07 14:00", "lon": 113.746, "lat": 29.192, "height": 248.0 }, "geometry": { "type": "Point", "coordinates": [ 113.746, 29.192 ] } },
{ "type": "Feature", "properties": { "pt_id": "  8038", "trajectory_id": 8, "北京时间": "2026-05-07 13:00", "lon": 113.78, "lat": 29.025, "height": 329.0 }, "geometry": { "type": "Point", "coordinates": [ 113.78, 29.025 ] } },
{ "type": "Feature", "properties": { "pt_id": "  8039", "trajectory_id": 8, "北京时间": "2026-05-07 12:00", "lon": 113.82, "lat": 28.884, "height": 428.0 }, "geometry": { "type": "Point", "coordinates": [ 113.82, 28.884 ] } },
{ "type": "Feature", "properties": { "pt_id": "  8040", "trajectory_id": 8, "北京时间": "2026-05-07 11:00", "lon": 113.884, "lat": 28.767, "height": 474.0 }, "geometry": { "type": "Point", "coordinates": [ 113.884, 28.767 ] } },
{ "type": "Feature", "properties": { "pt_id": "  8041", "trajectory_id": 8, "北京时间": "2026-05-07 10:00", "lon": 113.95, "lat": 28.65, "height": 496.0 }, "geometry": { "type": "Point", "coordinates": [ 113.95, 28.65 ] } },
{ "type": "Feature", "properties": { "pt_id": "  8042", "trajectory_id": 8, "北京时间": "2026-05-07 09:00", "lon": 113.992, "lat": 28.519, "height": 552.0 }, "geometry": { "type": "Point", "coordinates": [ 113.992, 28.519 ] } },
{ "type": "Feature", "properties": { "pt_id": "  8043", "trajectory_id": 8, "北京时间": "2026-05-07 08:00", "lon": 114.024, "lat": 28.372, "height": 635.0 }, "geometry": { "type": "Point", "coordinates": [ 114.024, 28.372 ] } },
{ "type": "Feature", "properties": { "pt_id": "  8044", "trajectory_id": 8, "北京时间": "2026-05-07 07:00", "lon": 114.075, "lat": 28.227, "height": 664.0 }, "geometry": { "type": "Point", "coordinates": [ 114.075, 28.227 ] } },
{ "type": "Feature", "properties": { "pt_id": "  8045", "trajectory_id": 8, "北京时间": "2026-05-07 06:00", "lon": 114.132, "lat": 28.101, "height": 670.0 }, "geometry": { "type": "Point", "coordinates": [ 114.132, 28.101 ] } },
{ "type": "Feature", "properties": { "pt_id": "  8046", "trajectory_id": 8, "北京时间": "2026-05-07 05:00", "lon": 114.185, "lat": 27.986, "height": 684.0 }, "geometry": { "type": "Point", "coordinates": [ 114.185, 27.986 ] } },
{ "type": "Feature", "properties": { "pt_id": "  8047", "trajectory_id": 8, "北京时间": "2026-05-07 04:00", "lon": 114.228, "lat": 27.877, "height": 724.0 }, "geometry": { "type": "Point", "coordinates": [ 114.228, 27.877 ] } },
{ "type": "Feature", "properties": { "pt_id": "  8048", "trajectory_id": 8, "北京时间": "2026-05-07 03:00", "lon": 114.251, "lat": 27.773, "height": 778.0 }, "geometry": { "type": "Point", "coordinates": [ 114.251, 27.773 ] } },
{ "type": "Feature", "properties": { "pt_id": "  8049", "trajectory_id": 8, "北京时间": "2026-05-07 02:00", "lon": 114.264, "lat": 27.669, "height": 816.0 }, "geometry": { "type": "Point", "coordinates": [ 114.264, 27.669 ] } },
{ "type": "Feature", "properties": { "pt_id": "  8050", "trajectory_id": 8, "北京时间": "2026-05-07 01:00", "lon": 114.28, "lat": 27.548, "height": 776.0 }, "geometry": { "type": "Point", "coordinates": [ 114.28, 27.548 ] } },
{ "type": "Feature", "properties": { "pt_id": "  8051", "trajectory_id": 8, "北京时间": "2026-05-07 00:00", "lon": 114.305, "lat": 27.419, "height": 602.0 }, "geometry": { "type": "Point", "coordinates": [ 114.305, 27.419 ] } },
{ "type": "Feature", "properties": { "pt_id": "  8052", "trajectory_id": 8, "北京时间": "2026-05-06 23:00", "lon": 114.364, "lat": 27.266, "height": 409.0 }, "geometry": { "type": "Point", "coordinates": [ 114.364, 27.266 ] } },
{ "type": "Feature", "properties": { "pt_id": "  8053", "trajectory_id": 8, "北京时间": "2026-05-06 22:00", "lon": 114.411, "lat": 27.129, "height": 352.0 }, "geometry": { "type": "Point", "coordinates": [ 114.411, 27.129 ] } },
{ "type": "Feature", "properties": { "pt_id": "  8054", "trajectory_id": 8, "北京时间": "2026-05-06 21:00", "lon": 114.45, "lat": 27.047, "height": 316.0 }, "geometry": { "type": "Point", "coordinates": [ 114.45, 27.047 ] } },
{ "type": "Feature", "properties": { "pt_id": "  8055", "trajectory_id": 8, "北京时间": "2026-05-06 20:00", "lon": 114.484, "lat": 27.001, "height": 242.0 }, "geometry": { "type": "Point", "coordinates": [ 114.484, 27.001 ] } },
{ "type": "Feature", "properties": { "pt_id": "  8056", "trajectory_id": 8, "北京时间": "2026-05-06 19:00", "lon": 114.516, "lat": 26.972, "height": 167.0 }, "geometry": { "type": "Point", "coordinates": [ 114.516, 26.972 ] } },
{ "type": "Feature", "properties": { "pt_id": "  8057", "trajectory_id": 8, "北京时间": "2026-05-06 18:00", "lon": 114.547, "lat": 26.96, "height": 122.0 }, "geometry": { "type": "Point", "coordinates": [ 114.547, 26.96 ] } },
{ "type": "Feature", "properties": { "pt_id": "  8058", "trajectory_id": 8, "北京时间": "2026-05-06 17:00", "lon": 114.574, "lat": 26.945, "height": 98.0 }, "geometry": { "type": "Point", "coordinates": [ 114.574, 26.945 ] } },
{ "type": "Feature", "properties": { "pt_id": "  8059", "trajectory_id": 8, "北京时间": "2026-05-06 16:00", "lon": 114.601, "lat": 26.907, "height": 86.0 }, "geometry": { "type": "Point", "coordinates": [ 114.601, 26.907 ] } },
{ "type": "Feature", "properties": { "pt_id": "  8060", "trajectory_id": 8, "北京时间": "2026-05-06 15:00", "lon": 114.625, "lat": 26.846, "height": 81.0 }, "geometry": { "type": "Point", "coordinates": [ 114.625, 26.846 ] } },
{ "type": "Feature", "properties": { "pt_id": "  8061", "trajectory_id": 8, "北京时间": "2026-05-06 14:00", "lon": 114.642, "lat": 26.774, "height": 76.0 }, "geometry": { "type": "Point", "coordinates": [ 114.642, 26.774 ] } },
{ "type": "Feature", "properties": { "pt_id": "  8062", "trajectory_id": 8, "北京时间": "2026-05-06 13:00", "lon": 114.649, "lat": 26.707, "height": 74.0 }, "geometry": { "type": "Point", "coordinates": [ 114.649, 26.707 ] } },
{ "type": "Feature", "properties": { "pt_id": "  8063", "trajectory_id": 8, "北京时间": "2026-05-06 12:00", "lon": 114.651, "lat": 26.648, "height": 82.0 }, "geometry": { "type": "Point", "coordinates": [ 114.651, 26.648 ] } },
{ "type": "Feature", "properties": { "pt_id": "  8064", "trajectory_id": 8, "北京时间": "2026-05-06 11:00", "lon": 114.649, "lat": 26.59, "height": 92.0 }, "geometry": { "type": "Point", "coordinates": [ 114.649, 26.59 ] } },
{ "type": "Feature", "properties": { "pt_id": "  8065", "trajectory_id": 8, "北京时间": "2026-05-06 10:00", "lon": 114.646, "lat": 26.532, "height": 101.0 }, "geometry": { "type": "Point", "coordinates": [ 114.646, 26.532 ] } },
{ "type": "Feature", "properties": { "pt_id": "  8066", "trajectory_id": 8, "北京时间": "2026-05-06 09:00", "lon": 114.637, "lat": 26.476, "height": 106.0 }, "geometry": { "type": "Point", "coordinates": [ 114.637, 26.476 ] } },
{ "type": "Feature", "properties": { "pt_id": "  8067", "trajectory_id": 8, "北京时间": "2026-05-06 08:00", "lon": 114.623, "lat": 26.422, "height": 113.0 }, "geometry": { "type": "Point", "coordinates": [ 114.623, 26.422 ] } },
{ "type": "Feature", "properties": { "pt_id": "  8068", "trajectory_id": 8, "北京时间": "2026-05-06 07:00", "lon": 114.611, "lat": 26.369, "height": 125.0 }, "geometry": { "type": "Point", "coordinates": [ 114.611, 26.369 ] } },
{ "type": "Feature", "properties": { "pt_id": "  8069", "trajectory_id": 8, "北京时间": "2026-05-06 06:00", "lon": 114.604, "lat": 26.321, "height": 132.0 }, "geometry": { "type": "Point", "coordinates": [ 114.604, 26.321 ] } },
{ "type": "Feature", "properties": { "pt_id": "  8070", "trajectory_id": 8, "北京时间": "2026-05-06 05:00", "lon": 114.604, "lat": 26.276, "height": 143.0 }, "geometry": { "type": "Point", "coordinates": [ 114.604, 26.276 ] } },
{ "type": "Feature", "properties": { "pt_id": "  8071", "trajectory_id": 8, "北京时间": "2026-05-06 04:00", "lon": 114.611, "lat": 26.233, "height": 166.0 }, "geometry": { "type": "Point", "coordinates": [ 114.611, 26.233 ] } },
{ "type": "Feature", "properties": { "pt_id": "  8072", "trajectory_id": 8, "北京时间": "2026-05-06 03:00", "lon": 114.628, "lat": 26.191, "height": 194.0 }, "geometry": { "type": "Point", "coordinates": [ 114.628, 26.191 ] } },
{ "type": "Feature", "properties": { "pt_id": "  8073", "trajectory_id": 8, "北京时间": "2026-05-06 02:00", "lon": 114.654, "lat": 26.146, "height": 220.0 }, "geometry": { "type": "Point", "coordinates": [ 114.654, 26.146 ] } },
{ "type": "Feature", "properties": { "pt_id": "  8074", "trajectory_id": 8, "北京时间": "2026-05-06 01:00", "lon": 114.688, "lat": 26.102, "height": 238.0 }, "geometry": { "type": "Point", "coordinates": [ 114.688, 26.102 ] } },
{ "type": "Feature", "properties": { "pt_id": "  8075", "trajectory_id": 8, "北京时间": "2026-05-06 00:00", "lon": 114.73, "lat": 26.063, "height": 250.0 }, "geometry": { "type": "Point", "coordinates": [ 114.73, 26.063 ] } },
{ "type": "Feature", "properties": { "pt_id": "  8076", "trajectory_id": 8, "北京时间": "2026-05-05 23:00", "lon": 114.781, "lat": 26.035, "height": 265.0 }, "geometry": { "type": "Point", "coordinates": [ 114.781, 26.035 ] } },
{ "type": "Feature", "properties": { "pt_id": "  9000", "trajectory_id": 9, "北京时间": "2026-05-07 23:00", "lon": 113.942, "lat": 30.907, "height": 10.0 }, "geometry": { "type": "Point", "coordinates": [ 113.942, 30.907 ] } },
{ "type": "Feature", "properties": { "pt_id": "  9033", "trajectory_id": 9, "北京时间": "2026-05-07 22:00", "lon": 113.911, "lat": 30.68, "height": 4.0 }, "geometry": { "type": "Point", "coordinates": [ 113.911, 30.68 ] } },
{ "type": "Feature", "properties": { "pt_id": "  9034", "trajectory_id": 9, "北京时间": "2026-05-07 21:00", "lon": 113.889, "lat": 30.46, "height": 2.0 }, "geometry": { "type": "Point", "coordinates": [ 113.889, 30.46 ] } },
{ "type": "Feature", "properties": { "pt_id": "  9035", "trajectory_id": 9, "北京时间": "2026-05-07 20:00", "lon": 113.86, "lat": 30.259, "height": 0.0 }, "geometry": { "type": "Point", "coordinates": [ 113.86, 30.259 ] } },
{ "type": "Feature", "properties": { "pt_id": "  9036", "trajectory_id": 9, "北京时间": "2026-05-07 19:00", "lon": 113.824, "lat": 30.068, "height": 2.0 }, "geometry": { "type": "Point", "coordinates": [ 113.824, 30.068 ] } },
{ "type": "Feature", "properties": { "pt_id": "  9037", "trajectory_id": 9, "北京时间": "2026-05-07 18:00", "lon": 113.809, "lat": 29.895, "height": 18.0 }, "geometry": { "type": "Point", "coordinates": [ 113.809, 29.895 ] } },
{ "type": "Feature", "properties": { "pt_id": "  9038", "trajectory_id": 9, "北京时间": "2026-05-07 17:00", "lon": 113.833, "lat": 29.727, "height": 80.0 }, "geometry": { "type": "Point", "coordinates": [ 113.833, 29.727 ] } },
{ "type": "Feature", "properties": { "pt_id": "  9039", "trajectory_id": 9, "北京时间": "2026-05-07 16:00", "lon": 113.88, "lat": 29.564, "height": 194.0 }, "geometry": { "type": "Point", "coordinates": [ 113.88, 29.564 ] } },
{ "type": "Feature", "properties": { "pt_id": "  9040", "trajectory_id": 9, "北京时间": "2026-05-07 15:00", "lon": 113.936, "lat": 29.417, "height": 309.0 }, "geometry": { "type": "Point", "coordinates": [ 113.936, 29.417 ] } },
{ "type": "Feature", "properties": { "pt_id": "  9041", "trajectory_id": 9, "北京时间": "2026-05-07 14:00", "lon": 113.995, "lat": 29.268, "height": 462.0 }, "geometry": { "type": "Point", "coordinates": [ 113.995, 29.268 ] } },
{ "type": "Feature", "properties": { "pt_id": "  9042", "trajectory_id": 9, "北京时间": "2026-05-07 13:00", "lon": 114.024, "lat": 29.107, "height": 624.0 }, "geometry": { "type": "Point", "coordinates": [ 114.024, 29.107 ] } },
{ "type": "Feature", "properties": { "pt_id": "  9043", "trajectory_id": 9, "北京时间": "2026-05-07 12:00", "lon": 114.026, "lat": 28.937, "height": 662.0 }, "geometry": { "type": "Point", "coordinates": [ 114.026, 28.937 ] } },
{ "type": "Feature", "properties": { "pt_id": "  9044", "trajectory_id": 9, "北京时间": "2026-05-07 11:00", "lon": 114.047, "lat": 28.76, "height": 671.0 }, "geometry": { "type": "Point", "coordinates": [ 114.047, 28.76 ] } },
{ "type": "Feature", "properties": { "pt_id": "  9045", "trajectory_id": 9, "北京时间": "2026-05-07 10:00", "lon": 114.077, "lat": 28.579, "height": 737.0 }, "geometry": { "type": "Point", "coordinates": [ 114.077, 28.579 ] } },
{ "type": "Feature", "properties": { "pt_id": "  9046", "trajectory_id": 9, "北京时间": "2026-05-07 09:00", "lon": 114.077, "lat": 28.404, "height": 884.0 }, "geometry": { "type": "Point", "coordinates": [ 114.077, 28.404 ] } },
{ "type": "Feature", "properties": { "pt_id": "  9047", "trajectory_id": 9, "北京时间": "2026-05-07 08:00", "lon": 114.084, "lat": 28.243, "height": 956.0 }, "geometry": { "type": "Point", "coordinates": [ 114.084, 28.243 ] } },
{ "type": "Feature", "properties": { "pt_id": "  9048", "trajectory_id": 9, "北京时间": "2026-05-07 07:00", "lon": 114.114, "lat": 28.108, "height": 1009.0 }, "geometry": { "type": "Point", "coordinates": [ 114.114, 28.108 ] } },
{ "type": "Feature", "properties": { "pt_id": "  9049", "trajectory_id": 9, "北京时间": "2026-05-07 06:00", "lon": 114.141, "lat": 27.997, "height": 1076.0 }, "geometry": { "type": "Point", "coordinates": [ 114.141, 27.997 ] } },
{ "type": "Feature", "properties": { "pt_id": "  9050", "trajectory_id": 9, "北京时间": "2026-05-07 05:00", "lon": 114.167, "lat": 27.898, "height": 1079.0 }, "geometry": { "type": "Point", "coordinates": [ 114.167, 27.898 ] } },
{ "type": "Feature", "properties": { "pt_id": "  9051", "trajectory_id": 9, "北京时间": "2026-05-07 04:00", "lon": 114.197, "lat": 27.815, "height": 1039.0 }, "geometry": { "type": "Point", "coordinates": [ 114.197, 27.815 ] } },
{ "type": "Feature", "properties": { "pt_id": "  9052", "trajectory_id": 9, "北京时间": "2026-05-07 03:00", "lon": 114.221, "lat": 27.747, "height": 1012.0 }, "geometry": { "type": "Point", "coordinates": [ 114.221, 27.747 ] } },
{ "type": "Feature", "properties": { "pt_id": "  9053", "trajectory_id": 9, "北京时间": "2026-05-07 02:00", "lon": 114.227, "lat": 27.693, "height": 924.0 }, "geometry": { "type": "Point", "coordinates": [ 114.227, 27.693 ] } },
{ "type": "Feature", "properties": { "pt_id": "  9054", "trajectory_id": 9, "北京时间": "2026-05-07 01:00", "lon": 114.225, "lat": 27.663, "height": 690.0 }, "geometry": { "type": "Point", "coordinates": [ 114.225, 27.663 ] } },
{ "type": "Feature", "properties": { "pt_id": "  9055", "trajectory_id": 9, "北京时间": "2026-05-07 00:00", "lon": 114.218, "lat": 27.665, "height": 443.0 }, "geometry": { "type": "Point", "coordinates": [ 114.218, 27.665 ] } },
{ "type": "Feature", "properties": { "pt_id": "  9056", "trajectory_id": 9, "北京时间": "2026-05-06 23:00", "lon": 114.205, "lat": 27.686, "height": 261.0 }, "geometry": { "type": "Point", "coordinates": [ 114.205, 27.686 ] } },
{ "type": "Feature", "properties": { "pt_id": "  9057", "trajectory_id": 9, "北京时间": "2026-05-06 22:00", "lon": 114.183, "lat": 27.731, "height": 133.0 }, "geometry": { "type": "Point", "coordinates": [ 114.183, 27.731 ] } },
{ "type": "Feature", "properties": { "pt_id": "  9058", "trajectory_id": 9, "北京时间": "2026-05-06 21:00", "lon": 114.164, "lat": 27.781, "height": 44.0 }, "geometry": { "type": "Point", "coordinates": [ 114.164, 27.781 ] } },
{ "type": "Feature", "properties": { "pt_id": "  9059", "trajectory_id": 9, "北京时间": "2026-05-06 20:00", "lon": 114.163, "lat": 27.808, "height": 0.0 }, "geometry": { "type": "Point", "coordinates": [ 114.163, 27.808 ] } },
{ "type": "Feature", "properties": { "pt_id": "  9060", "trajectory_id": 9, "北京时间": "2026-05-06 19:00", "lon": 114.178, "lat": 27.824, "height": 0.0 }, "geometry": { "type": "Point", "coordinates": [ 114.178, 27.824 ] } },
{ "type": "Feature", "properties": { "pt_id": "  9061", "trajectory_id": 9, "北京时间": "2026-05-06 18:00", "lon": 114.204, "lat": 27.833, "height": 0.0 }, "geometry": { "type": "Point", "coordinates": [ 114.204, 27.833 ] } },
{ "type": "Feature", "properties": { "pt_id": "  9062", "trajectory_id": 9, "北京时间": "2026-05-06 17:00", "lon": 114.236, "lat": 27.837, "height": 0.0 }, "geometry": { "type": "Point", "coordinates": [ 114.236, 27.837 ] } },
{ "type": "Feature", "properties": { "pt_id": "  9063", "trajectory_id": 9, "北京时间": "2026-05-06 16:00", "lon": 114.271, "lat": 27.835, "height": 0.0 }, "geometry": { "type": "Point", "coordinates": [ 114.271, 27.835 ] } },
{ "type": "Feature", "properties": { "pt_id": "  9064", "trajectory_id": 9, "北京时间": "2026-05-06 15:00", "lon": 114.303, "lat": 27.83, "height": 6.0 }, "geometry": { "type": "Point", "coordinates": [ 114.303, 27.83 ] } },
{ "type": "Feature", "properties": { "pt_id": "  9065", "trajectory_id": 9, "北京时间": "2026-05-06 14:00", "lon": 114.331, "lat": 27.826, "height": 19.0 }, "geometry": { "type": "Point", "coordinates": [ 114.331, 27.826 ] } },
{ "type": "Feature", "properties": { "pt_id": "  9066", "trajectory_id": 9, "北京时间": "2026-05-06 13:00", "lon": 114.355, "lat": 27.822, "height": 30.0 }, "geometry": { "type": "Point", "coordinates": [ 114.355, 27.822 ] } },
{ "type": "Feature", "properties": { "pt_id": "  9067", "trajectory_id": 9, "北京时间": "2026-05-06 12:00", "lon": 114.38, "lat": 27.819, "height": 39.0 }, "geometry": { "type": "Point", "coordinates": [ 114.38, 27.819 ] } },
{ "type": "Feature", "properties": { "pt_id": "  9068", "trajectory_id": 9, "北京时间": "2026-05-06 11:00", "lon": 114.408, "lat": 27.816, "height": 46.0 }, "geometry": { "type": "Point", "coordinates": [ 114.408, 27.816 ] } },
{ "type": "Feature", "properties": { "pt_id": "  9069", "trajectory_id": 9, "北京时间": "2026-05-06 10:00", "lon": 114.44, "lat": 27.815, "height": 52.0 }, "geometry": { "type": "Point", "coordinates": [ 114.44, 27.815 ] } },
{ "type": "Feature", "properties": { "pt_id": "  9070", "trajectory_id": 9, "北京时间": "2026-05-06 09:00", "lon": 114.475, "lat": 27.814, "height": 56.0 }, "geometry": { "type": "Point", "coordinates": [ 114.475, 27.814 ] } },
{ "type": "Feature", "properties": { "pt_id": "  9071", "trajectory_id": 9, "北京时间": "2026-05-06 08:00", "lon": 114.513, "lat": 27.812, "height": 59.0 }, "geometry": { "type": "Point", "coordinates": [ 114.513, 27.812 ] } },
{ "type": "Feature", "properties": { "pt_id": "  9072", "trajectory_id": 9, "北京时间": "2026-05-06 07:00", "lon": 114.553, "lat": 27.809, "height": 62.0 }, "geometry": { "type": "Point", "coordinates": [ 114.553, 27.809 ] } },
{ "type": "Feature", "properties": { "pt_id": "  9073", "trajectory_id": 9, "北京时间": "2026-05-06 06:00", "lon": 114.602, "lat": 27.806, "height": 61.0 }, "geometry": { "type": "Point", "coordinates": [ 114.602, 27.806 ] } },
{ "type": "Feature", "properties": { "pt_id": "  9074", "trajectory_id": 9, "北京时间": "2026-05-06 05:00", "lon": 114.667, "lat": 27.811, "height": 50.0 }, "geometry": { "type": "Point", "coordinates": [ 114.667, 27.811 ] } },
{ "type": "Feature", "properties": { "pt_id": "  9075", "trajectory_id": 9, "北京时间": "2026-05-06 04:00", "lon": 114.744, "lat": 27.83, "height": 35.0 }, "geometry": { "type": "Point", "coordinates": [ 114.744, 27.83 ] } },
{ "type": "Feature", "properties": { "pt_id": "  9076", "trajectory_id": 9, "北京时间": "2026-05-06 03:00", "lon": 114.827, "lat": 27.859, "height": 25.0 }, "geometry": { "type": "Point", "coordinates": [ 114.827, 27.859 ] } },
{ "type": "Feature", "properties": { "pt_id": "  9077", "trajectory_id": 9, "北京时间": "2026-05-06 02:00", "lon": 114.907, "lat": 27.889, "height": 18.0 }, "geometry": { "type": "Point", "coordinates": [ 114.907, 27.889 ] } },
{ "type": "Feature", "properties": { "pt_id": "  9078", "trajectory_id": 9, "北京时间": "2026-05-06 01:00", "lon": 114.978, "lat": 27.908, "height": 11.0 }, "geometry": { "type": "Point", "coordinates": [ 114.978, 27.908 ] } },
{ "type": "Feature", "properties": { "pt_id": "  9079", "trajectory_id": 9, "北京时间": "2026-05-06 00:00", "lon": 115.039, "lat": 27.926, "height": 3.0 }, "geometry": { "type": "Point", "coordinates": [ 115.039, 27.926 ] } },
{ "type": "Feature", "properties": { "pt_id": "  9080", "trajectory_id": 9, "北京时间": "2026-05-05 23:00", "lon": 115.092, "lat": 27.953, "height": 0.0 }, "geometry": { "type": "Point", "coordinates": [ 115.092, 27.953 ] } },
{ "type": "Feature", "properties": { "pt_id": " 10000", "trajectory_id": 10, "北京时间": "2026-05-07 23:00", "lon": 113.942, "lat": 30.907, "height": 10.0 }, "geometry": { "type": "Point", "coordinates": [ 113.942, 30.907 ] } },
{ "type": "Feature", "properties": { "pt_id": " 10037", "trajectory_id": 10, "北京时间": "2026-05-07 22:00", "lon": 113.934, "lat": 30.716, "height": 5.0 }, "geometry": { "type": "Point", "coordinates": [ 113.934, 30.716 ] } },
{ "type": "Feature", "properties": { "pt_id": " 10038", "trajectory_id": 10, "北京时间": "2026-05-07 21:00", "lon": 113.957, "lat": 30.547, "height": 4.0 }, "geometry": { "type": "Point", "coordinates": [ 113.957, 30.547 ] } },
{ "type": "Feature", "properties": { "pt_id": " 10039", "trajectory_id": 10, "北京时间": "2026-05-07 20:00", "lon": 114.019, "lat": 30.401, "height": 4.0 }, "geometry": { "type": "Point", "coordinates": [ 114.019, 30.401 ] } },
{ "type": "Feature", "properties": { "pt_id": " 10040", "trajectory_id": 10, "北京时间": "2026-05-07 19:00", "lon": 114.106, "lat": 30.276, "height": 4.0 }, "geometry": { "type": "Point", "coordinates": [ 114.106, 30.276 ] } },
{ "type": "Feature", "properties": { "pt_id": " 10041", "trajectory_id": 10, "北京时间": "2026-05-07 18:00", "lon": 114.195, "lat": 30.161, "height": 6.0 }, "geometry": { "type": "Point", "coordinates": [ 114.195, 30.161 ] } },
{ "type": "Feature", "properties": { "pt_id": " 10042", "trajectory_id": 10, "北京时间": "2026-05-07 17:00", "lon": 114.286, "lat": 30.044, "height": 18.0 }, "geometry": { "type": "Point", "coordinates": [ 114.286, 30.044 ] } },
{ "type": "Feature", "properties": { "pt_id": " 10043", "trajectory_id": 10, "北京时间": "2026-05-07 16:00", "lon": 114.38, "lat": 29.904, "height": 56.0 }, "geometry": { "type": "Point", "coordinates": [ 114.38, 29.904 ] } },
{ "type": "Feature", "properties": { "pt_id": " 10044", "trajectory_id": 10, "北京时间": "2026-05-07 15:00", "lon": 114.46, "lat": 29.737, "height": 186.0 }, "geometry": { "type": "Point", "coordinates": [ 114.46, 29.737 ] } },
{ "type": "Feature", "properties": { "pt_id": " 10045", "trajectory_id": 10, "北京时间": "2026-05-07 14:00", "lon": 114.522, "lat": 29.504, "height": 480.0 }, "geometry": { "type": "Point", "coordinates": [ 114.522, 29.504 ] } },
{ "type": "Feature", "properties": { "pt_id": " 10046", "trajectory_id": 10, "北京时间": "2026-05-07 13:00", "lon": 114.555, "lat": 29.228, "height": 675.0 }, "geometry": { "type": "Point", "coordinates": [ 114.555, 29.228 ] } },
{ "type": "Feature", "properties": { "pt_id": " 10047", "trajectory_id": 10, "北京时间": "2026-05-07 12:00", "lon": 114.595, "lat": 28.987, "height": 726.0 }, "geometry": { "type": "Point", "coordinates": [ 114.595, 28.987 ] } },
{ "type": "Feature", "properties": { "pt_id": " 10048", "trajectory_id": 10, "北京时间": "2026-05-07 11:00", "lon": 114.641, "lat": 28.765, "height": 885.0 }, "geometry": { "type": "Point", "coordinates": [ 114.641, 28.765 ] } },
{ "type": "Feature", "properties": { "pt_id": " 10049", "trajectory_id": 10, "北京时间": "2026-05-07 10:00", "lon": 114.672, "lat": 28.564, "height": 984.0 }, "geometry": { "type": "Point", "coordinates": [ 114.672, 28.564 ] } },
{ "type": "Feature", "properties": { "pt_id": " 10050", "trajectory_id": 10, "北京时间": "2026-05-07 09:00", "lon": 114.706, "lat": 28.392, "height": 837.0 }, "geometry": { "type": "Point", "coordinates": [ 114.706, 28.392 ] } },
{ "type": "Feature", "properties": { "pt_id": " 10051", "trajectory_id": 10, "北京时间": "2026-05-07 08:00", "lon": 114.764, "lat": 28.218, "height": 705.0 }, "geometry": { "type": "Point", "coordinates": [ 114.764, 28.218 ] } },
{ "type": "Feature", "properties": { "pt_id": " 10052", "trajectory_id": 10, "北京时间": "2026-05-07 07:00", "lon": 114.83, "lat": 28.055, "height": 684.0 }, "geometry": { "type": "Point", "coordinates": [ 114.83, 28.055 ] } },
{ "type": "Feature", "properties": { "pt_id": " 10053", "trajectory_id": 10, "北京时间": "2026-05-07 06:00", "lon": 114.883, "lat": 27.932, "height": 739.0 }, "geometry": { "type": "Point", "coordinates": [ 114.883, 27.932 ] } },
{ "type": "Feature", "properties": { "pt_id": " 10054", "trajectory_id": 10, "北京时间": "2026-05-07 05:00", "lon": 114.917, "lat": 27.837, "height": 764.0 }, "geometry": { "type": "Point", "coordinates": [ 114.917, 27.837 ] } },
{ "type": "Feature", "properties": { "pt_id": " 10055", "trajectory_id": 10, "北京时间": "2026-05-07 04:00", "lon": 114.942, "lat": 27.75, "height": 722.0 }, "geometry": { "type": "Point", "coordinates": [ 114.942, 27.75 ] } },
{ "type": "Feature", "properties": { "pt_id": " 10056", "trajectory_id": 10, "北京时间": "2026-05-07 03:00", "lon": 114.95, "lat": 27.666, "height": 724.0 }, "geometry": { "type": "Point", "coordinates": [ 114.95, 27.666 ] } },
{ "type": "Feature", "properties": { "pt_id": " 10057", "trajectory_id": 10, "北京时间": "2026-05-07 02:00", "lon": 114.933, "lat": 27.593, "height": 779.0 }, "geometry": { "type": "Point", "coordinates": [ 114.933, 27.593 ] } },
{ "type": "Feature", "properties": { "pt_id": " 10058", "trajectory_id": 10, "北京时间": "2026-05-07 01:00", "lon": 114.907, "lat": 27.519, "height": 837.0 }, "geometry": { "type": "Point", "coordinates": [ 114.907, 27.519 ] } },
{ "type": "Feature", "properties": { "pt_id": " 10059", "trajectory_id": 10, "北京时间": "2026-05-07 00:00", "lon": 114.883, "lat": 27.434, "height": 903.0 }, "geometry": { "type": "Point", "coordinates": [ 114.883, 27.434 ] } },
{ "type": "Feature", "properties": { "pt_id": " 10060", "trajectory_id": 10, "北京时间": "2026-05-06 23:00", "lon": 114.862, "lat": 27.338, "height": 978.0 }, "geometry": { "type": "Point", "coordinates": [ 114.862, 27.338 ] } },
{ "type": "Feature", "properties": { "pt_id": " 10061", "trajectory_id": 10, "北京时间": "2026-05-06 22:00", "lon": 114.848, "lat": 27.238, "height": 1055.0 }, "geometry": { "type": "Point", "coordinates": [ 114.848, 27.238 ] } },
{ "type": "Feature", "properties": { "pt_id": " 10062", "trajectory_id": 10, "北京时间": "2026-05-06 21:00", "lon": 114.844, "lat": 27.139, "height": 1099.0 }, "geometry": { "type": "Point", "coordinates": [ 114.844, 27.139 ] } },
{ "type": "Feature", "properties": { "pt_id": " 10063", "trajectory_id": 10, "北京时间": "2026-05-06 20:00", "lon": 114.844, "lat": 27.036, "height": 1102.0 }, "geometry": { "type": "Point", "coordinates": [ 114.844, 27.036 ] } },
{ "type": "Feature", "properties": { "pt_id": " 10064", "trajectory_id": 10, "北京时间": "2026-05-06 19:00", "lon": 114.85, "lat": 26.931, "height": 1094.0 }, "geometry": { "type": "Point", "coordinates": [ 114.85, 26.931 ] } },
{ "type": "Feature", "properties": { "pt_id": " 10065", "trajectory_id": 10, "北京时间": "2026-05-06 18:00", "lon": 114.869, "lat": 26.825, "height": 1096.0 }, "geometry": { "type": "Point", "coordinates": [ 114.869, 26.825 ] } },
{ "type": "Feature", "properties": { "pt_id": " 10066", "trajectory_id": 10, "北京时间": "2026-05-06 17:00", "lon": 114.89, "lat": 26.719, "height": 1114.0 }, "geometry": { "type": "Point", "coordinates": [ 114.89, 26.719 ] } },
{ "type": "Feature", "properties": { "pt_id": " 10067", "trajectory_id": 10, "北京时间": "2026-05-06 16:00", "lon": 114.91, "lat": 26.617, "height": 1135.0 }, "geometry": { "type": "Point", "coordinates": [ 114.91, 26.617 ] } },
{ "type": "Feature", "properties": { "pt_id": " 10068", "trajectory_id": 10, "北京时间": "2026-05-06 15:00", "lon": 114.935, "lat": 26.523, "height": 1166.0 }, "geometry": { "type": "Point", "coordinates": [ 114.935, 26.523 ] } },
{ "type": "Feature", "properties": { "pt_id": " 10069", "trajectory_id": 10, "北京时间": "2026-05-06 14:00", "lon": 114.967, "lat": 26.44, "height": 1233.0 }, "geometry": { "type": "Point", "coordinates": [ 114.967, 26.44 ] } },
{ "type": "Feature", "properties": { "pt_id": " 10070", "trajectory_id": 10, "北京时间": "2026-05-06 13:00", "lon": 115.008, "lat": 26.369, "height": 1323.0 }, "geometry": { "type": "Point", "coordinates": [ 115.008, 26.369 ] } },
{ "type": "Feature", "properties": { "pt_id": " 10071", "trajectory_id": 10, "北京时间": "2026-05-06 12:00", "lon": 115.074, "lat": 26.303, "height": 1404.0 }, "geometry": { "type": "Point", "coordinates": [ 115.074, 26.303 ] } },
{ "type": "Feature", "properties": { "pt_id": " 10072", "trajectory_id": 10, "北京时间": "2026-05-06 11:00", "lon": 115.177, "lat": 26.243, "height": 1467.0 }, "geometry": { "type": "Point", "coordinates": [ 115.177, 26.243 ] } },
{ "type": "Feature", "properties": { "pt_id": " 10073", "trajectory_id": 10, "北京时间": "2026-05-06 10:00", "lon": 115.294, "lat": 26.188, "height": 1499.0 }, "geometry": { "type": "Point", "coordinates": [ 115.294, 26.188 ] } },
{ "type": "Feature", "properties": { "pt_id": " 10074", "trajectory_id": 10, "北京时间": "2026-05-06 09:00", "lon": 115.402, "lat": 26.139, "height": 1490.0 }, "geometry": { "type": "Point", "coordinates": [ 115.402, 26.139 ] } },
{ "type": "Feature", "properties": { "pt_id": " 10075", "trajectory_id": 10, "北京时间": "2026-05-06 08:00", "lon": 115.518, "lat": 26.103, "height": 1443.0 }, "geometry": { "type": "Point", "coordinates": [ 115.518, 26.103 ] } },
{ "type": "Feature", "properties": { "pt_id": " 10076", "trajectory_id": 10, "北京时间": "2026-05-06 07:00", "lon": 115.638, "lat": 26.079, "height": 1402.0 }, "geometry": { "type": "Point", "coordinates": [ 115.638, 26.079 ] } },
{ "type": "Feature", "properties": { "pt_id": " 10077", "trajectory_id": 10, "北京时间": "2026-05-06 06:00", "lon": 115.753, "lat": 26.072, "height": 1416.0 }, "geometry": { "type": "Point", "coordinates": [ 115.753, 26.072 ] } },
{ "type": "Feature", "properties": { "pt_id": " 10078", "trajectory_id": 10, "北京时间": "2026-05-06 05:00", "lon": 115.863, "lat": 26.083, "height": 1494.0 }, "geometry": { "type": "Point", "coordinates": [ 115.863, 26.083 ] } },
{ "type": "Feature", "properties": { "pt_id": " 10079", "trajectory_id": 10, "北京时间": "2026-05-06 04:00", "lon": 115.971, "lat": 26.095, "height": 1576.0 }, "geometry": { "type": "Point", "coordinates": [ 115.971, 26.095 ] } },
{ "type": "Feature", "properties": { "pt_id": " 10080", "trajectory_id": 10, "北京时间": "2026-05-06 03:00", "lon": 116.088, "lat": 26.098, "height": 1587.0 }, "geometry": { "type": "Point", "coordinates": [ 116.088, 26.098 ] } },
{ "type": "Feature", "properties": { "pt_id": " 10081", "trajectory_id": 10, "北京时间": "2026-05-06 02:00", "lon": 116.222, "lat": 26.097, "height": 1531.0 }, "geometry": { "type": "Point", "coordinates": [ 116.222, 26.097 ] } },
{ "type": "Feature", "properties": { "pt_id": " 10082", "trajectory_id": 10, "北京时间": "2026-05-06 01:00", "lon": 116.365, "lat": 26.106, "height": 1480.0 }, "geometry": { "type": "Point", "coordinates": [ 116.365, 26.106 ] } },
{ "type": "Feature", "properties": { "pt_id": " 10083", "trajectory_id": 10, "北京时间": "2026-05-06 00:00", "lon": 116.505, "lat": 26.142, "height": 1496.0 }, "geometry": { "type": "Point", "coordinates": [ 116.505, 26.142 ] } },
{ "type": "Feature", "properties": { "pt_id": " 10084", "trajectory_id": 10, "北京时间": "2026-05-05 23:00", "lon": 116.65, "lat": 26.201, "height": 1555.0 }, "geometry": { "type": "Point", "coordinates": [ 116.65, 26.201 ] } },
{ "type": "Feature", "properties": { "pt_id": " 11000", "trajectory_id": 11, "北京时间": "2026-05-07 23:00", "lon": 113.942, "lat": 30.907, "height": 10.0 }, "geometry": { "type": "Point", "coordinates": [ 113.942, 30.907 ] } },
{ "type": "Feature", "properties": { "pt_id": " 11041", "trajectory_id": 11, "北京时间": "2026-05-07 22:00", "lon": 114.038, "lat": 30.775, "height": 5.0 }, "geometry": { "type": "Point", "coordinates": [ 114.038, 30.775 ] } },
{ "type": "Feature", "properties": { "pt_id": " 11042", "trajectory_id": 11, "北京时间": "2026-05-07 21:00", "lon": 114.125, "lat": 30.647, "height": 1.0 }, "geometry": { "type": "Point", "coordinates": [ 114.125, 30.647 ] } },
{ "type": "Feature", "properties": { "pt_id": " 11043", "trajectory_id": 11, "北京时间": "2026-05-07 20:00", "lon": 114.202, "lat": 30.532, "height": 0.0 }, "geometry": { "type": "Point", "coordinates": [ 114.202, 30.532 ] } },
{ "type": "Feature", "properties": { "pt_id": " 11044", "trajectory_id": 11, "北京时间": "2026-05-07 19:00", "lon": 114.264, "lat": 30.417, "height": 0.0 }, "geometry": { "type": "Point", "coordinates": [ 114.264, 30.417 ] } },
{ "type": "Feature", "properties": { "pt_id": " 11045", "trajectory_id": 11, "北京时间": "2026-05-07 18:00", "lon": 114.326, "lat": 30.299, "height": 0.0 }, "geometry": { "type": "Point", "coordinates": [ 114.326, 30.299 ] } },
{ "type": "Feature", "properties": { "pt_id": " 11046", "trajectory_id": 11, "北京时间": "2026-05-07 17:00", "lon": 114.384, "lat": 30.186, "height": 3.0 }, "geometry": { "type": "Point", "coordinates": [ 114.384, 30.186 ] } },
{ "type": "Feature", "properties": { "pt_id": " 11047", "trajectory_id": 11, "北京时间": "2026-05-07 16:00", "lon": 114.436, "lat": 30.073, "height": 24.0 }, "geometry": { "type": "Point", "coordinates": [ 114.436, 30.073 ] } },
{ "type": "Feature", "properties": { "pt_id": " 11048", "trajectory_id": 11, "北京时间": "2026-05-07 15:00", "lon": 114.491, "lat": 29.926, "height": 79.0 }, "geometry": { "type": "Point", "coordinates": [ 114.491, 29.926 ] } },
{ "type": "Feature", "properties": { "pt_id": " 11049", "trajectory_id": 11, "北京时间": "2026-05-07 14:00", "lon": 114.525, "lat": 29.761, "height": 158.0 }, "geometry": { "type": "Point", "coordinates": [ 114.525, 29.761 ] } },
{ "type": "Feature", "properties": { "pt_id": " 11050", "trajectory_id": 11, "北京时间": "2026-05-07 13:00", "lon": 114.544, "lat": 29.548, "height": 350.0 }, "geometry": { "type": "Point", "coordinates": [ 114.544, 29.548 ] } },
{ "type": "Feature", "properties": { "pt_id": " 11051", "trajectory_id": 11, "北京时间": "2026-05-07 12:00", "lon": 114.56, "lat": 29.304, "height": 525.0 }, "geometry": { "type": "Point", "coordinates": [ 114.56, 29.304 ] } },
{ "type": "Feature", "properties": { "pt_id": " 11052", "trajectory_id": 11, "北京时间": "2026-05-07 11:00", "lon": 114.585, "lat": 29.092, "height": 457.0 }, "geometry": { "type": "Point", "coordinates": [ 114.585, 29.092 ] } },
{ "type": "Feature", "properties": { "pt_id": " 11053", "trajectory_id": 11, "北京时间": "2026-05-07 10:00", "lon": 114.616, "lat": 28.923, "height": 608.0 }, "geometry": { "type": "Point", "coordinates": [ 114.616, 28.923 ] } },
{ "type": "Feature", "properties": { "pt_id": " 11054", "trajectory_id": 11, "北京时间": "2026-05-07 09:00", "lon": 114.629, "lat": 28.787, "height": 839.0 }, "geometry": { "type": "Point", "coordinates": [ 114.629, 28.787 ] } },
{ "type": "Feature", "properties": { "pt_id": " 11055", "trajectory_id": 11, "北京时间": "2026-05-07 08:00", "lon": 114.621, "lat": 28.681, "height": 1075.0 }, "geometry": { "type": "Point", "coordinates": [ 114.621, 28.681 ] } },
{ "type": "Feature", "properties": { "pt_id": " 11056", "trajectory_id": 11, "北京时间": "2026-05-07 07:00", "lon": 114.593, "lat": 28.594, "height": 1257.0 }, "geometry": { "type": "Point", "coordinates": [ 114.593, 28.594 ] } },
{ "type": "Feature", "properties": { "pt_id": " 11057", "trajectory_id": 11, "北京时间": "2026-05-07 06:00", "lon": 114.551, "lat": 28.527, "height": 1421.0 }, "geometry": { "type": "Point", "coordinates": [ 114.551, 28.527 ] } },
{ "type": "Feature", "properties": { "pt_id": " 11058", "trajectory_id": 11, "北京时间": "2026-05-07 05:00", "lon": 114.496, "lat": 28.473, "height": 1562.0 }, "geometry": { "type": "Point", "coordinates": [ 114.496, 28.473 ] } },
{ "type": "Feature", "properties": { "pt_id": " 11059", "trajectory_id": 11, "北京时间": "2026-05-07 04:00", "lon": 114.429, "lat": 28.424, "height": 1660.0 }, "geometry": { "type": "Point", "coordinates": [ 114.429, 28.424 ] } },
{ "type": "Feature", "properties": { "pt_id": " 11060", "trajectory_id": 11, "北京时间": "2026-05-07 03:00", "lon": 114.353, "lat": 28.384, "height": 1723.0 }, "geometry": { "type": "Point", "coordinates": [ 114.353, 28.384 ] } },
{ "type": "Feature", "properties": { "pt_id": " 11061", "trajectory_id": 11, "北京时间": "2026-05-07 02:00", "lon": 114.272, "lat": 28.351, "height": 1761.0 }, "geometry": { "type": "Point", "coordinates": [ 114.272, 28.351 ] } },
{ "type": "Feature", "properties": { "pt_id": " 11062", "trajectory_id": 11, "北京时间": "2026-05-07 01:00", "lon": 114.186, "lat": 28.315, "height": 1776.0 }, "geometry": { "type": "Point", "coordinates": [ 114.186, 28.315 ] } },
{ "type": "Feature", "properties": { "pt_id": " 11063", "trajectory_id": 11, "北京时间": "2026-05-07 00:00", "lon": 114.094, "lat": 28.271, "height": 1771.0 }, "geometry": { "type": "Point", "coordinates": [ 114.094, 28.271 ] } },
{ "type": "Feature", "properties": { "pt_id": " 11064", "trajectory_id": 11, "北京时间": "2026-05-06 23:00", "lon": 113.99, "lat": 28.209, "height": 1739.0 }, "geometry": { "type": "Point", "coordinates": [ 113.99, 28.209 ] } },
{ "type": "Feature", "properties": { "pt_id": " 11065", "trajectory_id": 11, "北京时间": "2026-05-06 22:00", "lon": 113.879, "lat": 28.13, "height": 1694.0 }, "geometry": { "type": "Point", "coordinates": [ 113.879, 28.13 ] } },
{ "type": "Feature", "properties": { "pt_id": " 11066", "trajectory_id": 11, "北京时间": "2026-05-06 21:00", "lon": 113.765, "lat": 28.022, "height": 1650.0 }, "geometry": { "type": "Point", "coordinates": [ 113.765, 28.022 ] } },
{ "type": "Feature", "properties": { "pt_id": " 11067", "trajectory_id": 11, "北京时间": "2026-05-06 20:00", "lon": 113.659, "lat": 27.893, "height": 1637.0 }, "geometry": { "type": "Point", "coordinates": [ 113.659, 27.893 ] } },
{ "type": "Feature", "properties": { "pt_id": " 11068", "trajectory_id": 11, "北京时间": "2026-05-06 19:00", "lon": 113.563, "lat": 27.761, "height": 1675.0 }, "geometry": { "type": "Point", "coordinates": [ 113.563, 27.761 ] } },
{ "type": "Feature", "properties": { "pt_id": " 11069", "trajectory_id": 11, "北京时间": "2026-05-06 18:00", "lon": 113.486, "lat": 27.62, "height": 1736.0 }, "geometry": { "type": "Point", "coordinates": [ 113.486, 27.62 ] } },
{ "type": "Feature", "properties": { "pt_id": " 11070", "trajectory_id": 11, "北京时间": "2026-05-06 17:00", "lon": 113.426, "lat": 27.482, "height": 1808.0 }, "geometry": { "type": "Point", "coordinates": [ 113.426, 27.482 ] } },
{ "type": "Feature", "properties": { "pt_id": " 11071", "trajectory_id": 11, "北京时间": "2026-05-06 16:00", "lon": 113.384, "lat": 27.357, "height": 1862.0 }, "geometry": { "type": "Point", "coordinates": [ 113.384, 27.357 ] } },
{ "type": "Feature", "properties": { "pt_id": " 11072", "trajectory_id": 11, "北京时间": "2026-05-06 15:00", "lon": 113.378, "lat": 27.242, "height": 1882.0 }, "geometry": { "type": "Point", "coordinates": [ 113.378, 27.242 ] } },
{ "type": "Feature", "properties": { "pt_id": " 11073", "trajectory_id": 11, "北京时间": "2026-05-06 14:00", "lon": 113.41, "lat": 27.14, "height": 1873.0 }, "geometry": { "type": "Point", "coordinates": [ 113.41, 27.14 ] } },
{ "type": "Feature", "properties": { "pt_id": " 11074", "trajectory_id": 11, "北京时间": "2026-05-06 13:00", "lon": 113.467, "lat": 27.054, "height": 1860.0 }, "geometry": { "type": "Point", "coordinates": [ 113.467, 27.054 ] } },
{ "type": "Feature", "properties": { "pt_id": " 11075", "trajectory_id": 11, "北京时间": "2026-05-06 12:00", "lon": 113.552, "lat": 26.997, "height": 1850.0 }, "geometry": { "type": "Point", "coordinates": [ 113.552, 26.997 ] } },
{ "type": "Feature", "properties": { "pt_id": " 11076", "trajectory_id": 11, "北京时间": "2026-05-06 11:00", "lon": 113.636, "lat": 26.967, "height": 1845.0 }, "geometry": { "type": "Point", "coordinates": [ 113.636, 26.967 ] } },
{ "type": "Feature", "properties": { "pt_id": " 11077", "trajectory_id": 11, "北京时间": "2026-05-06 10:00", "lon": 113.696, "lat": 26.96, "height": 1840.0 }, "geometry": { "type": "Point", "coordinates": [ 113.696, 26.96 ] } },
{ "type": "Feature", "properties": { "pt_id": " 11078", "trajectory_id": 11, "北京时间": "2026-05-06 09:00", "lon": 113.734, "lat": 26.981, "height": 1836.0 }, "geometry": { "type": "Point", "coordinates": [ 113.734, 26.981 ] } },
{ "type": "Feature", "properties": { "pt_id": " 11079", "trajectory_id": 11, "北京时间": "2026-05-06 08:00", "lon": 113.752, "lat": 27.011, "height": 1816.0 }, "geometry": { "type": "Point", "coordinates": [ 113.752, 27.011 ] } },
{ "type": "Feature", "properties": { "pt_id": " 11080", "trajectory_id": 11, "北京时间": "2026-05-06 07:00", "lon": 113.755, "lat": 27.027, "height": 1755.0 }, "geometry": { "type": "Point", "coordinates": [ 113.755, 27.027 ] } },
{ "type": "Feature", "properties": { "pt_id": " 11081", "trajectory_id": 11, "北京时间": "2026-05-06 06:00", "lon": 113.743, "lat": 27.024, "height": 1631.0 }, "geometry": { "type": "Point", "coordinates": [ 113.743, 27.024 ] } },
{ "type": "Feature", "properties": { "pt_id": " 11082", "trajectory_id": 11, "北京时间": "2026-05-06 05:00", "lon": 113.742, "lat": 27.01, "height": 1453.0 }, "geometry": { "type": "Point", "coordinates": [ 113.742, 27.01 ] } },
{ "type": "Feature", "properties": { "pt_id": " 11083", "trajectory_id": 11, "北京时间": "2026-05-06 04:00", "lon": 113.772, "lat": 26.999, "height": 1288.0 }, "geometry": { "type": "Point", "coordinates": [ 113.772, 26.999 ] } },
{ "type": "Feature", "properties": { "pt_id": " 11084", "trajectory_id": 11, "北京时间": "2026-05-06 03:00", "lon": 113.834, "lat": 26.997, "height": 1209.0 }, "geometry": { "type": "Point", "coordinates": [ 113.834, 26.997 ] } },
{ "type": "Feature", "properties": { "pt_id": " 11085", "trajectory_id": 11, "北京时间": "2026-05-06 02:00", "lon": 113.921, "lat": 27.0, "height": 1192.0 }, "geometry": { "type": "Point", "coordinates": [ 113.921, 27.0 ] } },
{ "type": "Feature", "properties": { "pt_id": " 11086", "trajectory_id": 11, "北京时间": "2026-05-06 01:00", "lon": 114.02, "lat": 27.009, "height": 1200.0 }, "geometry": { "type": "Point", "coordinates": [ 114.02, 27.009 ] } },
{ "type": "Feature", "properties": { "pt_id": " 11087", "trajectory_id": 11, "北京时间": "2026-05-06 00:00", "lon": 114.118, "lat": 27.028, "height": 1253.0 }, "geometry": { "type": "Point", "coordinates": [ 114.118, 27.028 ] } },
{ "type": "Feature", "properties": { "pt_id": " 11088", "trajectory_id": 11, "北京时间": "2026-05-05 23:00", "lon": 114.184, "lat": 27.06, "height": 1324.0 }, "geometry": { "type": "Point", "coordinates": [ 114.184, 27.06 ] } },
{ "type": "Feature", "properties": { "pt_id": " 12000", "trajectory_id": 12, "北京时间": "2026-05-07 23:00", "lon": 113.942, "lat": 30.907, "height": 10.0 }, "geometry": { "type": "Point", "coordinates": [ 113.942, 30.907 ] } },
{ "type": "Feature", "properties": { "pt_id": " 12045", "trajectory_id": 12, "北京时间": "2026-05-07 22:00", "lon": 114.025, "lat": 30.786, "height": 7.0 }, "geometry": { "type": "Point", "coordinates": [ 114.025, 30.786 ] } },
{ "type": "Feature", "properties": { "pt_id": " 12046", "trajectory_id": 12, "北京时间": "2026-05-07 21:00", "lon": 114.092, "lat": 30.665, "height": 6.0 }, "geometry": { "type": "Point", "coordinates": [ 114.092, 30.665 ] } },
{ "type": "Feature", "properties": { "pt_id": " 12047", "trajectory_id": 12, "北京时间": "2026-05-07 20:00", "lon": 114.147, "lat": 30.555, "height": 7.0 }, "geometry": { "type": "Point", "coordinates": [ 114.147, 30.555 ] } },
{ "type": "Feature", "properties": { "pt_id": " 12048", "trajectory_id": 12, "北京时间": "2026-05-07 19:00", "lon": 114.191, "lat": 30.46, "height": 10.0 }, "geometry": { "type": "Point", "coordinates": [ 114.191, 30.46 ] } },
{ "type": "Feature", "properties": { "pt_id": " 12049", "trajectory_id": 12, "北京时间": "2026-05-07 18:00", "lon": 114.23, "lat": 30.371, "height": 13.0 }, "geometry": { "type": "Point", "coordinates": [ 114.23, 30.371 ] } },
{ "type": "Feature", "properties": { "pt_id": " 12050", "trajectory_id": 12, "北京时间": "2026-05-07 17:00", "lon": 114.263, "lat": 30.283, "height": 11.0 }, "geometry": { "type": "Point", "coordinates": [ 114.263, 30.283 ] } },
{ "type": "Feature", "properties": { "pt_id": " 12051", "trajectory_id": 12, "北京时间": "2026-05-07 16:00", "lon": 114.282, "lat": 30.201, "height": 6.0 }, "geometry": { "type": "Point", "coordinates": [ 114.282, 30.201 ] } },
{ "type": "Feature", "properties": { "pt_id": " 12052", "trajectory_id": 12, "北京时间": "2026-05-07 15:00", "lon": 114.287, "lat": 30.122, "height": 3.0 }, "geometry": { "type": "Point", "coordinates": [ 114.287, 30.122 ] } },
{ "type": "Feature", "properties": { "pt_id": " 12053", "trajectory_id": 12, "北京时间": "2026-05-07 14:00", "lon": 114.273, "lat": 30.044, "height": 5.0 }, "geometry": { "type": "Point", "coordinates": [ 114.273, 30.044 ] } },
{ "type": "Feature", "properties": { "pt_id": " 12054", "trajectory_id": 12, "北京时间": "2026-05-07 13:00", "lon": 114.24, "lat": 29.972, "height": 10.0 }, "geometry": { "type": "Point", "coordinates": [ 114.24, 29.972 ] } },
{ "type": "Feature", "properties": { "pt_id": " 12055", "trajectory_id": 12, "北京时间": "2026-05-07 12:00", "lon": 114.199, "lat": 29.897, "height": 28.0 }, "geometry": { "type": "Point", "coordinates": [ 114.199, 29.897 ] } },
{ "type": "Feature", "properties": { "pt_id": " 12056", "trajectory_id": 12, "北京时间": "2026-05-07 11:00", "lon": 114.153, "lat": 29.804, "height": 65.0 }, "geometry": { "type": "Point", "coordinates": [ 114.153, 29.804 ] } },
{ "type": "Feature", "properties": { "pt_id": " 12057", "trajectory_id": 12, "北京时间": "2026-05-07 10:00", "lon": 114.1, "lat": 29.69, "height": 124.0 }, "geometry": { "type": "Point", "coordinates": [ 114.1, 29.69 ] } },
{ "type": "Feature", "properties": { "pt_id": " 12058", "trajectory_id": 12, "北京时间": "2026-05-07 09:00", "lon": 114.05, "lat": 29.562, "height": 179.0 }, "geometry": { "type": "Point", "coordinates": [ 114.05, 29.562 ] } },
{ "type": "Feature", "properties": { "pt_id": " 12059", "trajectory_id": 12, "北京时间": "2026-05-07 08:00", "lon": 114.011, "lat": 29.428, "height": 242.0 }, "geometry": { "type": "Point", "coordinates": [ 114.011, 29.428 ] } },
{ "type": "Feature", "properties": { "pt_id": " 12060", "trajectory_id": 12, "北京时间": "2026-05-07 07:00", "lon": 114.001, "lat": 29.3, "height": 344.0 }, "geometry": { "type": "Point", "coordinates": [ 114.001, 29.3 ] } },
{ "type": "Feature", "properties": { "pt_id": " 12061", "trajectory_id": 12, "北京时间": "2026-05-07 06:00", "lon": 114.013, "lat": 29.192, "height": 476.0 }, "geometry": { "type": "Point", "coordinates": [ 114.013, 29.192 ] } },
{ "type": "Feature", "properties": { "pt_id": " 12062", "trajectory_id": 12, "北京时间": "2026-05-07 05:00", "lon": 114.017, "lat": 29.09, "height": 576.0 }, "geometry": { "type": "Point", "coordinates": [ 114.017, 29.09 ] } },
{ "type": "Feature", "properties": { "pt_id": " 12063", "trajectory_id": 12, "北京时间": "2026-05-07 04:00", "lon": 114.006, "lat": 28.984, "height": 643.0 }, "geometry": { "type": "Point", "coordinates": [ 114.006, 28.984 ] } },
{ "type": "Feature", "properties": { "pt_id": " 12064", "trajectory_id": 12, "北京时间": "2026-05-07 03:00", "lon": 113.98, "lat": 28.866, "height": 683.0 }, "geometry": { "type": "Point", "coordinates": [ 113.98, 28.866 ] } },
{ "type": "Feature", "properties": { "pt_id": " 12065", "trajectory_id": 12, "北京时间": "2026-05-07 02:00", "lon": 113.948, "lat": 28.735, "height": 682.0 }, "geometry": { "type": "Point", "coordinates": [ 113.948, 28.735 ] } },
{ "type": "Feature", "properties": { "pt_id": " 12066", "trajectory_id": 12, "北京时间": "2026-05-07 01:00", "lon": 113.911, "lat": 28.605, "height": 694.0 }, "geometry": { "type": "Point", "coordinates": [ 113.911, 28.605 ] } },
{ "type": "Feature", "properties": { "pt_id": " 12067", "trajectory_id": 12, "北京时间": "2026-05-07 00:00", "lon": 113.868, "lat": 28.472, "height": 764.0 }, "geometry": { "type": "Point", "coordinates": [ 113.868, 28.472 ] } },
{ "type": "Feature", "properties": { "pt_id": " 12068", "trajectory_id": 12, "北京时间": "2026-05-06 23:00", "lon": 113.824, "lat": 28.322, "height": 839.0 }, "geometry": { "type": "Point", "coordinates": [ 113.824, 28.322 ] } },
{ "type": "Feature", "properties": { "pt_id": " 12069", "trajectory_id": 12, "北京时间": "2026-05-06 22:00", "lon": 113.787, "lat": 28.158, "height": 880.0 }, "geometry": { "type": "Point", "coordinates": [ 113.787, 28.158 ] } },
{ "type": "Feature", "properties": { "pt_id": " 12070", "trajectory_id": 12, "北京时间": "2026-05-06 21:00", "lon": 113.771, "lat": 27.995, "height": 945.0 }, "geometry": { "type": "Point", "coordinates": [ 113.771, 27.995 ] } },
{ "type": "Feature", "properties": { "pt_id": " 12071", "trajectory_id": 12, "北京时间": "2026-05-06 20:00", "lon": 113.775, "lat": 27.84, "height": 1026.0 }, "geometry": { "type": "Point", "coordinates": [ 113.775, 27.84 ] } },
{ "type": "Feature", "properties": { "pt_id": " 12072", "trajectory_id": 12, "北京时间": "2026-05-06 19:00", "lon": 113.781, "lat": 27.694, "height": 1097.0 }, "geometry": { "type": "Point", "coordinates": [ 113.781, 27.694 ] } },
{ "type": "Feature", "properties": { "pt_id": " 12073", "trajectory_id": 12, "北京时间": "2026-05-06 18:00", "lon": 113.796, "lat": 27.57, "height": 1161.0 }, "geometry": { "type": "Point", "coordinates": [ 113.796, 27.57 ] } },
{ "type": "Feature", "properties": { "pt_id": " 12074", "trajectory_id": 12, "北京时间": "2026-05-06 17:00", "lon": 113.838, "lat": 27.474, "height": 1203.0 }, "geometry": { "type": "Point", "coordinates": [ 113.838, 27.474 ] } },
{ "type": "Feature", "properties": { "pt_id": " 12075", "trajectory_id": 12, "北京时间": "2026-05-06 16:00", "lon": 113.892, "lat": 27.396, "height": 1203.0 }, "geometry": { "type": "Point", "coordinates": [ 113.892, 27.396 ] } },
{ "type": "Feature", "properties": { "pt_id": " 12076", "trajectory_id": 12, "北京时间": "2026-05-06 15:00", "lon": 113.946, "lat": 27.334, "height": 1042.0 }, "geometry": { "type": "Point", "coordinates": [ 113.946, 27.334 ] } },
{ "type": "Feature", "properties": { "pt_id": " 12077", "trajectory_id": 12, "北京时间": "2026-05-06 14:00", "lon": 113.992, "lat": 27.278, "height": 654.0 }, "geometry": { "type": "Point", "coordinates": [ 113.992, 27.278 ] } },
{ "type": "Feature", "properties": { "pt_id": " 12078", "trajectory_id": 12, "北京时间": "2026-05-06 13:00", "lon": 114.035, "lat": 27.195, "height": 298.0 }, "geometry": { "type": "Point", "coordinates": [ 114.035, 27.195 ] } },
{ "type": "Feature", "properties": { "pt_id": " 12079", "trajectory_id": 12, "北京时间": "2026-05-06 12:00", "lon": 114.079, "lat": 27.115, "height": 137.0 }, "geometry": { "type": "Point", "coordinates": [ 114.079, 27.115 ] } },
{ "type": "Feature", "properties": { "pt_id": " 12080", "trajectory_id": 12, "北京时间": "2026-05-06 11:00", "lon": 114.129, "lat": 27.053, "height": 96.0 }, "geometry": { "type": "Point", "coordinates": [ 114.129, 27.053 ] } },
{ "type": "Feature", "properties": { "pt_id": " 12081", "trajectory_id": 12, "北京时间": "2026-05-06 10:00", "lon": 114.182, "lat": 27.03, "height": 85.0 }, "geometry": { "type": "Point", "coordinates": [ 114.182, 27.03 ] } },
{ "type": "Feature", "properties": { "pt_id": " 12082", "trajectory_id": 12, "北京时间": "2026-05-06 09:00", "lon": 114.236, "lat": 27.035, "height": 69.0 }, "geometry": { "type": "Point", "coordinates": [ 114.236, 27.035 ] } },
{ "type": "Feature", "properties": { "pt_id": " 12083", "trajectory_id": 12, "北京时间": "2026-05-06 08:00", "lon": 114.293, "lat": 27.055, "height": 47.0 }, "geometry": { "type": "Point", "coordinates": [ 114.293, 27.055 ] } },
{ "type": "Feature", "properties": { "pt_id": " 12084", "trajectory_id": 12, "北京时间": "2026-05-06 07:00", "lon": 114.352, "lat": 27.088, "height": 14.0 }, "geometry": { "type": "Point", "coordinates": [ 114.352, 27.088 ] } },
{ "type": "Feature", "properties": { "pt_id": " 12085", "trajectory_id": 12, "北京时间": "2026-05-06 06:00", "lon": 114.402, "lat": 27.122, "height": 0.0 }, "geometry": { "type": "Point", "coordinates": [ 114.402, 27.122 ] } },
{ "type": "Feature", "properties": { "pt_id": " 12086", "trajectory_id": 12, "北京时间": "2026-05-06 05:00", "lon": 114.438, "lat": 27.151, "height": 0.0 }, "geometry": { "type": "Point", "coordinates": [ 114.438, 27.151 ] } },
{ "type": "Feature", "properties": { "pt_id": " 12087", "trajectory_id": 12, "北京时间": "2026-05-06 04:00", "lon": 114.457, "lat": 27.177, "height": 0.0 }, "geometry": { "type": "Point", "coordinates": [ 114.457, 27.177 ] } },
{ "type": "Feature", "properties": { "pt_id": " 12088", "trajectory_id": 12, "北京时间": "2026-05-06 03:00", "lon": 114.467, "lat": 27.201, "height": 0.0 }, "geometry": { "type": "Point", "coordinates": [ 114.467, 27.201 ] } },
{ "type": "Feature", "properties": { "pt_id": " 12089", "trajectory_id": 12, "北京时间": "2026-05-06 02:00", "lon": 114.478, "lat": 27.224, "height": 0.0 }, "geometry": { "type": "Point", "coordinates": [ 114.478, 27.224 ] } },
{ "type": "Feature", "properties": { "pt_id": " 12090", "trajectory_id": 12, "北京时间": "2026-05-06 01:00", "lon": 114.488, "lat": 27.246, "height": 0.0 }, "geometry": { "type": "Point", "coordinates": [ 114.488, 27.246 ] } },
{ "type": "Feature", "properties": { "pt_id": " 12091", "trajectory_id": 12, "北京时间": "2026-05-06 00:00", "lon": 114.495, "lat": 27.27, "height": 1.0 }, "geometry": { "type": "Point", "coordinates": [ 114.495, 27.27 ] } },
{ "type": "Feature", "properties": { "pt_id": " 12092", "trajectory_id": 12, "北京时间": "2026-05-05 23:00", "lon": 114.498, "lat": 27.302, "height": 7.0 }, "geometry": { "type": "Point", "coordinates": [ 114.498, 27.302 ] } },
{ "type": "Feature", "properties": { "pt_id": " 13000", "trajectory_id": 13, "北京时间": "2026-05-07 23:00", "lon": 113.942, "lat": 30.907, "height": 10.0 }, "geometry": { "type": "Point", "coordinates": [ 113.942, 30.907 ] } },
{ "type": "Feature", "properties": { "pt_id": " 13049", "trajectory_id": 13, "北京时间": "2026-05-07 22:00", "lon": 113.98, "lat": 30.788, "height": 8.0 }, "geometry": { "type": "Point", "coordinates": [ 113.98, 30.788 ] } },
{ "type": "Feature", "properties": { "pt_id": " 13050", "trajectory_id": 13, "北京时间": "2026-05-07 21:00", "lon": 113.985, "lat": 30.667, "height": 7.0 }, "geometry": { "type": "Point", "coordinates": [ 113.985, 30.667 ] } },
{ "type": "Feature", "properties": { "pt_id": " 13051", "trajectory_id": 13, "北京时间": "2026-05-07 20:00", "lon": 113.966, "lat": 30.555, "height": 7.0 }, "geometry": { "type": "Point", "coordinates": [ 113.966, 30.555 ] } },
{ "type": "Feature", "properties": { "pt_id": " 13052", "trajectory_id": 13, "北京时间": "2026-05-07 19:00", "lon": 113.935, "lat": 30.443, "height": 7.0 }, "geometry": { "type": "Point", "coordinates": [ 113.935, 30.443 ] } },
{ "type": "Feature", "properties": { "pt_id": " 13053", "trajectory_id": 13, "北京时间": "2026-05-07 18:00", "lon": 113.894, "lat": 30.321, "height": 7.0 }, "geometry": { "type": "Point", "coordinates": [ 113.894, 30.321 ] } },
{ "type": "Feature", "properties": { "pt_id": " 13054", "trajectory_id": 13, "北京时间": "2026-05-07 17:00", "lon": 113.841, "lat": 30.191, "height": 8.0 }, "geometry": { "type": "Point", "coordinates": [ 113.841, 30.191 ] } },
{ "type": "Feature", "properties": { "pt_id": " 13055", "trajectory_id": 13, "北京时间": "2026-05-07 16:00", "lon": 113.773, "lat": 30.062, "height": 10.0 }, "geometry": { "type": "Point", "coordinates": [ 113.773, 30.062 ] } },
{ "type": "Feature", "properties": { "pt_id": " 13056", "trajectory_id": 13, "北京时间": "2026-05-07 15:00", "lon": 113.701, "lat": 29.931, "height": 12.0 }, "geometry": { "type": "Point", "coordinates": [ 113.701, 29.931 ] } },
{ "type": "Feature", "properties": { "pt_id": " 13057", "trajectory_id": 13, "北京时间": "2026-05-07 14:00", "lon": 113.632, "lat": 29.78, "height": 26.0 }, "geometry": { "type": "Point", "coordinates": [ 113.632, 29.78 ] } },
{ "type": "Feature", "properties": { "pt_id": " 13058", "trajectory_id": 13, "北京时间": "2026-05-07 13:00", "lon": 113.558, "lat": 29.603, "height": 66.0 }, "geometry": { "type": "Point", "coordinates": [ 113.558, 29.603 ] } },
{ "type": "Feature", "properties": { "pt_id": " 13059", "trajectory_id": 13, "北京时间": "2026-05-07 12:00", "lon": 113.486, "lat": 29.394, "height": 143.0 }, "geometry": { "type": "Point", "coordinates": [ 113.486, 29.394 ] } },
{ "type": "Feature", "properties": { "pt_id": " 13060", "trajectory_id": 13, "北京时间": "2026-05-07 11:00", "lon": 113.44, "lat": 29.178, "height": 162.0 }, "geometry": { "type": "Point", "coordinates": [ 113.44, 29.178 ] } },
{ "type": "Feature", "properties": { "pt_id": " 13061", "trajectory_id": 13, "北京时间": "2026-05-07 10:00", "lon": 113.44, "lat": 28.975, "height": 211.0 }, "geometry": { "type": "Point", "coordinates": [ 113.44, 28.975 ] } },
{ "type": "Feature", "properties": { "pt_id": " 13062", "trajectory_id": 13, "北京时间": "2026-05-07 09:00", "lon": 113.482, "lat": 28.802, "height": 259.0 }, "geometry": { "type": "Point", "coordinates": [ 113.482, 28.802 ] } },
{ "type": "Feature", "properties": { "pt_id": " 13063", "trajectory_id": 13, "北京时间": "2026-05-07 08:00", "lon": 113.553, "lat": 28.676, "height": 269.0 }, "geometry": { "type": "Point", "coordinates": [ 113.553, 28.676 ] } },
{ "type": "Feature", "properties": { "pt_id": " 13064", "trajectory_id": 13, "北京时间": "2026-05-07 07:00", "lon": 113.623, "lat": 28.57, "height": 304.0 }, "geometry": { "type": "Point", "coordinates": [ 113.623, 28.57 ] } },
{ "type": "Feature", "properties": { "pt_id": " 13065", "trajectory_id": 13, "北京时间": "2026-05-07 06:00", "lon": 113.674, "lat": 28.461, "height": 376.0 }, "geometry": { "type": "Point", "coordinates": [ 113.674, 28.461 ] } },
{ "type": "Feature", "properties": { "pt_id": " 13066", "trajectory_id": 13, "北京时间": "2026-05-07 05:00", "lon": 113.709, "lat": 28.356, "height": 473.0 }, "geometry": { "type": "Point", "coordinates": [ 113.709, 28.356 ] } },
{ "type": "Feature", "properties": { "pt_id": " 13067", "trajectory_id": 13, "北京时间": "2026-05-07 04:00", "lon": 113.739, "lat": 28.236, "height": 536.0 }, "geometry": { "type": "Point", "coordinates": [ 113.739, 28.236 ] } },
{ "type": "Feature", "properties": { "pt_id": " 13068", "trajectory_id": 13, "北京时间": "2026-05-07 03:00", "lon": 113.791, "lat": 28.112, "height": 567.0 }, "geometry": { "type": "Point", "coordinates": [ 113.791, 28.112 ] } },
{ "type": "Feature", "properties": { "pt_id": " 13069", "trajectory_id": 13, "北京时间": "2026-05-07 02:00", "lon": 113.844, "lat": 27.988, "height": 618.0 }, "geometry": { "type": "Point", "coordinates": [ 113.844, 27.988 ] } },
{ "type": "Feature", "properties": { "pt_id": " 13070", "trajectory_id": 13, "北京时间": "2026-05-07 01:00", "lon": 113.89, "lat": 27.865, "height": 679.0 }, "geometry": { "type": "Point", "coordinates": [ 113.89, 27.865 ] } },
{ "type": "Feature", "properties": { "pt_id": " 13071", "trajectory_id": 13, "北京时间": "2026-05-07 00:00", "lon": 113.937, "lat": 27.753, "height": 697.0 }, "geometry": { "type": "Point", "coordinates": [ 113.937, 27.753 ] } },
{ "type": "Feature", "properties": { "pt_id": " 13072", "trajectory_id": 13, "北京时间": "2026-05-06 23:00", "lon": 113.988, "lat": 27.645, "height": 715.0 }, "geometry": { "type": "Point", "coordinates": [ 113.988, 27.645 ] } },
{ "type": "Feature", "properties": { "pt_id": " 13073", "trajectory_id": 13, "北京时间": "2026-05-06 22:00", "lon": 114.056, "lat": 27.537, "height": 793.0 }, "geometry": { "type": "Point", "coordinates": [ 114.056, 27.537 ] } },
{ "type": "Feature", "properties": { "pt_id": " 13074", "trajectory_id": 13, "北京时间": "2026-05-06 21:00", "lon": 114.134, "lat": 27.442, "height": 847.0 }, "geometry": { "type": "Point", "coordinates": [ 114.134, 27.442 ] } },
{ "type": "Feature", "properties": { "pt_id": " 13075", "trajectory_id": 13, "北京时间": "2026-05-06 20:00", "lon": 114.218, "lat": 27.363, "height": 807.0 }, "geometry": { "type": "Point", "coordinates": [ 114.218, 27.363 ] } },
{ "type": "Feature", "properties": { "pt_id": " 13076", "trajectory_id": 13, "北京时间": "2026-05-06 19:00", "lon": 114.312, "lat": 27.282, "height": 669.0 }, "geometry": { "type": "Point", "coordinates": [ 114.312, 27.282 ] } },
{ "type": "Feature", "properties": { "pt_id": " 13077", "trajectory_id": 13, "北京时间": "2026-05-06 18:00", "lon": 114.401, "lat": 27.171, "height": 524.0 }, "geometry": { "type": "Point", "coordinates": [ 114.401, 27.171 ] } },
{ "type": "Feature", "properties": { "pt_id": " 13078", "trajectory_id": 13, "北京时间": "2026-05-06 17:00", "lon": 114.484, "lat": 27.049, "height": 540.0 }, "geometry": { "type": "Point", "coordinates": [ 114.484, 27.049 ] } },
{ "type": "Feature", "properties": { "pt_id": " 13079", "trajectory_id": 13, "北京时间": "2026-05-06 16:00", "lon": 114.553, "lat": 26.966, "height": 676.0 }, "geometry": { "type": "Point", "coordinates": [ 114.553, 26.966 ] } },
{ "type": "Feature", "properties": { "pt_id": " 13080", "trajectory_id": 13, "北京时间": "2026-05-06 15:00", "lon": 114.602, "lat": 26.921, "height": 779.0 }, "geometry": { "type": "Point", "coordinates": [ 114.602, 26.921 ] } },
{ "type": "Feature", "properties": { "pt_id": " 13081", "trajectory_id": 13, "北京时间": "2026-05-06 14:00", "lon": 114.635, "lat": 26.897, "height": 830.0 }, "geometry": { "type": "Point", "coordinates": [ 114.635, 26.897 ] } },
{ "type": "Feature", "properties": { "pt_id": " 13082", "trajectory_id": 13, "北京时间": "2026-05-06 13:00", "lon": 114.664, "lat": 26.888, "height": 854.0 }, "geometry": { "type": "Point", "coordinates": [ 114.664, 26.888 ] } },
{ "type": "Feature", "properties": { "pt_id": " 13083", "trajectory_id": 13, "北京时间": "2026-05-06 12:00", "lon": 114.699, "lat": 26.896, "height": 878.0 }, "geometry": { "type": "Point", "coordinates": [ 114.699, 26.896 ] } },
{ "type": "Feature", "properties": { "pt_id": " 13084", "trajectory_id": 13, "北京时间": "2026-05-06 11:00", "lon": 114.747, "lat": 26.919, "height": 898.0 }, "geometry": { "type": "Point", "coordinates": [ 114.747, 26.919 ] } },
{ "type": "Feature", "properties": { "pt_id": " 13085", "trajectory_id": 13, "北京时间": "2026-05-06 10:00", "lon": 114.814, "lat": 26.952, "height": 937.0 }, "geometry": { "type": "Point", "coordinates": [ 114.814, 26.952 ] } },
{ "type": "Feature", "properties": { "pt_id": " 13086", "trajectory_id": 13, "北京时间": "2026-05-06 09:00", "lon": 114.899, "lat": 26.987, "height": 1005.0 }, "geometry": { "type": "Point", "coordinates": [ 114.899, 26.987 ] } },
{ "type": "Feature", "properties": { "pt_id": " 13087", "trajectory_id": 13, "北京时间": "2026-05-06 08:00", "lon": 114.996, "lat": 27.02, "height": 1043.0 }, "geometry": { "type": "Point", "coordinates": [ 114.996, 27.02 ] } },
{ "type": "Feature", "properties": { "pt_id": " 13088", "trajectory_id": 13, "北京时间": "2026-05-06 07:00", "lon": 115.088, "lat": 27.058, "height": 1073.0 }, "geometry": { "type": "Point", "coordinates": [ 115.088, 27.058 ] } },
{ "type": "Feature", "properties": { "pt_id": " 13089", "trajectory_id": 13, "北京时间": "2026-05-06 06:00", "lon": 115.156, "lat": 27.115, "height": 1112.0 }, "geometry": { "type": "Point", "coordinates": [ 115.156, 27.115 ] } },
{ "type": "Feature", "properties": { "pt_id": " 13090", "trajectory_id": 13, "北京时间": "2026-05-06 05:00", "lon": 115.204, "lat": 27.184, "height": 1095.0 }, "geometry": { "type": "Point", "coordinates": [ 115.204, 27.184 ] } },
{ "type": "Feature", "properties": { "pt_id": " 13091", "trajectory_id": 13, "北京时间": "2026-05-06 04:00", "lon": 115.252, "lat": 27.263, "height": 1049.0 }, "geometry": { "type": "Point", "coordinates": [ 115.252, 27.263 ] } },
{ "type": "Feature", "properties": { "pt_id": " 13092", "trajectory_id": 13, "北京时间": "2026-05-06 03:00", "lon": 115.306, "lat": 27.362, "height": 1028.0 }, "geometry": { "type": "Point", "coordinates": [ 115.306, 27.362 ] } },
{ "type": "Feature", "properties": { "pt_id": " 13093", "trajectory_id": 13, "北京时间": "2026-05-06 02:00", "lon": 115.366, "lat": 27.486, "height": 1016.0 }, "geometry": { "type": "Point", "coordinates": [ 115.366, 27.486 ] } },
{ "type": "Feature", "properties": { "pt_id": " 13094", "trajectory_id": 13, "北京时间": "2026-05-06 01:00", "lon": 115.43, "lat": 27.621, "height": 1014.0 }, "geometry": { "type": "Point", "coordinates": [ 115.43, 27.621 ] } },
{ "type": "Feature", "properties": { "pt_id": " 13095", "trajectory_id": 13, "北京时间": "2026-05-06 00:00", "lon": 115.489, "lat": 27.759, "height": 1052.0 }, "geometry": { "type": "Point", "coordinates": [ 115.489, 27.759 ] } },
{ "type": "Feature", "properties": { "pt_id": " 13096", "trajectory_id": 13, "北京时间": "2026-05-05 23:00", "lon": 115.539, "lat": 27.904, "height": 1111.0 }, "geometry": { "type": "Point", "coordinates": [ 115.539, 27.904 ] } },
{ "type": "Feature", "properties": { "pt_id": " 14000", "trajectory_id": 14, "北京时间": "2026-05-07 23:00", "lon": 113.942, "lat": 30.907, "height": 10.0 }, "geometry": { "type": "Point", "coordinates": [ 113.942, 30.907 ] } },
{ "type": "Feature", "properties": { "pt_id": " 14053", "trajectory_id": 14, "北京时间": "2026-05-07 22:00", "lon": 113.907, "lat": 30.757, "height": 9.0 }, "geometry": { "type": "Point", "coordinates": [ 113.907, 30.757 ] } },
{ "type": "Feature", "properties": { "pt_id": " 14054", "trajectory_id": 14, "北京时间": "2026-05-07 21:00", "lon": 113.865, "lat": 30.6, "height": 9.0 }, "geometry": { "type": "Point", "coordinates": [ 113.865, 30.6 ] } },
{ "type": "Feature", "properties": { "pt_id": " 14055", "trajectory_id": 14, "北京时间": "2026-05-07 20:00", "lon": 113.818, "lat": 30.442, "height": 9.0 }, "geometry": { "type": "Point", "coordinates": [ 113.818, 30.442 ] } },
{ "type": "Feature", "properties": { "pt_id": " 14056", "trajectory_id": 14, "北京时间": "2026-05-07 19:00", "lon": 113.766, "lat": 30.284, "height": 9.0 }, "geometry": { "type": "Point", "coordinates": [ 113.766, 30.284 ] } },
{ "type": "Feature", "properties": { "pt_id": " 14057", "trajectory_id": 14, "北京时间": "2026-05-07 18:00", "lon": 113.711, "lat": 30.126, "height": 9.0 }, "geometry": { "type": "Point", "coordinates": [ 113.711, 30.126 ] } },
{ "type": "Feature", "properties": { "pt_id": " 14058", "trajectory_id": 14, "北京时间": "2026-05-07 17:00", "lon": 113.656, "lat": 29.969, "height": 10.0 }, "geometry": { "type": "Point", "coordinates": [ 113.656, 29.969 ] } },
{ "type": "Feature", "properties": { "pt_id": " 14059", "trajectory_id": 14, "北京时间": "2026-05-07 16:00", "lon": 113.595, "lat": 29.806, "height": 24.0 }, "geometry": { "type": "Point", "coordinates": [ 113.595, 29.806 ] } },
{ "type": "Feature", "properties": { "pt_id": " 14060", "trajectory_id": 14, "北京时间": "2026-05-07 15:00", "lon": 113.524, "lat": 29.613, "height": 66.0 }, "geometry": { "type": "Point", "coordinates": [ 113.524, 29.613 ] } },
{ "type": "Feature", "properties": { "pt_id": " 14061", "trajectory_id": 14, "北京时间": "2026-05-07 14:00", "lon": 113.475, "lat": 29.398, "height": 157.0 }, "geometry": { "type": "Point", "coordinates": [ 113.475, 29.398 ] } },
{ "type": "Feature", "properties": { "pt_id": " 14062", "trajectory_id": 14, "北京时间": "2026-05-07 13:00", "lon": 113.473, "lat": 29.212, "height": 216.0 }, "geometry": { "type": "Point", "coordinates": [ 113.473, 29.212 ] } },
{ "type": "Feature", "properties": { "pt_id": " 14063", "trajectory_id": 14, "北京时间": "2026-05-07 12:00", "lon": 113.516, "lat": 29.035, "height": 306.0 }, "geometry": { "type": "Point", "coordinates": [ 113.516, 29.035 ] } },
{ "type": "Feature", "properties": { "pt_id": " 14064", "trajectory_id": 14, "北京时间": "2026-05-07 11:00", "lon": 113.566, "lat": 28.841, "height": 397.0 }, "geometry": { "type": "Point", "coordinates": [ 113.566, 28.841 ] } },
{ "type": "Feature", "properties": { "pt_id": " 14065", "trajectory_id": 14, "北京时间": "2026-05-07 10:00", "lon": 113.62, "lat": 28.689, "height": 415.0 }, "geometry": { "type": "Point", "coordinates": [ 113.62, 28.689 ] } },
{ "type": "Feature", "properties": { "pt_id": " 14066", "trajectory_id": 14, "北京时间": "2026-05-07 09:00", "lon": 113.662, "lat": 28.558, "height": 470.0 }, "geometry": { "type": "Point", "coordinates": [ 113.662, 28.558 ] } },
{ "type": "Feature", "properties": { "pt_id": " 14067", "trajectory_id": 14, "北京时间": "2026-05-07 08:00", "lon": 113.684, "lat": 28.419, "height": 560.0 }, "geometry": { "type": "Point", "coordinates": [ 113.684, 28.419 ] } },
{ "type": "Feature", "properties": { "pt_id": " 14068", "trajectory_id": 14, "北京时间": "2026-05-07 07:00", "lon": 113.703, "lat": 28.263, "height": 610.0 }, "geometry": { "type": "Point", "coordinates": [ 113.703, 28.263 ] } },
{ "type": "Feature", "properties": { "pt_id": " 14069", "trajectory_id": 14, "北京时间": "2026-05-07 06:00", "lon": 113.748, "lat": 28.104, "height": 622.0 }, "geometry": { "type": "Point", "coordinates": [ 113.748, 28.104 ] } },
{ "type": "Feature", "properties": { "pt_id": " 14070", "trajectory_id": 14, "北京时间": "2026-05-07 05:00", "lon": 113.802, "lat": 27.956, "height": 657.0 }, "geometry": { "type": "Point", "coordinates": [ 113.802, 27.956 ] } },
{ "type": "Feature", "properties": { "pt_id": " 14071", "trajectory_id": 14, "北京时间": "2026-05-07 04:00", "lon": 113.858, "lat": 27.82, "height": 693.0 }, "geometry": { "type": "Point", "coordinates": [ 113.858, 27.82 ] } },
{ "type": "Feature", "properties": { "pt_id": " 14072", "trajectory_id": 14, "北京时间": "2026-05-07 03:00", "lon": 113.911, "lat": 27.693, "height": 710.0 }, "geometry": { "type": "Point", "coordinates": [ 113.911, 27.693 ] } },
{ "type": "Feature", "properties": { "pt_id": " 14073", "trajectory_id": 14, "北京时间": "2026-05-07 02:00", "lon": 113.975, "lat": 27.58, "height": 760.0 }, "geometry": { "type": "Point", "coordinates": [ 113.975, 27.58 ] } },
{ "type": "Feature", "properties": { "pt_id": " 14074", "trajectory_id": 14, "北京时间": "2026-05-07 01:00", "lon": 114.051, "lat": 27.48, "height": 824.0 }, "geometry": { "type": "Point", "coordinates": [ 114.051, 27.48 ] } },
{ "type": "Feature", "properties": { "pt_id": " 14075", "trajectory_id": 14, "北京时间": "2026-05-07 00:00", "lon": 114.126, "lat": 27.393, "height": 819.0 }, "geometry": { "type": "Point", "coordinates": [ 114.126, 27.393 ] } },
{ "type": "Feature", "properties": { "pt_id": " 14076", "trajectory_id": 14, "北京时间": "2026-05-06 23:00", "lon": 114.208, "lat": 27.315, "height": 686.0 }, "geometry": { "type": "Point", "coordinates": [ 114.208, 27.315 ] } },
{ "type": "Feature", "properties": { "pt_id": " 14077", "trajectory_id": 14, "北京时间": "2026-05-06 22:00", "lon": 114.301, "lat": 27.203, "height": 468.0 }, "geometry": { "type": "Point", "coordinates": [ 114.301, 27.203 ] } },
{ "type": "Feature", "properties": { "pt_id": " 14078", "trajectory_id": 14, "北京时间": "2026-05-06 21:00", "lon": 114.387, "lat": 27.063, "height": 415.0 }, "geometry": { "type": "Point", "coordinates": [ 114.387, 27.063 ] } },
{ "type": "Feature", "properties": { "pt_id": " 14079", "trajectory_id": 14, "北京时间": "2026-05-06 20:00", "lon": 114.462, "lat": 26.96, "height": 512.0 }, "geometry": { "type": "Point", "coordinates": [ 114.462, 26.96 ] } },
{ "type": "Feature", "properties": { "pt_id": " 14080", "trajectory_id": 14, "北京时间": "2026-05-06 19:00", "lon": 114.52, "lat": 26.899, "height": 585.0 }, "geometry": { "type": "Point", "coordinates": [ 114.52, 26.899 ] } },
{ "type": "Feature", "properties": { "pt_id": " 14081", "trajectory_id": 14, "北京时间": "2026-05-06 18:00", "lon": 114.561, "lat": 26.863, "height": 593.0 }, "geometry": { "type": "Point", "coordinates": [ 114.561, 26.863 ] } },
{ "type": "Feature", "properties": { "pt_id": " 14082", "trajectory_id": 14, "北京时间": "2026-05-06 17:00", "lon": 114.593, "lat": 26.849, "height": 576.0 }, "geometry": { "type": "Point", "coordinates": [ 114.593, 26.849 ] } },
{ "type": "Feature", "properties": { "pt_id": " 14083", "trajectory_id": 14, "北京时间": "2026-05-06 16:00", "lon": 114.617, "lat": 26.859, "height": 568.0 }, "geometry": { "type": "Point", "coordinates": [ 114.617, 26.859 ] } },
{ "type": "Feature", "properties": { "pt_id": " 14084", "trajectory_id": 14, "北京时间": "2026-05-06 15:00", "lon": 114.639, "lat": 26.895, "height": 571.0 }, "geometry": { "type": "Point", "coordinates": [ 114.639, 26.895 ] } },
{ "type": "Feature", "properties": { "pt_id": " 14085", "trajectory_id": 14, "北京时间": "2026-05-06 14:00", "lon": 114.669, "lat": 26.94, "height": 596.0 }, "geometry": { "type": "Point", "coordinates": [ 114.669, 26.94 ] } },
{ "type": "Feature", "properties": { "pt_id": " 14086", "trajectory_id": 14, "北京时间": "2026-05-06 13:00", "lon": 114.711, "lat": 26.972, "height": 655.0 }, "geometry": { "type": "Point", "coordinates": [ 114.711, 26.972 ] } },
{ "type": "Feature", "properties": { "pt_id": " 14087", "trajectory_id": 14, "北京时间": "2026-05-06 12:00", "lon": 114.771, "lat": 26.984, "height": 759.0 }, "geometry": { "type": "Point", "coordinates": [ 114.771, 26.984 ] } },
{ "type": "Feature", "properties": { "pt_id": " 14088", "trajectory_id": 14, "北京时间": "2026-05-06 11:00", "lon": 114.851, "lat": 27.001, "height": 840.0 }, "geometry": { "type": "Point", "coordinates": [ 114.851, 27.001 ] } },
{ "type": "Feature", "properties": { "pt_id": " 14089", "trajectory_id": 14, "北京时间": "2026-05-06 10:00", "lon": 114.925, "lat": 27.034, "height": 850.0 }, "geometry": { "type": "Point", "coordinates": [ 114.925, 27.034 ] } },
{ "type": "Feature", "properties": { "pt_id": " 14090", "trajectory_id": 14, "北京时间": "2026-05-06 09:00", "lon": 114.993, "lat": 27.084, "height": 811.0 }, "geometry": { "type": "Point", "coordinates": [ 114.993, 27.084 ] } },
{ "type": "Feature", "properties": { "pt_id": " 14091", "trajectory_id": 14, "北京时间": "2026-05-06 08:00", "lon": 115.072, "lat": 27.151, "height": 757.0 }, "geometry": { "type": "Point", "coordinates": [ 115.072, 27.151 ] } },
{ "type": "Feature", "properties": { "pt_id": " 14092", "trajectory_id": 14, "北京时间": "2026-05-06 07:00", "lon": 115.164, "lat": 27.234, "height": 726.0 }, "geometry": { "type": "Point", "coordinates": [ 115.164, 27.234 ] } },
{ "type": "Feature", "properties": { "pt_id": " 14093", "trajectory_id": 14, "北京时间": "2026-05-06 06:00", "lon": 115.264, "lat": 27.345, "height": 733.0 }, "geometry": { "type": "Point", "coordinates": [ 115.264, 27.345 ] } },
{ "type": "Feature", "properties": { "pt_id": " 14094", "trajectory_id": 14, "北京时间": "2026-05-06 05:00", "lon": 115.373, "lat": 27.477, "height": 739.0 }, "geometry": { "type": "Point", "coordinates": [ 115.373, 27.477 ] } },
{ "type": "Feature", "properties": { "pt_id": " 14095", "trajectory_id": 14, "北京时间": "2026-05-06 04:00", "lon": 115.493, "lat": 27.612, "height": 760.0 }, "geometry": { "type": "Point", "coordinates": [ 115.493, 27.612 ] } },
{ "type": "Feature", "properties": { "pt_id": " 14096", "trajectory_id": 14, "北京时间": "2026-05-06 03:00", "lon": 115.609, "lat": 27.765, "height": 835.0 }, "geometry": { "type": "Point", "coordinates": [ 115.609, 27.765 ] } },
{ "type": "Feature", "properties": { "pt_id": " 14097", "trajectory_id": 14, "北京时间": "2026-05-06 02:00", "lon": 115.7, "lat": 27.933, "height": 852.0 }, "geometry": { "type": "Point", "coordinates": [ 115.7, 27.933 ] } },
{ "type": "Feature", "properties": { "pt_id": " 14098", "trajectory_id": 14, "北京时间": "2026-05-06 01:00", "lon": 115.79, "lat": 28.143, "height": 776.0 }, "geometry": { "type": "Point", "coordinates": [ 115.79, 28.143 ] } },
{ "type": "Feature", "properties": { "pt_id": " 14099", "trajectory_id": 14, "北京时间": "2026-05-06 00:00", "lon": 115.871, "lat": 28.403, "height": 821.0 }, "geometry": { "type": "Point", "coordinates": [ 115.871, 28.403 ] } },
{ "type": "Feature", "properties": { "pt_id": " 14100", "trajectory_id": 14, "北京时间": "2026-05-05 23:00", "lon": 115.886, "lat": 28.655, "height": 1004.0 }, "geometry": { "type": "Point", "coordinates": [ 115.886, 28.655 ] } },
{ "type": "Feature", "properties": { "pt_id": " 15000", "trajectory_id": 15, "北京时间": "2026-05-07 23:00", "lon": 113.942, "lat": 30.907, "height": 10.0 }, "geometry": { "type": "Point", "coordinates": [ 113.942, 30.907 ] } },
{ "type": "Feature", "properties": { "pt_id": " 15057", "trajectory_id": 15, "北京时间": "2026-05-07 22:00", "lon": 113.901, "lat": 30.72, "height": 10.0 }, "geometry": { "type": "Point", "coordinates": [ 113.901, 30.72 ] } },
{ "type": "Feature", "properties": { "pt_id": " 15058", "trajectory_id": 15, "北京时间": "2026-05-07 21:00", "lon": 113.867, "lat": 30.541, "height": 10.0 }, "geometry": { "type": "Point", "coordinates": [ 113.867, 30.541 ] } },
{ "type": "Feature", "properties": { "pt_id": " 15059", "trajectory_id": 15, "北京时间": "2026-05-07 20:00", "lon": 113.838, "lat": 30.375, "height": 10.0 }, "geometry": { "type": "Point", "coordinates": [ 113.838, 30.375 ] } },
{ "type": "Feature", "properties": { "pt_id": " 15060", "trajectory_id": 15, "北京时间": "2026-05-07 19:00", "lon": 113.808, "lat": 30.219, "height": 10.0 }, "geometry": { "type": "Point", "coordinates": [ 113.808, 30.219 ] } },
{ "type": "Feature", "properties": { "pt_id": " 15061", "trajectory_id": 15, "北京时间": "2026-05-07 18:00", "lon": 113.79, "lat": 30.08, "height": 11.0 }, "geometry": { "type": "Point", "coordinates": [ 113.79, 30.08 ] } },
{ "type": "Feature", "properties": { "pt_id": " 15062", "trajectory_id": 15, "北京时间": "2026-05-07 17:00", "lon": 113.795, "lat": 29.97, "height": 15.0 }, "geometry": { "type": "Point", "coordinates": [ 113.795, 29.97 ] } },
{ "type": "Feature", "properties": { "pt_id": " 15063", "trajectory_id": 15, "北京时间": "2026-05-07 16:00", "lon": 113.827, "lat": 29.877, "height": 34.0 }, "geometry": { "type": "Point", "coordinates": [ 113.827, 29.877 ] } },
{ "type": "Feature", "properties": { "pt_id": " 15064", "trajectory_id": 15, "北京时间": "2026-05-07 15:00", "lon": 113.875, "lat": 29.79, "height": 66.0 }, "geometry": { "type": "Point", "coordinates": [ 113.875, 29.79 ] } },
{ "type": "Feature", "properties": { "pt_id": " 15065", "trajectory_id": 15, "北京时间": "2026-05-07 14:00", "lon": 113.923, "lat": 29.705, "height": 120.0 }, "geometry": { "type": "Point", "coordinates": [ 113.923, 29.705 ] } },
{ "type": "Feature", "properties": { "pt_id": " 15066", "trajectory_id": 15, "北京时间": "2026-05-07 13:00", "lon": 113.97, "lat": 29.626, "height": 176.0 }, "geometry": { "type": "Point", "coordinates": [ 113.97, 29.626 ] } },
{ "type": "Feature", "properties": { "pt_id": " 15067", "trajectory_id": 15, "北京时间": "2026-05-07 12:00", "lon": 114.011, "lat": 29.554, "height": 214.0 }, "geometry": { "type": "Point", "coordinates": [ 114.011, 29.554 ] } },
{ "type": "Feature", "properties": { "pt_id": " 15068", "trajectory_id": 15, "北京时间": "2026-05-07 11:00", "lon": 114.043, "lat": 29.483, "height": 233.0 }, "geometry": { "type": "Point", "coordinates": [ 114.043, 29.483 ] } },
{ "type": "Feature", "properties": { "pt_id": " 15069", "trajectory_id": 15, "北京时间": "2026-05-07 10:00", "lon": 114.071, "lat": 29.407, "height": 261.0 }, "geometry": { "type": "Point", "coordinates": [ 114.071, 29.407 ] } },
{ "type": "Feature", "properties": { "pt_id": " 15070", "trajectory_id": 15, "北京时间": "2026-05-07 09:00", "lon": 114.096, "lat": 29.322, "height": 312.0 }, "geometry": { "type": "Point", "coordinates": [ 114.096, 29.322 ] } },
{ "type": "Feature", "properties": { "pt_id": " 15071", "trajectory_id": 15, "北京时间": "2026-05-07 08:00", "lon": 114.112, "lat": 29.226, "height": 370.0 }, "geometry": { "type": "Point", "coordinates": [ 114.112, 29.226 ] } },
{ "type": "Feature", "properties": { "pt_id": " 15072", "trajectory_id": 15, "北京时间": "2026-05-07 07:00", "lon": 114.12, "lat": 29.123, "height": 399.0 }, "geometry": { "type": "Point", "coordinates": [ 114.12, 29.123 ] } },
{ "type": "Feature", "properties": { "pt_id": " 15073", "trajectory_id": 15, "北京时间": "2026-05-07 06:00", "lon": 114.136, "lat": 29.032, "height": 373.0 }, "geometry": { "type": "Point", "coordinates": [ 114.136, 29.032 ] } },
{ "type": "Feature", "properties": { "pt_id": " 15074", "trajectory_id": 15, "北京时间": "2026-05-07 05:00", "lon": 114.176, "lat": 28.958, "height": 322.0 }, "geometry": { "type": "Point", "coordinates": [ 114.176, 28.958 ] } },
{ "type": "Feature", "properties": { "pt_id": " 15075", "trajectory_id": 15, "北京时间": "2026-05-07 04:00", "lon": 114.241, "lat": 28.876, "height": 296.0 }, "geometry": { "type": "Point", "coordinates": [ 114.241, 28.876 ] } },
{ "type": "Feature", "properties": { "pt_id": " 15076", "trajectory_id": 15, "北京时间": "2026-05-07 03:00", "lon": 114.322, "lat": 28.78, "height": 303.0 }, "geometry": { "type": "Point", "coordinates": [ 114.322, 28.78 ] } },
{ "type": "Feature", "properties": { "pt_id": " 15077", "trajectory_id": 15, "北京时间": "2026-05-07 02:00", "lon": 114.387, "lat": 28.701, "height": 299.0 }, "geometry": { "type": "Point", "coordinates": [ 114.387, 28.701 ] } },
{ "type": "Feature", "properties": { "pt_id": " 15078", "trajectory_id": 15, "北京时间": "2026-05-07 01:00", "lon": 114.441, "lat": 28.639, "height": 288.0 }, "geometry": { "type": "Point", "coordinates": [ 114.441, 28.639 ] } },
{ "type": "Feature", "properties": { "pt_id": " 15079", "trajectory_id": 15, "北京时间": "2026-05-07 00:00", "lon": 114.492, "lat": 28.583, "height": 306.0 }, "geometry": { "type": "Point", "coordinates": [ 114.492, 28.583 ] } },
{ "type": "Feature", "properties": { "pt_id": " 15080", "trajectory_id": 15, "北京时间": "2026-05-06 23:00", "lon": 114.536, "lat": 28.531, "height": 348.0 }, "geometry": { "type": "Point", "coordinates": [ 114.536, 28.531 ] } },
{ "type": "Feature", "properties": { "pt_id": " 15081", "trajectory_id": 15, "北京时间": "2026-05-06 22:00", "lon": 114.569, "lat": 28.489, "height": 399.0 }, "geometry": { "type": "Point", "coordinates": [ 114.569, 28.489 ] } },
{ "type": "Feature", "properties": { "pt_id": " 15082", "trajectory_id": 15, "北京时间": "2026-05-06 21:00", "lon": 114.595, "lat": 28.458, "height": 460.0 }, "geometry": { "type": "Point", "coordinates": [ 114.595, 28.458 ] } },
{ "type": "Feature", "properties": { "pt_id": " 15083", "trajectory_id": 15, "北京时间": "2026-05-06 20:00", "lon": 114.623, "lat": 28.431, "height": 521.0 }, "geometry": { "type": "Point", "coordinates": [ 114.623, 28.431 ] } },
{ "type": "Feature", "properties": { "pt_id": " 15084", "trajectory_id": 15, "北京时间": "2026-05-06 19:00", "lon": 114.653, "lat": 28.405, "height": 576.0 }, "geometry": { "type": "Point", "coordinates": [ 114.653, 28.405 ] } },
{ "type": "Feature", "properties": { "pt_id": " 15085", "trajectory_id": 15, "北京时间": "2026-05-06 18:00", "lon": 114.686, "lat": 28.379, "height": 613.0 }, "geometry": { "type": "Point", "coordinates": [ 114.686, 28.379 ] } },
{ "type": "Feature", "properties": { "pt_id": " 15086", "trajectory_id": 15, "北京时间": "2026-05-06 17:00", "lon": 114.717, "lat": 28.346, "height": 615.0 }, "geometry": { "type": "Point", "coordinates": [ 114.717, 28.346 ] } },
{ "type": "Feature", "properties": { "pt_id": " 15087", "trajectory_id": 15, "北京时间": "2026-05-06 16:00", "lon": 114.749, "lat": 28.303, "height": 573.0 }, "geometry": { "type": "Point", "coordinates": [ 114.749, 28.303 ] } },
{ "type": "Feature", "properties": { "pt_id": " 15088", "trajectory_id": 15, "北京时间": "2026-05-06 15:00", "lon": 114.774, "lat": 28.258, "height": 530.0 }, "geometry": { "type": "Point", "coordinates": [ 114.774, 28.258 ] } },
{ "type": "Feature", "properties": { "pt_id": " 15089", "trajectory_id": 15, "北京时间": "2026-05-06 14:00", "lon": 114.789, "lat": 28.218, "height": 510.0 }, "geometry": { "type": "Point", "coordinates": [ 114.789, 28.218 ] } },
{ "type": "Feature", "properties": { "pt_id": " 15090", "trajectory_id": 15, "北京时间": "2026-05-06 13:00", "lon": 114.795, "lat": 28.182, "height": 507.0 }, "geometry": { "type": "Point", "coordinates": [ 114.795, 28.182 ] } },
{ "type": "Feature", "properties": { "pt_id": " 15091", "trajectory_id": 15, "北京时间": "2026-05-06 12:00", "lon": 114.795, "lat": 28.156, "height": 508.0 }, "geometry": { "type": "Point", "coordinates": [ 114.795, 28.156 ] } },
{ "type": "Feature", "properties": { "pt_id": " 15092", "trajectory_id": 15, "北京时间": "2026-05-06 11:00", "lon": 114.789, "lat": 28.146, "height": 505.0 }, "geometry": { "type": "Point", "coordinates": [ 114.789, 28.146 ] } },
{ "type": "Feature", "properties": { "pt_id": " 15093", "trajectory_id": 15, "北京时间": "2026-05-06 10:00", "lon": 114.774, "lat": 28.145, "height": 499.0 }, "geometry": { "type": "Point", "coordinates": [ 114.774, 28.145 ] } },
{ "type": "Feature", "properties": { "pt_id": " 15094", "trajectory_id": 15, "北京时间": "2026-05-06 09:00", "lon": 114.764, "lat": 28.153, "height": 479.0 }, "geometry": { "type": "Point", "coordinates": [ 114.764, 28.153 ] } },
{ "type": "Feature", "properties": { "pt_id": " 15095", "trajectory_id": 15, "北京时间": "2026-05-06 08:00", "lon": 114.777, "lat": 28.17, "height": 440.0 }, "geometry": { "type": "Point", "coordinates": [ 114.777, 28.17 ] } },
{ "type": "Feature", "properties": { "pt_id": " 15096", "trajectory_id": 15, "北京时间": "2026-05-06 07:00", "lon": 114.812, "lat": 28.202, "height": 387.0 }, "geometry": { "type": "Point", "coordinates": [ 114.812, 28.202 ] } },
{ "type": "Feature", "properties": { "pt_id": " 15097", "trajectory_id": 15, "北京时间": "2026-05-06 06:00", "lon": 114.853, "lat": 28.251, "height": 320.0 }, "geometry": { "type": "Point", "coordinates": [ 114.853, 28.251 ] } },
{ "type": "Feature", "properties": { "pt_id": " 15098", "trajectory_id": 15, "北京时间": "2026-05-06 05:00", "lon": 114.889, "lat": 28.312, "height": 257.0 }, "geometry": { "type": "Point", "coordinates": [ 114.889, 28.312 ] } },
{ "type": "Feature", "properties": { "pt_id": " 15099", "trajectory_id": 15, "北京时间": "2026-05-06 04:00", "lon": 114.909, "lat": 28.379, "height": 213.0 }, "geometry": { "type": "Point", "coordinates": [ 114.909, 28.379 ] } },
{ "type": "Feature", "properties": { "pt_id": " 15100", "trajectory_id": 15, "北京时间": "2026-05-06 03:00", "lon": 114.886, "lat": 28.453, "height": 203.0 }, "geometry": { "type": "Point", "coordinates": [ 114.886, 28.453 ] } },
{ "type": "Feature", "properties": { "pt_id": " 15101", "trajectory_id": 15, "北京时间": "2026-05-06 02:00", "lon": 114.83, "lat": 28.553, "height": 280.0 }, "geometry": { "type": "Point", "coordinates": [ 114.83, 28.553 ] } },
{ "type": "Feature", "properties": { "pt_id": " 15102", "trajectory_id": 15, "北京时间": "2026-05-06 01:00", "lon": 114.76, "lat": 28.686, "height": 343.0 }, "geometry": { "type": "Point", "coordinates": [ 114.76, 28.686 ] } },
{ "type": "Feature", "properties": { "pt_id": " 15103", "trajectory_id": 15, "北京时间": "2026-05-06 00:00", "lon": 114.683, "lat": 28.859, "height": 258.0 }, "geometry": { "type": "Point", "coordinates": [ 114.683, 28.859 ] } },
{ "type": "Feature", "properties": { "pt_id": " 15104", "trajectory_id": 15, "北京时间": "2026-05-05 23:00", "lon": 114.63, "lat": 29.055, "height": 146.0 }, "geometry": { "type": "Point", "coordinates": [ 114.63, 29.055 ] } },
{ "type": "Feature", "properties": { "pt_id": " 16000", "trajectory_id": 16, "北京时间": "2026-05-07 23:00", "lon": 113.942, "lat": 30.907, "height": 10.0 }, "geometry": { "type": "Point", "coordinates": [ 113.942, 30.907 ] } },
{ "type": "Feature", "properties": { "pt_id": " 16061", "trajectory_id": 16, "北京时间": "2026-05-07 22:00", "lon": 113.938, "lat": 30.755, "height": 8.0 }, "geometry": { "type": "Point", "coordinates": [ 113.938, 30.755 ] } },
{ "type": "Feature", "properties": { "pt_id": " 16062", "trajectory_id": 16, "北京时间": "2026-05-07 21:00", "lon": 113.961, "lat": 30.626, "height": 8.0 }, "geometry": { "type": "Point", "coordinates": [ 113.961, 30.626 ] } },
{ "type": "Feature", "properties": { "pt_id": " 16063", "trajectory_id": 16, "北京时间": "2026-05-07 20:00", "lon": 114.018, "lat": 30.523, "height": 9.0 }, "geometry": { "type": "Point", "coordinates": [ 114.018, 30.523 ] } },
{ "type": "Feature", "properties": { "pt_id": " 16064", "trajectory_id": 16, "北京时间": "2026-05-07 19:00", "lon": 114.089, "lat": 30.438, "height": 11.0 }, "geometry": { "type": "Point", "coordinates": [ 114.089, 30.438 ] } },
{ "type": "Feature", "properties": { "pt_id": " 16065", "trajectory_id": 16, "北京时间": "2026-05-07 18:00", "lon": 114.159, "lat": 30.359, "height": 13.0 }, "geometry": { "type": "Point", "coordinates": [ 114.159, 30.359 ] } },
{ "type": "Feature", "properties": { "pt_id": " 16066", "trajectory_id": 16, "北京时间": "2026-05-07 17:00", "lon": 114.232, "lat": 30.282, "height": 14.0 }, "geometry": { "type": "Point", "coordinates": [ 114.232, 30.282 ] } },
{ "type": "Feature", "properties": { "pt_id": " 16067", "trajectory_id": 16, "北京时间": "2026-05-07 16:00", "lon": 114.3, "lat": 30.208, "height": 16.0 }, "geometry": { "type": "Point", "coordinates": [ 114.3, 30.208 ] } },
{ "type": "Feature", "properties": { "pt_id": " 16068", "trajectory_id": 16, "北京时间": "2026-05-07 15:00", "lon": 114.354, "lat": 30.135, "height": 23.0 }, "geometry": { "type": "Point", "coordinates": [ 114.354, 30.135 ] } },
{ "type": "Feature", "properties": { "pt_id": " 16069", "trajectory_id": 16, "北京时间": "2026-05-07 14:00", "lon": 114.398, "lat": 30.055, "height": 42.0 }, "geometry": { "type": "Point", "coordinates": [ 114.398, 30.055 ] } },
{ "type": "Feature", "properties": { "pt_id": " 16070", "trajectory_id": 16, "北京时间": "2026-05-07 13:00", "lon": 114.447, "lat": 29.962, "height": 76.0 }, "geometry": { "type": "Point", "coordinates": [ 114.447, 29.962 ] } },
{ "type": "Feature", "properties": { "pt_id": " 16071", "trajectory_id": 16, "北京时间": "2026-05-07 12:00", "lon": 114.509, "lat": 29.867, "height": 132.0 }, "geometry": { "type": "Point", "coordinates": [ 114.509, 29.867 ] } },
{ "type": "Feature", "properties": { "pt_id": " 16072", "trajectory_id": 16, "北京时间": "2026-05-07 11:00", "lon": 114.567, "lat": 29.784, "height": 209.0 }, "geometry": { "type": "Point", "coordinates": [ 114.567, 29.784 ] } },
{ "type": "Feature", "properties": { "pt_id": " 16073", "trajectory_id": 16, "北京时间": "2026-05-07 10:00", "lon": 114.621, "lat": 29.711, "height": 290.0 }, "geometry": { "type": "Point", "coordinates": [ 114.621, 29.711 ] } },
{ "type": "Feature", "properties": { "pt_id": " 16074", "trajectory_id": 16, "北京时间": "2026-05-07 09:00", "lon": 114.687, "lat": 29.633, "height": 347.0 }, "geometry": { "type": "Point", "coordinates": [ 114.687, 29.633 ] } },
{ "type": "Feature", "properties": { "pt_id": " 16075", "trajectory_id": 16, "北京时间": "2026-05-07 08:00", "lon": 114.761, "lat": 29.544, "height": 374.0 }, "geometry": { "type": "Point", "coordinates": [ 114.761, 29.544 ] } },
{ "type": "Feature", "properties": { "pt_id": " 16076", "trajectory_id": 16, "北京时间": "2026-05-07 07:00", "lon": 114.835, "lat": 29.464, "height": 369.0 }, "geometry": { "type": "Point", "coordinates": [ 114.835, 29.464 ] } },
{ "type": "Feature", "properties": { "pt_id": " 16077", "trajectory_id": 16, "北京时间": "2026-05-07 06:00", "lon": 114.909, "lat": 29.41, "height": 335.0 }, "geometry": { "type": "Point", "coordinates": [ 114.909, 29.41 ] } },
{ "type": "Feature", "properties": { "pt_id": " 16078", "trajectory_id": 16, "北京时间": "2026-05-07 05:00", "lon": 114.992, "lat": 29.389, "height": 266.0 }, "geometry": { "type": "Point", "coordinates": [ 114.992, 29.389 ] } },
{ "type": "Feature", "properties": { "pt_id": " 16079", "trajectory_id": 16, "北京时间": "2026-05-07 04:00", "lon": 115.09, "lat": 29.371, "height": 218.0 }, "geometry": { "type": "Point", "coordinates": [ 115.09, 29.371 ] } },
{ "type": "Feature", "properties": { "pt_id": " 16080", "trajectory_id": 16, "北京时间": "2026-05-07 03:00", "lon": 115.184, "lat": 29.339, "height": 205.0 }, "geometry": { "type": "Point", "coordinates": [ 115.184, 29.339 ] } },
{ "type": "Feature", "properties": { "pt_id": " 16081", "trajectory_id": 16, "北京时间": "2026-05-07 02:00", "lon": 115.268, "lat": 29.3, "height": 195.0 }, "geometry": { "type": "Point", "coordinates": [ 115.268, 29.3 ] } },
{ "type": "Feature", "properties": { "pt_id": " 16082", "trajectory_id": 16, "北京时间": "2026-05-07 01:00", "lon": 115.341, "lat": 29.262, "height": 186.0 }, "geometry": { "type": "Point", "coordinates": [ 115.341, 29.262 ] } },
{ "type": "Feature", "properties": { "pt_id": " 16083", "trajectory_id": 16, "北京时间": "2026-05-07 00:00", "lon": 115.404, "lat": 29.223, "height": 188.0 }, "geometry": { "type": "Point", "coordinates": [ 115.404, 29.223 ] } },
{ "type": "Feature", "properties": { "pt_id": " 16084", "trajectory_id": 16, "北京时间": "2026-05-06 23:00", "lon": 115.456, "lat": 29.186, "height": 194.0 }, "geometry": { "type": "Point", "coordinates": [ 115.456, 29.186 ] } },
{ "type": "Feature", "properties": { "pt_id": " 16085", "trajectory_id": 16, "北京时间": "2026-05-06 22:00", "lon": 115.496, "lat": 29.157, "height": 204.0 }, "geometry": { "type": "Point", "coordinates": [ 115.496, 29.157 ] } },
{ "type": "Feature", "properties": { "pt_id": " 16086", "trajectory_id": 16, "北京时间": "2026-05-06 21:00", "lon": 115.527, "lat": 29.141, "height": 225.0 }, "geometry": { "type": "Point", "coordinates": [ 115.527, 29.141 ] } },
{ "type": "Feature", "properties": { "pt_id": " 16087", "trajectory_id": 16, "北京时间": "2026-05-06 20:00", "lon": 115.55, "lat": 29.138, "height": 260.0 }, "geometry": { "type": "Point", "coordinates": [ 115.55, 29.138 ] } },
{ "type": "Feature", "properties": { "pt_id": " 16088", "trajectory_id": 16, "北京时间": "2026-05-06 19:00", "lon": 115.569, "lat": 29.143, "height": 294.0 }, "geometry": { "type": "Point", "coordinates": [ 115.569, 29.143 ] } },
{ "type": "Feature", "properties": { "pt_id": " 16089", "trajectory_id": 16, "北京时间": "2026-05-06 18:00", "lon": 115.581, "lat": 29.153, "height": 313.0 }, "geometry": { "type": "Point", "coordinates": [ 115.581, 29.153 ] } },
{ "type": "Feature", "properties": { "pt_id": " 16090", "trajectory_id": 16, "北京时间": "2026-05-06 17:00", "lon": 115.584, "lat": 29.169, "height": 319.0 }, "geometry": { "type": "Point", "coordinates": [ 115.584, 29.169 ] } },
{ "type": "Feature", "properties": { "pt_id": " 16091", "trajectory_id": 16, "北京时间": "2026-05-06 16:00", "lon": 115.571, "lat": 29.197, "height": 331.0 }, "geometry": { "type": "Point", "coordinates": [ 115.571, 29.197 ] } },
{ "type": "Feature", "properties": { "pt_id": " 16092", "trajectory_id": 16, "北京时间": "2026-05-06 15:00", "lon": 115.54, "lat": 29.239, "height": 368.0 }, "geometry": { "type": "Point", "coordinates": [ 115.54, 29.239 ] } },
{ "type": "Feature", "properties": { "pt_id": " 16093", "trajectory_id": 16, "北京时间": "2026-05-06 14:00", "lon": 115.493, "lat": 29.292, "height": 418.0 }, "geometry": { "type": "Point", "coordinates": [ 115.493, 29.292 ] } },
{ "type": "Feature", "properties": { "pt_id": " 16094", "trajectory_id": 16, "北京时间": "2026-05-06 13:00", "lon": 115.446, "lat": 29.366, "height": 460.0 }, "geometry": { "type": "Point", "coordinates": [ 115.446, 29.366 ] } },
{ "type": "Feature", "properties": { "pt_id": " 16095", "trajectory_id": 16, "北京时间": "2026-05-06 12:00", "lon": 115.406, "lat": 29.47, "height": 488.0 }, "geometry": { "type": "Point", "coordinates": [ 115.406, 29.47 ] } },
{ "type": "Feature", "properties": { "pt_id": " 16096", "trajectory_id": 16, "北京时间": "2026-05-06 11:00", "lon": 115.376, "lat": 29.602, "height": 503.0 }, "geometry": { "type": "Point", "coordinates": [ 115.376, 29.602 ] } },
{ "type": "Feature", "properties": { "pt_id": " 16097", "trajectory_id": 16, "北京时间": "2026-05-06 10:00", "lon": 115.34, "lat": 29.747, "height": 459.0 }, "geometry": { "type": "Point", "coordinates": [ 115.34, 29.747 ] } },
{ "type": "Feature", "properties": { "pt_id": " 16098", "trajectory_id": 16, "北京时间": "2026-05-06 09:00", "lon": 115.277, "lat": 29.898, "height": 371.0 }, "geometry": { "type": "Point", "coordinates": [ 115.277, 29.898 ] } },
{ "type": "Feature", "properties": { "pt_id": " 16099", "trajectory_id": 16, "北京时间": "2026-05-06 08:00", "lon": 115.199, "lat": 30.07, "height": 345.0 }, "geometry": { "type": "Point", "coordinates": [ 115.199, 30.07 ] } },
{ "type": "Feature", "properties": { "pt_id": " 16100", "trajectory_id": 16, "北京时间": "2026-05-06 07:00", "lon": 115.137, "lat": 30.252, "height": 404.0 }, "geometry": { "type": "Point", "coordinates": [ 115.137, 30.252 ] } },
{ "type": "Feature", "properties": { "pt_id": " 16101", "trajectory_id": 16, "北京时间": "2026-05-06 06:00", "lon": 115.091, "lat": 30.454, "height": 504.0 }, "geometry": { "type": "Point", "coordinates": [ 115.091, 30.454 ] } },
{ "type": "Feature", "properties": { "pt_id": " 16102", "trajectory_id": 16, "北京时间": "2026-05-06 05:00", "lon": 115.047, "lat": 30.694, "height": 726.0 }, "geometry": { "type": "Point", "coordinates": [ 115.047, 30.694 ] } },
{ "type": "Feature", "properties": { "pt_id": " 16103", "trajectory_id": 16, "北京时间": "2026-05-06 04:00", "lon": 115.007, "lat": 30.947, "height": 994.0 }, "geometry": { "type": "Point", "coordinates": [ 115.007, 30.947 ] } },
{ "type": "Feature", "properties": { "pt_id": " 16104", "trajectory_id": 16, "北京时间": "2026-05-06 03:00", "lon": 114.973, "lat": 31.198, "height": 1144.0 }, "geometry": { "type": "Point", "coordinates": [ 114.973, 31.198 ] } },
{ "type": "Feature", "properties": { "pt_id": " 16105", "trajectory_id": 16, "北京时间": "2026-05-06 02:00", "lon": 114.928, "lat": 31.465, "height": 1315.0 }, "geometry": { "type": "Point", "coordinates": [ 114.928, 31.465 ] } },
{ "type": "Feature", "properties": { "pt_id": " 16106", "trajectory_id": 16, "北京时间": "2026-05-06 01:00", "lon": 114.859, "lat": 31.768, "height": 1487.0 }, "geometry": { "type": "Point", "coordinates": [ 114.859, 31.768 ] } },
{ "type": "Feature", "properties": { "pt_id": " 16107", "trajectory_id": 16, "北京时间": "2026-05-06 00:00", "lon": 114.776, "lat": 32.116, "height": 1584.0 }, "geometry": { "type": "Point", "coordinates": [ 114.776, 32.116 ] } },
{ "type": "Feature", "properties": { "pt_id": " 16108", "trajectory_id": 16, "北京时间": "2026-05-05 23:00", "lon": 114.683, "lat": 32.527, "height": 1633.0 }, "geometry": { "type": "Point", "coordinates": [ 114.683, 32.527 ] } },
{ "type": "Feature", "properties": { "pt_id": " 17000", "trajectory_id": 17, "北京时间": "2026-05-07 23:00", "lon": 113.942, "lat": 30.907, "height": 10.0 }, "geometry": { "type": "Point", "coordinates": [ 113.942, 30.907 ] } },
{ "type": "Feature", "properties": { "pt_id": " 17065", "trajectory_id": 17, "北京时间": "2026-05-07 22:00", "lon": 114.019, "lat": 30.821, "height": 7.0 }, "geometry": { "type": "Point", "coordinates": [ 114.019, 30.821 ] } },
{ "type": "Feature", "properties": { "pt_id": " 17066", "trajectory_id": 17, "北京时间": "2026-05-07 21:00", "lon": 114.091, "lat": 30.75, "height": 1.0 }, "geometry": { "type": "Point", "coordinates": [ 114.091, 30.75 ] } },
{ "type": "Feature", "properties": { "pt_id": " 17067", "trajectory_id": 17, "北京时间": "2026-05-07 20:00", "lon": 114.161, "lat": 30.684, "height": 0.0 }, "geometry": { "type": "Point", "coordinates": [ 114.161, 30.684 ] } },
{ "type": "Feature", "properties": { "pt_id": " 17068", "trajectory_id": 17, "北京时间": "2026-05-07 19:00", "lon": 114.224, "lat": 30.619, "height": 0.0 }, "geometry": { "type": "Point", "coordinates": [ 114.224, 30.619 ] } },
{ "type": "Feature", "properties": { "pt_id": " 17069", "trajectory_id": 17, "北京时间": "2026-05-07 18:00", "lon": 114.275, "lat": 30.552, "height": 2.0 }, "geometry": { "type": "Point", "coordinates": [ 114.275, 30.552 ] } },
{ "type": "Feature", "properties": { "pt_id": " 17070", "trajectory_id": 17, "北京时间": "2026-05-07 17:00", "lon": 114.321, "lat": 30.485, "height": 4.0 }, "geometry": { "type": "Point", "coordinates": [ 114.321, 30.485 ] } },
{ "type": "Feature", "properties": { "pt_id": " 17071", "trajectory_id": 17, "北京时间": "2026-05-07 16:00", "lon": 114.376, "lat": 30.42, "height": 6.0 }, "geometry": { "type": "Point", "coordinates": [ 114.376, 30.42 ] } },
{ "type": "Feature", "properties": { "pt_id": " 17072", "trajectory_id": 17, "北京时间": "2026-05-07 15:00", "lon": 114.439, "lat": 30.354, "height": 6.0 }, "geometry": { "type": "Point", "coordinates": [ 114.439, 30.354 ] } },
{ "type": "Feature", "properties": { "pt_id": " 17073", "trajectory_id": 17, "北京时间": "2026-05-07 14:00", "lon": 114.505, "lat": 30.29, "height": 6.0 }, "geometry": { "type": "Point", "coordinates": [ 114.505, 30.29 ] } },
{ "type": "Feature", "properties": { "pt_id": " 17074", "trajectory_id": 17, "北京时间": "2026-05-07 13:00", "lon": 114.574, "lat": 30.234, "height": 11.0 }, "geometry": { "type": "Point", "coordinates": [ 114.574, 30.234 ] } },
{ "type": "Feature", "properties": { "pt_id": " 17075", "trajectory_id": 17, "北京时间": "2026-05-07 12:00", "lon": 114.655, "lat": 30.184, "height": 28.0 }, "geometry": { "type": "Point", "coordinates": [ 114.655, 30.184 ] } },
{ "type": "Feature", "properties": { "pt_id": " 17076", "trajectory_id": 17, "北京时间": "2026-05-07 11:00", "lon": 114.74, "lat": 30.128, "height": 59.0 }, "geometry": { "type": "Point", "coordinates": [ 114.74, 30.128 ] } },
{ "type": "Feature", "properties": { "pt_id": " 17077", "trajectory_id": 17, "北京时间": "2026-05-07 10:00", "lon": 114.813, "lat": 30.057, "height": 104.0 }, "geometry": { "type": "Point", "coordinates": [ 114.813, 30.057 ] } },
{ "type": "Feature", "properties": { "pt_id": " 17078", "trajectory_id": 17, "北京时间": "2026-05-07 09:00", "lon": 114.87, "lat": 29.983, "height": 165.0 }, "geometry": { "type": "Point", "coordinates": [ 114.87, 29.983 ] } },
{ "type": "Feature", "properties": { "pt_id": " 17079", "trajectory_id": 17, "北京时间": "2026-05-07 08:00", "lon": 114.923, "lat": 29.912, "height": 235.0 }, "geometry": { "type": "Point", "coordinates": [ 114.923, 29.912 ] } },
{ "type": "Feature", "properties": { "pt_id": " 17080", "trajectory_id": 17, "北京时间": "2026-05-07 07:00", "lon": 114.978, "lat": 29.843, "height": 313.0 }, "geometry": { "type": "Point", "coordinates": [ 114.978, 29.843 ] } },
{ "type": "Feature", "properties": { "pt_id": " 17081", "trajectory_id": 17, "北京时间": "2026-05-07 06:00", "lon": 115.024, "lat": 29.783, "height": 379.0 }, "geometry": { "type": "Point", "coordinates": [ 115.024, 29.783 ] } },
{ "type": "Feature", "properties": { "pt_id": " 17082", "trajectory_id": 17, "北京时间": "2026-05-07 05:00", "lon": 115.067, "lat": 29.735, "height": 411.0 }, "geometry": { "type": "Point", "coordinates": [ 115.067, 29.735 ] } },
{ "type": "Feature", "properties": { "pt_id": " 17083", "trajectory_id": 17, "北京时间": "2026-05-07 04:00", "lon": 115.113, "lat": 29.696, "height": 419.0 }, "geometry": { "type": "Point", "coordinates": [ 115.113, 29.696 ] } },
{ "type": "Feature", "properties": { "pt_id": " 17084", "trajectory_id": 17, "北京时间": "2026-05-07 03:00", "lon": 115.16, "lat": 29.665, "height": 424.0 }, "geometry": { "type": "Point", "coordinates": [ 115.16, 29.665 ] } },
{ "type": "Feature", "properties": { "pt_id": " 17085", "trajectory_id": 17, "北京时间": "2026-05-07 02:00", "lon": 115.202, "lat": 29.643, "height": 426.0 }, "geometry": { "type": "Point", "coordinates": [ 115.202, 29.643 ] } },
{ "type": "Feature", "properties": { "pt_id": " 17086", "trajectory_id": 17, "北京时间": "2026-05-07 01:00", "lon": 115.238, "lat": 29.63, "height": 421.0 }, "geometry": { "type": "Point", "coordinates": [ 115.238, 29.63 ] } },
{ "type": "Feature", "properties": { "pt_id": " 17087", "trajectory_id": 17, "北京时间": "2026-05-07 00:00", "lon": 115.267, "lat": 29.627, "height": 419.0 }, "geometry": { "type": "Point", "coordinates": [ 115.267, 29.627 ] } },
{ "type": "Feature", "properties": { "pt_id": " 17088", "trajectory_id": 17, "北京时间": "2026-05-06 23:00", "lon": 115.286, "lat": 29.627, "height": 428.0 }, "geometry": { "type": "Point", "coordinates": [ 115.286, 29.627 ] } },
{ "type": "Feature", "properties": { "pt_id": " 17089", "trajectory_id": 17, "北京时间": "2026-05-06 22:00", "lon": 115.292, "lat": 29.625, "height": 455.0 }, "geometry": { "type": "Point", "coordinates": [ 115.292, 29.625 ] } },
{ "type": "Feature", "properties": { "pt_id": " 17090", "trajectory_id": 17, "北京时间": "2026-05-06 21:00", "lon": 115.288, "lat": 29.625, "height": 503.0 }, "geometry": { "type": "Point", "coordinates": [ 115.288, 29.625 ] } },
{ "type": "Feature", "properties": { "pt_id": " 17091", "trajectory_id": 17, "北京时间": "2026-05-06 20:00", "lon": 115.277, "lat": 29.635, "height": 558.0 }, "geometry": { "type": "Point", "coordinates": [ 115.277, 29.635 ] } },
{ "type": "Feature", "properties": { "pt_id": " 17092", "trajectory_id": 17, "北京时间": "2026-05-06 19:00", "lon": 115.265, "lat": 29.657, "height": 606.0 }, "geometry": { "type": "Point", "coordinates": [ 115.265, 29.657 ] } },
{ "type": "Feature", "properties": { "pt_id": " 17093", "trajectory_id": 17, "北京时间": "2026-05-06 18:00", "lon": 115.249, "lat": 29.689, "height": 650.0 }, "geometry": { "type": "Point", "coordinates": [ 115.249, 29.689 ] } },
{ "type": "Feature", "properties": { "pt_id": " 17094", "trajectory_id": 17, "北京时间": "2026-05-06 17:00", "lon": 115.232, "lat": 29.745, "height": 687.0 }, "geometry": { "type": "Point", "coordinates": [ 115.232, 29.745 ] } },
{ "type": "Feature", "properties": { "pt_id": " 17095", "trajectory_id": 17, "北京时间": "2026-05-06 16:00", "lon": 115.223, "lat": 29.836, "height": 699.0 }, "geometry": { "type": "Point", "coordinates": [ 115.223, 29.836 ] } },
{ "type": "Feature", "properties": { "pt_id": " 17096", "trajectory_id": 17, "北京时间": "2026-05-06 15:00", "lon": 115.219, "lat": 29.961, "height": 640.0 }, "geometry": { "type": "Point", "coordinates": [ 115.219, 29.961 ] } },
{ "type": "Feature", "properties": { "pt_id": " 17097", "trajectory_id": 17, "北京时间": "2026-05-06 14:00", "lon": 115.202, "lat": 30.103, "height": 562.0 }, "geometry": { "type": "Point", "coordinates": [ 115.202, 30.103 ] } },
{ "type": "Feature", "properties": { "pt_id": " 17098", "trajectory_id": 17, "北京时间": "2026-05-06 13:00", "lon": 115.174, "lat": 30.251, "height": 574.0 }, "geometry": { "type": "Point", "coordinates": [ 115.174, 30.251 ] } },
{ "type": "Feature", "properties": { "pt_id": " 17099", "trajectory_id": 17, "北京时间": "2026-05-06 12:00", "lon": 115.155, "lat": 30.409, "height": 716.0 }, "geometry": { "type": "Point", "coordinates": [ 115.155, 30.409 ] } },
{ "type": "Feature", "properties": { "pt_id": " 17100", "trajectory_id": 17, "北京时间": "2026-05-06 11:00", "lon": 115.133, "lat": 30.591, "height": 954.0 }, "geometry": { "type": "Point", "coordinates": [ 115.133, 30.591 ] } },
{ "type": "Feature", "properties": { "pt_id": " 17101", "trajectory_id": 17, "北京时间": "2026-05-06 10:00", "lon": 115.08, "lat": 30.805, "height": 1236.0 }, "geometry": { "type": "Point", "coordinates": [ 115.08, 30.805 ] } },
{ "type": "Feature", "properties": { "pt_id": " 17102", "trajectory_id": 17, "北京时间": "2026-05-06 09:00", "lon": 115.016, "lat": 31.046, "height": 1498.0 }, "geometry": { "type": "Point", "coordinates": [ 115.016, 31.046 ] } },
{ "type": "Feature", "properties": { "pt_id": " 17103", "trajectory_id": 17, "北京时间": "2026-05-06 08:00", "lon": 114.929, "lat": 31.306, "height": 1698.0 }, "geometry": { "type": "Point", "coordinates": [ 114.929, 31.306 ] } },
{ "type": "Feature", "properties": { "pt_id": " 17104", "trajectory_id": 17, "北京时间": "2026-05-06 07:00", "lon": 114.806, "lat": 31.596, "height": 1874.0 }, "geometry": { "type": "Point", "coordinates": [ 114.806, 31.596 ] } },
{ "type": "Feature", "properties": { "pt_id": " 17105", "trajectory_id": 17, "北京时间": "2026-05-06 06:00", "lon": 114.664, "lat": 31.886, "height": 1979.0 }, "geometry": { "type": "Point", "coordinates": [ 114.664, 31.886 ] } },
{ "type": "Feature", "properties": { "pt_id": " 17106", "trajectory_id": 17, "北京时间": "2026-05-06 05:00", "lon": 114.516, "lat": 32.183, "height": 2025.0 }, "geometry": { "type": "Point", "coordinates": [ 114.516, 32.183 ] } },
{ "type": "Feature", "properties": { "pt_id": " 17107", "trajectory_id": 17, "北京时间": "2026-05-06 04:00", "lon": 114.351, "lat": 32.525, "height": 2040.0 }, "geometry": { "type": "Point", "coordinates": [ 114.351, 32.525 ] } },
{ "type": "Feature", "properties": { "pt_id": " 17108", "trajectory_id": 17, "北京时间": "2026-05-06 03:00", "lon": 114.17, "lat": 32.93, "height": 2096.0 }, "geometry": { "type": "Point", "coordinates": [ 114.17, 32.93 ] } },
{ "type": "Feature", "properties": { "pt_id": " 17109", "trajectory_id": 17, "北京时间": "2026-05-06 02:00", "lon": 113.996, "lat": 33.329, "height": 2086.0 }, "geometry": { "type": "Point", "coordinates": [ 113.996, 33.329 ] } },
{ "type": "Feature", "properties": { "pt_id": " 17110", "trajectory_id": 17, "北京时间": "2026-05-06 01:00", "lon": 113.863, "lat": 33.712, "height": 2118.0 }, "geometry": { "type": "Point", "coordinates": [ 113.863, 33.712 ] } },
{ "type": "Feature", "properties": { "pt_id": " 17111", "trajectory_id": 17, "北京时间": "2026-05-06 00:00", "lon": 113.712, "lat": 34.168, "height": 2097.0 }, "geometry": { "type": "Point", "coordinates": [ 113.712, 34.168 ] } },
{ "type": "Feature", "properties": { "pt_id": " 17112", "trajectory_id": 17, "北京时间": "2026-05-05 23:00", "lon": 113.561, "lat": 34.647, "height": 2038.0 }, "geometry": { "type": "Point", "coordinates": [ 113.561, 34.647 ] } },
{ "type": "Feature", "properties": { "pt_id": " 18000", "trajectory_id": 18, "北京时间": "2026-05-07 23:00", "lon": 113.942, "lat": 30.907, "height": 10.0 }, "geometry": { "type": "Point", "coordinates": [ 113.942, 30.907 ] } },
{ "type": "Feature", "properties": { "pt_id": " 18069", "trajectory_id": 18, "北京时间": "2026-05-07 22:00", "lon": 114.014, "lat": 30.836, "height": 9.0 }, "geometry": { "type": "Point", "coordinates": [ 114.014, 30.836 ] } },
{ "type": "Feature", "properties": { "pt_id": " 18070", "trajectory_id": 18, "北京时间": "2026-05-07 21:00", "lon": 114.081, "lat": 30.764, "height": 9.0 }, "geometry": { "type": "Point", "coordinates": [ 114.081, 30.764 ] } },
{ "type": "Feature", "properties": { "pt_id": " 18071", "trajectory_id": 18, "北京时间": "2026-05-07 20:00", "lon": 114.148, "lat": 30.694, "height": 10.0 }, "geometry": { "type": "Point", "coordinates": [ 114.148, 30.694 ] } },
{ "type": "Feature", "properties": { "pt_id": " 18072", "trajectory_id": 18, "北京时间": "2026-05-07 19:00", "lon": 114.224, "lat": 30.631, "height": 10.0 }, "geometry": { "type": "Point", "coordinates": [ 114.224, 30.631 ] } },
{ "type": "Feature", "properties": { "pt_id": " 18073", "trajectory_id": 18, "北京时间": "2026-05-07 18:00", "lon": 114.3, "lat": 30.572, "height": 11.0 }, "geometry": { "type": "Point", "coordinates": [ 114.3, 30.572 ] } },
{ "type": "Feature", "properties": { "pt_id": " 18074", "trajectory_id": 18, "北京时间": "2026-05-07 17:00", "lon": 114.367, "lat": 30.515, "height": 16.0 }, "geometry": { "type": "Point", "coordinates": [ 114.367, 30.515 ] } },
{ "type": "Feature", "properties": { "pt_id": " 18075", "trajectory_id": 18, "北京时间": "2026-05-07 16:00", "lon": 114.433, "lat": 30.466, "height": 22.0 }, "geometry": { "type": "Point", "coordinates": [ 114.433, 30.466 ] } },
{ "type": "Feature", "properties": { "pt_id": " 18076", "trajectory_id": 18, "北京时间": "2026-05-07 15:00", "lon": 114.494, "lat": 30.415, "height": 25.0 }, "geometry": { "type": "Point", "coordinates": [ 114.494, 30.415 ] } },
{ "type": "Feature", "properties": { "pt_id": " 18077", "trajectory_id": 18, "北京时间": "2026-05-07 14:00", "lon": 114.544, "lat": 30.355, "height": 28.0 }, "geometry": { "type": "Point", "coordinates": [ 114.544, 30.355 ] } },
{ "type": "Feature", "properties": { "pt_id": " 18078", "trajectory_id": 18, "北京时间": "2026-05-07 13:00", "lon": 114.58, "lat": 30.292, "height": 30.0 }, "geometry": { "type": "Point", "coordinates": [ 114.58, 30.292 ] } },
{ "type": "Feature", "properties": { "pt_id": " 18079", "trajectory_id": 18, "北京时间": "2026-05-07 12:00", "lon": 114.61, "lat": 30.236, "height": 32.0 }, "geometry": { "type": "Point", "coordinates": [ 114.61, 30.236 ] } },
{ "type": "Feature", "properties": { "pt_id": " 18080", "trajectory_id": 18, "北京时间": "2026-05-07 11:00", "lon": 114.639, "lat": 30.19, "height": 38.0 }, "geometry": { "type": "Point", "coordinates": [ 114.639, 30.19 ] } },
{ "type": "Feature", "properties": { "pt_id": " 18081", "trajectory_id": 18, "北京时间": "2026-05-07 10:00", "lon": 114.668, "lat": 30.151, "height": 47.0 }, "geometry": { "type": "Point", "coordinates": [ 114.668, 30.151 ] } },
{ "type": "Feature", "properties": { "pt_id": " 18082", "trajectory_id": 18, "北京时间": "2026-05-07 09:00", "lon": 114.698, "lat": 30.116, "height": 60.0 }, "geometry": { "type": "Point", "coordinates": [ 114.698, 30.116 ] } },
{ "type": "Feature", "properties": { "pt_id": " 18083", "trajectory_id": 18, "北京时间": "2026-05-07 08:00", "lon": 114.731, "lat": 30.087, "height": 70.0 }, "geometry": { "type": "Point", "coordinates": [ 114.731, 30.087 ] } },
{ "type": "Feature", "properties": { "pt_id": " 18084", "trajectory_id": 18, "北京时间": "2026-05-07 07:00", "lon": 114.768, "lat": 30.065, "height": 74.0 }, "geometry": { "type": "Point", "coordinates": [ 114.768, 30.065 ] } },
{ "type": "Feature", "properties": { "pt_id": " 18085", "trajectory_id": 18, "北京时间": "2026-05-07 06:00", "lon": 114.805, "lat": 30.049, "height": 75.0 }, "geometry": { "type": "Point", "coordinates": [ 114.805, 30.049 ] } },
{ "type": "Feature", "properties": { "pt_id": " 18086", "trajectory_id": 18, "北京时间": "2026-05-07 05:00", "lon": 114.841, "lat": 30.035, "height": 75.0 }, "geometry": { "type": "Point", "coordinates": [ 114.841, 30.035 ] } },
{ "type": "Feature", "properties": { "pt_id": " 18087", "trajectory_id": 18, "北京时间": "2026-05-07 04:00", "lon": 114.874, "lat": 30.024, "height": 75.0 }, "geometry": { "type": "Point", "coordinates": [ 114.874, 30.024 ] } },
{ "type": "Feature", "properties": { "pt_id": " 18088", "trajectory_id": 18, "北京时间": "2026-05-07 03:00", "lon": 114.901, "lat": 30.012, "height": 76.0 }, "geometry": { "type": "Point", "coordinates": [ 114.901, 30.012 ] } },
{ "type": "Feature", "properties": { "pt_id": " 18089", "trajectory_id": 18, "北京时间": "2026-05-07 02:00", "lon": 114.923, "lat": 29.993, "height": 80.0 }, "geometry": { "type": "Point", "coordinates": [ 114.923, 29.993 ] } },
{ "type": "Feature", "properties": { "pt_id": " 18090", "trajectory_id": 18, "北京时间": "2026-05-07 01:00", "lon": 114.938, "lat": 29.967, "height": 87.0 }, "geometry": { "type": "Point", "coordinates": [ 114.938, 29.967 ] } },
{ "type": "Feature", "properties": { "pt_id": " 18091", "trajectory_id": 18, "北京时间": "2026-05-07 00:00", "lon": 114.945, "lat": 29.935, "height": 97.0 }, "geometry": { "type": "Point", "coordinates": [ 114.945, 29.935 ] } },
{ "type": "Feature", "properties": { "pt_id": " 18092", "trajectory_id": 18, "北京时间": "2026-05-06 23:00", "lon": 114.938, "lat": 29.899, "height": 113.0 }, "geometry": { "type": "Point", "coordinates": [ 114.938, 29.899 ] } },
{ "type": "Feature", "properties": { "pt_id": " 18093", "trajectory_id": 18, "北京时间": "2026-05-06 22:00", "lon": 114.915, "lat": 29.862, "height": 133.0 }, "geometry": { "type": "Point", "coordinates": [ 114.915, 29.862 ] } },
{ "type": "Feature", "properties": { "pt_id": " 18094", "trajectory_id": 18, "北京时间": "2026-05-06 21:00", "lon": 114.879, "lat": 29.834, "height": 155.0 }, "geometry": { "type": "Point", "coordinates": [ 114.879, 29.834 ] } },
{ "type": "Feature", "properties": { "pt_id": " 18095", "trajectory_id": 18, "北京时间": "2026-05-06 20:00", "lon": 114.839, "lat": 29.819, "height": 182.0 }, "geometry": { "type": "Point", "coordinates": [ 114.839, 29.819 ] } },
{ "type": "Feature", "properties": { "pt_id": " 18096", "trajectory_id": 18, "北京时间": "2026-05-06 19:00", "lon": 114.801, "lat": 29.818, "height": 214.0 }, "geometry": { "type": "Point", "coordinates": [ 114.801, 29.818 ] } },
{ "type": "Feature", "properties": { "pt_id": " 18097", "trajectory_id": 18, "北京时间": "2026-05-06 18:00", "lon": 114.776, "lat": 29.833, "height": 245.0 }, "geometry": { "type": "Point", "coordinates": [ 114.776, 29.833 ] } },
{ "type": "Feature", "properties": { "pt_id": " 18098", "trajectory_id": 18, "北京时间": "2026-05-06 17:00", "lon": 114.773, "lat": 29.874, "height": 264.0 }, "geometry": { "type": "Point", "coordinates": [ 114.773, 29.874 ] } },
{ "type": "Feature", "properties": { "pt_id": " 18099", "trajectory_id": 18, "北京时间": "2026-05-06 16:00", "lon": 114.793, "lat": 29.948, "height": 271.0 }, "geometry": { "type": "Point", "coordinates": [ 114.793, 29.948 ] } },
{ "type": "Feature", "properties": { "pt_id": " 18100", "trajectory_id": 18, "北京时间": "2026-05-06 15:00", "lon": 114.819, "lat": 30.062, "height": 275.0 }, "geometry": { "type": "Point", "coordinates": [ 114.819, 30.062 ] } },
{ "type": "Feature", "properties": { "pt_id": " 18101", "trajectory_id": 18, "北京时间": "2026-05-06 14:00", "lon": 114.828, "lat": 30.215, "height": 296.0 }, "geometry": { "type": "Point", "coordinates": [ 114.828, 30.215 ] } },
{ "type": "Feature", "properties": { "pt_id": " 18102", "trajectory_id": 18, "北京时间": "2026-05-06 13:00", "lon": 114.822, "lat": 30.422, "height": 332.0 }, "geometry": { "type": "Point", "coordinates": [ 114.822, 30.422 ] } },
{ "type": "Feature", "properties": { "pt_id": " 18103", "trajectory_id": 18, "北京时间": "2026-05-06 12:00", "lon": 114.804, "lat": 30.662, "height": 409.0 }, "geometry": { "type": "Point", "coordinates": [ 114.804, 30.662 ] } },
{ "type": "Feature", "properties": { "pt_id": " 18104", "trajectory_id": 18, "北京时间": "2026-05-06 11:00", "lon": 114.786, "lat": 30.901, "height": 461.0 }, "geometry": { "type": "Point", "coordinates": [ 114.786, 30.901 ] } },
{ "type": "Feature", "properties": { "pt_id": " 18105", "trajectory_id": 18, "北京时间": "2026-05-06 10:00", "lon": 114.769, "lat": 31.165, "height": 471.0 }, "geometry": { "type": "Point", "coordinates": [ 114.769, 31.165 ] } },
{ "type": "Feature", "properties": { "pt_id": " 18106", "trajectory_id": 18, "北京时间": "2026-05-06 09:00", "lon": 114.742, "lat": 31.447, "height": 591.0 }, "geometry": { "type": "Point", "coordinates": [ 114.742, 31.447 ] } },
{ "type": "Feature", "properties": { "pt_id": " 18107", "trajectory_id": 18, "北京时间": "2026-05-06 08:00", "lon": 114.707, "lat": 31.72, "height": 723.0 }, "geometry": { "type": "Point", "coordinates": [ 114.707, 31.72 ] } },
{ "type": "Feature", "properties": { "pt_id": " 18108", "trajectory_id": 18, "北京时间": "2026-05-06 07:00", "lon": 114.651, "lat": 31.966, "height": 788.0 }, "geometry": { "type": "Point", "coordinates": [ 114.651, 31.966 ] } },
{ "type": "Feature", "properties": { "pt_id": " 18109", "trajectory_id": 18, "北京时间": "2026-05-06 06:00", "lon": 114.578, "lat": 32.23, "height": 809.0 }, "geometry": { "type": "Point", "coordinates": [ 114.578, 32.23 ] } },
{ "type": "Feature", "properties": { "pt_id": " 18110", "trajectory_id": 18, "北京时间": "2026-05-06 05:00", "lon": 114.501, "lat": 32.54, "height": 820.0 }, "geometry": { "type": "Point", "coordinates": [ 114.501, 32.54 ] } },
{ "type": "Feature", "properties": { "pt_id": " 18111", "trajectory_id": 18, "北京时间": "2026-05-06 04:00", "lon": 114.435, "lat": 32.908, "height": 859.0 }, "geometry": { "type": "Point", "coordinates": [ 114.435, 32.908 ] } },
{ "type": "Feature", "properties": { "pt_id": " 18112", "trajectory_id": 18, "北京时间": "2026-05-06 03:00", "lon": 114.347, "lat": 33.356, "height": 868.0 }, "geometry": { "type": "Point", "coordinates": [ 114.347, 33.356 ] } },
{ "type": "Feature", "properties": { "pt_id": " 18113", "trajectory_id": 18, "北京时间": "2026-05-06 02:00", "lon": 114.192, "lat": 33.781, "height": 891.0 }, "geometry": { "type": "Point", "coordinates": [ 114.192, 33.781 ] } },
{ "type": "Feature", "properties": { "pt_id": " 18114", "trajectory_id": 18, "北京时间": "2026-05-06 01:00", "lon": 114.116, "lat": 34.163, "height": 979.0 }, "geometry": { "type": "Point", "coordinates": [ 114.116, 34.163 ] } },
{ "type": "Feature", "properties": { "pt_id": " 18115", "trajectory_id": 18, "北京时间": "2026-05-06 00:00", "lon": 114.116, "lat": 34.559, "height": 1056.0 }, "geometry": { "type": "Point", "coordinates": [ 114.116, 34.559 ] } },
{ "type": "Feature", "properties": { "pt_id": " 18116", "trajectory_id": 18, "北京时间": "2026-05-05 23:00", "lon": 114.032, "lat": 34.965, "height": 973.0 }, "geometry": { "type": "Point", "coordinates": [ 114.032, 34.965 ] } },
{ "type": "Feature", "properties": { "pt_id": " 19000", "trajectory_id": 19, "北京时间": "2026-05-07 23:00", "lon": 113.942, "lat": 30.907, "height": 10.0 }, "geometry": { "type": "Point", "coordinates": [ 113.942, 30.907 ] } },
{ "type": "Feature", "properties": { "pt_id": " 19073", "trajectory_id": 19, "北京时间": "2026-05-07 22:00", "lon": 114.005, "lat": 30.82, "height": 10.0 }, "geometry": { "type": "Point", "coordinates": [ 114.005, 30.82 ] } },
{ "type": "Feature", "properties": { "pt_id": " 19074", "trajectory_id": 19, "北京时间": "2026-05-07 21:00", "lon": 114.053, "lat": 30.727, "height": 11.0 }, "geometry": { "type": "Point", "coordinates": [ 114.053, 30.727 ] } },
{ "type": "Feature", "properties": { "pt_id": " 19075", "trajectory_id": 19, "北京时间": "2026-05-07 20:00", "lon": 114.094, "lat": 30.636, "height": 16.0 }, "geometry": { "type": "Point", "coordinates": [ 114.094, 30.636 ] } },
{ "type": "Feature", "properties": { "pt_id": " 19076", "trajectory_id": 19, "北京时间": "2026-05-07 19:00", "lon": 114.133, "lat": 30.545, "height": 25.0 }, "geometry": { "type": "Point", "coordinates": [ 114.133, 30.545 ] } },
{ "type": "Feature", "properties": { "pt_id": " 19077", "trajectory_id": 19, "北京时间": "2026-05-07 18:00", "lon": 114.163, "lat": 30.448, "height": 36.0 }, "geometry": { "type": "Point", "coordinates": [ 114.163, 30.448 ] } },
{ "type": "Feature", "properties": { "pt_id": " 19078", "trajectory_id": 19, "北京时间": "2026-05-07 17:00", "lon": 114.176, "lat": 30.349, "height": 45.0 }, "geometry": { "type": "Point", "coordinates": [ 114.176, 30.349 ] } },
{ "type": "Feature", "properties": { "pt_id": " 19079", "trajectory_id": 19, "北京时间": "2026-05-07 16:00", "lon": 114.182, "lat": 30.261, "height": 55.0 }, "geometry": { "type": "Point", "coordinates": [ 114.182, 30.261 ] } },
{ "type": "Feature", "properties": { "pt_id": " 19080", "trajectory_id": 19, "北京时间": "2026-05-07 15:00", "lon": 114.193, "lat": 30.191, "height": 64.0 }, "geometry": { "type": "Point", "coordinates": [ 114.193, 30.191 ] } },
{ "type": "Feature", "properties": { "pt_id": " 19081", "trajectory_id": 19, "北京时间": "2026-05-07 14:00", "lon": 114.208, "lat": 30.137, "height": 73.0 }, "geometry": { "type": "Point", "coordinates": [ 114.208, 30.137 ] } },
{ "type": "Feature", "properties": { "pt_id": " 19082", "trajectory_id": 19, "北京时间": "2026-05-07 13:00", "lon": 114.227, "lat": 30.095, "height": 87.0 }, "geometry": { "type": "Point", "coordinates": [ 114.227, 30.095 ] } },
{ "type": "Feature", "properties": { "pt_id": " 19083", "trajectory_id": 19, "北京时间": "2026-05-07 12:00", "lon": 114.247, "lat": 30.06, "height": 108.0 }, "geometry": { "type": "Point", "coordinates": [ 114.247, 30.06 ] } },
{ "type": "Feature", "properties": { "pt_id": " 19084", "trajectory_id": 19, "北京时间": "2026-05-07 11:00", "lon": 114.272, "lat": 30.029, "height": 134.0 }, "geometry": { "type": "Point", "coordinates": [ 114.272, 30.029 ] } },
{ "type": "Feature", "properties": { "pt_id": " 19085", "trajectory_id": 19, "北京时间": "2026-05-07 10:00", "lon": 114.301, "lat": 30.0, "height": 156.0 }, "geometry": { "type": "Point", "coordinates": [ 114.301, 30.0 ] } },
{ "type": "Feature", "properties": { "pt_id": " 19086", "trajectory_id": 19, "北京时间": "2026-05-07 09:00", "lon": 114.326, "lat": 29.971, "height": 171.0 }, "geometry": { "type": "Point", "coordinates": [ 114.326, 29.971 ] } },
{ "type": "Feature", "properties": { "pt_id": " 19087", "trajectory_id": 19, "北京时间": "2026-05-07 08:00", "lon": 114.346, "lat": 29.938, "height": 182.0 }, "geometry": { "type": "Point", "coordinates": [ 114.346, 29.938 ] } },
{ "type": "Feature", "properties": { "pt_id": " 19088", "trajectory_id": 19, "北京时间": "2026-05-07 07:00", "lon": 114.356, "lat": 29.901, "height": 194.0 }, "geometry": { "type": "Point", "coordinates": [ 114.356, 29.901 ] } },
{ "type": "Feature", "properties": { "pt_id": " 19089", "trajectory_id": 19, "北京时间": "2026-05-07 06:00", "lon": 114.353, "lat": 29.857, "height": 211.0 }, "geometry": { "type": "Point", "coordinates": [ 114.353, 29.857 ] } },
{ "type": "Feature", "properties": { "pt_id": " 19090", "trajectory_id": 19, "北京时间": "2026-05-07 05:00", "lon": 114.34, "lat": 29.809, "height": 236.0 }, "geometry": { "type": "Point", "coordinates": [ 114.34, 29.809 ] } },
{ "type": "Feature", "properties": { "pt_id": " 19091", "trajectory_id": 19, "北京时间": "2026-05-07 04:00", "lon": 114.319, "lat": 29.76, "height": 273.0 }, "geometry": { "type": "Point", "coordinates": [ 114.319, 29.76 ] } },
{ "type": "Feature", "properties": { "pt_id": " 19092", "trajectory_id": 19, "北京时间": "2026-05-07 03:00", "lon": 114.29, "lat": 29.712, "height": 316.0 }, "geometry": { "type": "Point", "coordinates": [ 114.29, 29.712 ] } },
{ "type": "Feature", "properties": { "pt_id": " 19093", "trajectory_id": 19, "北京时间": "2026-05-07 02:00", "lon": 114.257, "lat": 29.667, "height": 360.0 }, "geometry": { "type": "Point", "coordinates": [ 114.257, 29.667 ] } },
{ "type": "Feature", "properties": { "pt_id": " 19094", "trajectory_id": 19, "北京时间": "2026-05-07 01:00", "lon": 114.241, "lat": 29.632, "height": 414.0 }, "geometry": { "type": "Point", "coordinates": [ 114.241, 29.632 ] } },
{ "type": "Feature", "properties": { "pt_id": " 19095", "trajectory_id": 19, "北京时间": "2026-05-07 00:00", "lon": 114.267, "lat": 29.617, "height": 491.0 }, "geometry": { "type": "Point", "coordinates": [ 114.267, 29.617 ] } },
{ "type": "Feature", "properties": { "pt_id": " 19096", "trajectory_id": 19, "北京时间": "2026-05-06 23:00", "lon": 114.331, "lat": 29.633, "height": 597.0 }, "geometry": { "type": "Point", "coordinates": [ 114.331, 29.633 ] } },
{ "type": "Feature", "properties": { "pt_id": " 19097", "trajectory_id": 19, "北京时间": "2026-05-06 22:00", "lon": 114.406, "lat": 29.689, "height": 703.0 }, "geometry": { "type": "Point", "coordinates": [ 114.406, 29.689 ] } },
{ "type": "Feature", "properties": { "pt_id": " 19098", "trajectory_id": 19, "北京时间": "2026-05-06 21:00", "lon": 114.475, "lat": 29.775, "height": 767.0 }, "geometry": { "type": "Point", "coordinates": [ 114.475, 29.775 ] } },
{ "type": "Feature", "properties": { "pt_id": " 19099", "trajectory_id": 19, "北京时间": "2026-05-06 20:00", "lon": 114.537, "lat": 29.888, "height": 773.0 }, "geometry": { "type": "Point", "coordinates": [ 114.537, 29.888 ] } },
{ "type": "Feature", "properties": { "pt_id": " 19100", "trajectory_id": 19, "北京时间": "2026-05-06 19:00", "lon": 114.582, "lat": 30.028, "height": 755.0 }, "geometry": { "type": "Point", "coordinates": [ 114.582, 30.028 ] } },
{ "type": "Feature", "properties": { "pt_id": " 19101", "trajectory_id": 19, "北京时间": "2026-05-06 18:00", "lon": 114.603, "lat": 30.201, "height": 760.0 }, "geometry": { "type": "Point", "coordinates": [ 114.603, 30.201 ] } },
{ "type": "Feature", "properties": { "pt_id": " 19102", "trajectory_id": 19, "北京时间": "2026-05-06 17:00", "lon": 114.607, "lat": 30.412, "height": 799.0 }, "geometry": { "type": "Point", "coordinates": [ 114.607, 30.412 ] } },
{ "type": "Feature", "properties": { "pt_id": " 19103", "trajectory_id": 19, "北京时间": "2026-05-06 16:00", "lon": 114.587, "lat": 30.643, "height": 908.0 }, "geometry": { "type": "Point", "coordinates": [ 114.587, 30.643 ] } },
{ "type": "Feature", "properties": { "pt_id": " 19104", "trajectory_id": 19, "北京时间": "2026-05-06 15:00", "lon": 114.556, "lat": 30.889, "height": 961.0 }, "geometry": { "type": "Point", "coordinates": [ 114.556, 30.889 ] } },
{ "type": "Feature", "properties": { "pt_id": " 19105", "trajectory_id": 19, "北京时间": "2026-05-06 14:00", "lon": 114.53, "lat": 31.159, "height": 1046.0 }, "geometry": { "type": "Point", "coordinates": [ 114.53, 31.159 ] } },
{ "type": "Feature", "properties": { "pt_id": " 19106", "trajectory_id": 19, "北京时间": "2026-05-06 13:00", "lon": 114.489, "lat": 31.448, "height": 1227.0 }, "geometry": { "type": "Point", "coordinates": [ 114.489, 31.448 ] } },
{ "type": "Feature", "properties": { "pt_id": " 19107", "trajectory_id": 19, "北京时间": "2026-05-06 12:00", "lon": 114.442, "lat": 31.802, "height": 1378.0 }, "geometry": { "type": "Point", "coordinates": [ 114.442, 31.802 ] } },
{ "type": "Feature", "properties": { "pt_id": " 19108", "trajectory_id": 19, "北京时间": "2026-05-06 11:00", "lon": 114.381, "lat": 32.183, "height": 1459.0 }, "geometry": { "type": "Point", "coordinates": [ 114.381, 32.183 ] } },
{ "type": "Feature", "properties": { "pt_id": " 19109", "trajectory_id": 19, "北京时间": "2026-05-06 10:00", "lon": 114.295, "lat": 32.56, "height": 1469.0 }, "geometry": { "type": "Point", "coordinates": [ 114.295, 32.56 ] } },
{ "type": "Feature", "properties": { "pt_id": " 19110", "trajectory_id": 19, "北京时间": "2026-05-06 09:00", "lon": 114.22, "lat": 32.965, "height": 1487.0 }, "geometry": { "type": "Point", "coordinates": [ 114.22, 32.965 ] } },
{ "type": "Feature", "properties": { "pt_id": " 19111", "trajectory_id": 19, "北京时间": "2026-05-06 08:00", "lon": 114.132, "lat": 33.4, "height": 1473.0 }, "geometry": { "type": "Point", "coordinates": [ 114.132, 33.4 ] } },
{ "type": "Feature", "properties": { "pt_id": " 19112", "trajectory_id": 19, "北京时间": "2026-05-06 07:00", "lon": 114.025, "lat": 33.821, "height": 1514.0 }, "geometry": { "type": "Point", "coordinates": [ 114.025, 33.821 ] } },
{ "type": "Feature", "properties": { "pt_id": " 19113", "trajectory_id": 19, "北京时间": "2026-05-06 06:00", "lon": 113.998, "lat": 34.247, "height": 1685.0 }, "geometry": { "type": "Point", "coordinates": [ 113.998, 34.247 ] } },
{ "type": "Feature", "properties": { "pt_id": " 19114", "trajectory_id": 19, "北京时间": "2026-05-06 05:00", "lon": 113.988, "lat": 34.716, "height": 1806.0 }, "geometry": { "type": "Point", "coordinates": [ 113.988, 34.716 ] } },
{ "type": "Feature", "properties": { "pt_id": " 19115", "trajectory_id": 19, "北京时间": "2026-05-06 04:00", "lon": 113.956, "lat": 35.187, "height": 1770.0 }, "geometry": { "type": "Point", "coordinates": [ 113.956, 35.187 ] } },
{ "type": "Feature", "properties": { "pt_id": " 19116", "trajectory_id": 19, "北京时间": "2026-05-06 03:00", "lon": 113.978, "lat": 35.706, "height": 1876.0 }, "geometry": { "type": "Point", "coordinates": [ 113.978, 35.706 ] } },
{ "type": "Feature", "properties": { "pt_id": " 19117", "trajectory_id": 19, "北京时间": "2026-05-06 02:00", "lon": 114.036, "lat": 36.275, "height": 2299.0 }, "geometry": { "type": "Point", "coordinates": [ 114.036, 36.275 ] } },
{ "type": "Feature", "properties": { "pt_id": " 19118", "trajectory_id": 19, "北京时间": "2026-05-06 01:00", "lon": 114.007, "lat": 36.83, "height": 2410.0 }, "geometry": { "type": "Point", "coordinates": [ 114.007, 36.83 ] } },
{ "type": "Feature", "properties": { "pt_id": " 19119", "trajectory_id": 19, "北京时间": "2026-05-06 00:00", "lon": 113.896, "lat": 37.341, "height": 2561.0 }, "geometry": { "type": "Point", "coordinates": [ 113.896, 37.341 ] } },
{ "type": "Feature", "properties": { "pt_id": " 19120", "trajectory_id": 19, "北京时间": "2026-05-05 23:00", "lon": 113.826, "lat": 37.801, "height": 2750.0 }, "geometry": { "type": "Point", "coordinates": [ 113.826, 37.801 ] } },
{ "type": "Feature", "properties": { "pt_id": " 20000", "trajectory_id": 20, "北京时间": "2026-05-07 23:00", "lon": 113.942, "lat": 30.907, "height": 10.0 }, "geometry": { "type": "Point", "coordinates": [ 113.942, 30.907 ] } },
{ "type": "Feature", "properties": { "pt_id": " 20077", "trajectory_id": 20, "北京时间": "2026-05-07 22:00", "lon": 113.941, "lat": 30.788, "height": 10.0 }, "geometry": { "type": "Point", "coordinates": [ 113.941, 30.788 ] } },
{ "type": "Feature", "properties": { "pt_id": " 20078", "trajectory_id": 20, "北京时间": "2026-05-07 21:00", "lon": 113.935, "lat": 30.666, "height": 12.0 }, "geometry": { "type": "Point", "coordinates": [ 113.935, 30.666 ] } },
{ "type": "Feature", "properties": { "pt_id": " 20079", "trajectory_id": 20, "北京时间": "2026-05-07 20:00", "lon": 113.937, "lat": 30.545, "height": 15.0 }, "geometry": { "type": "Point", "coordinates": [ 113.937, 30.545 ] } },
{ "type": "Feature", "properties": { "pt_id": " 20080", "trajectory_id": 20, "北京时间": "2026-05-07 19:00", "lon": 113.948, "lat": 30.434, "height": 19.0 }, "geometry": { "type": "Point", "coordinates": [ 113.948, 30.434 ] } },
{ "type": "Feature", "properties": { "pt_id": " 20081", "trajectory_id": 20, "北京时间": "2026-05-07 18:00", "lon": 113.967, "lat": 30.333, "height": 21.0 }, "geometry": { "type": "Point", "coordinates": [ 113.967, 30.333 ] } },
{ "type": "Feature", "properties": { "pt_id": " 20082", "trajectory_id": 20, "北京时间": "2026-05-07 17:00", "lon": 113.994, "lat": 30.246, "height": 21.0 }, "geometry": { "type": "Point", "coordinates": [ 113.994, 30.246 ] } },
{ "type": "Feature", "properties": { "pt_id": " 20083", "trajectory_id": 20, "北京时间": "2026-05-07 16:00", "lon": 114.019, "lat": 30.175, "height": 21.0 }, "geometry": { "type": "Point", "coordinates": [ 114.019, 30.175 ] } },
{ "type": "Feature", "properties": { "pt_id": " 20084", "trajectory_id": 20, "北京时间": "2026-05-07 15:00", "lon": 114.04, "lat": 30.118, "height": 20.0 }, "geometry": { "type": "Point", "coordinates": [ 114.04, 30.118 ] } },
{ "type": "Feature", "properties": { "pt_id": " 20085", "trajectory_id": 20, "北京时间": "2026-05-07 14:00", "lon": 114.057, "lat": 30.071, "height": 20.0 }, "geometry": { "type": "Point", "coordinates": [ 114.057, 30.071 ] } },
{ "type": "Feature", "properties": { "pt_id": " 20086", "trajectory_id": 20, "北京时间": "2026-05-07 13:00", "lon": 114.069, "lat": 30.03, "height": 20.0 }, "geometry": { "type": "Point", "coordinates": [ 114.069, 30.03 ] } },
{ "type": "Feature", "properties": { "pt_id": " 20087", "trajectory_id": 20, "北京时间": "2026-05-07 12:00", "lon": 114.075, "lat": 29.991, "height": 20.0 }, "geometry": { "type": "Point", "coordinates": [ 114.075, 29.991 ] } },
{ "type": "Feature", "properties": { "pt_id": " 20088", "trajectory_id": 20, "北京时间": "2026-05-07 11:00", "lon": 114.074, "lat": 29.951, "height": 22.0 }, "geometry": { "type": "Point", "coordinates": [ 114.074, 29.951 ] } },
{ "type": "Feature", "properties": { "pt_id": " 20089", "trajectory_id": 20, "北京时间": "2026-05-07 10:00", "lon": 114.062, "lat": 29.908, "height": 27.0 }, "geometry": { "type": "Point", "coordinates": [ 114.062, 29.908 ] } },
{ "type": "Feature", "properties": { "pt_id": " 20090", "trajectory_id": 20, "北京时间": "2026-05-07 09:00", "lon": 114.045, "lat": 29.862, "height": 37.0 }, "geometry": { "type": "Point", "coordinates": [ 114.045, 29.862 ] } },
{ "type": "Feature", "properties": { "pt_id": " 20091", "trajectory_id": 20, "北京时间": "2026-05-07 08:00", "lon": 114.023, "lat": 29.813, "height": 55.0 }, "geometry": { "type": "Point", "coordinates": [ 114.023, 29.813 ] } },
{ "type": "Feature", "properties": { "pt_id": " 20092", "trajectory_id": 20, "北京时间": "2026-05-07 07:00", "lon": 113.999, "lat": 29.758, "height": 85.0 }, "geometry": { "type": "Point", "coordinates": [ 113.999, 29.758 ] } },
{ "type": "Feature", "properties": { "pt_id": " 20093", "trajectory_id": 20, "北京时间": "2026-05-07 06:00", "lon": 113.966, "lat": 29.697, "height": 122.0 }, "geometry": { "type": "Point", "coordinates": [ 113.966, 29.697 ] } },
{ "type": "Feature", "properties": { "pt_id": " 20094", "trajectory_id": 20, "北京时间": "2026-05-07 05:00", "lon": 113.934, "lat": 29.64, "height": 154.0 }, "geometry": { "type": "Point", "coordinates": [ 113.934, 29.64 ] } },
{ "type": "Feature", "properties": { "pt_id": " 20095", "trajectory_id": 20, "北京时间": "2026-05-07 04:00", "lon": 113.923, "lat": 29.599, "height": 181.0 }, "geometry": { "type": "Point", "coordinates": [ 113.923, 29.599 ] } },
{ "type": "Feature", "properties": { "pt_id": " 20096", "trajectory_id": 20, "北京时间": "2026-05-07 03:00", "lon": 113.933, "lat": 29.571, "height": 204.0 }, "geometry": { "type": "Point", "coordinates": [ 113.933, 29.571 ] } },
{ "type": "Feature", "properties": { "pt_id": " 20097", "trajectory_id": 20, "北京时间": "2026-05-07 02:00", "lon": 113.958, "lat": 29.556, "height": 223.0 }, "geometry": { "type": "Point", "coordinates": [ 113.958, 29.556 ] } },
{ "type": "Feature", "properties": { "pt_id": " 20098", "trajectory_id": 20, "北京时间": "2026-05-07 01:00", "lon": 113.989, "lat": 29.555, "height": 237.0 }, "geometry": { "type": "Point", "coordinates": [ 113.989, 29.555 ] } },
{ "type": "Feature", "properties": { "pt_id": " 20099", "trajectory_id": 20, "北京时间": "2026-05-07 00:00", "lon": 114.024, "lat": 29.566, "height": 245.0 }, "geometry": { "type": "Point", "coordinates": [ 114.024, 29.566 ] } },
{ "type": "Feature", "properties": { "pt_id": " 20100", "trajectory_id": 20, "北京时间": "2026-05-06 23:00", "lon": 114.06, "lat": 29.604, "height": 249.0 }, "geometry": { "type": "Point", "coordinates": [ 114.06, 29.604 ] } },
{ "type": "Feature", "properties": { "pt_id": " 20101", "trajectory_id": 20, "北京时间": "2026-05-06 22:00", "lon": 114.093, "lat": 29.683, "height": 240.0 }, "geometry": { "type": "Point", "coordinates": [ 114.093, 29.683 ] } },
{ "type": "Feature", "properties": { "pt_id": " 20102", "trajectory_id": 20, "北京时间": "2026-05-06 21:00", "lon": 114.125, "lat": 29.795, "height": 197.0 }, "geometry": { "type": "Point", "coordinates": [ 114.125, 29.795 ] } },
{ "type": "Feature", "properties": { "pt_id": " 20103", "trajectory_id": 20, "北京时间": "2026-05-06 20:00", "lon": 114.153, "lat": 29.934, "height": 136.0 }, "geometry": { "type": "Point", "coordinates": [ 114.153, 29.934 ] } },
{ "type": "Feature", "properties": { "pt_id": " 20104", "trajectory_id": 20, "北京时间": "2026-05-06 19:00", "lon": 114.169, "lat": 30.095, "height": 99.0 }, "geometry": { "type": "Point", "coordinates": [ 114.169, 30.095 ] } },
{ "type": "Feature", "properties": { "pt_id": " 20105", "trajectory_id": 20, "北京时间": "2026-05-06 18:00", "lon": 114.175, "lat": 30.3, "height": 83.0 }, "geometry": { "type": "Point", "coordinates": [ 114.175, 30.3 ] } },
{ "type": "Feature", "properties": { "pt_id": " 20106", "trajectory_id": 20, "北京时间": "2026-05-06 17:00", "lon": 114.178, "lat": 30.526, "height": 83.0 }, "geometry": { "type": "Point", "coordinates": [ 114.178, 30.526 ] } },
{ "type": "Feature", "properties": { "pt_id": " 20107", "trajectory_id": 20, "北京时间": "2026-05-06 16:00", "lon": 114.182, "lat": 30.756, "height": 86.0 }, "geometry": { "type": "Point", "coordinates": [ 114.182, 30.756 ] } },
{ "type": "Feature", "properties": { "pt_id": " 20108", "trajectory_id": 20, "北京时间": "2026-05-06 15:00", "lon": 114.178, "lat": 30.998, "height": 121.0 }, "geometry": { "type": "Point", "coordinates": [ 114.178, 30.998 ] } },
{ "type": "Feature", "properties": { "pt_id": " 20109", "trajectory_id": 20, "北京时间": "2026-05-06 14:00", "lon": 114.18, "lat": 31.25, "height": 183.0 }, "geometry": { "type": "Point", "coordinates": [ 114.18, 31.25 ] } },
{ "type": "Feature", "properties": { "pt_id": " 20110", "trajectory_id": 20, "北京时间": "2026-05-06 13:00", "lon": 114.2, "lat": 31.491, "height": 239.0 }, "geometry": { "type": "Point", "coordinates": [ 114.2, 31.491 ] } },
{ "type": "Feature", "properties": { "pt_id": " 20111", "trajectory_id": 20, "北京时间": "2026-05-06 12:00", "lon": 114.222, "lat": 31.714, "height": 293.0 }, "geometry": { "type": "Point", "coordinates": [ 114.222, 31.714 ] } },
{ "type": "Feature", "properties": { "pt_id": " 20112", "trajectory_id": 20, "北京时间": "2026-05-06 11:00", "lon": 114.19, "lat": 31.972, "height": 319.0 }, "geometry": { "type": "Point", "coordinates": [ 114.19, 31.972 ] } },
{ "type": "Feature", "properties": { "pt_id": " 20113", "trajectory_id": 20, "北京时间": "2026-05-06 10:00", "lon": 114.11, "lat": 32.29, "height": 289.0 }, "geometry": { "type": "Point", "coordinates": [ 114.11, 32.29 ] } },
{ "type": "Feature", "properties": { "pt_id": " 20114", "trajectory_id": 20, "北京时间": "2026-05-06 09:00", "lon": 114.065, "lat": 32.674, "height": 378.0 }, "geometry": { "type": "Point", "coordinates": [ 114.065, 32.674 ] } },
{ "type": "Feature", "properties": { "pt_id": " 20115", "trajectory_id": 20, "北京时间": "2026-05-06 08:00", "lon": 114.035, "lat": 33.093, "height": 371.0 }, "geometry": { "type": "Point", "coordinates": [ 114.035, 33.093 ] } },
{ "type": "Feature", "properties": { "pt_id": " 20116", "trajectory_id": 20, "北京时间": "2026-05-06 07:00", "lon": 114.029, "lat": 33.55, "height": 367.0 }, "geometry": { "type": "Point", "coordinates": [ 114.029, 33.55 ] } },
{ "type": "Feature", "properties": { "pt_id": " 20117", "trajectory_id": 20, "北京时间": "2026-05-06 06:00", "lon": 114.115, "lat": 34.045, "height": 373.0 }, "geometry": { "type": "Point", "coordinates": [ 114.115, 34.045 ] } },
{ "type": "Feature", "properties": { "pt_id": " 20118", "trajectory_id": 20, "北京时间": "2026-05-06 05:00", "lon": 114.143, "lat": 34.488, "height": 315.0 }, "geometry": { "type": "Point", "coordinates": [ 114.143, 34.488 ] } },
{ "type": "Feature", "properties": { "pt_id": " 20119", "trajectory_id": 20, "北京时间": "2026-05-06 04:00", "lon": 114.266, "lat": 34.976, "height": 270.0 }, "geometry": { "type": "Point", "coordinates": [ 114.266, 34.976 ] } },
{ "type": "Feature", "properties": { "pt_id": " 20120", "trajectory_id": 20, "北京时间": "2026-05-06 03:00", "lon": 114.471, "lat": 35.554, "height": 416.0 }, "geometry": { "type": "Point", "coordinates": [ 114.471, 35.554 ] } },
{ "type": "Feature", "properties": { "pt_id": " 20121", "trajectory_id": 20, "北京时间": "2026-05-06 02:00", "lon": 114.575, "lat": 36.08, "height": 509.0 }, "geometry": { "type": "Point", "coordinates": [ 114.575, 36.08 ] } },
{ "type": "Feature", "properties": { "pt_id": " 20122", "trajectory_id": 20, "北京时间": "2026-05-06 01:00", "lon": 114.672, "lat": 36.49, "height": 351.0 }, "geometry": { "type": "Point", "coordinates": [ 114.672, 36.49 ] } },
{ "type": "Feature", "properties": { "pt_id": " 20123", "trajectory_id": 20, "北京时间": "2026-05-06 00:00", "lon": 114.761, "lat": 37.041, "height": 405.0 }, "geometry": { "type": "Point", "coordinates": [ 114.761, 37.041 ] } },
{ "type": "Feature", "properties": { "pt_id": " 20124", "trajectory_id": 20, "北京时间": "2026-05-05 23:00", "lon": 114.845, "lat": 37.5, "height": 511.0 }, "geometry": { "type": "Point", "coordinates": [ 114.845, 37.5 ] } }
]
}
