{
"type": "FeatureCollection",
"name": "东城轨迹和高度",
"crs": { "type": "name", "properties": { "name": "urn:ogc:def:crs:OGC:1.3:CRS84" } },
"features": [
{ "type": "Feature", "properties": { "pt_id": "  1000", "trajectory_id": 1, "北京时间": "2026-05-13 00:00", "lon": 113.942, "lat": 30.907, "height": 10.0 }, "geometry": { "type": "Point", "coordinates": [ 113.942, 30.907 ] } },
{ "type": "Feature", "properties": { "pt_id": "  1001", "trajectory_id": 1, "北京时间": "2026-05-12 23:00", "lon": 113.863, "lat": 30.849, "height": 11.0 }, "geometry": { "type": "Point", "coordinates": [ 113.863, 30.849 ] } },
{ "type": "Feature", "properties": { "pt_id": "  1002", "trajectory_id": 1, "北京时间": "2026-05-12 22:00", "lon": 113.807, "lat": 30.776, "height": 13.0 }, "geometry": { "type": "Point", "coordinates": [ 113.807, 30.776 ] } },
{ "type": "Feature", "properties": { "pt_id": "  1003", "trajectory_id": 1, "北京时间": "2026-05-12 21:00", "lon": 113.745, "lat": 30.704, "height": 16.0 }, "geometry": { "type": "Point", "coordinates": [ 113.745, 30.704 ] } },
{ "type": "Feature", "properties": { "pt_id": "  1004", "trajectory_id": 1, "北京时间": "2026-05-12 20:00", "lon": 113.688, "lat": 30.65, "height": 17.0 }, "geometry": { "type": "Point", "coordinates": [ 113.688, 30.65 ] } },
{ "type": "Feature", "properties": { "pt_id": "  1005", "trajectory_id": 1, "北京时间": "2026-05-12 19:00", "lon": 113.648, "lat": 30.603, "height": 17.0 }, "geometry": { "type": "Point", "coordinates": [ 113.648, 30.603 ] } },
{ "type": "Feature", "properties": { "pt_id": "  1006", "trajectory_id": 1, "北京时间": "2026-05-12 18:00", "lon": 113.633, "lat": 30.549, "height": 17.0 }, "geometry": { "type": "Point", "coordinates": [ 113.633, 30.549 ] } },
{ "type": "Feature", "properties": { "pt_id": "  1007", "trajectory_id": 1, "北京时间": "2026-05-12 17:00", "lon": 113.644, "lat": 30.492, "height": 14.0 }, "geometry": { "type": "Point", "coordinates": [ 113.644, 30.492 ] } },
{ "type": "Feature", "properties": { "pt_id": "  1008", "trajectory_id": 1, "北京时间": "2026-05-12 16:00", "lon": 113.665, "lat": 30.435, "height": 11.0 }, "geometry": { "type": "Point", "coordinates": [ 113.665, 30.435 ] } },
{ "type": "Feature", "properties": { "pt_id": "  1009", "trajectory_id": 1, "北京时间": "2026-05-12 15:00", "lon": 113.678, "lat": 30.372, "height": 10.0 }, "geometry": { "type": "Point", "coordinates": [ 113.678, 30.372 ] } },
{ "type": "Feature", "properties": { "pt_id": "  1010", "trajectory_id": 1, "北京时间": "2026-05-12 14:00", "lon": 113.682, "lat": 30.306, "height": 10.0 }, "geometry": { "type": "Point", "coordinates": [ 113.682, 30.306 ] } },
{ "type": "Feature", "properties": { "pt_id": "  1011", "trajectory_id": 1, "北京时间": "2026-05-12 13:00", "lon": 113.685, "lat": 30.247, "height": 6.0 }, "geometry": { "type": "Point", "coordinates": [ 113.685, 30.247 ] } },
{ "type": "Feature", "properties": { "pt_id": "  1012", "trajectory_id": 1, "北京时间": "2026-05-12 12:00", "lon": 113.698, "lat": 30.201, "height": 0.0 }, "geometry": { "type": "Point", "coordinates": [ 113.698, 30.201 ] } },
{ "type": "Feature", "properties": { "pt_id": "  1013", "trajectory_id": 1, "北京时间": "2026-05-12 11:00", "lon": 113.724, "lat": 30.167, "height": 0.0 }, "geometry": { "type": "Point", "coordinates": [ 113.724, 30.167 ] } },
{ "type": "Feature", "properties": { "pt_id": "  1014", "trajectory_id": 1, "北京时间": "2026-05-12 10:00", "lon": 113.764, "lat": 30.136, "height": 0.0 }, "geometry": { "type": "Point", "coordinates": [ 113.764, 30.136 ] } },
{ "type": "Feature", "properties": { "pt_id": "  1015", "trajectory_id": 1, "北京时间": "2026-05-12 09:00", "lon": 113.816, "lat": 30.1, "height": 0.0 }, "geometry": { "type": "Point", "coordinates": [ 113.816, 30.1 ] } },
{ "type": "Feature", "properties": { "pt_id": "  1016", "trajectory_id": 1, "北京时间": "2026-05-12 08:00", "lon": 113.876, "lat": 30.057, "height": 0.0 }, "geometry": { "type": "Point", "coordinates": [ 113.876, 30.057 ] } },
{ "type": "Feature", "properties": { "pt_id": "  1017", "trajectory_id": 1, "北京时间": "2026-05-12 07:00", "lon": 113.942, "lat": 30.013, "height": 0.0 }, "geometry": { "type": "Point", "coordinates": [ 113.942, 30.013 ] } },
{ "type": "Feature", "properties": { "pt_id": "  1018", "trajectory_id": 1, "北京时间": "2026-05-12 06:00", "lon": 114.018, "lat": 29.972, "height": 2.0 }, "geometry": { "type": "Point", "coordinates": [ 114.018, 29.972 ] } },
{ "type": "Feature", "properties": { "pt_id": "  1019", "trajectory_id": 1, "北京时间": "2026-05-12 05:00", "lon": 114.1, "lat": 29.933, "height": 9.0 }, "geometry": { "type": "Point", "coordinates": [ 114.1, 29.933 ] } },
{ "type": "Feature", "properties": { "pt_id": "  1020", "trajectory_id": 1, "北京时间": "2026-05-12 04:00", "lon": 114.178, "lat": 29.896, "height": 22.0 }, "geometry": { "type": "Point", "coordinates": [ 114.178, 29.896 ] } },
{ "type": "Feature", "properties": { "pt_id": "  1021", "trajectory_id": 1, "北京时间": "2026-05-12 03:00", "lon": 114.247, "lat": 29.867, "height": 34.0 }, "geometry": { "type": "Point", "coordinates": [ 114.247, 29.867 ] } },
{ "type": "Feature", "properties": { "pt_id": "  1022", "trajectory_id": 1, "北京时间": "2026-05-12 02:00", "lon": 114.312, "lat": 29.852, "height": 43.0 }, "geometry": { "type": "Point", "coordinates": [ 114.312, 29.852 ] } },
{ "type": "Feature", "properties": { "pt_id": "  1023", "trajectory_id": 1, "北京时间": "2026-05-12 01:00", "lon": 114.368, "lat": 29.835, "height": 56.0 }, "geometry": { "type": "Point", "coordinates": [ 114.368, 29.835 ] } },
{ "type": "Feature", "properties": { "pt_id": "  1024", "trajectory_id": 1, "北京时间": "2026-05-12 00:00", "lon": 114.41, "lat": 29.802, "height": 82.0 }, "geometry": { "type": "Point", "coordinates": [ 114.41, 29.802 ] } },
{ "type": "Feature", "properties": { "pt_id": "  1025", "trajectory_id": 1, "北京时间": "2026-05-11 23:00", "lon": 114.438, "lat": 29.755, "height": 124.0 }, "geometry": { "type": "Point", "coordinates": [ 114.438, 29.755 ] } },
{ "type": "Feature", "properties": { "pt_id": "  1026", "trajectory_id": 1, "北京时间": "2026-05-11 22:00", "lon": 114.447, "lat": 29.701, "height": 168.0 }, "geometry": { "type": "Point", "coordinates": [ 114.447, 29.701 ] } },
{ "type": "Feature", "properties": { "pt_id": "  1027", "trajectory_id": 1, "北京时间": "2026-05-11 21:00", "lon": 114.437, "lat": 29.643, "height": 209.0 }, "geometry": { "type": "Point", "coordinates": [ 114.437, 29.643 ] } },
{ "type": "Feature", "properties": { "pt_id": "  1028", "trajectory_id": 1, "北京时间": "2026-05-11 20:00", "lon": 114.421, "lat": 29.577, "height": 268.0 }, "geometry": { "type": "Point", "coordinates": [ 114.421, 29.577 ] } },
{ "type": "Feature", "properties": { "pt_id": "  1029", "trajectory_id": 1, "北京时间": "2026-05-11 19:00", "lon": 114.407, "lat": 29.508, "height": 331.0 }, "geometry": { "type": "Point", "coordinates": [ 114.407, 29.508 ] } },
{ "type": "Feature", "properties": { "pt_id": "  1030", "trajectory_id": 1, "北京时间": "2026-05-11 18:00", "lon": 114.393, "lat": 29.443, "height": 351.0 }, "geometry": { "type": "Point", "coordinates": [ 114.393, 29.443 ] } },
{ "type": "Feature", "properties": { "pt_id": "  1031", "trajectory_id": 1, "北京时间": "2026-05-11 17:00", "lon": 114.373, "lat": 29.382, "height": 335.0 }, "geometry": { "type": "Point", "coordinates": [ 114.373, 29.382 ] } },
{ "type": "Feature", "properties": { "pt_id": "  1032", "trajectory_id": 1, "北京时间": "2026-05-11 16:00", "lon": 114.35, "lat": 29.321, "height": 320.0 }, "geometry": { "type": "Point", "coordinates": [ 114.35, 29.321 ] } },
{ "type": "Feature", "properties": { "pt_id": "  1033", "trajectory_id": 1, "北京时间": "2026-05-11 15:00", "lon": 114.327, "lat": 29.258, "height": 318.0 }, "geometry": { "type": "Point", "coordinates": [ 114.327, 29.258 ] } },
{ "type": "Feature", "properties": { "pt_id": "  1034", "trajectory_id": 1, "北京时间": "2026-05-11 14:00", "lon": 114.3, "lat": 29.194, "height": 317.0 }, "geometry": { "type": "Point", "coordinates": [ 114.3, 29.194 ] } },
{ "type": "Feature", "properties": { "pt_id": "  1035", "trajectory_id": 1, "北京时间": "2026-05-11 13:00", "lon": 114.266, "lat": 29.135, "height": 327.0 }, "geometry": { "type": "Point", "coordinates": [ 114.266, 29.135 ] } },
{ "type": "Feature", "properties": { "pt_id": "  1036", "trajectory_id": 1, "北京时间": "2026-05-11 12:00", "lon": 114.223, "lat": 29.075, "height": 356.0 }, "geometry": { "type": "Point", "coordinates": [ 114.223, 29.075 ] } },
{ "type": "Feature", "properties": { "pt_id": "  1037", "trajectory_id": 1, "北京时间": "2026-05-11 11:00", "lon": 114.176, "lat": 29.009, "height": 400.0 }, "geometry": { "type": "Point", "coordinates": [ 114.176, 29.009 ] } },
{ "type": "Feature", "properties": { "pt_id": "  1038", "trajectory_id": 1, "北京时间": "2026-05-11 10:00", "lon": 114.128, "lat": 28.944, "height": 452.0 }, "geometry": { "type": "Point", "coordinates": [ 114.128, 28.944 ] } },
{ "type": "Feature", "properties": { "pt_id": "  1039", "trajectory_id": 1, "北京时间": "2026-05-11 09:00", "lon": 114.083, "lat": 28.877, "height": 512.0 }, "geometry": { "type": "Point", "coordinates": [ 114.083, 28.877 ] } },
{ "type": "Feature", "properties": { "pt_id": "  1040", "trajectory_id": 1, "北京时间": "2026-05-11 08:00", "lon": 114.037, "lat": 28.807, "height": 571.0 }, "geometry": { "type": "Point", "coordinates": [ 114.037, 28.807 ] } },
{ "type": "Feature", "properties": { "pt_id": "  1041", "trajectory_id": 1, "北京时间": "2026-05-11 07:00", "lon": 113.992, "lat": 28.735, "height": 603.0 }, "geometry": { "type": "Point", "coordinates": [ 113.992, 28.735 ] } },
{ "type": "Feature", "properties": { "pt_id": "  1042", "trajectory_id": 1, "北京时间": "2026-05-11 06:00", "lon": 113.949, "lat": 28.658, "height": 614.0 }, "geometry": { "type": "Point", "coordinates": [ 113.949, 28.658 ] } },
{ "type": "Feature", "properties": { "pt_id": "  1043", "trajectory_id": 1, "北京时间": "2026-05-11 05:00", "lon": 113.902, "lat": 28.577, "height": 622.0 }, "geometry": { "type": "Point", "coordinates": [ 113.902, 28.577 ] } },
{ "type": "Feature", "properties": { "pt_id": "  1044", "trajectory_id": 1, "北京时间": "2026-05-11 04:00", "lon": 113.85, "lat": 28.499, "height": 627.0 }, "geometry": { "type": "Point", "coordinates": [ 113.85, 28.499 ] } },
{ "type": "Feature", "properties": { "pt_id": "  1045", "trajectory_id": 1, "北京时间": "2026-05-11 03:00", "lon": 113.787, "lat": 28.432, "height": 631.0 }, "geometry": { "type": "Point", "coordinates": [ 113.787, 28.432 ] } },
{ "type": "Feature", "properties": { "pt_id": "  1046", "trajectory_id": 1, "北京时间": "2026-05-11 02:00", "lon": 113.714, "lat": 28.373, "height": 640.0 }, "geometry": { "type": "Point", "coordinates": [ 113.714, 28.373 ] } },
{ "type": "Feature", "properties": { "pt_id": "  1047", "trajectory_id": 1, "北京时间": "2026-05-11 01:00", "lon": 113.64, "lat": 28.295, "height": 652.0 }, "geometry": { "type": "Point", "coordinates": [ 113.64, 28.295 ] } },
{ "type": "Feature", "properties": { "pt_id": "  1048", "trajectory_id": 1, "北京时间": "2026-05-11 00:00", "lon": 113.576, "lat": 28.185, "height": 642.0 }, "geometry": { "type": "Point", "coordinates": [ 113.576, 28.185 ] } },
{ "type": "Feature", "properties": { "pt_id": "  2000", "trajectory_id": 2, "北京时间": "2026-05-13 00:00", "lon": 113.942, "lat": 30.907, "height": 10.0 }, "geometry": { "type": "Point", "coordinates": [ 113.942, 30.907 ] } },
{ "type": "Feature", "properties": { "pt_id": "  2005", "trajectory_id": 2, "北京时间": "2026-05-12 23:00", "lon": 113.896, "lat": 30.881, "height": 9.0 }, "geometry": { "type": "Point", "coordinates": [ 113.896, 30.881 ] } },
{ "type": "Feature", "properties": { "pt_id": "  2006", "trajectory_id": 2, "北京时间": "2026-05-12 22:00", "lon": 113.852, "lat": 30.825, "height": 8.0 }, "geometry": { "type": "Point", "coordinates": [ 113.852, 30.825 ] } },
{ "type": "Feature", "properties": { "pt_id": "  2007", "trajectory_id": 2, "北京时间": "2026-05-12 21:00", "lon": 113.813, "lat": 30.745, "height": 10.0 }, "geometry": { "type": "Point", "coordinates": [ 113.813, 30.745 ] } },
{ "type": "Feature", "properties": { "pt_id": "  2008", "trajectory_id": 2, "北京时间": "2026-05-12 20:00", "lon": 113.797, "lat": 30.66, "height": 15.0 }, "geometry": { "type": "Point", "coordinates": [ 113.797, 30.66 ] } },
{ "type": "Feature", "properties": { "pt_id": "  2009", "trajectory_id": 2, "北京时间": "2026-05-12 19:00", "lon": 113.806, "lat": 30.582, "height": 18.0 }, "geometry": { "type": "Point", "coordinates": [ 113.806, 30.582 ] } },
{ "type": "Feature", "properties": { "pt_id": "  2010", "trajectory_id": 2, "北京时间": "2026-05-12 18:00", "lon": 113.827, "lat": 30.508, "height": 18.0 }, "geometry": { "type": "Point", "coordinates": [ 113.827, 30.508 ] } },
{ "type": "Feature", "properties": { "pt_id": "  2011", "trajectory_id": 2, "北京时间": "2026-05-12 17:00", "lon": 113.854, "lat": 30.445, "height": 17.0 }, "geometry": { "type": "Point", "coordinates": [ 113.854, 30.445 ] } },
{ "type": "Feature", "properties": { "pt_id": "  2012", "trajectory_id": 2, "北京时间": "2026-05-12 16:00", "lon": 113.89, "lat": 30.395, "height": 13.0 }, "geometry": { "type": "Point", "coordinates": [ 113.89, 30.395 ] } },
{ "type": "Feature", "properties": { "pt_id": "  2013", "trajectory_id": 2, "北京时间": "2026-05-12 15:00", "lon": 113.935, "lat": 30.356, "height": 3.0 }, "geometry": { "type": "Point", "coordinates": [ 113.935, 30.356 ] } },
{ "type": "Feature", "properties": { "pt_id": "  2014", "trajectory_id": 2, "北京时间": "2026-05-12 14:00", "lon": 113.995, "lat": 30.319, "height": 0.0 }, "geometry": { "type": "Point", "coordinates": [ 113.995, 30.319 ] } },
{ "type": "Feature", "properties": { "pt_id": "  2015", "trajectory_id": 2, "北京时间": "2026-05-12 13:00", "lon": 114.07, "lat": 30.281, "height": 0.0 }, "geometry": { "type": "Point", "coordinates": [ 114.07, 30.281 ] } },
{ "type": "Feature", "properties": { "pt_id": "  2016", "trajectory_id": 2, "北京时间": "2026-05-12 12:00", "lon": 114.154, "lat": 30.239, "height": 0.0 }, "geometry": { "type": "Point", "coordinates": [ 114.154, 30.239 ] } },
{ "type": "Feature", "properties": { "pt_id": "  2017", "trajectory_id": 2, "北京时间": "2026-05-12 11:00", "lon": 114.243, "lat": 30.195, "height": 0.0 }, "geometry": { "type": "Point", "coordinates": [ 114.243, 30.195 ] } },
{ "type": "Feature", "properties": { "pt_id": "  2018", "trajectory_id": 2, "北京时间": "2026-05-12 10:00", "lon": 114.336, "lat": 30.153, "height": 1.0 }, "geometry": { "type": "Point", "coordinates": [ 114.336, 30.153 ] } },
{ "type": "Feature", "properties": { "pt_id": "  2019", "trajectory_id": 2, "北京时间": "2026-05-12 09:00", "lon": 114.433, "lat": 30.113, "height": 8.0 }, "geometry": { "type": "Point", "coordinates": [ 114.433, 30.113 ] } },
{ "type": "Feature", "properties": { "pt_id": "  2020", "trajectory_id": 2, "北京时间": "2026-05-12 08:00", "lon": 114.522, "lat": 30.077, "height": 22.0 }, "geometry": { "type": "Point", "coordinates": [ 114.522, 30.077 ] } },
{ "type": "Feature", "properties": { "pt_id": "  2021", "trajectory_id": 2, "北京时间": "2026-05-12 07:00", "lon": 114.602, "lat": 30.052, "height": 40.0 }, "geometry": { "type": "Point", "coordinates": [ 114.602, 30.052 ] } },
{ "type": "Feature", "properties": { "pt_id": "  2022", "trajectory_id": 2, "北京时间": "2026-05-12 06:00", "lon": 114.67, "lat": 30.043, "height": 58.0 }, "geometry": { "type": "Point", "coordinates": [ 114.67, 30.043 ] } },
{ "type": "Feature", "properties": { "pt_id": "  2023", "trajectory_id": 2, "北京时间": "2026-05-12 05:00", "lon": 114.725, "lat": 30.041, "height": 76.0 }, "geometry": { "type": "Point", "coordinates": [ 114.725, 30.041 ] } },
{ "type": "Feature", "properties": { "pt_id": "  2024", "trajectory_id": 2, "北京时间": "2026-05-12 04:00", "lon": 114.77, "lat": 30.027, "height": 95.0 }, "geometry": { "type": "Point", "coordinates": [ 114.77, 30.027 ] } },
{ "type": "Feature", "properties": { "pt_id": "  2025", "trajectory_id": 2, "北京时间": "2026-05-12 03:00", "lon": 114.81, "lat": 30.004, "height": 111.0 }, "geometry": { "type": "Point", "coordinates": [ 114.81, 30.004 ] } },
{ "type": "Feature", "properties": { "pt_id": "  2026", "trajectory_id": 2, "北京时间": "2026-05-12 02:00", "lon": 114.843, "lat": 29.968, "height": 123.0 }, "geometry": { "type": "Point", "coordinates": [ 114.843, 29.968 ] } },
{ "type": "Feature", "properties": { "pt_id": "  2027", "trajectory_id": 2, "北京时间": "2026-05-12 01:00", "lon": 114.861, "lat": 29.92, "height": 131.0 }, "geometry": { "type": "Point", "coordinates": [ 114.861, 29.92 ] } },
{ "type": "Feature", "properties": { "pt_id": "  2028", "trajectory_id": 2, "北京时间": "2026-05-12 00:00", "lon": 114.867, "lat": 29.862, "height": 139.0 }, "geometry": { "type": "Point", "coordinates": [ 114.867, 29.862 ] } },
{ "type": "Feature", "properties": { "pt_id": "  2029", "trajectory_id": 2, "北京时间": "2026-05-11 23:00", "lon": 114.874, "lat": 29.797, "height": 139.0 }, "geometry": { "type": "Point", "coordinates": [ 114.874, 29.797 ] } },
{ "type": "Feature", "properties": { "pt_id": "  2030", "trajectory_id": 2, "北京时间": "2026-05-11 22:00", "lon": 114.898, "lat": 29.725, "height": 130.0 }, "geometry": { "type": "Point", "coordinates": [ 114.898, 29.725 ] } },
{ "type": "Feature", "properties": { "pt_id": "  2031", "trajectory_id": 2, "北京时间": "2026-05-11 21:00", "lon": 114.939, "lat": 29.647, "height": 126.0 }, "geometry": { "type": "Point", "coordinates": [ 114.939, 29.647 ] } },
{ "type": "Feature", "properties": { "pt_id": "  2032", "trajectory_id": 2, "北京时间": "2026-05-11 20:00", "lon": 114.977, "lat": 29.576, "height": 128.0 }, "geometry": { "type": "Point", "coordinates": [ 114.977, 29.576 ] } },
{ "type": "Feature", "properties": { "pt_id": "  2033", "trajectory_id": 2, "北京时间": "2026-05-11 19:00", "lon": 114.998, "lat": 29.517, "height": 124.0 }, "geometry": { "type": "Point", "coordinates": [ 114.998, 29.517 ] } },
{ "type": "Feature", "properties": { "pt_id": "  2034", "trajectory_id": 2, "北京时间": "2026-05-11 18:00", "lon": 115.002, "lat": 29.466, "height": 118.0 }, "geometry": { "type": "Point", "coordinates": [ 115.002, 29.466 ] } },
{ "type": "Feature", "properties": { "pt_id": "  2035", "trajectory_id": 2, "北京时间": "2026-05-11 17:00", "lon": 114.99, "lat": 29.426, "height": 116.0 }, "geometry": { "type": "Point", "coordinates": [ 114.99, 29.426 ] } },
{ "type": "Feature", "properties": { "pt_id": "  2036", "trajectory_id": 2, "北京时间": "2026-05-11 16:00", "lon": 114.969, "lat": 29.395, "height": 117.0 }, "geometry": { "type": "Point", "coordinates": [ 114.969, 29.395 ] } },
{ "type": "Feature", "properties": { "pt_id": "  2037", "trajectory_id": 2, "北京时间": "2026-05-11 15:00", "lon": 114.94, "lat": 29.371, "height": 121.0 }, "geometry": { "type": "Point", "coordinates": [ 114.94, 29.371 ] } },
{ "type": "Feature", "properties": { "pt_id": "  2038", "trajectory_id": 2, "北京时间": "2026-05-11 14:00", "lon": 114.908, "lat": 29.345, "height": 127.0 }, "geometry": { "type": "Point", "coordinates": [ 114.908, 29.345 ] } },
{ "type": "Feature", "properties": { "pt_id": "  2039", "trajectory_id": 2, "北京时间": "2026-05-11 13:00", "lon": 114.871, "lat": 29.311, "height": 133.0 }, "geometry": { "type": "Point", "coordinates": [ 114.871, 29.311 ] } },
{ "type": "Feature", "properties": { "pt_id": "  2040", "trajectory_id": 2, "北京时间": "2026-05-11 12:00", "lon": 114.831, "lat": 29.269, "height": 129.0 }, "geometry": { "type": "Point", "coordinates": [ 114.831, 29.269 ] } },
{ "type": "Feature", "properties": { "pt_id": "  2041", "trajectory_id": 2, "北京时间": "2026-05-11 11:00", "lon": 114.791, "lat": 29.224, "height": 114.0 }, "geometry": { "type": "Point", "coordinates": [ 114.791, 29.224 ] } },
{ "type": "Feature", "properties": { "pt_id": "  2042", "trajectory_id": 2, "北京时间": "2026-05-11 10:00", "lon": 114.762, "lat": 29.178, "height": 104.0 }, "geometry": { "type": "Point", "coordinates": [ 114.762, 29.178 ] } },
{ "type": "Feature", "properties": { "pt_id": "  2043", "trajectory_id": 2, "北京时间": "2026-05-11 09:00", "lon": 114.744, "lat": 29.13, "height": 107.0 }, "geometry": { "type": "Point", "coordinates": [ 114.744, 29.13 ] } },
{ "type": "Feature", "properties": { "pt_id": "  2044", "trajectory_id": 2, "北京时间": "2026-05-11 08:00", "lon": 114.733, "lat": 29.086, "height": 120.0 }, "geometry": { "type": "Point", "coordinates": [ 114.733, 29.086 ] } },
{ "type": "Feature", "properties": { "pt_id": "  2045", "trajectory_id": 2, "北京时间": "2026-05-11 07:00", "lon": 114.722, "lat": 29.047, "height": 137.0 }, "geometry": { "type": "Point", "coordinates": [ 114.722, 29.047 ] } },
{ "type": "Feature", "properties": { "pt_id": "  2046", "trajectory_id": 2, "北京时间": "2026-05-11 06:00", "lon": 114.708, "lat": 29.015, "height": 157.0 }, "geometry": { "type": "Point", "coordinates": [ 114.708, 29.015 ] } },
{ "type": "Feature", "properties": { "pt_id": "  2047", "trajectory_id": 2, "北京时间": "2026-05-11 05:00", "lon": 114.694, "lat": 28.983, "height": 178.0 }, "geometry": { "type": "Point", "coordinates": [ 114.694, 28.983 ] } },
{ "type": "Feature", "properties": { "pt_id": "  2048", "trajectory_id": 2, "北京时间": "2026-05-11 04:00", "lon": 114.682, "lat": 28.944, "height": 194.0 }, "geometry": { "type": "Point", "coordinates": [ 114.682, 28.944 ] } },
{ "type": "Feature", "properties": { "pt_id": "  2049", "trajectory_id": 2, "北京时间": "2026-05-11 03:00", "lon": 114.673, "lat": 28.895, "height": 207.0 }, "geometry": { "type": "Point", "coordinates": [ 114.673, 28.895 ] } },
{ "type": "Feature", "properties": { "pt_id": "  2050", "trajectory_id": 2, "北京时间": "2026-05-11 02:00", "lon": 114.67, "lat": 28.839, "height": 226.0 }, "geometry": { "type": "Point", "coordinates": [ 114.67, 28.839 ] } },
{ "type": "Feature", "properties": { "pt_id": "  2051", "trajectory_id": 2, "北京时间": "2026-05-11 01:00", "lon": 114.672, "lat": 28.776, "height": 263.0 }, "geometry": { "type": "Point", "coordinates": [ 114.672, 28.776 ] } },
{ "type": "Feature", "properties": { "pt_id": "  2052", "trajectory_id": 2, "北京时间": "2026-05-11 00:00", "lon": 114.681, "lat": 28.707, "height": 303.0 }, "geometry": { "type": "Point", "coordinates": [ 114.681, 28.707 ] } },
{ "type": "Feature", "properties": { "pt_id": "  3000", "trajectory_id": 3, "北京时间": "2026-05-13 00:00", "lon": 113.942, "lat": 30.907, "height": 10.0 }, "geometry": { "type": "Point", "coordinates": [ 113.942, 30.907 ] } },
{ "type": "Feature", "properties": { "pt_id": "  3009", "trajectory_id": 3, "北京时间": "2026-05-12 23:00", "lon": 113.938, "lat": 30.823, "height": 6.0 }, "geometry": { "type": "Point", "coordinates": [ 113.938, 30.823 ] } },
{ "type": "Feature", "properties": { "pt_id": "  3010", "trajectory_id": 3, "北京时间": "2026-05-12 22:00", "lon": 113.953, "lat": 30.743, "height": 6.0 }, "geometry": { "type": "Point", "coordinates": [ 113.953, 30.743 ] } },
{ "type": "Feature", "properties": { "pt_id": "  3011", "trajectory_id": 3, "北京时间": "2026-05-12 21:00", "lon": 113.979, "lat": 30.674, "height": 3.0 }, "geometry": { "type": "Point", "coordinates": [ 113.979, 30.674 ] } },
{ "type": "Feature", "properties": { "pt_id": "  3012", "trajectory_id": 3, "北京时间": "2026-05-12 20:00", "lon": 114.01, "lat": 30.615, "height": 0.0 }, "geometry": { "type": "Point", "coordinates": [ 114.01, 30.615 ] } },
{ "type": "Feature", "properties": { "pt_id": "  3013", "trajectory_id": 3, "北京时间": "2026-05-12 19:00", "lon": 114.048, "lat": 30.563, "height": 0.0 }, "geometry": { "type": "Point", "coordinates": [ 114.048, 30.563 ] } },
{ "type": "Feature", "properties": { "pt_id": "  3014", "trajectory_id": 3, "北京时间": "2026-05-12 18:00", "lon": 114.102, "lat": 30.513, "height": 0.0 }, "geometry": { "type": "Point", "coordinates": [ 114.102, 30.513 ] } },
{ "type": "Feature", "properties": { "pt_id": "  3015", "trajectory_id": 3, "北京时间": "2026-05-12 17:00", "lon": 114.177, "lat": 30.465, "height": 0.0 }, "geometry": { "type": "Point", "coordinates": [ 114.177, 30.465 ] } },
{ "type": "Feature", "properties": { "pt_id": "  3016", "trajectory_id": 3, "北京时间": "2026-05-12 16:00", "lon": 114.268, "lat": 30.42, "height": 0.0 }, "geometry": { "type": "Point", "coordinates": [ 114.268, 30.42 ] } },
{ "type": "Feature", "properties": { "pt_id": "  3017", "trajectory_id": 3, "北京时间": "2026-05-12 15:00", "lon": 114.366, "lat": 30.379, "height": 0.0 }, "geometry": { "type": "Point", "coordinates": [ 114.366, 30.379 ] } },
{ "type": "Feature", "properties": { "pt_id": "  3018", "trajectory_id": 3, "北京时间": "2026-05-12 14:00", "lon": 114.468, "lat": 30.344, "height": 0.0 }, "geometry": { "type": "Point", "coordinates": [ 114.468, 30.344 ] } },
{ "type": "Feature", "properties": { "pt_id": "  3019", "trajectory_id": 3, "北京时间": "2026-05-12 13:00", "lon": 114.578, "lat": 30.311, "height": 0.0 }, "geometry": { "type": "Point", "coordinates": [ 114.578, 30.311 ] } },
{ "type": "Feature", "properties": { "pt_id": "  3020", "trajectory_id": 3, "北京时间": "2026-05-12 12:00", "lon": 114.682, "lat": 30.284, "height": 0.0 }, "geometry": { "type": "Point", "coordinates": [ 114.682, 30.284 ] } },
{ "type": "Feature", "properties": { "pt_id": "  3021", "trajectory_id": 3, "北京时间": "2026-05-12 11:00", "lon": 114.768, "lat": 30.273, "height": 1.0 }, "geometry": { "type": "Point", "coordinates": [ 114.768, 30.273 ] } },
{ "type": "Feature", "properties": { "pt_id": "  3022", "trajectory_id": 3, "北京时间": "2026-05-12 10:00", "lon": 114.839, "lat": 30.275, "height": 2.0 }, "geometry": { "type": "Point", "coordinates": [ 114.839, 30.275 ] } },
{ "type": "Feature", "properties": { "pt_id": "  3023", "trajectory_id": 3, "北京时间": "2026-05-12 09:00", "lon": 114.903, "lat": 30.272, "height": 2.0 }, "geometry": { "type": "Point", "coordinates": [ 114.903, 30.272 ] } },
{ "type": "Feature", "properties": { "pt_id": "  3024", "trajectory_id": 3, "北京时间": "2026-05-12 08:00", "lon": 114.964, "lat": 30.255, "height": 2.0 }, "geometry": { "type": "Point", "coordinates": [ 114.964, 30.255 ] } },
{ "type": "Feature", "properties": { "pt_id": "  3025", "trajectory_id": 3, "北京时间": "2026-05-12 07:00", "lon": 115.03, "lat": 30.228, "height": 2.0 }, "geometry": { "type": "Point", "coordinates": [ 115.03, 30.228 ] } },
{ "type": "Feature", "properties": { "pt_id": "  3026", "trajectory_id": 3, "北京时间": "2026-05-12 06:00", "lon": 115.09, "lat": 30.19, "height": 1.0 }, "geometry": { "type": "Point", "coordinates": [ 115.09, 30.19 ] } },
{ "type": "Feature", "properties": { "pt_id": "  3027", "trajectory_id": 3, "北京时间": "2026-05-12 05:00", "lon": 115.135, "lat": 30.146, "height": 0.0 }, "geometry": { "type": "Point", "coordinates": [ 115.135, 30.146 ] } },
{ "type": "Feature", "properties": { "pt_id": "  3028", "trajectory_id": 3, "北京时间": "2026-05-12 04:00", "lon": 115.172, "lat": 30.096, "height": 0.0 }, "geometry": { "type": "Point", "coordinates": [ 115.172, 30.096 ] } },
{ "type": "Feature", "properties": { "pt_id": "  3029", "trajectory_id": 3, "北京时间": "2026-05-12 03:00", "lon": 115.196, "lat": 30.04, "height": 1.0 }, "geometry": { "type": "Point", "coordinates": [ 115.196, 30.04 ] } },
{ "type": "Feature", "properties": { "pt_id": "  3030", "trajectory_id": 3, "北京时间": "2026-05-12 02:00", "lon": 115.2, "lat": 29.973, "height": 5.0 }, "geometry": { "type": "Point", "coordinates": [ 115.2, 29.973 ] } },
{ "type": "Feature", "properties": { "pt_id": "  3031", "trajectory_id": 3, "北京时间": "2026-05-12 01:00", "lon": 115.192, "lat": 29.898, "height": 17.0 }, "geometry": { "type": "Point", "coordinates": [ 115.192, 29.898 ] } },
{ "type": "Feature", "properties": { "pt_id": "  3032", "trajectory_id": 3, "北京时间": "2026-05-12 00:00", "lon": 115.185, "lat": 29.819, "height": 47.0 }, "geometry": { "type": "Point", "coordinates": [ 115.185, 29.819 ] } },
{ "type": "Feature", "properties": { "pt_id": "  3033", "trajectory_id": 3, "北京时间": "2026-05-11 23:00", "lon": 115.176, "lat": 29.743, "height": 93.0 }, "geometry": { "type": "Point", "coordinates": [ 115.176, 29.743 ] } },
{ "type": "Feature", "properties": { "pt_id": "  3034", "trajectory_id": 3, "北京时间": "2026-05-11 22:00", "lon": 115.163, "lat": 29.675, "height": 120.0 }, "geometry": { "type": "Point", "coordinates": [ 115.163, 29.675 ] } },
{ "type": "Feature", "properties": { "pt_id": "  3035", "trajectory_id": 3, "北京时间": "2026-05-11 21:00", "lon": 115.153, "lat": 29.621, "height": 136.0 }, "geometry": { "type": "Point", "coordinates": [ 115.153, 29.621 ] } },
{ "type": "Feature", "properties": { "pt_id": "  3036", "trajectory_id": 3, "北京时间": "2026-05-11 20:00", "lon": 115.146, "lat": 29.576, "height": 149.0 }, "geometry": { "type": "Point", "coordinates": [ 115.146, 29.576 ] } },
{ "type": "Feature", "properties": { "pt_id": "  3037", "trajectory_id": 3, "北京时间": "2026-05-11 19:00", "lon": 115.139, "lat": 29.543, "height": 164.0 }, "geometry": { "type": "Point", "coordinates": [ 115.139, 29.543 ] } },
{ "type": "Feature", "properties": { "pt_id": "  3038", "trajectory_id": 3, "北京时间": "2026-05-11 18:00", "lon": 115.133, "lat": 29.512, "height": 178.0 }, "geometry": { "type": "Point", "coordinates": [ 115.133, 29.512 ] } },
{ "type": "Feature", "properties": { "pt_id": "  3039", "trajectory_id": 3, "北京时间": "2026-05-11 17:00", "lon": 115.128, "lat": 29.475, "height": 192.0 }, "geometry": { "type": "Point", "coordinates": [ 115.128, 29.475 ] } },
{ "type": "Feature", "properties": { "pt_id": "  3040", "trajectory_id": 3, "北京时间": "2026-05-11 16:00", "lon": 115.12, "lat": 29.432, "height": 210.0 }, "geometry": { "type": "Point", "coordinates": [ 115.12, 29.432 ] } },
{ "type": "Feature", "properties": { "pt_id": "  3041", "trajectory_id": 3, "北京时间": "2026-05-11 15:00", "lon": 115.107, "lat": 29.384, "height": 229.0 }, "geometry": { "type": "Point", "coordinates": [ 115.107, 29.384 ] } },
{ "type": "Feature", "properties": { "pt_id": "  3042", "trajectory_id": 3, "北京时间": "2026-05-11 14:00", "lon": 115.092, "lat": 29.335, "height": 243.0 }, "geometry": { "type": "Point", "coordinates": [ 115.092, 29.335 ] } },
{ "type": "Feature", "properties": { "pt_id": "  3043", "trajectory_id": 3, "北京时间": "2026-05-11 13:00", "lon": 115.076, "lat": 29.284, "height": 252.0 }, "geometry": { "type": "Point", "coordinates": [ 115.076, 29.284 ] } },
{ "type": "Feature", "properties": { "pt_id": "  3044", "trajectory_id": 3, "北京时间": "2026-05-11 12:00", "lon": 115.056, "lat": 29.234, "height": 260.0 }, "geometry": { "type": "Point", "coordinates": [ 115.056, 29.234 ] } },
{ "type": "Feature", "properties": { "pt_id": "  3045", "trajectory_id": 3, "北京时间": "2026-05-11 11:00", "lon": 115.031, "lat": 29.191, "height": 267.0 }, "geometry": { "type": "Point", "coordinates": [ 115.031, 29.191 ] } },
{ "type": "Feature", "properties": { "pt_id": "  3046", "trajectory_id": 3, "北京时间": "2026-05-11 10:00", "lon": 115.004, "lat": 29.157, "height": 272.0 }, "geometry": { "type": "Point", "coordinates": [ 115.004, 29.157 ] } },
{ "type": "Feature", "properties": { "pt_id": "  3047", "trajectory_id": 3, "北京时间": "2026-05-11 09:00", "lon": 114.976, "lat": 29.126, "height": 279.0 }, "geometry": { "type": "Point", "coordinates": [ 114.976, 29.126 ] } },
{ "type": "Feature", "properties": { "pt_id": "  3048", "trajectory_id": 3, "北京时间": "2026-05-11 08:00", "lon": 114.95, "lat": 29.092, "height": 297.0 }, "geometry": { "type": "Point", "coordinates": [ 114.95, 29.092 ] } },
{ "type": "Feature", "properties": { "pt_id": "  3049", "trajectory_id": 3, "北京时间": "2026-05-11 07:00", "lon": 114.92, "lat": 29.053, "height": 328.0 }, "geometry": { "type": "Point", "coordinates": [ 114.92, 29.053 ] } },
{ "type": "Feature", "properties": { "pt_id": "  3050", "trajectory_id": 3, "北京时间": "2026-05-11 06:00", "lon": 114.886, "lat": 29.009, "height": 372.0 }, "geometry": { "type": "Point", "coordinates": [ 114.886, 29.009 ] } },
{ "type": "Feature", "properties": { "pt_id": "  3051", "trajectory_id": 3, "北京时间": "2026-05-11 05:00", "lon": 114.854, "lat": 28.961, "height": 429.0 }, "geometry": { "type": "Point", "coordinates": [ 114.854, 28.961 ] } },
{ "type": "Feature", "properties": { "pt_id": "  3052", "trajectory_id": 3, "北京时间": "2026-05-11 04:00", "lon": 114.823, "lat": 28.909, "height": 477.0 }, "geometry": { "type": "Point", "coordinates": [ 114.823, 28.909 ] } },
{ "type": "Feature", "properties": { "pt_id": "  3053", "trajectory_id": 3, "北京时间": "2026-05-11 03:00", "lon": 114.791, "lat": 28.857, "height": 490.0 }, "geometry": { "type": "Point", "coordinates": [ 114.791, 28.857 ] } },
{ "type": "Feature", "properties": { "pt_id": "  3054", "trajectory_id": 3, "北京时间": "2026-05-11 02:00", "lon": 114.763, "lat": 28.811, "height": 480.0 }, "geometry": { "type": "Point", "coordinates": [ 114.763, 28.811 ] } },
{ "type": "Feature", "properties": { "pt_id": "  3055", "trajectory_id": 3, "北京时间": "2026-05-11 01:00", "lon": 114.742, "lat": 28.768, "height": 489.0 }, "geometry": { "type": "Point", "coordinates": [ 114.742, 28.768 ] } },
{ "type": "Feature", "properties": { "pt_id": "  3056", "trajectory_id": 3, "北京时间": "2026-05-11 00:00", "lon": 114.717, "lat": 28.728, "height": 468.0 }, "geometry": { "type": "Point", "coordinates": [ 114.717, 28.728 ] } },
{ "type": "Feature", "properties": { "pt_id": "  4000", "trajectory_id": 4, "北京时间": "2026-05-13 00:00", "lon": 113.942, "lat": 30.907, "height": 10.0 }, "geometry": { "type": "Point", "coordinates": [ 113.942, 30.907 ] } },
{ "type": "Feature", "properties": { "pt_id": "  4013", "trajectory_id": 4, "北京时间": "2026-05-12 23:00", "lon": 113.969, "lat": 30.85, "height": 0.0 }, "geometry": { "type": "Point", "coordinates": [ 113.969, 30.85 ] } },
{ "type": "Feature", "properties": { "pt_id": "  4014", "trajectory_id": 4, "北京时间": "2026-05-12 22:00", "lon": 114.008, "lat": 30.798, "height": 0.0 }, "geometry": { "type": "Point", "coordinates": [ 114.008, 30.798 ] } },
{ "type": "Feature", "properties": { "pt_id": "  4015", "trajectory_id": 4, "北京时间": "2026-05-12 21:00", "lon": 114.077, "lat": 30.746, "height": 0.0 }, "geometry": { "type": "Point", "coordinates": [ 114.077, 30.746 ] } },
{ "type": "Feature", "properties": { "pt_id": "  4016", "trajectory_id": 4, "北京时间": "2026-05-12 20:00", "lon": 114.171, "lat": 30.686, "height": 0.0 }, "geometry": { "type": "Point", "coordinates": [ 114.171, 30.686 ] } },
{ "type": "Feature", "properties": { "pt_id": "  4017", "trajectory_id": 4, "北京时间": "2026-05-12 19:00", "lon": 114.275, "lat": 30.627, "height": 0.0 }, "geometry": { "type": "Point", "coordinates": [ 114.275, 30.627 ] } },
{ "type": "Feature", "properties": { "pt_id": "  4018", "trajectory_id": 4, "北京时间": "2026-05-12 18:00", "lon": 114.381, "lat": 30.578, "height": 0.0 }, "geometry": { "type": "Point", "coordinates": [ 114.381, 30.578 ] } },
{ "type": "Feature", "properties": { "pt_id": "  4019", "trajectory_id": 4, "北京时间": "2026-05-12 17:00", "lon": 114.493, "lat": 30.539, "height": 0.0 }, "geometry": { "type": "Point", "coordinates": [ 114.493, 30.539 ] } },
{ "type": "Feature", "properties": { "pt_id": "  4020", "trajectory_id": 4, "北京时间": "2026-05-12 16:00", "lon": 114.607, "lat": 30.508, "height": 0.0 }, "geometry": { "type": "Point", "coordinates": [ 114.607, 30.508 ] } },
{ "type": "Feature", "properties": { "pt_id": "  4021", "trajectory_id": 4, "北京时间": "2026-05-12 15:00", "lon": 114.711, "lat": 30.488, "height": 0.0 }, "geometry": { "type": "Point", "coordinates": [ 114.711, 30.488 ] } },
{ "type": "Feature", "properties": { "pt_id": "  4022", "trajectory_id": 4, "北京时间": "2026-05-12 14:00", "lon": 114.807, "lat": 30.481, "height": 0.0 }, "geometry": { "type": "Point", "coordinates": [ 114.807, 30.481 ] } },
{ "type": "Feature", "properties": { "pt_id": "  4023", "trajectory_id": 4, "北京时间": "2026-05-12 13:00", "lon": 114.892, "lat": 30.472, "height": 0.0 }, "geometry": { "type": "Point", "coordinates": [ 114.892, 30.472 ] } },
{ "type": "Feature", "properties": { "pt_id": "  4024", "trajectory_id": 4, "北京时间": "2026-05-12 12:00", "lon": 114.965, "lat": 30.444, "height": 0.0 }, "geometry": { "type": "Point", "coordinates": [ 114.965, 30.444 ] } },
{ "type": "Feature", "properties": { "pt_id": "  4025", "trajectory_id": 4, "北京时间": "2026-05-12 11:00", "lon": 115.035, "lat": 30.403, "height": 0.0 }, "geometry": { "type": "Point", "coordinates": [ 115.035, 30.403 ] } },
{ "type": "Feature", "properties": { "pt_id": "  4026", "trajectory_id": 4, "北京时间": "2026-05-12 10:00", "lon": 115.097, "lat": 30.354, "height": 0.0 }, "geometry": { "type": "Point", "coordinates": [ 115.097, 30.354 ] } },
{ "type": "Feature", "properties": { "pt_id": "  4027", "trajectory_id": 4, "北京时间": "2026-05-12 09:00", "lon": 115.149, "lat": 30.299, "height": 0.0 }, "geometry": { "type": "Point", "coordinates": [ 115.149, 30.299 ] } },
{ "type": "Feature", "properties": { "pt_id": "  4028", "trajectory_id": 4, "北京时间": "2026-05-12 08:00", "lon": 115.21, "lat": 30.24, "height": 0.0 }, "geometry": { "type": "Point", "coordinates": [ 115.21, 30.24 ] } },
{ "type": "Feature", "properties": { "pt_id": "  4029", "trajectory_id": 4, "北京时间": "2026-05-12 07:00", "lon": 115.27, "lat": 30.171, "height": 2.0 }, "geometry": { "type": "Point", "coordinates": [ 115.27, 30.171 ] } },
{ "type": "Feature", "properties": { "pt_id": "  4030", "trajectory_id": 4, "北京时间": "2026-05-12 06:00", "lon": 115.298, "lat": 30.092, "height": 4.0 }, "geometry": { "type": "Point", "coordinates": [ 115.298, 30.092 ] } },
{ "type": "Feature", "properties": { "pt_id": "  4031", "trajectory_id": 4, "北京时间": "2026-05-12 05:00", "lon": 115.294, "lat": 30.003, "height": 6.0 }, "geometry": { "type": "Point", "coordinates": [ 115.294, 30.003 ] } },
{ "type": "Feature", "properties": { "pt_id": "  4032", "trajectory_id": 4, "北京时间": "2026-05-12 04:00", "lon": 115.273, "lat": 29.917, "height": 16.0 }, "geometry": { "type": "Point", "coordinates": [ 115.273, 29.917 ] } },
{ "type": "Feature", "properties": { "pt_id": "  4033", "trajectory_id": 4, "北京时间": "2026-05-12 03:00", "lon": 115.247, "lat": 29.839, "height": 44.0 }, "geometry": { "type": "Point", "coordinates": [ 115.247, 29.839 ] } },
{ "type": "Feature", "properties": { "pt_id": "  4034", "trajectory_id": 4, "北京时间": "2026-05-12 02:00", "lon": 115.215, "lat": 29.77, "height": 82.0 }, "geometry": { "type": "Point", "coordinates": [ 115.215, 29.77 ] } },
{ "type": "Feature", "properties": { "pt_id": "  4035", "trajectory_id": 4, "北京时间": "2026-05-12 01:00", "lon": 115.188, "lat": 29.711, "height": 113.0 }, "geometry": { "type": "Point", "coordinates": [ 115.188, 29.711 ] } },
{ "type": "Feature", "properties": { "pt_id": "  4036", "trajectory_id": 4, "北京时间": "2026-05-12 00:00", "lon": 115.169, "lat": 29.662, "height": 138.0 }, "geometry": { "type": "Point", "coordinates": [ 115.169, 29.662 ] } },
{ "type": "Feature", "properties": { "pt_id": "  4037", "trajectory_id": 4, "北京时间": "2026-05-11 23:00", "lon": 115.155, "lat": 29.624, "height": 161.0 }, "geometry": { "type": "Point", "coordinates": [ 115.155, 29.624 ] } },
{ "type": "Feature", "properties": { "pt_id": "  4038", "trajectory_id": 4, "北京时间": "2026-05-11 22:00", "lon": 115.145, "lat": 29.588, "height": 183.0 }, "geometry": { "type": "Point", "coordinates": [ 115.145, 29.588 ] } },
{ "type": "Feature", "properties": { "pt_id": "  4039", "trajectory_id": 4, "北京时间": "2026-05-11 21:00", "lon": 115.138, "lat": 29.547, "height": 202.0 }, "geometry": { "type": "Point", "coordinates": [ 115.138, 29.547 ] } },
{ "type": "Feature", "properties": { "pt_id": "  4040", "trajectory_id": 4, "北京时间": "2026-05-11 20:00", "lon": 115.134, "lat": 29.5, "height": 226.0 }, "geometry": { "type": "Point", "coordinates": [ 115.134, 29.5 ] } },
{ "type": "Feature", "properties": { "pt_id": "  4041", "trajectory_id": 4, "北京时间": "2026-05-11 19:00", "lon": 115.128, "lat": 29.447, "height": 255.0 }, "geometry": { "type": "Point", "coordinates": [ 115.128, 29.447 ] } },
{ "type": "Feature", "properties": { "pt_id": "  4042", "trajectory_id": 4, "北京时间": "2026-05-11 18:00", "lon": 115.119, "lat": 29.394, "height": 272.0 }, "geometry": { "type": "Point", "coordinates": [ 115.119, 29.394 ] } },
{ "type": "Feature", "properties": { "pt_id": "  4043", "trajectory_id": 4, "北京时间": "2026-05-11 17:00", "lon": 115.108, "lat": 29.339, "height": 278.0 }, "geometry": { "type": "Point", "coordinates": [ 115.108, 29.339 ] } },
{ "type": "Feature", "properties": { "pt_id": "  4044", "trajectory_id": 4, "北京时间": "2026-05-11 16:00", "lon": 115.093, "lat": 29.287, "height": 280.0 }, "geometry": { "type": "Point", "coordinates": [ 115.093, 29.287 ] } },
{ "type": "Feature", "properties": { "pt_id": "  4045", "trajectory_id": 4, "北京时间": "2026-05-11 15:00", "lon": 115.069, "lat": 29.241, "height": 284.0 }, "geometry": { "type": "Point", "coordinates": [ 115.069, 29.241 ] } },
{ "type": "Feature", "properties": { "pt_id": "  4046", "trajectory_id": 4, "北京时间": "2026-05-11 14:00", "lon": 115.039, "lat": 29.204, "height": 287.0 }, "geometry": { "type": "Point", "coordinates": [ 115.039, 29.204 ] } },
{ "type": "Feature", "properties": { "pt_id": "  4047", "trajectory_id": 4, "北京时间": "2026-05-11 13:00", "lon": 115.007, "lat": 29.17, "height": 294.0 }, "geometry": { "type": "Point", "coordinates": [ 115.007, 29.17 ] } },
{ "type": "Feature", "properties": { "pt_id": "  4048", "trajectory_id": 4, "北京时间": "2026-05-11 12:00", "lon": 114.977, "lat": 29.135, "height": 308.0 }, "geometry": { "type": "Point", "coordinates": [ 114.977, 29.135 ] } },
{ "type": "Feature", "properties": { "pt_id": "  4049", "trajectory_id": 4, "北京时间": "2026-05-11 11:00", "lon": 114.944, "lat": 29.096, "height": 329.0 }, "geometry": { "type": "Point", "coordinates": [ 114.944, 29.096 ] } },
{ "type": "Feature", "properties": { "pt_id": "  4050", "trajectory_id": 4, "北京时间": "2026-05-11 10:00", "lon": 114.909, "lat": 29.05, "height": 357.0 }, "geometry": { "type": "Point", "coordinates": [ 114.909, 29.05 ] } },
{ "type": "Feature", "properties": { "pt_id": "  4051", "trajectory_id": 4, "北京时间": "2026-05-11 09:00", "lon": 114.876, "lat": 29.0, "height": 410.0 }, "geometry": { "type": "Point", "coordinates": [ 114.876, 29.0 ] } },
{ "type": "Feature", "properties": { "pt_id": "  4052", "trajectory_id": 4, "北京时间": "2026-05-11 08:00", "lon": 114.844, "lat": 28.95, "height": 473.0 }, "geometry": { "type": "Point", "coordinates": [ 114.844, 28.95 ] } },
{ "type": "Feature", "properties": { "pt_id": "  4053", "trajectory_id": 4, "北京时间": "2026-05-11 07:00", "lon": 114.809, "lat": 28.902, "height": 491.0 }, "geometry": { "type": "Point", "coordinates": [ 114.809, 28.902 ] } },
{ "type": "Feature", "properties": { "pt_id": "  4054", "trajectory_id": 4, "北京时间": "2026-05-11 06:00", "lon": 114.775, "lat": 28.859, "height": 460.0 }, "geometry": { "type": "Point", "coordinates": [ 114.775, 28.859 ] } },
{ "type": "Feature", "properties": { "pt_id": "  4055", "trajectory_id": 4, "北京时间": "2026-05-11 05:00", "lon": 114.749, "lat": 28.82, "height": 427.0 }, "geometry": { "type": "Point", "coordinates": [ 114.749, 28.82 ] } },
{ "type": "Feature", "properties": { "pt_id": "  4056", "trajectory_id": 4, "北京时间": "2026-05-11 04:00", "lon": 114.728, "lat": 28.781, "height": 383.0 }, "geometry": { "type": "Point", "coordinates": [ 114.728, 28.781 ] } },
{ "type": "Feature", "properties": { "pt_id": "  4057", "trajectory_id": 4, "北京时间": "2026-05-11 03:00", "lon": 114.71, "lat": 28.736, "height": 296.0 }, "geometry": { "type": "Point", "coordinates": [ 114.71, 28.736 ] } },
{ "type": "Feature", "properties": { "pt_id": "  4058", "trajectory_id": 4, "北京时间": "2026-05-11 02:00", "lon": 114.692, "lat": 28.683, "height": 185.0 }, "geometry": { "type": "Point", "coordinates": [ 114.692, 28.683 ] } },
{ "type": "Feature", "properties": { "pt_id": "  4059", "trajectory_id": 4, "北京时间": "2026-05-11 01:00", "lon": 114.677, "lat": 28.629, "height": 98.0 }, "geometry": { "type": "Point", "coordinates": [ 114.677, 28.629 ] } },
{ "type": "Feature", "properties": { "pt_id": "  4060", "trajectory_id": 4, "北京时间": "2026-05-11 00:00", "lon": 114.669, "lat": 28.579, "height": 37.0 }, "geometry": { "type": "Point", "coordinates": [ 114.669, 28.579 ] } },
{ "type": "Feature", "properties": { "pt_id": "  5000", "trajectory_id": 5, "北京时间": "2026-05-13 00:00", "lon": 113.942, "lat": 30.907, "height": 10.0 }, "geometry": { "type": "Point", "coordinates": [ 113.942, 30.907 ] } },
{ "type": "Feature", "properties": { "pt_id": "  5017", "trajectory_id": 5, "北京时间": "2026-05-12 23:00", "lon": 114.034, "lat": 30.842, "height": 10.0 }, "geometry": { "type": "Point", "coordinates": [ 114.034, 30.842 ] } },
{ "type": "Feature", "properties": { "pt_id": "  5018", "trajectory_id": 5, "北京时间": "2026-05-12 22:00", "lon": 114.136, "lat": 30.788, "height": 9.0 }, "geometry": { "type": "Point", "coordinates": [ 114.136, 30.788 ] } },
{ "type": "Feature", "properties": { "pt_id": "  5019", "trajectory_id": 5, "北京时间": "2026-05-12 21:00", "lon": 114.245, "lat": 30.745, "height": 9.0 }, "geometry": { "type": "Point", "coordinates": [ 114.245, 30.745 ] } },
{ "type": "Feature", "properties": { "pt_id": "  5020", "trajectory_id": 5, "北京时间": "2026-05-12 20:00", "lon": 114.35, "lat": 30.709, "height": 8.0 }, "geometry": { "type": "Point", "coordinates": [ 114.35, 30.709 ] } },
{ "type": "Feature", "properties": { "pt_id": "  5021", "trajectory_id": 5, "北京时间": "2026-05-12 19:00", "lon": 114.441, "lat": 30.68, "height": 8.0 }, "geometry": { "type": "Point", "coordinates": [ 114.441, 30.68 ] } },
{ "type": "Feature", "properties": { "pt_id": "  5022", "trajectory_id": 5, "北京时间": "2026-05-12 18:00", "lon": 114.522, "lat": 30.662, "height": 7.0 }, "geometry": { "type": "Point", "coordinates": [ 114.522, 30.662 ] } },
{ "type": "Feature", "properties": { "pt_id": "  5023", "trajectory_id": 5, "北京时间": "2026-05-12 17:00", "lon": 114.587, "lat": 30.643, "height": 6.0 }, "geometry": { "type": "Point", "coordinates": [ 114.587, 30.643 ] } },
{ "type": "Feature", "properties": { "pt_id": "  5024", "trajectory_id": 5, "北京时间": "2026-05-12 16:00", "lon": 114.626, "lat": 30.611, "height": 2.0 }, "geometry": { "type": "Point", "coordinates": [ 114.626, 30.611 ] } },
{ "type": "Feature", "properties": { "pt_id": "  5025", "trajectory_id": 5, "北京时间": "2026-05-12 15:00", "lon": 114.642, "lat": 30.567, "height": 0.0 }, "geometry": { "type": "Point", "coordinates": [ 114.642, 30.567 ] } },
{ "type": "Feature", "properties": { "pt_id": "  5026", "trajectory_id": 5, "北京时间": "2026-05-12 14:00", "lon": 114.632, "lat": 30.514, "height": 0.0 }, "geometry": { "type": "Point", "coordinates": [ 114.632, 30.514 ] } },
{ "type": "Feature", "properties": { "pt_id": "  5027", "trajectory_id": 5, "北京时间": "2026-05-12 13:00", "lon": 114.592, "lat": 30.449, "height": 1.0 }, "geometry": { "type": "Point", "coordinates": [ 114.592, 30.449 ] } },
{ "type": "Feature", "properties": { "pt_id": "  5028", "trajectory_id": 5, "北京时间": "2026-05-12 12:00", "lon": 114.523, "lat": 30.368, "height": 4.0 }, "geometry": { "type": "Point", "coordinates": [ 114.523, 30.368 ] } },
{ "type": "Feature", "properties": { "pt_id": "  5029", "trajectory_id": 5, "北京时间": "2026-05-12 11:00", "lon": 114.435, "lat": 30.275, "height": 9.0 }, "geometry": { "type": "Point", "coordinates": [ 114.435, 30.275 ] } },
{ "type": "Feature", "properties": { "pt_id": "  5030", "trajectory_id": 5, "北京时间": "2026-05-12 10:00", "lon": 114.35, "lat": 30.176, "height": 13.0 }, "geometry": { "type": "Point", "coordinates": [ 114.35, 30.176 ] } },
{ "type": "Feature", "properties": { "pt_id": "  5031", "trajectory_id": 5, "北京时间": "2026-05-12 09:00", "lon": 114.283, "lat": 30.07, "height": 18.0 }, "geometry": { "type": "Point", "coordinates": [ 114.283, 30.07 ] } },
{ "type": "Feature", "properties": { "pt_id": "  5032", "trajectory_id": 5, "北京时间": "2026-05-12 08:00", "lon": 114.23, "lat": 29.969, "height": 30.0 }, "geometry": { "type": "Point", "coordinates": [ 114.23, 29.969 ] } },
{ "type": "Feature", "properties": { "pt_id": "  5033", "trajectory_id": 5, "北京时间": "2026-05-12 07:00", "lon": 114.181, "lat": 29.875, "height": 58.0 }, "geometry": { "type": "Point", "coordinates": [ 114.181, 29.875 ] } },
{ "type": "Feature", "properties": { "pt_id": "  5034", "trajectory_id": 5, "北京时间": "2026-05-12 06:00", "lon": 114.134, "lat": 29.776, "height": 114.0 }, "geometry": { "type": "Point", "coordinates": [ 114.134, 29.776 ] } },
{ "type": "Feature", "properties": { "pt_id": "  5035", "trajectory_id": 5, "北京时间": "2026-05-12 05:00", "lon": 114.094, "lat": 29.676, "height": 184.0 }, "geometry": { "type": "Point", "coordinates": [ 114.094, 29.676 ] } },
{ "type": "Feature", "properties": { "pt_id": "  5036", "trajectory_id": 5, "北京时间": "2026-05-12 04:00", "lon": 114.056, "lat": 29.581, "height": 236.0 }, "geometry": { "type": "Point", "coordinates": [ 114.056, 29.581 ] } },
{ "type": "Feature", "properties": { "pt_id": "  5037", "trajectory_id": 5, "北京时间": "2026-05-12 03:00", "lon": 114.021, "lat": 29.493, "height": 283.0 }, "geometry": { "type": "Point", "coordinates": [ 114.021, 29.493 ] } },
{ "type": "Feature", "properties": { "pt_id": "  5038", "trajectory_id": 5, "北京时间": "2026-05-12 02:00", "lon": 113.995, "lat": 29.399, "height": 337.0 }, "geometry": { "type": "Point", "coordinates": [ 113.995, 29.399 ] } },
{ "type": "Feature", "properties": { "pt_id": "  5039", "trajectory_id": 5, "北京时间": "2026-05-12 01:00", "lon": 113.98, "lat": 29.297, "height": 384.0 }, "geometry": { "type": "Point", "coordinates": [ 113.98, 29.297 ] } },
{ "type": "Feature", "properties": { "pt_id": "  5040", "trajectory_id": 5, "北京时间": "2026-05-12 00:00", "lon": 113.971, "lat": 29.194, "height": 463.0 }, "geometry": { "type": "Point", "coordinates": [ 113.971, 29.194 ] } },
{ "type": "Feature", "properties": { "pt_id": "  5041", "trajectory_id": 5, "北京时间": "2026-05-11 23:00", "lon": 113.946, "lat": 29.087, "height": 569.0 }, "geometry": { "type": "Point", "coordinates": [ 113.946, 29.087 ] } },
{ "type": "Feature", "properties": { "pt_id": "  5042", "trajectory_id": 5, "北京时间": "2026-05-11 22:00", "lon": 113.905, "lat": 28.982, "height": 677.0 }, "geometry": { "type": "Point", "coordinates": [ 113.905, 28.982 ] } },
{ "type": "Feature", "properties": { "pt_id": "  5043", "trajectory_id": 5, "北京时间": "2026-05-11 21:00", "lon": 113.854, "lat": 28.89, "height": 758.0 }, "geometry": { "type": "Point", "coordinates": [ 113.854, 28.89 ] } },
{ "type": "Feature", "properties": { "pt_id": "  5044", "trajectory_id": 5, "北京时间": "2026-05-11 20:00", "lon": 113.794, "lat": 28.804, "height": 812.0 }, "geometry": { "type": "Point", "coordinates": [ 113.794, 28.804 ] } },
{ "type": "Feature", "properties": { "pt_id": "  5045", "trajectory_id": 5, "北京时间": "2026-05-11 19:00", "lon": 113.728, "lat": 28.725, "height": 875.0 }, "geometry": { "type": "Point", "coordinates": [ 113.728, 28.725 ] } },
{ "type": "Feature", "properties": { "pt_id": "  5046", "trajectory_id": 5, "北京时间": "2026-05-11 18:00", "lon": 113.649, "lat": 28.655, "height": 953.0 }, "geometry": { "type": "Point", "coordinates": [ 113.649, 28.655 ] } },
{ "type": "Feature", "properties": { "pt_id": "  5047", "trajectory_id": 5, "北京时间": "2026-05-11 17:00", "lon": 113.563, "lat": 28.576, "height": 1014.0 }, "geometry": { "type": "Point", "coordinates": [ 113.563, 28.576 ] } },
{ "type": "Feature", "properties": { "pt_id": "  5048", "trajectory_id": 5, "北京时间": "2026-05-11 16:00", "lon": 113.5, "lat": 28.474, "height": 1052.0 }, "geometry": { "type": "Point", "coordinates": [ 113.5, 28.474 ] } },
{ "type": "Feature", "properties": { "pt_id": "  5049", "trajectory_id": 5, "北京时间": "2026-05-11 15:00", "lon": 113.463, "lat": 28.346, "height": 1066.0 }, "geometry": { "type": "Point", "coordinates": [ 113.463, 28.346 ] } },
{ "type": "Feature", "properties": { "pt_id": "  5050", "trajectory_id": 5, "北京时间": "2026-05-11 14:00", "lon": 113.426, "lat": 28.221, "height": 1054.0 }, "geometry": { "type": "Point", "coordinates": [ 113.426, 28.221 ] } },
{ "type": "Feature", "properties": { "pt_id": "  5051", "trajectory_id": 5, "北京时间": "2026-05-11 13:00", "lon": 113.381, "lat": 28.119, "height": 1070.0 }, "geometry": { "type": "Point", "coordinates": [ 113.381, 28.119 ] } },
{ "type": "Feature", "properties": { "pt_id": "  5052", "trajectory_id": 5, "北京时间": "2026-05-11 12:00", "lon": 113.335, "lat": 28.033, "height": 1127.0 }, "geometry": { "type": "Point", "coordinates": [ 113.335, 28.033 ] } },
{ "type": "Feature", "properties": { "pt_id": "  5053", "trajectory_id": 5, "北京时间": "2026-05-11 11:00", "lon": 113.28, "lat": 27.959, "height": 1200.0 }, "geometry": { "type": "Point", "coordinates": [ 113.28, 27.959 ] } },
{ "type": "Feature", "properties": { "pt_id": "  5054", "trajectory_id": 5, "北京时间": "2026-05-11 10:00", "lon": 113.204, "lat": 27.9, "height": 1273.0 }, "geometry": { "type": "Point", "coordinates": [ 113.204, 27.9 ] } },
{ "type": "Feature", "properties": { "pt_id": "  5055", "trajectory_id": 5, "北京时间": "2026-05-11 09:00", "lon": 113.11, "lat": 27.858, "height": 1343.0 }, "geometry": { "type": "Point", "coordinates": [ 113.11, 27.858 ] } },
{ "type": "Feature", "properties": { "pt_id": "  5056", "trajectory_id": 5, "北京时间": "2026-05-11 08:00", "lon": 112.99, "lat": 27.836, "height": 1411.0 }, "geometry": { "type": "Point", "coordinates": [ 112.99, 27.836 ] } },
{ "type": "Feature", "properties": { "pt_id": "  5057", "trajectory_id": 5, "北京时间": "2026-05-11 07:00", "lon": 112.841, "lat": 27.834, "height": 1466.0 }, "geometry": { "type": "Point", "coordinates": [ 112.841, 27.834 ] } },
{ "type": "Feature", "properties": { "pt_id": "  5058", "trajectory_id": 5, "北京时间": "2026-05-11 06:00", "lon": 112.674, "lat": 27.842, "height": 1499.0 }, "geometry": { "type": "Point", "coordinates": [ 112.674, 27.842 ] } },
{ "type": "Feature", "properties": { "pt_id": "  5059", "trajectory_id": 5, "北京时间": "2026-05-11 05:00", "lon": 112.507, "lat": 27.855, "height": 1510.0 }, "geometry": { "type": "Point", "coordinates": [ 112.507, 27.855 ] } },
{ "type": "Feature", "properties": { "pt_id": "  5060", "trajectory_id": 5, "北京时间": "2026-05-11 04:00", "lon": 112.343, "lat": 27.869, "height": 1524.0 }, "geometry": { "type": "Point", "coordinates": [ 112.343, 27.869 ] } },
{ "type": "Feature", "properties": { "pt_id": "  5061", "trajectory_id": 5, "北京时间": "2026-05-11 03:00", "lon": 112.179, "lat": 27.889, "height": 1546.0 }, "geometry": { "type": "Point", "coordinates": [ 112.179, 27.889 ] } },
{ "type": "Feature", "properties": { "pt_id": "  5062", "trajectory_id": 5, "北京时间": "2026-05-11 02:00", "lon": 112.016, "lat": 27.919, "height": 1574.0 }, "geometry": { "type": "Point", "coordinates": [ 112.016, 27.919 ] } },
{ "type": "Feature", "properties": { "pt_id": "  5063", "trajectory_id": 5, "北京时间": "2026-05-11 01:00", "lon": 111.842, "lat": 27.958, "height": 1648.0 }, "geometry": { "type": "Point", "coordinates": [ 111.842, 27.958 ] } },
{ "type": "Feature", "properties": { "pt_id": "  5064", "trajectory_id": 5, "北京时间": "2026-05-11 00:00", "lon": 111.639, "lat": 27.996, "height": 1756.0 }, "geometry": { "type": "Point", "coordinates": [ 111.639, 27.996 ] } },
{ "type": "Feature", "properties": { "pt_id": "  6000", "trajectory_id": 6, "北京时间": "2026-05-13 00:00", "lon": 113.942, "lat": 30.907, "height": 10.0 }, "geometry": { "type": "Point", "coordinates": [ 113.942, 30.907 ] } },
{ "type": "Feature", "properties": { "pt_id": "  6021", "trajectory_id": 6, "北京时间": "2026-05-12 23:00", "lon": 114.009, "lat": 30.855, "height": 7.0 }, "geometry": { "type": "Point", "coordinates": [ 114.009, 30.855 ] } },
{ "type": "Feature", "properties": { "pt_id": "  6022", "trajectory_id": 6, "北京时间": "2026-05-12 22:00", "lon": 114.055, "lat": 30.806, "height": 5.0 }, "geometry": { "type": "Point", "coordinates": [ 114.055, 30.806 ] } },
{ "type": "Feature", "properties": { "pt_id": "  6023", "trajectory_id": 6, "北京时间": "2026-05-12 21:00", "lon": 114.078, "lat": 30.751, "height": 4.0 }, "geometry": { "type": "Point", "coordinates": [ 114.078, 30.751 ] } },
{ "type": "Feature", "properties": { "pt_id": "  6024", "trajectory_id": 6, "北京时间": "2026-05-12 20:00", "lon": 114.079, "lat": 30.684, "height": 3.0 }, "geometry": { "type": "Point", "coordinates": [ 114.079, 30.684 ] } },
{ "type": "Feature", "properties": { "pt_id": "  6025", "trajectory_id": 6, "北京时间": "2026-05-12 19:00", "lon": 114.057, "lat": 30.609, "height": 2.0 }, "geometry": { "type": "Point", "coordinates": [ 114.057, 30.609 ] } },
{ "type": "Feature", "properties": { "pt_id": "  6026", "trajectory_id": 6, "北京时间": "2026-05-12 18:00", "lon": 114.019, "lat": 30.522, "height": 2.0 }, "geometry": { "type": "Point", "coordinates": [ 114.019, 30.522 ] } },
{ "type": "Feature", "properties": { "pt_id": "  6027", "trajectory_id": 6, "北京时间": "2026-05-12 17:00", "lon": 113.97, "lat": 30.419, "height": 3.0 }, "geometry": { "type": "Point", "coordinates": [ 113.97, 30.419 ] } },
{ "type": "Feature", "properties": { "pt_id": "  6028", "trajectory_id": 6, "北京时间": "2026-05-12 16:00", "lon": 113.904, "lat": 30.302, "height": 3.0 }, "geometry": { "type": "Point", "coordinates": [ 113.904, 30.302 ] } },
{ "type": "Feature", "properties": { "pt_id": "  6029", "trajectory_id": 6, "北京时间": "2026-05-12 15:00", "lon": 113.828, "lat": 30.182, "height": 6.0 }, "geometry": { "type": "Point", "coordinates": [ 113.828, 30.182 ] } },
{ "type": "Feature", "properties": { "pt_id": "  6030", "trajectory_id": 6, "北京时间": "2026-05-12 14:00", "lon": 113.75, "lat": 30.067, "height": 9.0 }, "geometry": { "type": "Point", "coordinates": [ 113.75, 30.067 ] } },
{ "type": "Feature", "properties": { "pt_id": "  6031", "trajectory_id": 6, "北京时间": "2026-05-12 13:00", "lon": 113.676, "lat": 29.955, "height": 11.0 }, "geometry": { "type": "Point", "coordinates": [ 113.676, 29.955 ] } },
{ "type": "Feature", "properties": { "pt_id": "  6032", "trajectory_id": 6, "北京时间": "2026-05-12 12:00", "lon": 113.607, "lat": 29.837, "height": 14.0 }, "geometry": { "type": "Point", "coordinates": [ 113.607, 29.837 ] } },
{ "type": "Feature", "properties": { "pt_id": "  6033", "trajectory_id": 6, "北京时间": "2026-05-12 11:00", "lon": 113.536, "lat": 29.706, "height": 25.0 }, "geometry": { "type": "Point", "coordinates": [ 113.536, 29.706 ] } },
{ "type": "Feature", "properties": { "pt_id": "  6034", "trajectory_id": 6, "北京时间": "2026-05-12 10:00", "lon": 113.465, "lat": 29.564, "height": 58.0 }, "geometry": { "type": "Point", "coordinates": [ 113.465, 29.564 ] } },
{ "type": "Feature", "properties": { "pt_id": "  6035", "trajectory_id": 6, "北京时间": "2026-05-12 09:00", "lon": 113.408, "lat": 29.41, "height": 107.0 }, "geometry": { "type": "Point", "coordinates": [ 113.408, 29.41 ] } },
{ "type": "Feature", "properties": { "pt_id": "  6036", "trajectory_id": 6, "北京时间": "2026-05-12 08:00", "lon": 113.376, "lat": 29.257, "height": 136.0 }, "geometry": { "type": "Point", "coordinates": [ 113.376, 29.257 ] } },
{ "type": "Feature", "properties": { "pt_id": "  6037", "trajectory_id": 6, "北京时间": "2026-05-12 07:00", "lon": 113.372, "lat": 29.108, "height": 167.0 }, "geometry": { "type": "Point", "coordinates": [ 113.372, 29.108 ] } },
{ "type": "Feature", "properties": { "pt_id": "  6038", "trajectory_id": 6, "北京时间": "2026-05-12 06:00", "lon": 113.392, "lat": 28.953, "height": 221.0 }, "geometry": { "type": "Point", "coordinates": [ 113.392, 28.953 ] } },
{ "type": "Feature", "properties": { "pt_id": "  6039", "trajectory_id": 6, "北京时间": "2026-05-12 05:00", "lon": 113.412, "lat": 28.787, "height": 264.0 }, "geometry": { "type": "Point", "coordinates": [ 113.412, 28.787 ] } },
{ "type": "Feature", "properties": { "pt_id": "  6040", "trajectory_id": 6, "北京时间": "2026-05-12 04:00", "lon": 113.427, "lat": 28.625, "height": 295.0 }, "geometry": { "type": "Point", "coordinates": [ 113.427, 28.625 ] } },
{ "type": "Feature", "properties": { "pt_id": "  6041", "trajectory_id": 6, "北京时间": "2026-05-12 03:00", "lon": 113.426, "lat": 28.47, "height": 336.0 }, "geometry": { "type": "Point", "coordinates": [ 113.426, 28.47 ] } },
{ "type": "Feature", "properties": { "pt_id": "  6042", "trajectory_id": 6, "北京时间": "2026-05-12 02:00", "lon": 113.414, "lat": 28.32, "height": 358.0 }, "geometry": { "type": "Point", "coordinates": [ 113.414, 28.32 ] } },
{ "type": "Feature", "properties": { "pt_id": "  6043", "trajectory_id": 6, "北京时间": "2026-05-12 01:00", "lon": 113.399, "lat": 28.175, "height": 364.0 }, "geometry": { "type": "Point", "coordinates": [ 113.399, 28.175 ] } },
{ "type": "Feature", "properties": { "pt_id": "  6044", "trajectory_id": 6, "北京时间": "2026-05-12 00:00", "lon": 113.37, "lat": 28.037, "height": 381.0 }, "geometry": { "type": "Point", "coordinates": [ 113.37, 28.037 ] } },
{ "type": "Feature", "properties": { "pt_id": "  6045", "trajectory_id": 6, "北京时间": "2026-05-11 23:00", "lon": 113.318, "lat": 27.902, "height": 396.0 }, "geometry": { "type": "Point", "coordinates": [ 113.318, 27.902 ] } },
{ "type": "Feature", "properties": { "pt_id": "  6046", "trajectory_id": 6, "北京时间": "2026-05-11 22:00", "lon": 113.256, "lat": 27.763, "height": 390.0 }, "geometry": { "type": "Point", "coordinates": [ 113.256, 27.763 ] } },
{ "type": "Feature", "properties": { "pt_id": "  6047", "trajectory_id": 6, "北京时间": "2026-05-11 21:00", "lon": 113.194, "lat": 27.627, "height": 385.0 }, "geometry": { "type": "Point", "coordinates": [ 113.194, 27.627 ] } },
{ "type": "Feature", "properties": { "pt_id": "  6048", "trajectory_id": 6, "北京时间": "2026-05-11 20:00", "lon": 113.115, "lat": 27.49, "height": 401.0 }, "geometry": { "type": "Point", "coordinates": [ 113.115, 27.49 ] } },
{ "type": "Feature", "properties": { "pt_id": "  6049", "trajectory_id": 6, "北京时间": "2026-05-11 19:00", "lon": 113.007, "lat": 27.336, "height": 410.0 }, "geometry": { "type": "Point", "coordinates": [ 113.007, 27.336 ] } },
{ "type": "Feature", "properties": { "pt_id": "  6050", "trajectory_id": 6, "北京时间": "2026-05-11 18:00", "lon": 112.893, "lat": 27.18, "height": 417.0 }, "geometry": { "type": "Point", "coordinates": [ 112.893, 27.18 ] } },
{ "type": "Feature", "properties": { "pt_id": "  6051", "trajectory_id": 6, "北京时间": "2026-05-11 17:00", "lon": 112.778, "lat": 27.053, "height": 452.0 }, "geometry": { "type": "Point", "coordinates": [ 112.778, 27.053 ] } },
{ "type": "Feature", "properties": { "pt_id": "  6052", "trajectory_id": 6, "北京时间": "2026-05-11 16:00", "lon": 112.667, "lat": 26.953, "height": 516.0 }, "geometry": { "type": "Point", "coordinates": [ 112.667, 26.953 ] } },
{ "type": "Feature", "properties": { "pt_id": "  6053", "trajectory_id": 6, "北京时间": "2026-05-11 15:00", "lon": 112.557, "lat": 26.864, "height": 592.0 }, "geometry": { "type": "Point", "coordinates": [ 112.557, 26.864 ] } },
{ "type": "Feature", "properties": { "pt_id": "  6054", "trajectory_id": 6, "北京时间": "2026-05-11 14:00", "lon": 112.437, "lat": 26.79, "height": 668.0 }, "geometry": { "type": "Point", "coordinates": [ 112.437, 26.79 ] } },
{ "type": "Feature", "properties": { "pt_id": "  6055", "trajectory_id": 6, "北京时间": "2026-05-11 13:00", "lon": 112.298, "lat": 26.73, "height": 758.0 }, "geometry": { "type": "Point", "coordinates": [ 112.298, 26.73 ] } },
{ "type": "Feature", "properties": { "pt_id": "  6056", "trajectory_id": 6, "北京时间": "2026-05-11 12:00", "lon": 112.146, "lat": 26.668, "height": 847.0 }, "geometry": { "type": "Point", "coordinates": [ 112.146, 26.668 ] } },
{ "type": "Feature", "properties": { "pt_id": "  6057", "trajectory_id": 6, "北京时间": "2026-05-11 11:00", "lon": 111.992, "lat": 26.599, "height": 929.0 }, "geometry": { "type": "Point", "coordinates": [ 111.992, 26.599 ] } },
{ "type": "Feature", "properties": { "pt_id": "  6058", "trajectory_id": 6, "北京时间": "2026-05-11 10:00", "lon": 111.838, "lat": 26.536, "height": 1037.0 }, "geometry": { "type": "Point", "coordinates": [ 111.838, 26.536 ] } },
{ "type": "Feature", "properties": { "pt_id": "  6059", "trajectory_id": 6, "北京时间": "2026-05-11 09:00", "lon": 111.691, "lat": 26.496, "height": 1162.0 }, "geometry": { "type": "Point", "coordinates": [ 111.691, 26.496 ] } },
{ "type": "Feature", "properties": { "pt_id": "  6060", "trajectory_id": 6, "北京时间": "2026-05-11 08:00", "lon": 111.54, "lat": 26.482, "height": 1286.0 }, "geometry": { "type": "Point", "coordinates": [ 111.54, 26.482 ] } },
{ "type": "Feature", "properties": { "pt_id": "  6061", "trajectory_id": 6, "北京时间": "2026-05-11 07:00", "lon": 111.351, "lat": 26.494, "height": 1414.0 }, "geometry": { "type": "Point", "coordinates": [ 111.351, 26.494 ] } },
{ "type": "Feature", "properties": { "pt_id": "  6062", "trajectory_id": 6, "北京时间": "2026-05-11 06:00", "lon": 111.087, "lat": 26.512, "height": 1531.0 }, "geometry": { "type": "Point", "coordinates": [ 111.087, 26.512 ] } },
{ "type": "Feature", "properties": { "pt_id": "  6063", "trajectory_id": 6, "北京时间": "2026-05-11 05:00", "lon": 110.773, "lat": 26.53, "height": 1562.0 }, "geometry": { "type": "Point", "coordinates": [ 110.773, 26.53 ] } },
{ "type": "Feature", "properties": { "pt_id": "  6064", "trajectory_id": 6, "北京时间": "2026-05-11 04:00", "lon": 110.434, "lat": 26.55, "height": 1574.0 }, "geometry": { "type": "Point", "coordinates": [ 110.434, 26.55 ] } },
{ "type": "Feature", "properties": { "pt_id": "  6065", "trajectory_id": 6, "北京时间": "2026-05-11 03:00", "lon": 110.116, "lat": 26.571, "height": 1638.0 }, "geometry": { "type": "Point", "coordinates": [ 110.116, 26.571 ] } },
{ "type": "Feature", "properties": { "pt_id": "  6066", "trajectory_id": 6, "北京时间": "2026-05-11 02:00", "lon": 109.841, "lat": 26.598, "height": 1659.0 }, "geometry": { "type": "Point", "coordinates": [ 109.841, 26.598 ] } },
{ "type": "Feature", "properties": { "pt_id": "  6067", "trajectory_id": 6, "北京时间": "2026-05-11 01:00", "lon": 109.587, "lat": 26.629, "height": 1709.0 }, "geometry": { "type": "Point", "coordinates": [ 109.587, 26.629 ] } },
{ "type": "Feature", "properties": { "pt_id": "  6068", "trajectory_id": 6, "北京时间": "2026-05-11 00:00", "lon": 109.333, "lat": 26.661, "height": 1752.0 }, "geometry": { "type": "Point", "coordinates": [ 109.333, 26.661 ] } },
{ "type": "Feature", "properties": { "pt_id": "  7000", "trajectory_id": 7, "北京时间": "2026-05-13 00:00", "lon": 113.942, "lat": 30.907, "height": 10.0 }, "geometry": { "type": "Point", "coordinates": [ 113.942, 30.907 ] } },
{ "type": "Feature", "properties": { "pt_id": "  7025", "trajectory_id": 7, "北京时间": "2026-05-12 23:00", "lon": 113.929, "lat": 30.815, "height": 2.0 }, "geometry": { "type": "Point", "coordinates": [ 113.929, 30.815 ] } },
{ "type": "Feature", "properties": { "pt_id": "  7026", "trajectory_id": 7, "北京时间": "2026-05-12 22:00", "lon": 113.901, "lat": 30.71, "height": 0.0 }, "geometry": { "type": "Point", "coordinates": [ 113.901, 30.71 ] } },
{ "type": "Feature", "properties": { "pt_id": "  7027", "trajectory_id": 7, "北京时间": "2026-05-12 21:00", "lon": 113.867, "lat": 30.59, "height": 0.0 }, "geometry": { "type": "Point", "coordinates": [ 113.867, 30.59 ] } },
{ "type": "Feature", "properties": { "pt_id": "  7028", "trajectory_id": 7, "北京时间": "2026-05-12 20:00", "lon": 113.822, "lat": 30.452, "height": 0.0 }, "geometry": { "type": "Point", "coordinates": [ 113.822, 30.452 ] } },
{ "type": "Feature", "properties": { "pt_id": "  7029", "trajectory_id": 7, "北京时间": "2026-05-12 19:00", "lon": 113.76, "lat": 30.308, "height": 3.0 }, "geometry": { "type": "Point", "coordinates": [ 113.76, 30.308 ] } },
{ "type": "Feature", "properties": { "pt_id": "  7030", "trajectory_id": 7, "北京时间": "2026-05-12 18:00", "lon": 113.689, "lat": 30.173, "height": 7.0 }, "geometry": { "type": "Point", "coordinates": [ 113.689, 30.173 ] } },
{ "type": "Feature", "properties": { "pt_id": "  7031", "trajectory_id": 7, "北京时间": "2026-05-12 17:00", "lon": 113.622, "lat": 30.043, "height": 10.0 }, "geometry": { "type": "Point", "coordinates": [ 113.622, 30.043 ] } },
{ "type": "Feature", "properties": { "pt_id": "  7032", "trajectory_id": 7, "北京时间": "2026-05-12 16:00", "lon": 113.556, "lat": 29.91, "height": 12.0 }, "geometry": { "type": "Point", "coordinates": [ 113.556, 29.91 ] } },
{ "type": "Feature", "properties": { "pt_id": "  7033", "trajectory_id": 7, "北京时间": "2026-05-12 15:00", "lon": 113.485, "lat": 29.766, "height": 17.0 }, "geometry": { "type": "Point", "coordinates": [ 113.485, 29.766 ] } },
{ "type": "Feature", "properties": { "pt_id": "  7034", "trajectory_id": 7, "北京时间": "2026-05-12 14:00", "lon": 113.416, "lat": 29.619, "height": 35.0 }, "geometry": { "type": "Point", "coordinates": [ 113.416, 29.619 ] } },
{ "type": "Feature", "properties": { "pt_id": "  7035", "trajectory_id": 7, "北京时间": "2026-05-12 13:00", "lon": 113.359, "lat": 29.465, "height": 71.0 }, "geometry": { "type": "Point", "coordinates": [ 113.359, 29.465 ] } },
{ "type": "Feature", "properties": { "pt_id": "  7036", "trajectory_id": 7, "北京时间": "2026-05-12 12:00", "lon": 113.325, "lat": 29.3, "height": 102.0 }, "geometry": { "type": "Point", "coordinates": [ 113.325, 29.3 ] } },
{ "type": "Feature", "properties": { "pt_id": "  7037", "trajectory_id": 7, "北京时间": "2026-05-12 11:00", "lon": 113.32, "lat": 29.133, "height": 126.0 }, "geometry": { "type": "Point", "coordinates": [ 113.32, 29.133 ] } },
{ "type": "Feature", "properties": { "pt_id": "  7038", "trajectory_id": 7, "北京时间": "2026-05-12 10:00", "lon": 113.344, "lat": 28.972, "height": 176.0 }, "geometry": { "type": "Point", "coordinates": [ 113.344, 28.972 ] } },
{ "type": "Feature", "properties": { "pt_id": "  7039", "trajectory_id": 7, "北京时间": "2026-05-12 09:00", "lon": 113.373, "lat": 28.804, "height": 224.0 }, "geometry": { "type": "Point", "coordinates": [ 113.373, 28.804 ] } },
{ "type": "Feature", "properties": { "pt_id": "  7040", "trajectory_id": 7, "北京时间": "2026-05-12 08:00", "lon": 113.394, "lat": 28.639, "height": 260.0 }, "geometry": { "type": "Point", "coordinates": [ 113.394, 28.639 ] } },
{ "type": "Feature", "properties": { "pt_id": "  7041", "trajectory_id": 7, "北京时间": "2026-05-12 07:00", "lon": 113.4, "lat": 28.482, "height": 300.0 }, "geometry": { "type": "Point", "coordinates": [ 113.4, 28.482 ] } },
{ "type": "Feature", "properties": { "pt_id": "  7042", "trajectory_id": 7, "北京时间": "2026-05-12 06:00", "lon": 113.394, "lat": 28.331, "height": 323.0 }, "geometry": { "type": "Point", "coordinates": [ 113.394, 28.331 ] } },
{ "type": "Feature", "properties": { "pt_id": "  7043", "trajectory_id": 7, "北京时间": "2026-05-12 05:00", "lon": 113.387, "lat": 28.185, "height": 329.0 }, "geometry": { "type": "Point", "coordinates": [ 113.387, 28.185 ] } },
{ "type": "Feature", "properties": { "pt_id": "  7044", "trajectory_id": 7, "北京时间": "2026-05-12 04:00", "lon": 113.369, "lat": 28.048, "height": 345.0 }, "geometry": { "type": "Point", "coordinates": [ 113.369, 28.048 ] } },
{ "type": "Feature", "properties": { "pt_id": "  7045", "trajectory_id": 7, "北京时间": "2026-05-12 03:00", "lon": 113.331, "lat": 27.916, "height": 362.0 }, "geometry": { "type": "Point", "coordinates": [ 113.331, 27.916 ] } },
{ "type": "Feature", "properties": { "pt_id": "  7046", "trajectory_id": 7, "北京时间": "2026-05-12 02:00", "lon": 113.281, "lat": 27.783, "height": 356.0 }, "geometry": { "type": "Point", "coordinates": [ 113.281, 27.783 ] } },
{ "type": "Feature", "properties": { "pt_id": "  7047", "trajectory_id": 7, "北京时间": "2026-05-12 01:00", "lon": 113.231, "lat": 27.652, "height": 346.0 }, "geometry": { "type": "Point", "coordinates": [ 113.231, 27.652 ] } },
{ "type": "Feature", "properties": { "pt_id": "  7048", "trajectory_id": 7, "北京时间": "2026-05-12 00:00", "lon": 113.167, "lat": 27.522, "height": 363.0 }, "geometry": { "type": "Point", "coordinates": [ 113.167, 27.522 ] } },
{ "type": "Feature", "properties": { "pt_id": "  7049", "trajectory_id": 7, "北京时间": "2026-05-11 23:00", "lon": 113.074, "lat": 27.378, "height": 382.0 }, "geometry": { "type": "Point", "coordinates": [ 113.074, 27.378 ] } },
{ "type": "Feature", "properties": { "pt_id": "  7050", "trajectory_id": 7, "北京时间": "2026-05-11 22:00", "lon": 112.967, "lat": 27.217, "height": 389.0 }, "geometry": { "type": "Point", "coordinates": [ 112.967, 27.217 ] } },
{ "type": "Feature", "properties": { "pt_id": "  7051", "trajectory_id": 7, "北京时间": "2026-05-11 21:00", "lon": 112.863, "lat": 27.078, "height": 416.0 }, "geometry": { "type": "Point", "coordinates": [ 112.863, 27.078 ] } },
{ "type": "Feature", "properties": { "pt_id": "  7052", "trajectory_id": 7, "北京时间": "2026-05-11 20:00", "lon": 112.758, "lat": 26.975, "height": 472.0 }, "geometry": { "type": "Point", "coordinates": [ 112.758, 26.975 ] } },
{ "type": "Feature", "properties": { "pt_id": "  7053", "trajectory_id": 7, "北京时间": "2026-05-11 19:00", "lon": 112.655, "lat": 26.892, "height": 542.0 }, "geometry": { "type": "Point", "coordinates": [ 112.655, 26.892 ] } },
{ "type": "Feature", "properties": { "pt_id": "  7054", "trajectory_id": 7, "北京时间": "2026-05-11 18:00", "lon": 112.55, "lat": 26.823, "height": 621.0 }, "geometry": { "type": "Point", "coordinates": [ 112.55, 26.823 ] } },
{ "type": "Feature", "properties": { "pt_id": "  7055", "trajectory_id": 7, "北京时间": "2026-05-11 17:00", "lon": 112.422, "lat": 26.771, "height": 712.0 }, "geometry": { "type": "Point", "coordinates": [ 112.422, 26.771 ] } },
{ "type": "Feature", "properties": { "pt_id": "  7056", "trajectory_id": 7, "北京时间": "2026-05-11 16:00", "lon": 112.269, "lat": 26.719, "height": 797.0 }, "geometry": { "type": "Point", "coordinates": [ 112.269, 26.719 ] } },
{ "type": "Feature", "properties": { "pt_id": "  7057", "trajectory_id": 7, "北京时间": "2026-05-11 15:00", "lon": 112.111, "lat": 26.658, "height": 870.0 }, "geometry": { "type": "Point", "coordinates": [ 112.111, 26.658 ] } },
{ "type": "Feature", "properties": { "pt_id": "  7058", "trajectory_id": 7, "北京时间": "2026-05-11 14:00", "lon": 111.949, "lat": 26.597, "height": 956.0 }, "geometry": { "type": "Point", "coordinates": [ 111.949, 26.597 ] } },
{ "type": "Feature", "properties": { "pt_id": "  7059", "trajectory_id": 7, "北京时间": "2026-05-11 13:00", "lon": 111.792, "lat": 26.549, "height": 1062.0 }, "geometry": { "type": "Point", "coordinates": [ 111.792, 26.549 ] } },
{ "type": "Feature", "properties": { "pt_id": "  7060", "trajectory_id": 7, "北京时间": "2026-05-11 12:00", "lon": 111.644, "lat": 26.525, "height": 1171.0 }, "geometry": { "type": "Point", "coordinates": [ 111.644, 26.525 ] } },
{ "type": "Feature", "properties": { "pt_id": "  7061", "trajectory_id": 7, "北京时间": "2026-05-11 11:00", "lon": 111.475, "lat": 26.535, "height": 1286.0 }, "geometry": { "type": "Point", "coordinates": [ 111.475, 26.535 ] } },
{ "type": "Feature", "properties": { "pt_id": "  7062", "trajectory_id": 7, "北京时间": "2026-05-11 10:00", "lon": 111.25, "lat": 26.559, "height": 1402.0 }, "geometry": { "type": "Point", "coordinates": [ 111.25, 26.559 ] } },
{ "type": "Feature", "properties": { "pt_id": "  7063", "trajectory_id": 7, "北京时间": "2026-05-11 09:00", "lon": 110.977, "lat": 26.576, "height": 1453.0 }, "geometry": { "type": "Point", "coordinates": [ 110.977, 26.576 ] } },
{ "type": "Feature", "properties": { "pt_id": "  7064", "trajectory_id": 7, "北京时间": "2026-05-11 08:00", "lon": 110.685, "lat": 26.591, "height": 1465.0 }, "geometry": { "type": "Point", "coordinates": [ 110.685, 26.591 ] } },
{ "type": "Feature", "properties": { "pt_id": "  7065", "trajectory_id": 7, "北京时间": "2026-05-11 07:00", "lon": 110.37, "lat": 26.612, "height": 1476.0 }, "geometry": { "type": "Point", "coordinates": [ 110.37, 26.612 ] } },
{ "type": "Feature", "properties": { "pt_id": "  7066", "trajectory_id": 7, "北京时间": "2026-05-11 06:00", "lon": 110.097, "lat": 26.629, "height": 1505.0 }, "geometry": { "type": "Point", "coordinates": [ 110.097, 26.629 ] } },
{ "type": "Feature", "properties": { "pt_id": "  7067", "trajectory_id": 7, "北京时间": "2026-05-11 05:00", "lon": 109.854, "lat": 26.655, "height": 1523.0 }, "geometry": { "type": "Point", "coordinates": [ 109.854, 26.655 ] } },
{ "type": "Feature", "properties": { "pt_id": "  7068", "trajectory_id": 7, "北京时间": "2026-05-11 04:00", "lon": 109.631, "lat": 26.684, "height": 1561.0 }, "geometry": { "type": "Point", "coordinates": [ 109.631, 26.684 ] } },
{ "type": "Feature", "properties": { "pt_id": "  7069", "trajectory_id": 7, "北京时间": "2026-05-11 03:00", "lon": 109.415, "lat": 26.721, "height": 1577.0 }, "geometry": { "type": "Point", "coordinates": [ 109.415, 26.721 ] } },
{ "type": "Feature", "properties": { "pt_id": "  7070", "trajectory_id": 7, "北京时间": "2026-05-11 02:00", "lon": 109.198, "lat": 26.756, "height": 1579.0 }, "geometry": { "type": "Point", "coordinates": [ 109.198, 26.756 ] } },
{ "type": "Feature", "properties": { "pt_id": "  7071", "trajectory_id": 7, "北京时间": "2026-05-11 01:00", "lon": 108.974, "lat": 26.781, "height": 1608.0 }, "geometry": { "type": "Point", "coordinates": [ 108.974, 26.781 ] } },
{ "type": "Feature", "properties": { "pt_id": "  7072", "trajectory_id": 7, "北京时间": "2026-05-11 00:00", "lon": 108.738, "lat": 26.796, "height": 1626.0 }, "geometry": { "type": "Point", "coordinates": [ 108.738, 26.796 ] } },
{ "type": "Feature", "properties": { "pt_id": "  8000", "trajectory_id": 8, "北京时间": "2026-05-13 00:00", "lon": 113.942, "lat": 30.907, "height": 10.0 }, "geometry": { "type": "Point", "coordinates": [ 113.942, 30.907 ] } },
{ "type": "Feature", "properties": { "pt_id": "  8029", "trajectory_id": 8, "北京时间": "2026-05-12 23:00", "lon": 113.9, "lat": 30.771, "height": 6.0 }, "geometry": { "type": "Point", "coordinates": [ 113.9, 30.771 ] } },
{ "type": "Feature", "properties": { "pt_id": "  8030", "trajectory_id": 8, "北京时间": "2026-05-12 22:00", "lon": 113.842, "lat": 30.623, "height": 7.0 }, "geometry": { "type": "Point", "coordinates": [ 113.842, 30.623 ] } },
{ "type": "Feature", "properties": { "pt_id": "  8031", "trajectory_id": 8, "北京时间": "2026-05-12 21:00", "lon": 113.77, "lat": 30.47, "height": 11.0 }, "geometry": { "type": "Point", "coordinates": [ 113.77, 30.47 ] } },
{ "type": "Feature", "properties": { "pt_id": "  8032", "trajectory_id": 8, "北京时间": "2026-05-12 20:00", "lon": 113.686, "lat": 30.313, "height": 17.0 }, "geometry": { "type": "Point", "coordinates": [ 113.686, 30.313 ] } },
{ "type": "Feature", "properties": { "pt_id": "  8033", "trajectory_id": 8, "北京时间": "2026-05-12 19:00", "lon": 113.598, "lat": 30.151, "height": 22.0 }, "geometry": { "type": "Point", "coordinates": [ 113.598, 30.151 ] } },
{ "type": "Feature", "properties": { "pt_id": "  8034", "trajectory_id": 8, "北京时间": "2026-05-12 18:00", "lon": 113.505, "lat": 29.977, "height": 32.0 }, "geometry": { "type": "Point", "coordinates": [ 113.505, 29.977 ] } },
{ "type": "Feature", "properties": { "pt_id": "  8035", "trajectory_id": 8, "北京时间": "2026-05-12 17:00", "lon": 113.413, "lat": 29.794, "height": 52.0 }, "geometry": { "type": "Point", "coordinates": [ 113.413, 29.794 ] } },
{ "type": "Feature", "properties": { "pt_id": "  8036", "trajectory_id": 8, "北京时间": "2026-05-12 16:00", "lon": 113.335, "lat": 29.61, "height": 79.0 }, "geometry": { "type": "Point", "coordinates": [ 113.335, 29.61 ] } },
{ "type": "Feature", "properties": { "pt_id": "  8037", "trajectory_id": 8, "北京时间": "2026-05-12 15:00", "lon": 113.282, "lat": 29.411, "height": 115.0 }, "geometry": { "type": "Point", "coordinates": [ 113.282, 29.411 ] } },
{ "type": "Feature", "properties": { "pt_id": "  8038", "trajectory_id": 8, "北京时间": "2026-05-12 14:00", "lon": 113.282, "lat": 29.216, "height": 145.0 }, "geometry": { "type": "Point", "coordinates": [ 113.282, 29.216 ] } },
{ "type": "Feature", "properties": { "pt_id": "  8039", "trajectory_id": 8, "北京时间": "2026-05-12 13:00", "lon": 113.321, "lat": 29.033, "height": 192.0 }, "geometry": { "type": "Point", "coordinates": [ 113.321, 29.033 ] } },
{ "type": "Feature", "properties": { "pt_id": "  8040", "trajectory_id": 8, "北京时间": "2026-05-12 12:00", "lon": 113.362, "lat": 28.84, "height": 260.0 }, "geometry": { "type": "Point", "coordinates": [ 113.362, 28.84 ] } },
{ "type": "Feature", "properties": { "pt_id": "  8041", "trajectory_id": 8, "北京时间": "2026-05-12 11:00", "lon": 113.386, "lat": 28.642, "height": 303.0 }, "geometry": { "type": "Point", "coordinates": [ 113.386, 28.642 ] } },
{ "type": "Feature", "properties": { "pt_id": "  8042", "trajectory_id": 8, "北京时间": "2026-05-12 10:00", "lon": 113.381, "lat": 28.461, "height": 342.0 }, "geometry": { "type": "Point", "coordinates": [ 113.381, 28.461 ] } },
{ "type": "Feature", "properties": { "pt_id": "  8043", "trajectory_id": 8, "北京时间": "2026-05-12 09:00", "lon": 113.363, "lat": 28.286, "height": 356.0 }, "geometry": { "type": "Point", "coordinates": [ 113.363, 28.286 ] } },
{ "type": "Feature", "properties": { "pt_id": "  8044", "trajectory_id": 8, "北京时间": "2026-05-12 08:00", "lon": 113.342, "lat": 28.127, "height": 359.0 }, "geometry": { "type": "Point", "coordinates": [ 113.342, 28.127 ] } },
{ "type": "Feature", "properties": { "pt_id": "  8045", "trajectory_id": 8, "北京时间": "2026-05-12 07:00", "lon": 113.303, "lat": 27.982, "height": 371.0 }, "geometry": { "type": "Point", "coordinates": [ 113.303, 27.982 ] } },
{ "type": "Feature", "properties": { "pt_id": "  8046", "trajectory_id": 8, "北京时间": "2026-05-12 06:00", "lon": 113.247, "lat": 27.84, "height": 370.0 }, "geometry": { "type": "Point", "coordinates": [ 113.247, 27.84 ] } },
{ "type": "Feature", "properties": { "pt_id": "  8047", "trajectory_id": 8, "北京时间": "2026-05-12 05:00", "lon": 113.191, "lat": 27.701, "height": 354.0 }, "geometry": { "type": "Point", "coordinates": [ 113.191, 27.701 ] } },
{ "type": "Feature", "properties": { "pt_id": "  8048", "trajectory_id": 8, "北京时间": "2026-05-12 04:00", "lon": 113.128, "lat": 27.565, "height": 355.0 }, "geometry": { "type": "Point", "coordinates": [ 113.128, 27.565 ] } },
{ "type": "Feature", "properties": { "pt_id": "  8049", "trajectory_id": 8, "北京时间": "2026-05-12 03:00", "lon": 113.04, "lat": 27.419, "height": 372.0 }, "geometry": { "type": "Point", "coordinates": [ 113.04, 27.419 ] } },
{ "type": "Feature", "properties": { "pt_id": "  8050", "trajectory_id": 8, "北京时间": "2026-05-12 02:00", "lon": 112.935, "lat": 27.26, "height": 385.0 }, "geometry": { "type": "Point", "coordinates": [ 112.935, 27.26 ] } },
{ "type": "Feature", "properties": { "pt_id": "  8051", "trajectory_id": 8, "北京时间": "2026-05-12 01:00", "lon": 112.83, "lat": 27.121, "height": 417.0 }, "geometry": { "type": "Point", "coordinates": [ 112.83, 27.121 ] } },
{ "type": "Feature", "properties": { "pt_id": "  8052", "trajectory_id": 8, "北京时间": "2026-05-12 00:00", "lon": 112.72, "lat": 27.016, "height": 479.0 }, "geometry": { "type": "Point", "coordinates": [ 112.72, 27.016 ] } },
{ "type": "Feature", "properties": { "pt_id": "  8053", "trajectory_id": 8, "北京时间": "2026-05-11 23:00", "lon": 112.609, "lat": 26.931, "height": 560.0 }, "geometry": { "type": "Point", "coordinates": [ 112.609, 26.931 ] } },
{ "type": "Feature", "properties": { "pt_id": "  8054", "trajectory_id": 8, "北京时间": "2026-05-11 22:00", "lon": 112.49, "lat": 26.858, "height": 648.0 }, "geometry": { "type": "Point", "coordinates": [ 112.49, 26.858 ] } },
{ "type": "Feature", "properties": { "pt_id": "  8055", "trajectory_id": 8, "北京时间": "2026-05-11 21:00", "lon": 112.346, "lat": 26.802, "height": 742.0 }, "geometry": { "type": "Point", "coordinates": [ 112.346, 26.802 ] } },
{ "type": "Feature", "properties": { "pt_id": "  8056", "trajectory_id": 8, "北京时间": "2026-05-11 20:00", "lon": 112.178, "lat": 26.744, "height": 830.0 }, "geometry": { "type": "Point", "coordinates": [ 112.178, 26.744 ] } },
{ "type": "Feature", "properties": { "pt_id": "  8057", "trajectory_id": 8, "北京时间": "2026-05-11 19:00", "lon": 112.004, "lat": 26.678, "height": 913.0 }, "geometry": { "type": "Point", "coordinates": [ 112.004, 26.678 ] } },
{ "type": "Feature", "properties": { "pt_id": "  8058", "trajectory_id": 8, "北京时间": "2026-05-11 18:00", "lon": 111.83, "lat": 26.621, "height": 1011.0 }, "geometry": { "type": "Point", "coordinates": [ 111.83, 26.621 ] } },
{ "type": "Feature", "properties": { "pt_id": "  8059", "trajectory_id": 8, "北京时间": "2026-05-11 17:00", "lon": 111.658, "lat": 26.586, "height": 1116.0 }, "geometry": { "type": "Point", "coordinates": [ 111.658, 26.586 ] } },
{ "type": "Feature", "properties": { "pt_id": "  8060", "trajectory_id": 8, "北京时间": "2026-05-11 16:00", "lon": 111.479, "lat": 26.577, "height": 1223.0 }, "geometry": { "type": "Point", "coordinates": [ 111.479, 26.577 ] } },
{ "type": "Feature", "properties": { "pt_id": "  8061", "trajectory_id": 8, "北京时间": "2026-05-11 15:00", "lon": 111.256, "lat": 26.593, "height": 1339.0 }, "geometry": { "type": "Point", "coordinates": [ 111.256, 26.593 ] } },
{ "type": "Feature", "properties": { "pt_id": "  8062", "trajectory_id": 8, "北京时间": "2026-05-11 14:00", "lon": 110.983, "lat": 26.613, "height": 1391.0 }, "geometry": { "type": "Point", "coordinates": [ 110.983, 26.613 ] } },
{ "type": "Feature", "properties": { "pt_id": "  8063", "trajectory_id": 8, "北京时间": "2026-05-11 13:00", "lon": 110.703, "lat": 26.627, "height": 1404.0 }, "geometry": { "type": "Point", "coordinates": [ 110.703, 26.627 ] } },
{ "type": "Feature", "properties": { "pt_id": "  8064", "trajectory_id": 8, "北京时间": "2026-05-11 12:00", "lon": 110.398, "lat": 26.645, "height": 1422.0 }, "geometry": { "type": "Point", "coordinates": [ 110.398, 26.645 ] } },
{ "type": "Feature", "properties": { "pt_id": "  8065", "trajectory_id": 8, "北京时间": "2026-05-11 11:00", "lon": 110.122, "lat": 26.66, "height": 1469.0 }, "geometry": { "type": "Point", "coordinates": [ 110.122, 26.66 ] } },
{ "type": "Feature", "properties": { "pt_id": "  8066", "trajectory_id": 8, "北京时间": "2026-05-11 10:00", "lon": 109.882, "lat": 26.688, "height": 1485.0 }, "geometry": { "type": "Point", "coordinates": [ 109.882, 26.688 ] } },
{ "type": "Feature", "properties": { "pt_id": "  8067", "trajectory_id": 8, "北京时间": "2026-05-11 09:00", "lon": 109.66, "lat": 26.717, "height": 1526.0 }, "geometry": { "type": "Point", "coordinates": [ 109.66, 26.717 ] } },
{ "type": "Feature", "properties": { "pt_id": "  8068", "trajectory_id": 8, "北京时间": "2026-05-11 08:00", "lon": 109.439, "lat": 26.752, "height": 1569.0 }, "geometry": { "type": "Point", "coordinates": [ 109.439, 26.752 ] } },
{ "type": "Feature", "properties": { "pt_id": "  8069", "trajectory_id": 8, "北京时间": "2026-05-11 07:00", "lon": 109.216, "lat": 26.79, "height": 1589.0 }, "geometry": { "type": "Point", "coordinates": [ 109.216, 26.79 ] } },
{ "type": "Feature", "properties": { "pt_id": "  8070", "trajectory_id": 8, "北京时间": "2026-05-11 06:00", "lon": 108.985, "lat": 26.82, "height": 1616.0 }, "geometry": { "type": "Point", "coordinates": [ 108.985, 26.82 ] } },
{ "type": "Feature", "properties": { "pt_id": "  8071", "trajectory_id": 8, "北京时间": "2026-05-11 05:00", "lon": 108.74, "lat": 26.842, "height": 1636.0 }, "geometry": { "type": "Point", "coordinates": [ 108.74, 26.842 ] } },
{ "type": "Feature", "properties": { "pt_id": "  8072", "trajectory_id": 8, "北京时间": "2026-05-11 04:00", "lon": 108.493, "lat": 26.866, "height": 1640.0 }, "geometry": { "type": "Point", "coordinates": [ 108.493, 26.866 ] } },
{ "type": "Feature", "properties": { "pt_id": "  8073", "trajectory_id": 8, "北京时间": "2026-05-11 03:00", "lon": 108.252, "lat": 26.896, "height": 1708.0 }, "geometry": { "type": "Point", "coordinates": [ 108.252, 26.896 ] } },
{ "type": "Feature", "properties": { "pt_id": "  8074", "trajectory_id": 8, "北京时间": "2026-05-11 02:00", "lon": 108.005, "lat": 26.92, "height": 1835.0 }, "geometry": { "type": "Point", "coordinates": [ 108.005, 26.92 ] } },
{ "type": "Feature", "properties": { "pt_id": "  8075", "trajectory_id": 8, "北京时间": "2026-05-11 01:00", "lon": 107.735, "lat": 26.922, "height": 1907.0 }, "geometry": { "type": "Point", "coordinates": [ 107.735, 26.922 ] } },
{ "type": "Feature", "properties": { "pt_id": "  8076", "trajectory_id": 8, "北京时间": "2026-05-11 00:00", "lon": 107.427, "lat": 26.912, "height": 1955.0 }, "geometry": { "type": "Point", "coordinates": [ 107.427, 26.912 ] } },
{ "type": "Feature", "properties": { "pt_id": "  9000", "trajectory_id": 9, "北京时间": "2026-05-13 00:00", "lon": 113.942, "lat": 30.907, "height": 10.0 }, "geometry": { "type": "Point", "coordinates": [ 113.942, 30.907 ] } },
{ "type": "Feature", "properties": { "pt_id": "  9033", "trajectory_id": 9, "北京时间": "2026-05-12 23:00", "lon": 113.853, "lat": 30.748, "height": 6.0 }, "geometry": { "type": "Point", "coordinates": [ 113.853, 30.748 ] } },
{ "type": "Feature", "properties": { "pt_id": "  9034", "trajectory_id": 9, "北京时间": "2026-05-12 22:00", "lon": 113.754, "lat": 30.588, "height": 7.0 }, "geometry": { "type": "Point", "coordinates": [ 113.754, 30.588 ] } },
{ "type": "Feature", "properties": { "pt_id": "  9035", "trajectory_id": 9, "北京时间": "2026-05-12 21:00", "lon": 113.652, "lat": 30.427, "height": 7.0 }, "geometry": { "type": "Point", "coordinates": [ 113.652, 30.427 ] } },
{ "type": "Feature", "properties": { "pt_id": "  9036", "trajectory_id": 9, "北京时间": "2026-05-12 20:00", "lon": 113.554, "lat": 30.264, "height": 7.0 }, "geometry": { "type": "Point", "coordinates": [ 113.554, 30.264 ] } },
{ "type": "Feature", "properties": { "pt_id": "  9037", "trajectory_id": 9, "北京时间": "2026-05-12 19:00", "lon": 113.456, "lat": 30.095, "height": 7.0 }, "geometry": { "type": "Point", "coordinates": [ 113.456, 30.095 ] } },
{ "type": "Feature", "properties": { "pt_id": "  9038", "trajectory_id": 9, "北京时间": "2026-05-12 18:00", "lon": 113.367, "lat": 29.927, "height": 8.0 }, "geometry": { "type": "Point", "coordinates": [ 113.367, 29.927 ] } },
{ "type": "Feature", "properties": { "pt_id": "  9039", "trajectory_id": 9, "北京时间": "2026-05-12 17:00", "lon": 113.301, "lat": 29.768, "height": 14.0 }, "geometry": { "type": "Point", "coordinates": [ 113.301, 29.768 ] } },
{ "type": "Feature", "properties": { "pt_id": "  9040", "trajectory_id": 9, "北京时间": "2026-05-12 16:00", "lon": 113.261, "lat": 29.602, "height": 29.0 }, "geometry": { "type": "Point", "coordinates": [ 113.261, 29.602 ] } },
{ "type": "Feature", "properties": { "pt_id": "  9041", "trajectory_id": 9, "北京时间": "2026-05-12 15:00", "lon": 113.261, "lat": 29.426, "height": 54.0 }, "geometry": { "type": "Point", "coordinates": [ 113.261, 29.426 ] } },
{ "type": "Feature", "properties": { "pt_id": "  9042", "trajectory_id": 9, "北京时间": "2026-05-12 14:00", "lon": 113.309, "lat": 29.247, "height": 73.0 }, "geometry": { "type": "Point", "coordinates": [ 113.309, 29.247 ] } },
{ "type": "Feature", "properties": { "pt_id": "  9043", "trajectory_id": 9, "北京时间": "2026-05-12 13:00", "lon": 113.383, "lat": 29.083, "height": 113.0 }, "geometry": { "type": "Point", "coordinates": [ 113.383, 29.083 ] } },
{ "type": "Feature", "properties": { "pt_id": "  9044", "trajectory_id": 9, "北京时间": "2026-05-12 12:00", "lon": 113.446, "lat": 28.915, "height": 192.0 }, "geometry": { "type": "Point", "coordinates": [ 113.446, 28.915 ] } },
{ "type": "Feature", "properties": { "pt_id": "  9045", "trajectory_id": 9, "北京时间": "2026-05-12 11:00", "lon": 113.473, "lat": 28.753, "height": 250.0 }, "geometry": { "type": "Point", "coordinates": [ 113.473, 28.753 ] } },
{ "type": "Feature", "properties": { "pt_id": "  9046", "trajectory_id": 9, "北京时间": "2026-05-12 10:00", "lon": 113.476, "lat": 28.621, "height": 274.0 }, "geometry": { "type": "Point", "coordinates": [ 113.476, 28.621 ] } },
{ "type": "Feature", "properties": { "pt_id": "  9047", "trajectory_id": 9, "北京时间": "2026-05-12 09:00", "lon": 113.464, "lat": 28.491, "height": 294.0 }, "geometry": { "type": "Point", "coordinates": [ 113.464, 28.491 ] } },
{ "type": "Feature", "properties": { "pt_id": "  9048", "trajectory_id": 9, "北京时间": "2026-05-12 08:00", "lon": 113.451, "lat": 28.361, "height": 300.0 }, "geometry": { "type": "Point", "coordinates": [ 113.451, 28.361 ] } },
{ "type": "Feature", "properties": { "pt_id": "  9049", "trajectory_id": 9, "北京时间": "2026-05-12 07:00", "lon": 113.446, "lat": 28.241, "height": 290.0 }, "geometry": { "type": "Point", "coordinates": [ 113.446, 28.241 ] } },
{ "type": "Feature", "properties": { "pt_id": "  9050", "trajectory_id": 9, "北京时间": "2026-05-12 06:00", "lon": 113.443, "lat": 28.127, "height": 292.0 }, "geometry": { "type": "Point", "coordinates": [ 113.443, 28.127 ] } },
{ "type": "Feature", "properties": { "pt_id": "  9051", "trajectory_id": 9, "北京时间": "2026-05-12 05:00", "lon": 113.433, "lat": 28.001, "height": 354.0 }, "geometry": { "type": "Point", "coordinates": [ 113.433, 28.001 ] } },
{ "type": "Feature", "properties": { "pt_id": "  9052", "trajectory_id": 9, "北京时间": "2026-05-12 04:00", "lon": 113.422, "lat": 27.869, "height": 454.0 }, "geometry": { "type": "Point", "coordinates": [ 113.422, 27.869 ] } },
{ "type": "Feature", "properties": { "pt_id": "  9053", "trajectory_id": 9, "北京时间": "2026-05-12 03:00", "lon": 113.409, "lat": 27.753, "height": 523.0 }, "geometry": { "type": "Point", "coordinates": [ 113.409, 27.753 ] } },
{ "type": "Feature", "properties": { "pt_id": "  9054", "trajectory_id": 9, "北京时间": "2026-05-12 02:00", "lon": 113.384, "lat": 27.65, "height": 563.0 }, "geometry": { "type": "Point", "coordinates": [ 113.384, 27.65 ] } },
{ "type": "Feature", "properties": { "pt_id": "  9055", "trajectory_id": 9, "北京时间": "2026-05-12 01:00", "lon": 113.353, "lat": 27.565, "height": 620.0 }, "geometry": { "type": "Point", "coordinates": [ 113.353, 27.565 ] } },
{ "type": "Feature", "properties": { "pt_id": "  9056", "trajectory_id": 9, "北京时间": "2026-05-12 00:00", "lon": 113.32, "lat": 27.497, "height": 679.0 }, "geometry": { "type": "Point", "coordinates": [ 113.32, 27.497 ] } },
{ "type": "Feature", "properties": { "pt_id": "  9057", "trajectory_id": 9, "北京时间": "2026-05-11 23:00", "lon": 113.276, "lat": 27.432, "height": 724.0 }, "geometry": { "type": "Point", "coordinates": [ 113.276, 27.432 ] } },
{ "type": "Feature", "properties": { "pt_id": "  9058", "trajectory_id": 9, "北京时间": "2026-05-11 22:00", "lon": 113.211, "lat": 27.366, "height": 760.0 }, "geometry": { "type": "Point", "coordinates": [ 113.211, 27.366 ] } },
{ "type": "Feature", "properties": { "pt_id": "  9059", "trajectory_id": 9, "北京时间": "2026-05-11 21:00", "lon": 113.119, "lat": 27.3, "height": 800.0 }, "geometry": { "type": "Point", "coordinates": [ 113.119, 27.3 ] } },
{ "type": "Feature", "properties": { "pt_id": "  9060", "trajectory_id": 9, "北京时间": "2026-05-11 20:00", "lon": 113.006, "lat": 27.242, "height": 837.0 }, "geometry": { "type": "Point", "coordinates": [ 113.006, 27.242 ] } },
{ "type": "Feature", "properties": { "pt_id": "  9061", "trajectory_id": 9, "北京时间": "2026-05-11 19:00", "lon": 112.885, "lat": 27.202, "height": 868.0 }, "geometry": { "type": "Point", "coordinates": [ 112.885, 27.202 ] } },
{ "type": "Feature", "properties": { "pt_id": "  9062", "trajectory_id": 9, "北京时间": "2026-05-11 18:00", "lon": 112.762, "lat": 27.176, "height": 892.0 }, "geometry": { "type": "Point", "coordinates": [ 112.762, 27.176 ] } },
{ "type": "Feature", "properties": { "pt_id": "  9063", "trajectory_id": 9, "北京时间": "2026-05-11 17:00", "lon": 112.634, "lat": 27.156, "height": 906.0 }, "geometry": { "type": "Point", "coordinates": [ 112.634, 27.156 ] } },
{ "type": "Feature", "properties": { "pt_id": "  9064", "trajectory_id": 9, "北京时间": "2026-05-11 16:00", "lon": 112.494, "lat": 27.133, "height": 909.0 }, "geometry": { "type": "Point", "coordinates": [ 112.494, 27.133 ] } },
{ "type": "Feature", "properties": { "pt_id": "  9065", "trajectory_id": 9, "北京时间": "2026-05-11 15:00", "lon": 112.349, "lat": 27.106, "height": 917.0 }, "geometry": { "type": "Point", "coordinates": [ 112.349, 27.106 ] } },
{ "type": "Feature", "properties": { "pt_id": "  9066", "trajectory_id": 9, "北京时间": "2026-05-11 14:00", "lon": 112.199, "lat": 27.082, "height": 939.0 }, "geometry": { "type": "Point", "coordinates": [ 112.199, 27.082 ] } },
{ "type": "Feature", "properties": { "pt_id": "  9067", "trajectory_id": 9, "北京时间": "2026-05-11 13:00", "lon": 112.045, "lat": 27.064, "height": 969.0 }, "geometry": { "type": "Point", "coordinates": [ 112.045, 27.064 ] } },
{ "type": "Feature", "properties": { "pt_id": "  9068", "trajectory_id": 9, "北京时间": "2026-05-11 12:00", "lon": 111.881, "lat": 27.055, "height": 1006.0 }, "geometry": { "type": "Point", "coordinates": [ 111.881, 27.055 ] } },
{ "type": "Feature", "properties": { "pt_id": "  9069", "trajectory_id": 9, "北京时间": "2026-05-11 11:00", "lon": 111.702, "lat": 27.053, "height": 1062.0 }, "geometry": { "type": "Point", "coordinates": [ 111.702, 27.053 ] } },
{ "type": "Feature", "properties": { "pt_id": "  9070", "trajectory_id": 9, "北京时间": "2026-05-11 10:00", "lon": 111.51, "lat": 27.058, "height": 1138.0 }, "geometry": { "type": "Point", "coordinates": [ 111.51, 27.058 ] } },
{ "type": "Feature", "properties": { "pt_id": "  9071", "trajectory_id": 9, "北京时间": "2026-05-11 09:00", "lon": 111.318, "lat": 27.067, "height": 1197.0 }, "geometry": { "type": "Point", "coordinates": [ 111.318, 27.067 ] } },
{ "type": "Feature", "properties": { "pt_id": "  9072", "trajectory_id": 9, "北京时间": "2026-05-11 08:00", "lon": 111.14, "lat": 27.076, "height": 1237.0 }, "geometry": { "type": "Point", "coordinates": [ 111.14, 27.076 ] } },
{ "type": "Feature", "properties": { "pt_id": "  9073", "trajectory_id": 9, "北京时间": "2026-05-11 07:00", "lon": 110.978, "lat": 27.087, "height": 1291.0 }, "geometry": { "type": "Point", "coordinates": [ 110.978, 27.087 ] } },
{ "type": "Feature", "properties": { "pt_id": "  9074", "trajectory_id": 9, "北京时间": "2026-05-11 06:00", "lon": 110.827, "lat": 27.109, "height": 1359.0 }, "geometry": { "type": "Point", "coordinates": [ 110.827, 27.109 ] } },
{ "type": "Feature", "properties": { "pt_id": "  9075", "trajectory_id": 9, "北京时间": "2026-05-11 05:00", "lon": 110.676, "lat": 27.151, "height": 1431.0 }, "geometry": { "type": "Point", "coordinates": [ 110.676, 27.151 ] } },
{ "type": "Feature", "properties": { "pt_id": "  9076", "trajectory_id": 9, "北京时间": "2026-05-11 04:00", "lon": 110.507, "lat": 27.206, "height": 1498.0 }, "geometry": { "type": "Point", "coordinates": [ 110.507, 27.206 ] } },
{ "type": "Feature", "properties": { "pt_id": "  9077", "trajectory_id": 9, "北京时间": "2026-05-11 03:00", "lon": 110.325, "lat": 27.265, "height": 1555.0 }, "geometry": { "type": "Point", "coordinates": [ 110.325, 27.265 ] } },
{ "type": "Feature", "properties": { "pt_id": "  9078", "trajectory_id": 9, "北京时间": "2026-05-11 02:00", "lon": 110.165, "lat": 27.326, "height": 1616.0 }, "geometry": { "type": "Point", "coordinates": [ 110.165, 27.326 ] } },
{ "type": "Feature", "properties": { "pt_id": "  9079", "trajectory_id": 9, "北京时间": "2026-05-11 01:00", "lon": 110.02, "lat": 27.387, "height": 1723.0 }, "geometry": { "type": "Point", "coordinates": [ 110.02, 27.387 ] } },
{ "type": "Feature", "properties": { "pt_id": "  9080", "trajectory_id": 9, "北京时间": "2026-05-11 00:00", "lon": 109.867, "lat": 27.438, "height": 1840.0 }, "geometry": { "type": "Point", "coordinates": [ 109.867, 27.438 ] } },
{ "type": "Feature", "properties": { "pt_id": " 10000", "trajectory_id": 10, "北京时间": "2026-05-13 00:00", "lon": 113.942, "lat": 30.907, "height": 10.0 }, "geometry": { "type": "Point", "coordinates": [ 113.942, 30.907 ] } },
{ "type": "Feature", "properties": { "pt_id": " 10037", "trajectory_id": 10, "北京时间": "2026-05-12 23:00", "lon": 113.851, "lat": 30.75, "height": 3.0 }, "geometry": { "type": "Point", "coordinates": [ 113.851, 30.75 ] } },
{ "type": "Feature", "properties": { "pt_id": " 10038", "trajectory_id": 10, "北京时间": "2026-05-12 22:00", "lon": 113.77, "lat": 30.6, "height": 3.0 }, "geometry": { "type": "Point", "coordinates": [ 113.77, 30.6 ] } },
{ "type": "Feature", "properties": { "pt_id": " 10039", "trajectory_id": 10, "北京时间": "2026-05-12 21:00", "lon": 113.712, "lat": 30.464, "height": 3.0 }, "geometry": { "type": "Point", "coordinates": [ 113.712, 30.464 ] } },
{ "type": "Feature", "properties": { "pt_id": " 10040", "trajectory_id": 10, "北京时间": "2026-05-12 20:00", "lon": 113.669, "lat": 30.337, "height": 3.0 }, "geometry": { "type": "Point", "coordinates": [ 113.669, 30.337 ] } },
{ "type": "Feature", "properties": { "pt_id": " 10041", "trajectory_id": 10, "北京时间": "2026-05-12 19:00", "lon": 113.637, "lat": 30.216, "height": 3.0 }, "geometry": { "type": "Point", "coordinates": [ 113.637, 30.216 ] } },
{ "type": "Feature", "properties": { "pt_id": " 10042", "trajectory_id": 10, "北京时间": "2026-05-12 18:00", "lon": 113.618, "lat": 30.104, "height": 3.0 }, "geometry": { "type": "Point", "coordinates": [ 113.618, 30.104 ] } },
{ "type": "Feature", "properties": { "pt_id": " 10043", "trajectory_id": 10, "北京时间": "2026-05-12 17:00", "lon": 113.615, "lat": 30.0, "height": 4.0 }, "geometry": { "type": "Point", "coordinates": [ 113.615, 30.0 ] } },
{ "type": "Feature", "properties": { "pt_id": " 10044", "trajectory_id": 10, "北京时间": "2026-05-12 16:00", "lon": 113.617, "lat": 29.902, "height": 8.0 }, "geometry": { "type": "Point", "coordinates": [ 113.617, 29.902 ] } },
{ "type": "Feature", "properties": { "pt_id": " 10045", "trajectory_id": 10, "北京时间": "2026-05-12 15:00", "lon": 113.607, "lat": 29.808, "height": 19.0 }, "geometry": { "type": "Point", "coordinates": [ 113.607, 29.808 ] } },
{ "type": "Feature", "properties": { "pt_id": " 10046", "trajectory_id": 10, "北京时间": "2026-05-12 14:00", "lon": 113.586, "lat": 29.709, "height": 37.0 }, "geometry": { "type": "Point", "coordinates": [ 113.586, 29.709 ] } },
{ "type": "Feature", "properties": { "pt_id": " 10047", "trajectory_id": 10, "北京时间": "2026-05-12 13:00", "lon": 113.564, "lat": 29.593, "height": 71.0 }, "geometry": { "type": "Point", "coordinates": [ 113.564, 29.593 ] } },
{ "type": "Feature", "properties": { "pt_id": " 10048", "trajectory_id": 10, "北京时间": "2026-05-12 12:00", "lon": 113.547, "lat": 29.45, "height": 149.0 }, "geometry": { "type": "Point", "coordinates": [ 113.547, 29.45 ] } },
{ "type": "Feature", "properties": { "pt_id": " 10049", "trajectory_id": 10, "北京时间": "2026-05-12 11:00", "lon": 113.523, "lat": 29.284, "height": 207.0 }, "geometry": { "type": "Point", "coordinates": [ 113.523, 29.284 ] } },
{ "type": "Feature", "properties": { "pt_id": " 10050", "trajectory_id": 10, "北京时间": "2026-05-12 10:00", "lon": 113.501, "lat": 29.122, "height": 226.0 }, "geometry": { "type": "Point", "coordinates": [ 113.501, 29.122 ] } },
{ "type": "Feature", "properties": { "pt_id": " 10051", "trajectory_id": 10, "北京时间": "2026-05-12 09:00", "lon": 113.473, "lat": 28.943, "height": 254.0 }, "geometry": { "type": "Point", "coordinates": [ 113.473, 28.943 ] } },
{ "type": "Feature", "properties": { "pt_id": " 10052", "trajectory_id": 10, "北京时间": "2026-05-12 08:00", "lon": 113.436, "lat": 28.757, "height": 284.0 }, "geometry": { "type": "Point", "coordinates": [ 113.436, 28.757 ] } },
{ "type": "Feature", "properties": { "pt_id": " 10053", "trajectory_id": 10, "北京时间": "2026-05-12 07:00", "lon": 113.399, "lat": 28.584, "height": 320.0 }, "geometry": { "type": "Point", "coordinates": [ 113.399, 28.584 ] } },
{ "type": "Feature", "properties": { "pt_id": " 10054", "trajectory_id": 10, "北京时间": "2026-05-12 06:00", "lon": 113.363, "lat": 28.437, "height": 384.0 }, "geometry": { "type": "Point", "coordinates": [ 113.363, 28.437 ] } },
{ "type": "Feature", "properties": { "pt_id": " 10055", "trajectory_id": 10, "北京时间": "2026-05-12 05:00", "lon": 113.323, "lat": 28.318, "height": 496.0 }, "geometry": { "type": "Point", "coordinates": [ 113.323, 28.318 ] } },
{ "type": "Feature", "properties": { "pt_id": " 10056", "trajectory_id": 10, "北京时间": "2026-05-12 04:00", "lon": 113.275, "lat": 28.212, "height": 653.0 }, "geometry": { "type": "Point", "coordinates": [ 113.275, 28.212 ] } },
{ "type": "Feature", "properties": { "pt_id": " 10057", "trajectory_id": 10, "北京时间": "2026-05-12 03:00", "lon": 113.221, "lat": 28.113, "height": 774.0 }, "geometry": { "type": "Point", "coordinates": [ 113.221, 28.113 ] } },
{ "type": "Feature", "properties": { "pt_id": " 10058", "trajectory_id": 10, "北京时间": "2026-05-12 02:00", "lon": 113.158, "lat": 28.018, "height": 830.0 }, "geometry": { "type": "Point", "coordinates": [ 113.158, 28.018 ] } },
{ "type": "Feature", "properties": { "pt_id": " 10059", "trajectory_id": 10, "北京时间": "2026-05-12 01:00", "lon": 113.08, "lat": 27.927, "height": 864.0 }, "geometry": { "type": "Point", "coordinates": [ 113.08, 27.927 ] } },
{ "type": "Feature", "properties": { "pt_id": " 10060", "trajectory_id": 10, "北京时间": "2026-05-12 00:00", "lon": 112.975, "lat": 27.842, "height": 901.0 }, "geometry": { "type": "Point", "coordinates": [ 112.975, 27.842 ] } },
{ "type": "Feature", "properties": { "pt_id": " 10061", "trajectory_id": 10, "北京时间": "2026-05-11 23:00", "lon": 112.835, "lat": 27.768, "height": 926.0 }, "geometry": { "type": "Point", "coordinates": [ 112.835, 27.768 ] } },
{ "type": "Feature", "properties": { "pt_id": " 10062", "trajectory_id": 10, "北京时间": "2026-05-11 22:00", "lon": 112.679, "lat": 27.709, "height": 948.0 }, "geometry": { "type": "Point", "coordinates": [ 112.679, 27.709 ] } },
{ "type": "Feature", "properties": { "pt_id": " 10063", "trajectory_id": 10, "北京时间": "2026-05-11 21:00", "lon": 112.533, "lat": 27.669, "height": 978.0 }, "geometry": { "type": "Point", "coordinates": [ 112.533, 27.669 ] } },
{ "type": "Feature", "properties": { "pt_id": " 10064", "trajectory_id": 10, "北京时间": "2026-05-11 20:00", "lon": 112.398, "lat": 27.65, "height": 1011.0 }, "geometry": { "type": "Point", "coordinates": [ 112.398, 27.65 ] } },
{ "type": "Feature", "properties": { "pt_id": " 10065", "trajectory_id": 10, "北京时间": "2026-05-11 19:00", "lon": 112.264, "lat": 27.653, "height": 1041.0 }, "geometry": { "type": "Point", "coordinates": [ 112.264, 27.653 ] } },
{ "type": "Feature", "properties": { "pt_id": " 10066", "trajectory_id": 10, "北京时间": "2026-05-11 18:00", "lon": 112.13, "lat": 27.67, "height": 1060.0 }, "geometry": { "type": "Point", "coordinates": [ 112.13, 27.67 ] } },
{ "type": "Feature", "properties": { "pt_id": " 10067", "trajectory_id": 10, "北京时间": "2026-05-11 17:00", "lon": 111.998, "lat": 27.699, "height": 1066.0 }, "geometry": { "type": "Point", "coordinates": [ 111.998, 27.699 ] } },
{ "type": "Feature", "properties": { "pt_id": " 10068", "trajectory_id": 10, "北京时间": "2026-05-11 16:00", "lon": 111.863, "lat": 27.736, "height": 1056.0 }, "geometry": { "type": "Point", "coordinates": [ 111.863, 27.736 ] } },
{ "type": "Feature", "properties": { "pt_id": " 10069", "trajectory_id": 10, "北京时间": "2026-05-11 15:00", "lon": 111.719, "lat": 27.775, "height": 1047.0 }, "geometry": { "type": "Point", "coordinates": [ 111.719, 27.775 ] } },
{ "type": "Feature", "properties": { "pt_id": " 10070", "trajectory_id": 10, "北京时间": "2026-05-11 14:00", "lon": 111.573, "lat": 27.82, "height": 1047.0 }, "geometry": { "type": "Point", "coordinates": [ 111.573, 27.82 ] } },
{ "type": "Feature", "properties": { "pt_id": " 10071", "trajectory_id": 10, "北京时间": "2026-05-11 13:00", "lon": 111.421, "lat": 27.866, "height": 1059.0 }, "geometry": { "type": "Point", "coordinates": [ 111.421, 27.866 ] } },
{ "type": "Feature", "properties": { "pt_id": " 10072", "trajectory_id": 10, "北京时间": "2026-05-11 12:00", "lon": 111.268, "lat": 27.903, "height": 1097.0 }, "geometry": { "type": "Point", "coordinates": [ 111.268, 27.903 ] } },
{ "type": "Feature", "properties": { "pt_id": " 10073", "trajectory_id": 10, "北京时间": "2026-05-11 11:00", "lon": 111.112, "lat": 27.944, "height": 1156.0 }, "geometry": { "type": "Point", "coordinates": [ 111.112, 27.944 ] } },
{ "type": "Feature", "properties": { "pt_id": " 10074", "trajectory_id": 10, "北京时间": "2026-05-11 10:00", "lon": 110.96, "lat": 27.996, "height": 1234.0 }, "geometry": { "type": "Point", "coordinates": [ 110.96, 27.996 ] } },
{ "type": "Feature", "properties": { "pt_id": " 10075", "trajectory_id": 10, "北京时间": "2026-05-11 09:00", "lon": 110.825, "lat": 28.054, "height": 1309.0 }, "geometry": { "type": "Point", "coordinates": [ 110.825, 28.054 ] } },
{ "type": "Feature", "properties": { "pt_id": " 10076", "trajectory_id": 10, "北京时间": "2026-05-11 08:00", "lon": 110.713, "lat": 28.129, "height": 1399.0 }, "geometry": { "type": "Point", "coordinates": [ 110.713, 28.129 ] } },
{ "type": "Feature", "properties": { "pt_id": " 10077", "trajectory_id": 10, "北京时间": "2026-05-11 07:00", "lon": 110.602, "lat": 28.212, "height": 1472.0 }, "geometry": { "type": "Point", "coordinates": [ 110.602, 28.212 ] } },
{ "type": "Feature", "properties": { "pt_id": " 10078", "trajectory_id": 10, "北京时间": "2026-05-11 06:00", "lon": 110.49, "lat": 28.297, "height": 1498.0 }, "geometry": { "type": "Point", "coordinates": [ 110.49, 28.297 ] } },
{ "type": "Feature", "properties": { "pt_id": " 10079", "trajectory_id": 10, "北京时间": "2026-05-11 05:00", "lon": 110.388, "lat": 28.389, "height": 1508.0 }, "geometry": { "type": "Point", "coordinates": [ 110.388, 28.389 ] } },
{ "type": "Feature", "properties": { "pt_id": " 10080", "trajectory_id": 10, "北京时间": "2026-05-11 04:00", "lon": 110.29, "lat": 28.483, "height": 1534.0 }, "geometry": { "type": "Point", "coordinates": [ 110.29, 28.483 ] } },
{ "type": "Feature", "properties": { "pt_id": " 10081", "trajectory_id": 10, "北京时间": "2026-05-11 03:00", "lon": 110.18, "lat": 28.573, "height": 1596.0 }, "geometry": { "type": "Point", "coordinates": [ 110.18, 28.573 ] } },
{ "type": "Feature", "properties": { "pt_id": " 10082", "trajectory_id": 10, "北京时间": "2026-05-11 02:00", "lon": 110.054, "lat": 28.666, "height": 1699.0 }, "geometry": { "type": "Point", "coordinates": [ 110.054, 28.666 ] } },
{ "type": "Feature", "properties": { "pt_id": " 10083", "trajectory_id": 10, "北京时间": "2026-05-11 01:00", "lon": 109.917, "lat": 28.758, "height": 1802.0 }, "geometry": { "type": "Point", "coordinates": [ 109.917, 28.758 ] } },
{ "type": "Feature", "properties": { "pt_id": " 10084", "trajectory_id": 10, "北京时间": "2026-05-11 00:00", "lon": 109.779, "lat": 28.841, "height": 1870.0 }, "geometry": { "type": "Point", "coordinates": [ 109.779, 28.841 ] } },
{ "type": "Feature", "properties": { "pt_id": " 11000", "trajectory_id": 11, "北京时间": "2026-05-13 00:00", "lon": 113.942, "lat": 30.907, "height": 10.0 }, "geometry": { "type": "Point", "coordinates": [ 113.942, 30.907 ] } },
{ "type": "Feature", "properties": { "pt_id": " 11041", "trajectory_id": 11, "北京时间": "2026-05-12 23:00", "lon": 113.922, "lat": 30.79, "height": 7.0 }, "geometry": { "type": "Point", "coordinates": [ 113.922, 30.79 ] } },
{ "type": "Feature", "properties": { "pt_id": " 11042", "trajectory_id": 11, "北京时间": "2026-05-12 22:00", "lon": 113.914, "lat": 30.684, "height": 6.0 }, "geometry": { "type": "Point", "coordinates": [ 113.914, 30.684 ] } },
{ "type": "Feature", "properties": { "pt_id": " 11043", "trajectory_id": 11, "北京时间": "2026-05-12 21:00", "lon": 113.92, "lat": 30.588, "height": 6.0 }, "geometry": { "type": "Point", "coordinates": [ 113.92, 30.588 ] } },
{ "type": "Feature", "properties": { "pt_id": " 11044", "trajectory_id": 11, "北京时间": "2026-05-12 20:00", "lon": 113.927, "lat": 30.499, "height": 7.0 }, "geometry": { "type": "Point", "coordinates": [ 113.927, 30.499 ] } },
{ "type": "Feature", "properties": { "pt_id": " 11045", "trajectory_id": 11, "北京时间": "2026-05-12 19:00", "lon": 113.917, "lat": 30.406, "height": 9.0 }, "geometry": { "type": "Point", "coordinates": [ 113.917, 30.406 ] } },
{ "type": "Feature", "properties": { "pt_id": " 11046", "trajectory_id": 11, "北京时间": "2026-05-12 18:00", "lon": 113.889, "lat": 30.312, "height": 11.0 }, "geometry": { "type": "Point", "coordinates": [ 113.889, 30.312 ] } },
{ "type": "Feature", "properties": { "pt_id": " 11047", "trajectory_id": 11, "北京时间": "2026-05-12 17:00", "lon": 113.844, "lat": 30.214, "height": 14.0 }, "geometry": { "type": "Point", "coordinates": [ 113.844, 30.214 ] } },
{ "type": "Feature", "properties": { "pt_id": " 11048", "trajectory_id": 11, "北京时间": "2026-05-12 16:00", "lon": 113.786, "lat": 30.114, "height": 16.0 }, "geometry": { "type": "Point", "coordinates": [ 113.786, 30.114 ] } },
{ "type": "Feature", "properties": { "pt_id": " 11049", "trajectory_id": 11, "北京时间": "2026-05-12 15:00", "lon": 113.716, "lat": 30.007, "height": 16.0 }, "geometry": { "type": "Point", "coordinates": [ 113.716, 30.007 ] } },
{ "type": "Feature", "properties": { "pt_id": " 11050", "trajectory_id": 11, "北京时间": "2026-05-12 14:00", "lon": 113.65, "lat": 29.901, "height": 19.0 }, "geometry": { "type": "Point", "coordinates": [ 113.65, 29.901 ] } },
{ "type": "Feature", "properties": { "pt_id": " 11051", "trajectory_id": 11, "北京时间": "2026-05-12 13:00", "lon": 113.582, "lat": 29.79, "height": 29.0 }, "geometry": { "type": "Point", "coordinates": [ 113.582, 29.79 ] } },
{ "type": "Feature", "properties": { "pt_id": " 11052", "trajectory_id": 11, "北京时间": "2026-05-12 12:00", "lon": 113.499, "lat": 29.658, "height": 61.0 }, "geometry": { "type": "Point", "coordinates": [ 113.499, 29.658 ] } },
{ "type": "Feature", "properties": { "pt_id": " 11053", "trajectory_id": 11, "北京时间": "2026-05-12 11:00", "lon": 113.412, "lat": 29.497, "height": 128.0 }, "geometry": { "type": "Point", "coordinates": [ 113.412, 29.497 ] } },
{ "type": "Feature", "properties": { "pt_id": " 11054", "trajectory_id": 11, "北京时间": "2026-05-12 10:00", "lon": 113.341, "lat": 29.336, "height": 178.0 }, "geometry": { "type": "Point", "coordinates": [ 113.341, 29.336 ] } },
{ "type": "Feature", "properties": { "pt_id": " 11055", "trajectory_id": 11, "北京时间": "2026-05-12 09:00", "lon": 113.279, "lat": 29.194, "height": 199.0 }, "geometry": { "type": "Point", "coordinates": [ 113.279, 29.194 ] } },
{ "type": "Feature", "properties": { "pt_id": " 11056", "trajectory_id": 11, "北京时间": "2026-05-12 08:00", "lon": 113.223, "lat": 29.06, "height": 236.0 }, "geometry": { "type": "Point", "coordinates": [ 113.223, 29.06 ] } },
{ "type": "Feature", "properties": { "pt_id": " 11057", "trajectory_id": 11, "北京时间": "2026-05-12 07:00", "lon": 113.18, "lat": 28.927, "height": 293.0 }, "geometry": { "type": "Point", "coordinates": [ 113.18, 28.927 ] } },
{ "type": "Feature", "properties": { "pt_id": " 11058", "trajectory_id": 11, "北京时间": "2026-05-12 06:00", "lon": 113.149, "lat": 28.795, "height": 352.0 }, "geometry": { "type": "Point", "coordinates": [ 113.149, 28.795 ] } },
{ "type": "Feature", "properties": { "pt_id": " 11059", "trajectory_id": 11, "北京时间": "2026-05-12 05:00", "lon": 113.123, "lat": 28.664, "height": 401.0 }, "geometry": { "type": "Point", "coordinates": [ 113.123, 28.664 ] } },
{ "type": "Feature", "properties": { "pt_id": " 11060", "trajectory_id": 11, "北京时间": "2026-05-12 04:00", "lon": 113.1, "lat": 28.529, "height": 440.0 }, "geometry": { "type": "Point", "coordinates": [ 113.1, 28.529 ] } },
{ "type": "Feature", "properties": { "pt_id": " 11061", "trajectory_id": 11, "北京时间": "2026-05-12 03:00", "lon": 113.083, "lat": 28.385, "height": 473.0 }, "geometry": { "type": "Point", "coordinates": [ 113.083, 28.385 ] } },
{ "type": "Feature", "properties": { "pt_id": " 11062", "trajectory_id": 11, "北京时间": "2026-05-12 02:00", "lon": 113.066, "lat": 28.23, "height": 486.0 }, "geometry": { "type": "Point", "coordinates": [ 113.066, 28.23 ] } },
{ "type": "Feature", "properties": { "pt_id": " 11063", "trajectory_id": 11, "北京时间": "2026-05-12 01:00", "lon": 113.037, "lat": 28.065, "height": 493.0 }, "geometry": { "type": "Point", "coordinates": [ 113.037, 28.065 ] } },
{ "type": "Feature", "properties": { "pt_id": " 11064", "trajectory_id": 11, "北京时间": "2026-05-12 00:00", "lon": 112.985, "lat": 27.898, "height": 514.0 }, "geometry": { "type": "Point", "coordinates": [ 112.985, 27.898 ] } },
{ "type": "Feature", "properties": { "pt_id": " 11065", "trajectory_id": 11, "北京时间": "2026-05-11 23:00", "lon": 112.919, "lat": 27.75, "height": 526.0 }, "geometry": { "type": "Point", "coordinates": [ 112.919, 27.75 ] } },
{ "type": "Feature", "properties": { "pt_id": " 11066", "trajectory_id": 11, "北京时间": "2026-05-11 22:00", "lon": 112.852, "lat": 27.628, "height": 540.0 }, "geometry": { "type": "Point", "coordinates": [ 112.852, 27.628 ] } },
{ "type": "Feature", "properties": { "pt_id": " 11067", "trajectory_id": 11, "北京时间": "2026-05-11 21:00", "lon": 112.788, "lat": 27.527, "height": 558.0 }, "geometry": { "type": "Point", "coordinates": [ 112.788, 27.527 ] } },
{ "type": "Feature", "properties": { "pt_id": " 11068", "trajectory_id": 11, "北京时间": "2026-05-11 20:00", "lon": 112.721, "lat": 27.444, "height": 576.0 }, "geometry": { "type": "Point", "coordinates": [ 112.721, 27.444 ] } },
{ "type": "Feature", "properties": { "pt_id": " 11069", "trajectory_id": 11, "北京时间": "2026-05-11 19:00", "lon": 112.641, "lat": 27.375, "height": 596.0 }, "geometry": { "type": "Point", "coordinates": [ 112.641, 27.375 ] } },
{ "type": "Feature", "properties": { "pt_id": " 11070", "trajectory_id": 11, "北京时间": "2026-05-11 18:00", "lon": 112.549, "lat": 27.314, "height": 613.0 }, "geometry": { "type": "Point", "coordinates": [ 112.549, 27.314 ] } },
{ "type": "Feature", "properties": { "pt_id": " 11071", "trajectory_id": 11, "北京时间": "2026-05-11 17:00", "lon": 112.453, "lat": 27.254, "height": 626.0 }, "geometry": { "type": "Point", "coordinates": [ 112.453, 27.254 ] } },
{ "type": "Feature", "properties": { "pt_id": " 11072", "trajectory_id": 11, "北京时间": "2026-05-11 16:00", "lon": 112.363, "lat": 27.194, "height": 634.0 }, "geometry": { "type": "Point", "coordinates": [ 112.363, 27.194 ] } },
{ "type": "Feature", "properties": { "pt_id": " 11073", "trajectory_id": 11, "北京时间": "2026-05-11 15:00", "lon": 112.284, "lat": 27.139, "height": 639.0 }, "geometry": { "type": "Point", "coordinates": [ 112.284, 27.139 ] } },
{ "type": "Feature", "properties": { "pt_id": " 11074", "trajectory_id": 11, "北京时间": "2026-05-11 14:00", "lon": 112.207, "lat": 27.097, "height": 644.0 }, "geometry": { "type": "Point", "coordinates": [ 112.207, 27.097 ] } },
{ "type": "Feature", "properties": { "pt_id": " 11075", "trajectory_id": 11, "北京时间": "2026-05-11 13:00", "lon": 112.122, "lat": 27.073, "height": 658.0 }, "geometry": { "type": "Point", "coordinates": [ 112.122, 27.073 ] } },
{ "type": "Feature", "properties": { "pt_id": " 11076", "trajectory_id": 11, "北京时间": "2026-05-11 12:00", "lon": 112.023, "lat": 27.071, "height": 699.0 }, "geometry": { "type": "Point", "coordinates": [ 112.023, 27.071 ] } },
{ "type": "Feature", "properties": { "pt_id": " 11077", "trajectory_id": 11, "北京时间": "2026-05-11 11:00", "lon": 111.919, "lat": 27.088, "height": 777.0 }, "geometry": { "type": "Point", "coordinates": [ 111.919, 27.088 ] } },
{ "type": "Feature", "properties": { "pt_id": " 11078", "trajectory_id": 11, "北京时间": "2026-05-11 10:00", "lon": 111.825, "lat": 27.118, "height": 879.0 }, "geometry": { "type": "Point", "coordinates": [ 111.825, 27.118 ] } },
{ "type": "Feature", "properties": { "pt_id": " 11079", "trajectory_id": 11, "北京时间": "2026-05-11 09:00", "lon": 111.738, "lat": 27.158, "height": 1000.0 }, "geometry": { "type": "Point", "coordinates": [ 111.738, 27.158 ] } },
{ "type": "Feature", "properties": { "pt_id": " 11080", "trajectory_id": 11, "北京时间": "2026-05-11 08:00", "lon": 111.655, "lat": 27.198, "height": 1099.0 }, "geometry": { "type": "Point", "coordinates": [ 111.655, 27.198 ] } },
{ "type": "Feature", "properties": { "pt_id": " 11081", "trajectory_id": 11, "北京时间": "2026-05-11 07:00", "lon": 111.577, "lat": 27.229, "height": 1135.0 }, "geometry": { "type": "Point", "coordinates": [ 111.577, 27.229 ] } },
{ "type": "Feature", "properties": { "pt_id": " 11082", "trajectory_id": 11, "北京时间": "2026-05-11 06:00", "lon": 111.505, "lat": 27.248, "height": 1114.0 }, "geometry": { "type": "Point", "coordinates": [ 111.505, 27.248 ] } },
{ "type": "Feature", "properties": { "pt_id": " 11083", "trajectory_id": 11, "北京时间": "2026-05-11 05:00", "lon": 111.444, "lat": 27.264, "height": 1089.0 }, "geometry": { "type": "Point", "coordinates": [ 111.444, 27.264 ] } },
{ "type": "Feature", "properties": { "pt_id": " 11084", "trajectory_id": 11, "北京时间": "2026-05-11 04:00", "lon": 111.392, "lat": 27.292, "height": 1107.0 }, "geometry": { "type": "Point", "coordinates": [ 111.392, 27.292 ] } },
{ "type": "Feature", "properties": { "pt_id": " 11085", "trajectory_id": 11, "北京时间": "2026-05-11 03:00", "lon": 111.342, "lat": 27.328, "height": 1174.0 }, "geometry": { "type": "Point", "coordinates": [ 111.342, 27.328 ] } },
{ "type": "Feature", "properties": { "pt_id": " 11086", "trajectory_id": 11, "北京时间": "2026-05-11 02:00", "lon": 111.286, "lat": 27.363, "height": 1233.0 }, "geometry": { "type": "Point", "coordinates": [ 111.286, 27.363 ] } },
{ "type": "Feature", "properties": { "pt_id": " 11087", "trajectory_id": 11, "北京时间": "2026-05-11 01:00", "lon": 111.236, "lat": 27.398, "height": 1225.0 }, "geometry": { "type": "Point", "coordinates": [ 111.236, 27.398 ] } },
{ "type": "Feature", "properties": { "pt_id": " 11088", "trajectory_id": 11, "北京时间": "2026-05-11 00:00", "lon": 111.202, "lat": 27.434, "height": 1156.0 }, "geometry": { "type": "Point", "coordinates": [ 111.202, 27.434 ] } },
{ "type": "Feature", "properties": { "pt_id": " 12000", "trajectory_id": 12, "北京时间": "2026-05-13 00:00", "lon": 113.942, "lat": 30.907, "height": 10.0 }, "geometry": { "type": "Point", "coordinates": [ 113.942, 30.907 ] } },
{ "type": "Feature", "properties": { "pt_id": " 12045", "trajectory_id": 12, "北京时间": "2026-05-12 23:00", "lon": 113.927, "lat": 30.811, "height": 9.0 }, "geometry": { "type": "Point", "coordinates": [ 113.927, 30.811 ] } },
{ "type": "Feature", "properties": { "pt_id": " 12046", "trajectory_id": 12, "北京时间": "2026-05-12 22:00", "lon": 113.893, "lat": 30.71, "height": 9.0 }, "geometry": { "type": "Point", "coordinates": [ 113.893, 30.71 ] } },
{ "type": "Feature", "properties": { "pt_id": " 12047", "trajectory_id": 12, "北京时间": "2026-05-12 21:00", "lon": 113.849, "lat": 30.605, "height": 8.0 }, "geometry": { "type": "Point", "coordinates": [ 113.849, 30.605 ] } },
{ "type": "Feature", "properties": { "pt_id": " 12048", "trajectory_id": 12, "北京时间": "2026-05-12 20:00", "lon": 113.803, "lat": 30.5, "height": 7.0 }, "geometry": { "type": "Point", "coordinates": [ 113.803, 30.5 ] } },
{ "type": "Feature", "properties": { "pt_id": " 12049", "trajectory_id": 12, "北京时间": "2026-05-12 19:00", "lon": 113.751, "lat": 30.397, "height": 4.0 }, "geometry": { "type": "Point", "coordinates": [ 113.751, 30.397 ] } },
{ "type": "Feature", "properties": { "pt_id": " 12050", "trajectory_id": 12, "北京时间": "2026-05-12 18:00", "lon": 113.69, "lat": 30.29, "height": 3.0 }, "geometry": { "type": "Point", "coordinates": [ 113.69, 30.29 ] } },
{ "type": "Feature", "properties": { "pt_id": " 12051", "trajectory_id": 12, "北京时间": "2026-05-12 17:00", "lon": 113.622, "lat": 30.182, "height": 3.0 }, "geometry": { "type": "Point", "coordinates": [ 113.622, 30.182 ] } },
{ "type": "Feature", "properties": { "pt_id": " 12052", "trajectory_id": 12, "北京时间": "2026-05-12 16:00", "lon": 113.548, "lat": 30.075, "height": 3.0 }, "geometry": { "type": "Point", "coordinates": [ 113.548, 30.075 ] } },
{ "type": "Feature", "properties": { "pt_id": " 12053", "trajectory_id": 12, "北京时间": "2026-05-12 15:00", "lon": 113.474, "lat": 29.961, "height": 4.0 }, "geometry": { "type": "Point", "coordinates": [ 113.474, 29.961 ] } },
{ "type": "Feature", "properties": { "pt_id": " 12054", "trajectory_id": 12, "北京时间": "2026-05-12 14:00", "lon": 113.407, "lat": 29.84, "height": 12.0 }, "geometry": { "type": "Point", "coordinates": [ 113.407, 29.84 ] } },
{ "type": "Feature", "properties": { "pt_id": " 12055", "trajectory_id": 12, "北京时间": "2026-05-12 13:00", "lon": 113.339, "lat": 29.71, "height": 25.0 }, "geometry": { "type": "Point", "coordinates": [ 113.339, 29.71 ] } },
{ "type": "Feature", "properties": { "pt_id": " 12056", "trajectory_id": 12, "北京时间": "2026-05-12 12:00", "lon": 113.273, "lat": 29.574, "height": 35.0 }, "geometry": { "type": "Point", "coordinates": [ 113.273, 29.574 ] } },
{ "type": "Feature", "properties": { "pt_id": " 12057", "trajectory_id": 12, "北京时间": "2026-05-12 11:00", "lon": 113.215, "lat": 29.437, "height": 38.0 }, "geometry": { "type": "Point", "coordinates": [ 113.215, 29.437 ] } },
{ "type": "Feature", "properties": { "pt_id": " 12058", "trajectory_id": 12, "北京时间": "2026-05-12 10:00", "lon": 113.159, "lat": 29.298, "height": 32.0 }, "geometry": { "type": "Point", "coordinates": [ 113.159, 29.298 ] } },
{ "type": "Feature", "properties": { "pt_id": " 12059", "trajectory_id": 12, "北京时间": "2026-05-12 09:00", "lon": 113.112, "lat": 29.163, "height": 24.0 }, "geometry": { "type": "Point", "coordinates": [ 113.112, 29.163 ] } },
{ "type": "Feature", "properties": { "pt_id": " 12060", "trajectory_id": 12, "北京时间": "2026-05-12 08:00", "lon": 113.077, "lat": 29.032, "height": 22.0 }, "geometry": { "type": "Point", "coordinates": [ 113.077, 29.032 ] } },
{ "type": "Feature", "properties": { "pt_id": " 12061", "trajectory_id": 12, "北京时间": "2026-05-12 07:00", "lon": 113.052, "lat": 28.904, "height": 25.0 }, "geometry": { "type": "Point", "coordinates": [ 113.052, 28.904 ] } },
{ "type": "Feature", "properties": { "pt_id": " 12062", "trajectory_id": 12, "北京时间": "2026-05-12 06:00", "lon": 113.043, "lat": 28.778, "height": 41.0 }, "geometry": { "type": "Point", "coordinates": [ 113.043, 28.778 ] } },
{ "type": "Feature", "properties": { "pt_id": " 12063", "trajectory_id": 12, "北京时间": "2026-05-12 05:00", "lon": 113.057, "lat": 28.654, "height": 67.0 }, "geometry": { "type": "Point", "coordinates": [ 113.057, 28.654 ] } },
{ "type": "Feature", "properties": { "pt_id": " 12064", "trajectory_id": 12, "北京时间": "2026-05-12 04:00", "lon": 113.085, "lat": 28.531, "height": 89.0 }, "geometry": { "type": "Point", "coordinates": [ 113.085, 28.531 ] } },
{ "type": "Feature", "properties": { "pt_id": " 12065", "trajectory_id": 12, "北京时间": "2026-05-12 03:00", "lon": 113.114, "lat": 28.409, "height": 107.0 }, "geometry": { "type": "Point", "coordinates": [ 113.114, 28.409 ] } },
{ "type": "Feature", "properties": { "pt_id": " 12066", "trajectory_id": 12, "北京时间": "2026-05-12 02:00", "lon": 113.145, "lat": 28.272, "height": 117.0 }, "geometry": { "type": "Point", "coordinates": [ 113.145, 28.272 ] } },
{ "type": "Feature", "properties": { "pt_id": " 12067", "trajectory_id": 12, "北京时间": "2026-05-12 01:00", "lon": 113.183, "lat": 28.129, "height": 121.0 }, "geometry": { "type": "Point", "coordinates": [ 113.183, 28.129 ] } },
{ "type": "Feature", "properties": { "pt_id": " 12068", "trajectory_id": 12, "北京时间": "2026-05-12 00:00", "lon": 113.219, "lat": 27.986, "height": 135.0 }, "geometry": { "type": "Point", "coordinates": [ 113.219, 27.986 ] } },
{ "type": "Feature", "properties": { "pt_id": " 12069", "trajectory_id": 12, "北京时间": "2026-05-11 23:00", "lon": 113.245, "lat": 27.859, "height": 152.0 }, "geometry": { "type": "Point", "coordinates": [ 113.245, 27.859 ] } },
{ "type": "Feature", "properties": { "pt_id": " 12070", "trajectory_id": 12, "北京时间": "2026-05-11 22:00", "lon": 113.258, "lat": 27.76, "height": 159.0 }, "geometry": { "type": "Point", "coordinates": [ 113.258, 27.76 ] } },
{ "type": "Feature", "properties": { "pt_id": " 12071", "trajectory_id": 12, "北京时间": "2026-05-11 21:00", "lon": 113.261, "lat": 27.676, "height": 162.0 }, "geometry": { "type": "Point", "coordinates": [ 113.261, 27.676 ] } },
{ "type": "Feature", "properties": { "pt_id": " 12072", "trajectory_id": 12, "北京时间": "2026-05-11 20:00", "lon": 113.26, "lat": 27.594, "height": 178.0 }, "geometry": { "type": "Point", "coordinates": [ 113.26, 27.594 ] } },
{ "type": "Feature", "properties": { "pt_id": " 12073", "trajectory_id": 12, "北京时间": "2026-05-11 19:00", "lon": 113.258, "lat": 27.514, "height": 222.0 }, "geometry": { "type": "Point", "coordinates": [ 113.258, 27.514 ] } },
{ "type": "Feature", "properties": { "pt_id": " 12074", "trajectory_id": 12, "北京时间": "2026-05-11 18:00", "lon": 113.252, "lat": 27.434, "height": 275.0 }, "geometry": { "type": "Point", "coordinates": [ 113.252, 27.434 ] } },
{ "type": "Feature", "properties": { "pt_id": " 12075", "trajectory_id": 12, "北京时间": "2026-05-11 17:00", "lon": 113.243, "lat": 27.348, "height": 309.0 }, "geometry": { "type": "Point", "coordinates": [ 113.243, 27.348 ] } },
{ "type": "Feature", "properties": { "pt_id": " 12076", "trajectory_id": 12, "北京时间": "2026-05-11 16:00", "lon": 113.233, "lat": 27.257, "height": 322.0 }, "geometry": { "type": "Point", "coordinates": [ 113.233, 27.257 ] } },
{ "type": "Feature", "properties": { "pt_id": " 12077", "trajectory_id": 12, "北京时间": "2026-05-11 15:00", "lon": 113.221, "lat": 27.177, "height": 317.0 }, "geometry": { "type": "Point", "coordinates": [ 113.221, 27.177 ] } },
{ "type": "Feature", "properties": { "pt_id": " 12078", "trajectory_id": 12, "北京时间": "2026-05-11 14:00", "lon": 113.207, "lat": 27.112, "height": 293.0 }, "geometry": { "type": "Point", "coordinates": [ 113.207, 27.112 ] } },
{ "type": "Feature", "properties": { "pt_id": " 12079", "trajectory_id": 12, "北京时间": "2026-05-11 13:00", "lon": 113.187, "lat": 27.054, "height": 257.0 }, "geometry": { "type": "Point", "coordinates": [ 113.187, 27.054 ] } },
{ "type": "Feature", "properties": { "pt_id": " 12080", "trajectory_id": 12, "北京时间": "2026-05-11 12:00", "lon": 113.159, "lat": 27.001, "height": 227.0 }, "geometry": { "type": "Point", "coordinates": [ 113.159, 27.001 ] } },
{ "type": "Feature", "properties": { "pt_id": " 12081", "trajectory_id": 12, "北京时间": "2026-05-11 11:00", "lon": 113.132, "lat": 26.959, "height": 211.0 }, "geometry": { "type": "Point", "coordinates": [ 113.132, 26.959 ] } },
{ "type": "Feature", "properties": { "pt_id": " 12082", "trajectory_id": 12, "北京时间": "2026-05-11 10:00", "lon": 113.111, "lat": 26.931, "height": 199.0 }, "geometry": { "type": "Point", "coordinates": [ 113.111, 26.931 ] } },
{ "type": "Feature", "properties": { "pt_id": " 12083", "trajectory_id": 12, "北京时间": "2026-05-11 09:00", "lon": 113.089, "lat": 26.914, "height": 189.0 }, "geometry": { "type": "Point", "coordinates": [ 113.089, 26.914 ] } },
{ "type": "Feature", "properties": { "pt_id": " 12084", "trajectory_id": 12, "北京时间": "2026-05-11 08:00", "lon": 113.06, "lat": 26.906, "height": 185.0 }, "geometry": { "type": "Point", "coordinates": [ 113.06, 26.906 ] } },
{ "type": "Feature", "properties": { "pt_id": " 12085", "trajectory_id": 12, "北京时间": "2026-05-11 07:00", "lon": 113.023, "lat": 26.909, "height": 184.0 }, "geometry": { "type": "Point", "coordinates": [ 113.023, 26.909 ] } },
{ "type": "Feature", "properties": { "pt_id": " 12086", "trajectory_id": 12, "北京时间": "2026-05-11 06:00", "lon": 112.992, "lat": 26.921, "height": 185.0 }, "geometry": { "type": "Point", "coordinates": [ 112.992, 26.921 ] } },
{ "type": "Feature", "properties": { "pt_id": " 12087", "trajectory_id": 12, "北京时间": "2026-05-11 05:00", "lon": 112.98, "lat": 26.942, "height": 186.0 }, "geometry": { "type": "Point", "coordinates": [ 112.98, 26.942 ] } },
{ "type": "Feature", "properties": { "pt_id": " 12088", "trajectory_id": 12, "北京时间": "2026-05-11 04:00", "lon": 112.988, "lat": 26.973, "height": 189.0 }, "geometry": { "type": "Point", "coordinates": [ 112.988, 26.973 ] } },
{ "type": "Feature", "properties": { "pt_id": " 12089", "trajectory_id": 12, "北京时间": "2026-05-11 03:00", "lon": 113.005, "lat": 27.015, "height": 192.0 }, "geometry": { "type": "Point", "coordinates": [ 113.005, 27.015 ] } },
{ "type": "Feature", "properties": { "pt_id": " 12090", "trajectory_id": 12, "北京时间": "2026-05-11 02:00", "lon": 113.018, "lat": 27.066, "height": 195.0 }, "geometry": { "type": "Point", "coordinates": [ 113.018, 27.066 ] } },
{ "type": "Feature", "properties": { "pt_id": " 12091", "trajectory_id": 12, "北京时间": "2026-05-11 01:00", "lon": 113.028, "lat": 27.128, "height": 195.0 }, "geometry": { "type": "Point", "coordinates": [ 113.028, 27.128 ] } },
{ "type": "Feature", "properties": { "pt_id": " 12092", "trajectory_id": 12, "北京时间": "2026-05-11 00:00", "lon": 113.023, "lat": 27.199, "height": 193.0 }, "geometry": { "type": "Point", "coordinates": [ 113.023, 27.199 ] } },
{ "type": "Feature", "properties": { "pt_id": " 13000", "trajectory_id": 13, "北京时间": "2026-05-13 00:00", "lon": 113.942, "lat": 30.907, "height": 10.0 }, "geometry": { "type": "Point", "coordinates": [ 113.942, 30.907 ] } },
{ "type": "Feature", "properties": { "pt_id": " 13049", "trajectory_id": 13, "北京时间": "2026-05-12 23:00", "lon": 113.899, "lat": 30.8, "height": 9.0 }, "geometry": { "type": "Point", "coordinates": [ 113.899, 30.8 ] } },
{ "type": "Feature", "properties": { "pt_id": " 13050", "trajectory_id": 13, "北京时间": "2026-05-12 22:00", "lon": 113.852, "lat": 30.69, "height": 8.0 }, "geometry": { "type": "Point", "coordinates": [ 113.852, 30.69 ] } },
{ "type": "Feature", "properties": { "pt_id": " 13051", "trajectory_id": 13, "北京时间": "2026-05-12 21:00", "lon": 113.802, "lat": 30.576, "height": 8.0 }, "geometry": { "type": "Point", "coordinates": [ 113.802, 30.576 ] } },
{ "type": "Feature", "properties": { "pt_id": " 13052", "trajectory_id": 13, "北京时间": "2026-05-12 20:00", "lon": 113.747, "lat": 30.46, "height": 7.0 }, "geometry": { "type": "Point", "coordinates": [ 113.747, 30.46 ] } },
{ "type": "Feature", "properties": { "pt_id": " 13053", "trajectory_id": 13, "北京时间": "2026-05-12 19:00", "lon": 113.682, "lat": 30.344, "height": 8.0 }, "geometry": { "type": "Point", "coordinates": [ 113.682, 30.344 ] } },
{ "type": "Feature", "properties": { "pt_id": " 13054", "trajectory_id": 13, "北京时间": "2026-05-12 18:00", "lon": 113.611, "lat": 30.224, "height": 11.0 }, "geometry": { "type": "Point", "coordinates": [ 113.611, 30.224 ] } },
{ "type": "Feature", "properties": { "pt_id": " 13055", "trajectory_id": 13, "北京时间": "2026-05-12 17:00", "lon": 113.54, "lat": 30.092, "height": 13.0 }, "geometry": { "type": "Point", "coordinates": [ 113.54, 30.092 ] } },
{ "type": "Feature", "properties": { "pt_id": " 13056", "trajectory_id": 13, "北京时间": "2026-05-12 16:00", "lon": 113.469, "lat": 29.958, "height": 15.0 }, "geometry": { "type": "Point", "coordinates": [ 113.469, 29.958 ] } },
{ "type": "Feature", "properties": { "pt_id": " 13057", "trajectory_id": 13, "北京时间": "2026-05-12 15:00", "lon": 113.395, "lat": 29.831, "height": 18.0 }, "geometry": { "type": "Point", "coordinates": [ 113.395, 29.831 ] } },
{ "type": "Feature", "properties": { "pt_id": " 13058", "trajectory_id": 13, "北京时间": "2026-05-12 14:00", "lon": 113.324, "lat": 29.707, "height": 20.0 }, "geometry": { "type": "Point", "coordinates": [ 113.324, 29.707 ] } },
{ "type": "Feature", "properties": { "pt_id": " 13059", "trajectory_id": 13, "北京时间": "2026-05-12 13:00", "lon": 113.259, "lat": 29.574, "height": 20.0 }, "geometry": { "type": "Point", "coordinates": [ 113.259, 29.574 ] } },
{ "type": "Feature", "properties": { "pt_id": " 13060", "trajectory_id": 13, "北京时间": "2026-05-12 12:00", "lon": 113.203, "lat": 29.43, "height": 19.0 }, "geometry": { "type": "Point", "coordinates": [ 113.203, 29.43 ] } },
{ "type": "Feature", "properties": { "pt_id": " 13061", "trajectory_id": 13, "北京时间": "2026-05-12 11:00", "lon": 113.156, "lat": 29.285, "height": 14.0 }, "geometry": { "type": "Point", "coordinates": [ 113.156, 29.285 ] } },
{ "type": "Feature", "properties": { "pt_id": " 13062", "trajectory_id": 13, "北京时间": "2026-05-12 10:00", "lon": 113.128, "lat": 29.146, "height": 11.0 }, "geometry": { "type": "Point", "coordinates": [ 113.128, 29.146 ] } },
{ "type": "Feature", "properties": { "pt_id": " 13063", "trajectory_id": 13, "北京时间": "2026-05-12 09:00", "lon": 113.128, "lat": 29.011, "height": 16.0 }, "geometry": { "type": "Point", "coordinates": [ 113.128, 29.011 ] } },
{ "type": "Feature", "properties": { "pt_id": " 13064", "trajectory_id": 13, "北京时间": "2026-05-12 08:00", "lon": 113.155, "lat": 28.872, "height": 36.0 }, "geometry": { "type": "Point", "coordinates": [ 113.155, 28.872 ] } },
{ "type": "Feature", "properties": { "pt_id": " 13065", "trajectory_id": 13, "北京时间": "2026-05-12 07:00", "lon": 113.203, "lat": 28.736, "height": 69.0 }, "geometry": { "type": "Point", "coordinates": [ 113.203, 28.736 ] } },
{ "type": "Feature", "properties": { "pt_id": " 13066", "trajectory_id": 13, "北京时间": "2026-05-12 06:00", "lon": 113.245, "lat": 28.6, "height": 101.0 }, "geometry": { "type": "Point", "coordinates": [ 113.245, 28.6 ] } },
{ "type": "Feature", "properties": { "pt_id": " 13067", "trajectory_id": 13, "北京时间": "2026-05-12 05:00", "lon": 113.259, "lat": 28.467, "height": 114.0 }, "geometry": { "type": "Point", "coordinates": [ 113.259, 28.467 ] } },
{ "type": "Feature", "properties": { "pt_id": " 13068", "trajectory_id": 13, "北京时间": "2026-05-12 04:00", "lon": 113.271, "lat": 28.336, "height": 118.0 }, "geometry": { "type": "Point", "coordinates": [ 113.271, 28.336 ] } },
{ "type": "Feature", "properties": { "pt_id": " 13069", "trajectory_id": 13, "北京时间": "2026-05-12 03:00", "lon": 113.286, "lat": 28.2, "height": 118.0 }, "geometry": { "type": "Point", "coordinates": [ 113.286, 28.2 ] } },
{ "type": "Feature", "properties": { "pt_id": " 13070", "trajectory_id": 13, "北京时间": "2026-05-12 02:00", "lon": 113.295, "lat": 28.064, "height": 128.0 }, "geometry": { "type": "Point", "coordinates": [ 113.295, 28.064 ] } },
{ "type": "Feature", "properties": { "pt_id": " 13071", "trajectory_id": 13, "北京时间": "2026-05-12 01:00", "lon": 113.301, "lat": 27.933, "height": 153.0 }, "geometry": { "type": "Point", "coordinates": [ 113.301, 27.933 ] } },
{ "type": "Feature", "properties": { "pt_id": " 13072", "trajectory_id": 13, "北京时间": "2026-05-12 00:00", "lon": 113.305, "lat": 27.816, "height": 167.0 }, "geometry": { "type": "Point", "coordinates": [ 113.305, 27.816 ] } },
{ "type": "Feature", "properties": { "pt_id": " 13073", "trajectory_id": 13, "北京时间": "2026-05-11 23:00", "lon": 113.307, "lat": 27.715, "height": 163.0 }, "geometry": { "type": "Point", "coordinates": [ 113.307, 27.715 ] } },
{ "type": "Feature", "properties": { "pt_id": " 13074", "trajectory_id": 13, "北京时间": "2026-05-11 22:00", "lon": 113.309, "lat": 27.621, "height": 167.0 }, "geometry": { "type": "Point", "coordinates": [ 113.309, 27.621 ] } },
{ "type": "Feature", "properties": { "pt_id": " 13075", "trajectory_id": 13, "北京时间": "2026-05-11 21:00", "lon": 113.31, "lat": 27.529, "height": 190.0 }, "geometry": { "type": "Point", "coordinates": [ 113.31, 27.529 ] } },
{ "type": "Feature", "properties": { "pt_id": " 13076", "trajectory_id": 13, "北京时间": "2026-05-11 20:00", "lon": 113.306, "lat": 27.438, "height": 220.0 }, "geometry": { "type": "Point", "coordinates": [ 113.306, 27.438 ] } },
{ "type": "Feature", "properties": { "pt_id": " 13077", "trajectory_id": 13, "北京时间": "2026-05-11 19:00", "lon": 113.299, "lat": 27.353, "height": 242.0 }, "geometry": { "type": "Point", "coordinates": [ 113.299, 27.353 ] } },
{ "type": "Feature", "properties": { "pt_id": " 13078", "trajectory_id": 13, "北京时间": "2026-05-11 18:00", "lon": 113.292, "lat": 27.288, "height": 245.0 }, "geometry": { "type": "Point", "coordinates": [ 113.292, 27.288 ] } },
{ "type": "Feature", "properties": { "pt_id": " 13079", "trajectory_id": 13, "北京时间": "2026-05-11 17:00", "lon": 113.285, "lat": 27.245, "height": 227.0 }, "geometry": { "type": "Point", "coordinates": [ 113.285, 27.245 ] } },
{ "type": "Feature", "properties": { "pt_id": " 13080", "trajectory_id": 13, "北京时间": "2026-05-11 16:00", "lon": 113.278, "lat": 27.214, "height": 202.0 }, "geometry": { "type": "Point", "coordinates": [ 113.278, 27.214 ] } },
{ "type": "Feature", "properties": { "pt_id": " 13081", "trajectory_id": 13, "北京时间": "2026-05-11 15:00", "lon": 113.264, "lat": 27.181, "height": 184.0 }, "geometry": { "type": "Point", "coordinates": [ 113.264, 27.181 ] } },
{ "type": "Feature", "properties": { "pt_id": " 13082", "trajectory_id": 13, "北京时间": "2026-05-11 14:00", "lon": 113.247, "lat": 27.151, "height": 178.0 }, "geometry": { "type": "Point", "coordinates": [ 113.247, 27.151 ] } },
{ "type": "Feature", "properties": { "pt_id": " 13083", "trajectory_id": 13, "北京时间": "2026-05-11 13:00", "lon": 113.226, "lat": 27.127, "height": 181.0 }, "geometry": { "type": "Point", "coordinates": [ 113.226, 27.127 ] } },
{ "type": "Feature", "properties": { "pt_id": " 13084", "trajectory_id": 13, "北京时间": "2026-05-11 12:00", "lon": 113.197, "lat": 27.11, "height": 190.0 }, "geometry": { "type": "Point", "coordinates": [ 113.197, 27.11 ] } },
{ "type": "Feature", "properties": { "pt_id": " 13085", "trajectory_id": 13, "北京时间": "2026-05-11 11:00", "lon": 113.163, "lat": 27.101, "height": 203.0 }, "geometry": { "type": "Point", "coordinates": [ 113.163, 27.101 ] } },
{ "type": "Feature", "properties": { "pt_id": " 13086", "trajectory_id": 13, "北京时间": "2026-05-11 10:00", "lon": 113.135, "lat": 27.106, "height": 214.0 }, "geometry": { "type": "Point", "coordinates": [ 113.135, 27.106 ] } },
{ "type": "Feature", "properties": { "pt_id": " 13087", "trajectory_id": 13, "北京时间": "2026-05-11 09:00", "lon": 113.122, "lat": 27.125, "height": 218.0 }, "geometry": { "type": "Point", "coordinates": [ 113.122, 27.125 ] } },
{ "type": "Feature", "properties": { "pt_id": " 13088", "trajectory_id": 13, "北京时间": "2026-05-11 08:00", "lon": 113.124, "lat": 27.161, "height": 219.0 }, "geometry": { "type": "Point", "coordinates": [ 113.124, 27.161 ] } },
{ "type": "Feature", "properties": { "pt_id": " 13089", "trajectory_id": 13, "北京时间": "2026-05-11 07:00", "lon": 113.132, "lat": 27.208, "height": 221.0 }, "geometry": { "type": "Point", "coordinates": [ 113.132, 27.208 ] } },
{ "type": "Feature", "properties": { "pt_id": " 13090", "trajectory_id": 13, "北京时间": "2026-05-11 06:00", "lon": 113.142, "lat": 27.262, "height": 230.0 }, "geometry": { "type": "Point", "coordinates": [ 113.142, 27.262 ] } },
{ "type": "Feature", "properties": { "pt_id": " 13091", "trajectory_id": 13, "北京时间": "2026-05-11 05:00", "lon": 113.155, "lat": 27.32, "height": 247.0 }, "geometry": { "type": "Point", "coordinates": [ 113.155, 27.32 ] } },
{ "type": "Feature", "properties": { "pt_id": " 13092", "trajectory_id": 13, "北京时间": "2026-05-11 04:00", "lon": 113.163, "lat": 27.38, "height": 260.0 }, "geometry": { "type": "Point", "coordinates": [ 113.163, 27.38 ] } },
{ "type": "Feature", "properties": { "pt_id": " 13093", "trajectory_id": 13, "北京时间": "2026-05-11 03:00", "lon": 113.157, "lat": 27.439, "height": 254.0 }, "geometry": { "type": "Point", "coordinates": [ 113.157, 27.439 ] } },
{ "type": "Feature", "properties": { "pt_id": " 13094", "trajectory_id": 13, "北京时间": "2026-05-11 02:00", "lon": 113.138, "lat": 27.498, "height": 232.0 }, "geometry": { "type": "Point", "coordinates": [ 113.138, 27.498 ] } },
{ "type": "Feature", "properties": { "pt_id": " 13095", "trajectory_id": 13, "北京时间": "2026-05-11 01:00", "lon": 113.119, "lat": 27.555, "height": 209.0 }, "geometry": { "type": "Point", "coordinates": [ 113.119, 27.555 ] } },
{ "type": "Feature", "properties": { "pt_id": " 13096", "trajectory_id": 13, "北京时间": "2026-05-11 00:00", "lon": 113.113, "lat": 27.611, "height": 194.0 }, "geometry": { "type": "Point", "coordinates": [ 113.113, 27.611 ] } },
{ "type": "Feature", "properties": { "pt_id": " 14000", "trajectory_id": 14, "北京时间": "2026-05-13 00:00", "lon": 113.942, "lat": 30.907, "height": 10.0 }, "geometry": { "type": "Point", "coordinates": [ 113.942, 30.907 ] } },
{ "type": "Feature", "properties": { "pt_id": " 14053", "trajectory_id": 14, "北京时间": "2026-05-12 23:00", "lon": 113.888, "lat": 30.78, "height": 10.0 }, "geometry": { "type": "Point", "coordinates": [ 113.888, 30.78 ] } },
{ "type": "Feature", "properties": { "pt_id": " 14054", "trajectory_id": 14, "北京时间": "2026-05-12 22:00", "lon": 113.827, "lat": 30.653, "height": 14.0 }, "geometry": { "type": "Point", "coordinates": [ 113.827, 30.653 ] } },
{ "type": "Feature", "properties": { "pt_id": " 14055", "trajectory_id": 14, "北京时间": "2026-05-12 21:00", "lon": 113.758, "lat": 30.526, "height": 16.0 }, "geometry": { "type": "Point", "coordinates": [ 113.758, 30.526 ] } },
{ "type": "Feature", "properties": { "pt_id": " 14056", "trajectory_id": 14, "北京时间": "2026-05-12 20:00", "lon": 113.683, "lat": 30.4, "height": 16.0 }, "geometry": { "type": "Point", "coordinates": [ 113.683, 30.4 ] } },
{ "type": "Feature", "properties": { "pt_id": " 14057", "trajectory_id": 14, "北京时间": "2026-05-12 19:00", "lon": 113.603, "lat": 30.271, "height": 17.0 }, "geometry": { "type": "Point", "coordinates": [ 113.603, 30.271 ] } },
{ "type": "Feature", "properties": { "pt_id": " 14058", "trajectory_id": 14, "北京时间": "2026-05-12 18:00", "lon": 113.521, "lat": 30.143, "height": 18.0 }, "geometry": { "type": "Point", "coordinates": [ 113.521, 30.143 ] } },
{ "type": "Feature", "properties": { "pt_id": " 14059", "trajectory_id": 14, "北京时间": "2026-05-12 17:00", "lon": 113.436, "lat": 30.015, "height": 17.0 }, "geometry": { "type": "Point", "coordinates": [ 113.436, 30.015 ] } },
{ "type": "Feature", "properties": { "pt_id": " 14060", "trajectory_id": 14, "北京时间": "2026-05-12 16:00", "lon": 113.35, "lat": 29.881, "height": 16.0 }, "geometry": { "type": "Point", "coordinates": [ 113.35, 29.881 ] } },
{ "type": "Feature", "properties": { "pt_id": " 14061", "trajectory_id": 14, "北京时间": "2026-05-12 15:00", "lon": 113.265, "lat": 29.739, "height": 15.0 }, "geometry": { "type": "Point", "coordinates": [ 113.265, 29.739 ] } },
{ "type": "Feature", "properties": { "pt_id": " 14062", "trajectory_id": 14, "北京时间": "2026-05-12 14:00", "lon": 113.197, "lat": 29.587, "height": 16.0 }, "geometry": { "type": "Point", "coordinates": [ 113.197, 29.587 ] } },
{ "type": "Feature", "properties": { "pt_id": " 14063", "trajectory_id": 14, "北京时间": "2026-05-12 13:00", "lon": 113.159, "lat": 29.43, "height": 19.0 }, "geometry": { "type": "Point", "coordinates": [ 113.159, 29.43 ] } },
{ "type": "Feature", "properties": { "pt_id": " 14064", "trajectory_id": 14, "北京时间": "2026-05-12 12:00", "lon": 113.155, "lat": 29.274, "height": 21.0 }, "geometry": { "type": "Point", "coordinates": [ 113.155, 29.274 ] } },
{ "type": "Feature", "properties": { "pt_id": " 14065", "trajectory_id": 14, "北京时间": "2026-05-12 11:00", "lon": 113.186, "lat": 29.126, "height": 28.0 }, "geometry": { "type": "Point", "coordinates": [ 113.186, 29.126 ] } },
{ "type": "Feature", "properties": { "pt_id": " 14066", "trajectory_id": 14, "北京时间": "2026-05-12 10:00", "lon": 113.246, "lat": 28.978, "height": 61.0 }, "geometry": { "type": "Point", "coordinates": [ 113.246, 28.978 ] } },
{ "type": "Feature", "properties": { "pt_id": " 14067", "trajectory_id": 14, "北京时间": "2026-05-12 09:00", "lon": 113.318, "lat": 28.819, "height": 118.0 }, "geometry": { "type": "Point", "coordinates": [ 113.318, 28.819 ] } },
{ "type": "Feature", "properties": { "pt_id": " 14068", "trajectory_id": 14, "北京时间": "2026-05-12 08:00", "lon": 113.361, "lat": 28.667, "height": 148.0 }, "geometry": { "type": "Point", "coordinates": [ 113.361, 28.667 ] } },
{ "type": "Feature", "properties": { "pt_id": " 14069", "trajectory_id": 14, "北京时间": "2026-05-12 07:00", "lon": 113.37, "lat": 28.531, "height": 162.0 }, "geometry": { "type": "Point", "coordinates": [ 113.37, 28.531 ] } },
{ "type": "Feature", "properties": { "pt_id": " 14070", "trajectory_id": 14, "北京时间": "2026-05-12 06:00", "lon": 113.364, "lat": 28.402, "height": 163.0 }, "geometry": { "type": "Point", "coordinates": [ 113.364, 28.402 ] } },
{ "type": "Feature", "properties": { "pt_id": " 14071", "trajectory_id": 14, "北京时间": "2026-05-12 05:00", "lon": 113.359, "lat": 28.27, "height": 156.0 }, "geometry": { "type": "Point", "coordinates": [ 113.359, 28.27 ] } },
{ "type": "Feature", "properties": { "pt_id": " 14072", "trajectory_id": 14, "北京时间": "2026-05-12 04:00", "lon": 113.36, "lat": 28.137, "height": 153.0 }, "geometry": { "type": "Point", "coordinates": [ 113.36, 28.137 ] } },
{ "type": "Feature", "properties": { "pt_id": " 14073", "trajectory_id": 14, "北京时间": "2026-05-12 03:00", "lon": 113.364, "lat": 28.004, "height": 177.0 }, "geometry": { "type": "Point", "coordinates": [ 113.364, 28.004 ] } },
{ "type": "Feature", "properties": { "pt_id": " 14074", "trajectory_id": 14, "北京时间": "2026-05-12 02:00", "lon": 113.372, "lat": 27.88, "height": 203.0 }, "geometry": { "type": "Point", "coordinates": [ 113.372, 27.88 ] } },
{ "type": "Feature", "properties": { "pt_id": " 14075", "trajectory_id": 14, "北京时间": "2026-05-12 01:00", "lon": 113.385, "lat": 27.767, "height": 206.0 }, "geometry": { "type": "Point", "coordinates": [ 113.385, 27.767 ] } },
{ "type": "Feature", "properties": { "pt_id": " 14076", "trajectory_id": 14, "北京时间": "2026-05-12 00:00", "lon": 113.398, "lat": 27.661, "height": 199.0 }, "geometry": { "type": "Point", "coordinates": [ 113.398, 27.661 ] } },
{ "type": "Feature", "properties": { "pt_id": " 14077", "trajectory_id": 14, "北京时间": "2026-05-11 23:00", "lon": 113.403, "lat": 27.565, "height": 205.0 }, "geometry": { "type": "Point", "coordinates": [ 113.403, 27.565 ] } },
{ "type": "Feature", "properties": { "pt_id": " 14078", "trajectory_id": 14, "北京时间": "2026-05-11 22:00", "lon": 113.401, "lat": 27.488, "height": 234.0 }, "geometry": { "type": "Point", "coordinates": [ 113.401, 27.488 ] } },
{ "type": "Feature", "properties": { "pt_id": " 14079", "trajectory_id": 14, "北京时间": "2026-05-11 21:00", "lon": 113.396, "lat": 27.43, "height": 280.0 }, "geometry": { "type": "Point", "coordinates": [ 113.396, 27.43 ] } },
{ "type": "Feature", "properties": { "pt_id": " 14080", "trajectory_id": 14, "北京时间": "2026-05-11 20:00", "lon": 113.385, "lat": 27.388, "height": 318.0 }, "geometry": { "type": "Point", "coordinates": [ 113.385, 27.388 ] } },
{ "type": "Feature", "properties": { "pt_id": " 14081", "trajectory_id": 14, "北京时间": "2026-05-11 19:00", "lon": 113.368, "lat": 27.355, "height": 331.0 }, "geometry": { "type": "Point", "coordinates": [ 113.368, 27.355 ] } },
{ "type": "Feature", "properties": { "pt_id": " 14082", "trajectory_id": 14, "北京时间": "2026-05-11 18:00", "lon": 113.346, "lat": 27.327, "height": 327.0 }, "geometry": { "type": "Point", "coordinates": [ 113.346, 27.327 ] } },
{ "type": "Feature", "properties": { "pt_id": " 14083", "trajectory_id": 14, "北京时间": "2026-05-11 17:00", "lon": 113.32, "lat": 27.301, "height": 320.0 }, "geometry": { "type": "Point", "coordinates": [ 113.32, 27.301 ] } },
{ "type": "Feature", "properties": { "pt_id": " 14084", "trajectory_id": 14, "北京时间": "2026-05-11 16:00", "lon": 113.291, "lat": 27.276, "height": 315.0 }, "geometry": { "type": "Point", "coordinates": [ 113.291, 27.276 ] } },
{ "type": "Feature", "properties": { "pt_id": " 14085", "trajectory_id": 14, "北京时间": "2026-05-11 15:00", "lon": 113.26, "lat": 27.252, "height": 313.0 }, "geometry": { "type": "Point", "coordinates": [ 113.26, 27.252 ] } },
{ "type": "Feature", "properties": { "pt_id": " 14086", "trajectory_id": 14, "北京时间": "2026-05-11 14:00", "lon": 113.236, "lat": 27.239, "height": 314.0 }, "geometry": { "type": "Point", "coordinates": [ 113.236, 27.239 ] } },
{ "type": "Feature", "properties": { "pt_id": " 14087", "trajectory_id": 14, "北京时间": "2026-05-11 13:00", "lon": 113.227, "lat": 27.245, "height": 314.0 }, "geometry": { "type": "Point", "coordinates": [ 113.227, 27.245 ] } },
{ "type": "Feature", "properties": { "pt_id": " 14088", "trajectory_id": 14, "北京时间": "2026-05-11 12:00", "lon": 113.234, "lat": 27.269, "height": 315.0 }, "geometry": { "type": "Point", "coordinates": [ 113.234, 27.269 ] } },
{ "type": "Feature", "properties": { "pt_id": " 14089", "trajectory_id": 14, "北京时间": "2026-05-11 11:00", "lon": 113.251, "lat": 27.301, "height": 327.0 }, "geometry": { "type": "Point", "coordinates": [ 113.251, 27.301 ] } },
{ "type": "Feature", "properties": { "pt_id": " 14090", "trajectory_id": 14, "北京时间": "2026-05-11 10:00", "lon": 113.273, "lat": 27.335, "height": 359.0 }, "geometry": { "type": "Point", "coordinates": [ 113.273, 27.335 ] } },
{ "type": "Feature", "properties": { "pt_id": " 14091", "trajectory_id": 14, "北京时间": "2026-05-11 09:00", "lon": 113.297, "lat": 27.372, "height": 406.0 }, "geometry": { "type": "Point", "coordinates": [ 113.297, 27.372 ] } },
{ "type": "Feature", "properties": { "pt_id": " 14092", "trajectory_id": 14, "北京时间": "2026-05-11 08:00", "lon": 113.326, "lat": 27.412, "height": 434.0 }, "geometry": { "type": "Point", "coordinates": [ 113.326, 27.412 ] } },
{ "type": "Feature", "properties": { "pt_id": " 14093", "trajectory_id": 14, "北京时间": "2026-05-11 07:00", "lon": 113.364, "lat": 27.455, "height": 412.0 }, "geometry": { "type": "Point", "coordinates": [ 113.364, 27.455 ] } },
{ "type": "Feature", "properties": { "pt_id": " 14094", "trajectory_id": 14, "北京时间": "2026-05-11 06:00", "lon": 113.415, "lat": 27.509, "height": 345.0 }, "geometry": { "type": "Point", "coordinates": [ 113.415, 27.509 ] } },
{ "type": "Feature", "properties": { "pt_id": " 14095", "trajectory_id": 14, "北京时间": "2026-05-11 05:00", "lon": 113.476, "lat": 27.571, "height": 284.0 }, "geometry": { "type": "Point", "coordinates": [ 113.476, 27.571 ] } },
{ "type": "Feature", "properties": { "pt_id": " 14096", "trajectory_id": 14, "北京时间": "2026-05-11 04:00", "lon": 113.561, "lat": 27.623, "height": 265.0 }, "geometry": { "type": "Point", "coordinates": [ 113.561, 27.623 ] } },
{ "type": "Feature", "properties": { "pt_id": " 14097", "trajectory_id": 14, "北京时间": "2026-05-11 03:00", "lon": 113.678, "lat": 27.659, "height": 282.0 }, "geometry": { "type": "Point", "coordinates": [ 113.678, 27.659 ] } },
{ "type": "Feature", "properties": { "pt_id": " 14098", "trajectory_id": 14, "北京时间": "2026-05-11 02:00", "lon": 113.814, "lat": 27.696, "height": 308.0 }, "geometry": { "type": "Point", "coordinates": [ 113.814, 27.696 ] } },
{ "type": "Feature", "properties": { "pt_id": " 14099", "trajectory_id": 14, "北京时间": "2026-05-11 01:00", "lon": 113.982, "lat": 27.736, "height": 328.0 }, "geometry": { "type": "Point", "coordinates": [ 113.982, 27.736 ] } },
{ "type": "Feature", "properties": { "pt_id": " 14100", "trajectory_id": 14, "北京时间": "2026-05-11 00:00", "lon": 114.191, "lat": 27.761, "height": 372.0 }, "geometry": { "type": "Point", "coordinates": [ 114.191, 27.761 ] } },
{ "type": "Feature", "properties": { "pt_id": " 15000", "trajectory_id": 15, "北京时间": "2026-05-13 00:00", "lon": 113.942, "lat": 30.907, "height": 10.0 }, "geometry": { "type": "Point", "coordinates": [ 113.942, 30.907 ] } },
{ "type": "Feature", "properties": { "pt_id": " 15057", "trajectory_id": 15, "北京时间": "2026-05-12 23:00", "lon": 113.863, "lat": 30.777, "height": 9.0 }, "geometry": { "type": "Point", "coordinates": [ 113.863, 30.777 ] } },
{ "type": "Feature", "properties": { "pt_id": " 15058", "trajectory_id": 15, "北京时间": "2026-05-12 22:00", "lon": 113.782, "lat": 30.648, "height": 2.0 }, "geometry": { "type": "Point", "coordinates": [ 113.782, 30.648 ] } },
{ "type": "Feature", "properties": { "pt_id": " 15059", "trajectory_id": 15, "北京时间": "2026-05-12 21:00", "lon": 113.699, "lat": 30.516, "height": 0.0 }, "geometry": { "type": "Point", "coordinates": [ 113.699, 30.516 ] } },
{ "type": "Feature", "properties": { "pt_id": " 15060", "trajectory_id": 15, "北京时间": "2026-05-12 20:00", "lon": 113.613, "lat": 30.38, "height": 0.0 }, "geometry": { "type": "Point", "coordinates": [ 113.613, 30.38 ] } },
{ "type": "Feature", "properties": { "pt_id": " 15061", "trajectory_id": 15, "北京时间": "2026-05-12 19:00", "lon": 113.52, "lat": 30.237, "height": 0.0 }, "geometry": { "type": "Point", "coordinates": [ 113.52, 30.237 ] } },
{ "type": "Feature", "properties": { "pt_id": " 15062", "trajectory_id": 15, "北京时间": "2026-05-12 18:00", "lon": 113.427, "lat": 30.089, "height": 0.0 }, "geometry": { "type": "Point", "coordinates": [ 113.427, 30.089 ] } },
{ "type": "Feature", "properties": { "pt_id": " 15063", "trajectory_id": 15, "北京时间": "2026-05-12 17:00", "lon": 113.347, "lat": 29.938, "height": 0.0 }, "geometry": { "type": "Point", "coordinates": [ 113.347, 29.938 ] } },
{ "type": "Feature", "properties": { "pt_id": " 15064", "trajectory_id": 15, "北京时间": "2026-05-12 16:00", "lon": 113.285, "lat": 29.785, "height": 0.0 }, "geometry": { "type": "Point", "coordinates": [ 113.285, 29.785 ] } },
{ "type": "Feature", "properties": { "pt_id": " 15065", "trajectory_id": 15, "北京时间": "2026-05-12 15:00", "lon": 113.242, "lat": 29.636, "height": 2.0 }, "geometry": { "type": "Point", "coordinates": [ 113.242, 29.636 ] } },
{ "type": "Feature", "properties": { "pt_id": " 15066", "trajectory_id": 15, "北京时间": "2026-05-12 14:00", "lon": 113.231, "lat": 29.497, "height": 7.0 }, "geometry": { "type": "Point", "coordinates": [ 113.231, 29.497 ] } },
{ "type": "Feature", "properties": { "pt_id": " 15067", "trajectory_id": 15, "北京时间": "2026-05-12 13:00", "lon": 113.25, "lat": 29.375, "height": 12.0 }, "geometry": { "type": "Point", "coordinates": [ 113.25, 29.375 ] } },
{ "type": "Feature", "properties": { "pt_id": " 15068", "trajectory_id": 15, "北京时间": "2026-05-12 12:00", "lon": 113.289, "lat": 29.271, "height": 16.0 }, "geometry": { "type": "Point", "coordinates": [ 113.289, 29.271 ] } },
{ "type": "Feature", "properties": { "pt_id": " 15069", "trajectory_id": 15, "北京时间": "2026-05-12 11:00", "lon": 113.331, "lat": 29.183, "height": 23.0 }, "geometry": { "type": "Point", "coordinates": [ 113.331, 29.183 ] } },
{ "type": "Feature", "properties": { "pt_id": " 15070", "trajectory_id": 15, "北京时间": "2026-05-12 10:00", "lon": 113.372, "lat": 29.092, "height": 46.0 }, "geometry": { "type": "Point", "coordinates": [ 113.372, 29.092 ] } },
{ "type": "Feature", "properties": { "pt_id": " 15071", "trajectory_id": 15, "北京时间": "2026-05-12 09:00", "lon": 113.406, "lat": 28.98, "height": 86.0 }, "geometry": { "type": "Point", "coordinates": [ 113.406, 28.98 ] } },
{ "type": "Feature", "properties": { "pt_id": " 15072", "trajectory_id": 15, "北京时间": "2026-05-12 08:00", "lon": 113.414, "lat": 28.844, "height": 123.0 }, "geometry": { "type": "Point", "coordinates": [ 113.414, 28.844 ] } },
{ "type": "Feature", "properties": { "pt_id": " 15073", "trajectory_id": 15, "北京时间": "2026-05-12 07:00", "lon": 113.389, "lat": 28.687, "height": 138.0 }, "geometry": { "type": "Point", "coordinates": [ 113.389, 28.687 ] } },
{ "type": "Feature", "properties": { "pt_id": " 15074", "trajectory_id": 15, "北京时间": "2026-05-12 06:00", "lon": 113.352, "lat": 28.526, "height": 145.0 }, "geometry": { "type": "Point", "coordinates": [ 113.352, 28.526 ] } },
{ "type": "Feature", "properties": { "pt_id": " 15075", "trajectory_id": 15, "北京时间": "2026-05-12 05:00", "lon": 113.326, "lat": 28.375, "height": 144.0 }, "geometry": { "type": "Point", "coordinates": [ 113.326, 28.375 ] } },
{ "type": "Feature", "properties": { "pt_id": " 15076", "trajectory_id": 15, "北京时间": "2026-05-12 04:00", "lon": 113.325, "lat": 28.229, "height": 142.0 }, "geometry": { "type": "Point", "coordinates": [ 113.325, 28.229 ] } },
{ "type": "Feature", "properties": { "pt_id": " 15077", "trajectory_id": 15, "北京时间": "2026-05-12 03:00", "lon": 113.33, "lat": 28.09, "height": 154.0 }, "geometry": { "type": "Point", "coordinates": [ 113.33, 28.09 ] } },
{ "type": "Feature", "properties": { "pt_id": " 15078", "trajectory_id": 15, "北京时间": "2026-05-12 02:00", "lon": 113.333, "lat": 27.972, "height": 190.0 }, "geometry": { "type": "Point", "coordinates": [ 113.333, 27.972 ] } },
{ "type": "Feature", "properties": { "pt_id": " 15079", "trajectory_id": 15, "北京时间": "2026-05-12 01:00", "lon": 113.331, "lat": 27.882, "height": 242.0 }, "geometry": { "type": "Point", "coordinates": [ 113.331, 27.882 ] } },
{ "type": "Feature", "properties": { "pt_id": " 15080", "trajectory_id": 15, "北京时间": "2026-05-12 00:00", "lon": 113.325, "lat": 27.814, "height": 289.0 }, "geometry": { "type": "Point", "coordinates": [ 113.325, 27.814 ] } },
{ "type": "Feature", "properties": { "pt_id": " 15081", "trajectory_id": 15, "北京时间": "2026-05-11 23:00", "lon": 113.321, "lat": 27.762, "height": 325.0 }, "geometry": { "type": "Point", "coordinates": [ 113.321, 27.762 ] } },
{ "type": "Feature", "properties": { "pt_id": " 15082", "trajectory_id": 15, "北京时间": "2026-05-11 22:00", "lon": 113.317, "lat": 27.724, "height": 358.0 }, "geometry": { "type": "Point", "coordinates": [ 113.317, 27.724 ] } },
{ "type": "Feature", "properties": { "pt_id": " 15083", "trajectory_id": 15, "北京时间": "2026-05-11 21:00", "lon": 113.31, "lat": 27.693, "height": 389.0 }, "geometry": { "type": "Point", "coordinates": [ 113.31, 27.693 ] } },
{ "type": "Feature", "properties": { "pt_id": " 15084", "trajectory_id": 15, "北京时间": "2026-05-11 20:00", "lon": 113.3, "lat": 27.662, "height": 415.0 }, "geometry": { "type": "Point", "coordinates": [ 113.3, 27.662 ] } },
{ "type": "Feature", "properties": { "pt_id": " 15085", "trajectory_id": 15, "北京时间": "2026-05-11 19:00", "lon": 113.29, "lat": 27.631, "height": 436.0 }, "geometry": { "type": "Point", "coordinates": [ 113.29, 27.631 ] } },
{ "type": "Feature", "properties": { "pt_id": " 15086", "trajectory_id": 15, "北京时间": "2026-05-11 18:00", "lon": 113.291, "lat": 27.61, "height": 463.0 }, "geometry": { "type": "Point", "coordinates": [ 113.291, 27.61 ] } },
{ "type": "Feature", "properties": { "pt_id": " 15087", "trajectory_id": 15, "北京时间": "2026-05-11 17:00", "lon": 113.313, "lat": 27.608, "height": 503.0 }, "geometry": { "type": "Point", "coordinates": [ 113.313, 27.608 ] } },
{ "type": "Feature", "properties": { "pt_id": " 15088", "trajectory_id": 15, "北京时间": "2026-05-11 16:00", "lon": 113.358, "lat": 27.626, "height": 547.0 }, "geometry": { "type": "Point", "coordinates": [ 113.358, 27.626 ] } },
{ "type": "Feature", "properties": { "pt_id": " 15089", "trajectory_id": 15, "北京时间": "2026-05-11 15:00", "lon": 113.412, "lat": 27.65, "height": 572.0 }, "geometry": { "type": "Point", "coordinates": [ 113.412, 27.65 ] } },
{ "type": "Feature", "properties": { "pt_id": " 15090", "trajectory_id": 15, "北京时间": "2026-05-11 14:00", "lon": 113.462, "lat": 27.672, "height": 565.0 }, "geometry": { "type": "Point", "coordinates": [ 113.462, 27.672 ] } },
{ "type": "Feature", "properties": { "pt_id": " 15091", "trajectory_id": 15, "北京时间": "2026-05-11 13:00", "lon": 113.51, "lat": 27.694, "height": 526.0 }, "geometry": { "type": "Point", "coordinates": [ 113.51, 27.694 ] } },
{ "type": "Feature", "properties": { "pt_id": " 15092", "trajectory_id": 15, "北京时间": "2026-05-11 12:00", "lon": 113.571, "lat": 27.716, "height": 480.0 }, "geometry": { "type": "Point", "coordinates": [ 113.571, 27.716 ] } },
{ "type": "Feature", "properties": { "pt_id": " 15093", "trajectory_id": 15, "北京时间": "2026-05-11 11:00", "lon": 113.662, "lat": 27.737, "height": 452.0 }, "geometry": { "type": "Point", "coordinates": [ 113.662, 27.737 ] } },
{ "type": "Feature", "properties": { "pt_id": " 15094", "trajectory_id": 15, "北京时间": "2026-05-11 10:00", "lon": 113.785, "lat": 27.756, "height": 446.0 }, "geometry": { "type": "Point", "coordinates": [ 113.785, 27.756 ] } },
{ "type": "Feature", "properties": { "pt_id": " 15095", "trajectory_id": 15, "北京时间": "2026-05-11 09:00", "lon": 113.928, "lat": 27.763, "height": 462.0 }, "geometry": { "type": "Point", "coordinates": [ 113.928, 27.763 ] } },
{ "type": "Feature", "properties": { "pt_id": " 15096", "trajectory_id": 15, "北京时间": "2026-05-11 08:00", "lon": 114.094, "lat": 27.764, "height": 524.0 }, "geometry": { "type": "Point", "coordinates": [ 114.094, 27.764 ] } },
{ "type": "Feature", "properties": { "pt_id": " 15097", "trajectory_id": 15, "北京时间": "2026-05-11 07:00", "lon": 114.289, "lat": 27.795, "height": 649.0 }, "geometry": { "type": "Point", "coordinates": [ 114.289, 27.795 ] } },
{ "type": "Feature", "properties": { "pt_id": " 15098", "trajectory_id": 15, "北京时间": "2026-05-11 06:00", "lon": 114.469, "lat": 27.893, "height": 772.0 }, "geometry": { "type": "Point", "coordinates": [ 114.469, 27.893 ] } },
{ "type": "Feature", "properties": { "pt_id": " 15099", "trajectory_id": 15, "北京时间": "2026-05-11 05:00", "lon": 114.614, "lat": 28.036, "height": 831.0 }, "geometry": { "type": "Point", "coordinates": [ 114.614, 28.036 ] } },
{ "type": "Feature", "properties": { "pt_id": " 15100", "trajectory_id": 15, "北京时间": "2026-05-11 04:00", "lon": 114.714, "lat": 28.197, "height": 848.0 }, "geometry": { "type": "Point", "coordinates": [ 114.714, 28.197 ] } },
{ "type": "Feature", "properties": { "pt_id": " 15101", "trajectory_id": 15, "北京时间": "2026-05-11 03:00", "lon": 114.756, "lat": 28.341, "height": 846.0 }, "geometry": { "type": "Point", "coordinates": [ 114.756, 28.341 ] } },
{ "type": "Feature", "properties": { "pt_id": " 15102", "trajectory_id": 15, "北京时间": "2026-05-11 02:00", "lon": 114.78, "lat": 28.464, "height": 847.0 }, "geometry": { "type": "Point", "coordinates": [ 114.78, 28.464 ] } },
{ "type": "Feature", "properties": { "pt_id": " 15103", "trajectory_id": 15, "北京时间": "2026-05-11 01:00", "lon": 114.801, "lat": 28.568, "height": 854.0 }, "geometry": { "type": "Point", "coordinates": [ 114.801, 28.568 ] } },
{ "type": "Feature", "properties": { "pt_id": " 15104", "trajectory_id": 15, "北京时间": "2026-05-11 00:00", "lon": 114.836, "lat": 28.668, "height": 864.0 }, "geometry": { "type": "Point", "coordinates": [ 114.836, 28.668 ] } },
{ "type": "Feature", "properties": { "pt_id": " 16000", "trajectory_id": 16, "北京时间": "2026-05-13 00:00", "lon": 113.942, "lat": 30.907, "height": 10.0 }, "geometry": { "type": "Point", "coordinates": [ 113.942, 30.907 ] } },
{ "type": "Feature", "properties": { "pt_id": " 16061", "trajectory_id": 16, "北京时间": "2026-05-12 23:00", "lon": 113.861, "lat": 30.764, "height": 0.0 }, "geometry": { "type": "Point", "coordinates": [ 113.861, 30.764 ] } },
{ "type": "Feature", "properties": { "pt_id": " 16062", "trajectory_id": 16, "北京时间": "2026-05-12 22:00", "lon": 113.789, "lat": 30.619, "height": 0.0 }, "geometry": { "type": "Point", "coordinates": [ 113.789, 30.619 ] } },
{ "type": "Feature", "properties": { "pt_id": " 16063", "trajectory_id": 16, "北京时间": "2026-05-12 21:00", "lon": 113.73, "lat": 30.475, "height": 0.0 }, "geometry": { "type": "Point", "coordinates": [ 113.73, 30.475 ] } },
{ "type": "Feature", "properties": { "pt_id": " 16064", "trajectory_id": 16, "北京时间": "2026-05-12 20:00", "lon": 113.686, "lat": 30.336, "height": 0.0 }, "geometry": { "type": "Point", "coordinates": [ 113.686, 30.336 ] } },
{ "type": "Feature", "properties": { "pt_id": " 16065", "trajectory_id": 16, "北京时间": "2026-05-12 19:00", "lon": 113.651, "lat": 30.21, "height": 0.0 }, "geometry": { "type": "Point", "coordinates": [ 113.651, 30.21 ] } },
{ "type": "Feature", "properties": { "pt_id": " 16066", "trajectory_id": 16, "北京时间": "2026-05-12 18:00", "lon": 113.622, "lat": 30.096, "height": 0.0 }, "geometry": { "type": "Point", "coordinates": [ 113.622, 30.096 ] } },
{ "type": "Feature", "properties": { "pt_id": " 16067", "trajectory_id": 16, "北京时间": "2026-05-12 17:00", "lon": 113.605, "lat": 29.988, "height": 0.0 }, "geometry": { "type": "Point", "coordinates": [ 113.605, 29.988 ] } },
{ "type": "Feature", "properties": { "pt_id": " 16068", "trajectory_id": 16, "北京时间": "2026-05-12 16:00", "lon": 113.591, "lat": 29.883, "height": 4.0 }, "geometry": { "type": "Point", "coordinates": [ 113.591, 29.883 ] } },
{ "type": "Feature", "properties": { "pt_id": " 16069", "trajectory_id": 16, "北京时间": "2026-05-12 15:00", "lon": 113.573, "lat": 29.781, "height": 12.0 }, "geometry": { "type": "Point", "coordinates": [ 113.573, 29.781 ] } },
{ "type": "Feature", "properties": { "pt_id": " 16070", "trajectory_id": 16, "北京时间": "2026-05-12 14:00", "lon": 113.548, "lat": 29.672, "height": 28.0 }, "geometry": { "type": "Point", "coordinates": [ 113.548, 29.672 ] } },
{ "type": "Feature", "properties": { "pt_id": " 16071", "trajectory_id": 16, "北京时间": "2026-05-12 13:00", "lon": 113.523, "lat": 29.544, "height": 74.0 }, "geometry": { "type": "Point", "coordinates": [ 113.523, 29.544 ] } },
{ "type": "Feature", "properties": { "pt_id": " 16072", "trajectory_id": 16, "北京时间": "2026-05-12 12:00", "lon": 113.494, "lat": 29.39, "height": 156.0 }, "geometry": { "type": "Point", "coordinates": [ 113.494, 29.39 ] } },
{ "type": "Feature", "properties": { "pt_id": " 16073", "trajectory_id": 16, "北京时间": "2026-05-12 11:00", "lon": 113.463, "lat": 29.234, "height": 186.0 }, "geometry": { "type": "Point", "coordinates": [ 113.463, 29.234 ] } },
{ "type": "Feature", "properties": { "pt_id": " 16074", "trajectory_id": 16, "北京时间": "2026-05-12 10:00", "lon": 113.437, "lat": 29.08, "height": 191.0 }, "geometry": { "type": "Point", "coordinates": [ 113.437, 29.08 ] } },
{ "type": "Feature", "properties": { "pt_id": " 16075", "trajectory_id": 16, "北京时间": "2026-05-12 09:00", "lon": 113.41, "lat": 28.912, "height": 206.0 }, "geometry": { "type": "Point", "coordinates": [ 113.41, 28.912 ] } },
{ "type": "Feature", "properties": { "pt_id": " 16076", "trajectory_id": 16, "北京时间": "2026-05-12 08:00", "lon": 113.37, "lat": 28.739, "height": 217.0 }, "geometry": { "type": "Point", "coordinates": [ 113.37, 28.739 ] } },
{ "type": "Feature", "properties": { "pt_id": " 16077", "trajectory_id": 16, "北京时间": "2026-05-12 07:00", "lon": 113.329, "lat": 28.583, "height": 237.0 }, "geometry": { "type": "Point", "coordinates": [ 113.329, 28.583 ] } },
{ "type": "Feature", "properties": { "pt_id": " 16078", "trajectory_id": 16, "北京时间": "2026-05-12 06:00", "lon": 113.285, "lat": 28.442, "height": 235.0 }, "geometry": { "type": "Point", "coordinates": [ 113.285, 28.442 ] } },
{ "type": "Feature", "properties": { "pt_id": " 16079", "trajectory_id": 16, "北京时间": "2026-05-12 05:00", "lon": 113.242, "lat": 28.286, "height": 240.0 }, "geometry": { "type": "Point", "coordinates": [ 113.242, 28.286 ] } },
{ "type": "Feature", "properties": { "pt_id": " 16080", "trajectory_id": 16, "北京时间": "2026-05-12 04:00", "lon": 113.207, "lat": 28.142, "height": 294.0 }, "geometry": { "type": "Point", "coordinates": [ 113.207, 28.142 ] } },
{ "type": "Feature", "properties": { "pt_id": " 16081", "trajectory_id": 16, "北京时间": "2026-05-12 03:00", "lon": 113.181, "lat": 28.04, "height": 356.0 }, "geometry": { "type": "Point", "coordinates": [ 113.181, 28.04 ] } },
{ "type": "Feature", "properties": { "pt_id": " 16082", "trajectory_id": 16, "北京时间": "2026-05-12 02:00", "lon": 113.154, "lat": 27.965, "height": 401.0 }, "geometry": { "type": "Point", "coordinates": [ 113.154, 27.965 ] } },
{ "type": "Feature", "properties": { "pt_id": " 16083", "trajectory_id": 16, "北京时间": "2026-05-12 01:00", "lon": 113.127, "lat": 27.906, "height": 432.0 }, "geometry": { "type": "Point", "coordinates": [ 113.127, 27.906 ] } },
{ "type": "Feature", "properties": { "pt_id": " 16084", "trajectory_id": 16, "北京时间": "2026-05-12 00:00", "lon": 113.107, "lat": 27.858, "height": 462.0 }, "geometry": { "type": "Point", "coordinates": [ 113.107, 27.858 ] } },
{ "type": "Feature", "properties": { "pt_id": " 16085", "trajectory_id": 16, "北京时间": "2026-05-11 23:00", "lon": 113.096, "lat": 27.819, "height": 498.0 }, "geometry": { "type": "Point", "coordinates": [ 113.096, 27.819 ] } },
{ "type": "Feature", "properties": { "pt_id": " 16086", "trajectory_id": 16, "北京时间": "2026-05-11 22:00", "lon": 113.104, "lat": 27.794, "height": 547.0 }, "geometry": { "type": "Point", "coordinates": [ 113.104, 27.794 ] } },
{ "type": "Feature", "properties": { "pt_id": " 16087", "trajectory_id": 16, "北京时间": "2026-05-11 21:00", "lon": 113.133, "lat": 27.788, "height": 607.0 }, "geometry": { "type": "Point", "coordinates": [ 113.133, 27.788 ] } },
{ "type": "Feature", "properties": { "pt_id": " 16088", "trajectory_id": 16, "北京时间": "2026-05-11 20:00", "lon": 113.18, "lat": 27.798, "height": 670.0 }, "geometry": { "type": "Point", "coordinates": [ 113.18, 27.798 ] } },
{ "type": "Feature", "properties": { "pt_id": " 16089", "trajectory_id": 16, "北京时间": "2026-05-11 19:00", "lon": 113.233, "lat": 27.818, "height": 719.0 }, "geometry": { "type": "Point", "coordinates": [ 113.233, 27.818 ] } },
{ "type": "Feature", "properties": { "pt_id": " 16090", "trajectory_id": 16, "北京时间": "2026-05-11 18:00", "lon": 113.282, "lat": 27.841, "height": 737.0 }, "geometry": { "type": "Point", "coordinates": [ 113.282, 27.841 ] } },
{ "type": "Feature", "properties": { "pt_id": " 16091", "trajectory_id": 16, "北京时间": "2026-05-11 17:00", "lon": 113.319, "lat": 27.865, "height": 715.0 }, "geometry": { "type": "Point", "coordinates": [ 113.319, 27.865 ] } },
{ "type": "Feature", "properties": { "pt_id": " 16092", "trajectory_id": 16, "北京时间": "2026-05-11 16:00", "lon": 113.357, "lat": 27.883, "height": 678.0 }, "geometry": { "type": "Point", "coordinates": [ 113.357, 27.883 ] } },
{ "type": "Feature", "properties": { "pt_id": " 16093", "trajectory_id": 16, "北京时间": "2026-05-11 15:00", "lon": 113.417, "lat": 27.886, "height": 657.0 }, "geometry": { "type": "Point", "coordinates": [ 113.417, 27.886 ] } },
{ "type": "Feature", "properties": { "pt_id": " 16094", "trajectory_id": 16, "北京时间": "2026-05-11 14:00", "lon": 113.515, "lat": 27.874, "height": 662.0 }, "geometry": { "type": "Point", "coordinates": [ 113.515, 27.874 ] } },
{ "type": "Feature", "properties": { "pt_id": " 16095", "trajectory_id": 16, "北京时间": "2026-05-11 13:00", "lon": 113.654, "lat": 27.849, "height": 691.0 }, "geometry": { "type": "Point", "coordinates": [ 113.654, 27.849 ] } },
{ "type": "Feature", "properties": { "pt_id": " 16096", "trajectory_id": 16, "北京时间": "2026-05-11 12:00", "lon": 113.828, "lat": 27.822, "height": 744.0 }, "geometry": { "type": "Point", "coordinates": [ 113.828, 27.822 ] } },
{ "type": "Feature", "properties": { "pt_id": " 16097", "trajectory_id": 16, "北京时间": "2026-05-11 11:00", "lon": 114.038, "lat": 27.817, "height": 823.0 }, "geometry": { "type": "Point", "coordinates": [ 114.038, 27.817 ] } },
{ "type": "Feature", "properties": { "pt_id": " 16098", "trajectory_id": 16, "北京时间": "2026-05-11 10:00", "lon": 114.237, "lat": 27.872, "height": 924.0 }, "geometry": { "type": "Point", "coordinates": [ 114.237, 27.872 ] } },
{ "type": "Feature", "properties": { "pt_id": " 16099", "trajectory_id": 16, "北京时间": "2026-05-11 09:00", "lon": 114.387, "lat": 27.983, "height": 1014.0 }, "geometry": { "type": "Point", "coordinates": [ 114.387, 27.983 ] } },
{ "type": "Feature", "properties": { "pt_id": " 16100", "trajectory_id": 16, "北京时间": "2026-05-11 08:00", "lon": 114.478, "lat": 28.12, "height": 1059.0 }, "geometry": { "type": "Point", "coordinates": [ 114.478, 28.12 ] } },
{ "type": "Feature", "properties": { "pt_id": " 16101", "trajectory_id": 16, "北京时间": "2026-05-11 07:00", "lon": 114.513, "lat": 28.246, "height": 1102.0 }, "geometry": { "type": "Point", "coordinates": [ 114.513, 28.246 ] } },
{ "type": "Feature", "properties": { "pt_id": " 16102", "trajectory_id": 16, "北京时间": "2026-05-11 06:00", "lon": 114.546, "lat": 28.368, "height": 1116.0 }, "geometry": { "type": "Point", "coordinates": [ 114.546, 28.368 ] } },
{ "type": "Feature", "properties": { "pt_id": " 16103", "trajectory_id": 16, "北京时间": "2026-05-11 05:00", "lon": 114.593, "lat": 28.487, "height": 1096.0 }, "geometry": { "type": "Point", "coordinates": [ 114.593, 28.487 ] } },
{ "type": "Feature", "properties": { "pt_id": " 16104", "trajectory_id": 16, "北京时间": "2026-05-11 04:00", "lon": 114.648, "lat": 28.594, "height": 1097.0 }, "geometry": { "type": "Point", "coordinates": [ 114.648, 28.594 ] } },
{ "type": "Feature", "properties": { "pt_id": " 16105", "trajectory_id": 16, "北京时间": "2026-05-11 03:00", "lon": 114.714, "lat": 28.685, "height": 1152.0 }, "geometry": { "type": "Point", "coordinates": [ 114.714, 28.685 ] } },
{ "type": "Feature", "properties": { "pt_id": " 16106", "trajectory_id": 16, "北京时间": "2026-05-11 02:00", "lon": 114.777, "lat": 28.747, "height": 1213.0 }, "geometry": { "type": "Point", "coordinates": [ 114.777, 28.747 ] } },
{ "type": "Feature", "properties": { "pt_id": " 16107", "trajectory_id": 16, "北京时间": "2026-05-11 01:00", "lon": 114.869, "lat": 28.802, "height": 1266.0 }, "geometry": { "type": "Point", "coordinates": [ 114.869, 28.802 ] } },
{ "type": "Feature", "properties": { "pt_id": " 16108", "trajectory_id": 16, "北京时间": "2026-05-11 00:00", "lon": 115.014, "lat": 28.871, "height": 1292.0 }, "geometry": { "type": "Point", "coordinates": [ 115.014, 28.871 ] } },
{ "type": "Feature", "properties": { "pt_id": " 17000", "trajectory_id": 17, "北京时间": "2026-05-13 00:00", "lon": 113.942, "lat": 30.907, "height": 10.0 }, "geometry": { "type": "Point", "coordinates": [ 113.942, 30.907 ] } },
{ "type": "Feature", "properties": { "pt_id": " 17065", "trajectory_id": 17, "北京时间": "2026-05-12 23:00", "lon": 113.919, "lat": 30.781, "height": 3.0 }, "geometry": { "type": "Point", "coordinates": [ 113.919, 30.781 ] } },
{ "type": "Feature", "properties": { "pt_id": " 17066", "trajectory_id": 17, "北京时间": "2026-05-12 22:00", "lon": 113.901, "lat": 30.671, "height": 2.0 }, "geometry": { "type": "Point", "coordinates": [ 113.901, 30.671 ] } },
{ "type": "Feature", "properties": { "pt_id": " 17067", "trajectory_id": 17, "北京时间": "2026-05-12 21:00", "lon": 113.885, "lat": 30.575, "height": 2.0 }, "geometry": { "type": "Point", "coordinates": [ 113.885, 30.575 ] } },
{ "type": "Feature", "properties": { "pt_id": " 17068", "trajectory_id": 17, "北京时间": "2026-05-12 20:00", "lon": 113.868, "lat": 30.483, "height": 2.0 }, "geometry": { "type": "Point", "coordinates": [ 113.868, 30.483 ] } },
{ "type": "Feature", "properties": { "pt_id": " 17069", "trajectory_id": 17, "北京时间": "2026-05-12 19:00", "lon": 113.845, "lat": 30.389, "height": 2.0 }, "geometry": { "type": "Point", "coordinates": [ 113.845, 30.389 ] } },
{ "type": "Feature", "properties": { "pt_id": " 17070", "trajectory_id": 17, "北京时间": "2026-05-12 18:00", "lon": 113.809, "lat": 30.296, "height": 2.0 }, "geometry": { "type": "Point", "coordinates": [ 113.809, 30.296 ] } },
{ "type": "Feature", "properties": { "pt_id": " 17071", "trajectory_id": 17, "北京时间": "2026-05-12 17:00", "lon": 113.763, "lat": 30.204, "height": 2.0 }, "geometry": { "type": "Point", "coordinates": [ 113.763, 30.204 ] } },
{ "type": "Feature", "properties": { "pt_id": " 17072", "trajectory_id": 17, "北京时间": "2026-05-12 16:00", "lon": 113.721, "lat": 30.117, "height": 2.0 }, "geometry": { "type": "Point", "coordinates": [ 113.721, 30.117 ] } },
{ "type": "Feature", "properties": { "pt_id": " 17073", "trajectory_id": 17, "北京时间": "2026-05-12 15:00", "lon": 113.68, "lat": 30.033, "height": 2.0 }, "geometry": { "type": "Point", "coordinates": [ 113.68, 30.033 ] } },
{ "type": "Feature", "properties": { "pt_id": " 17074", "trajectory_id": 17, "北京时间": "2026-05-12 14:00", "lon": 113.637, "lat": 29.948, "height": 2.0 }, "geometry": { "type": "Point", "coordinates": [ 113.637, 29.948 ] } },
{ "type": "Feature", "properties": { "pt_id": " 17075", "trajectory_id": 17, "北京时间": "2026-05-12 13:00", "lon": 113.599, "lat": 29.856, "height": 3.0 }, "geometry": { "type": "Point", "coordinates": [ 113.599, 29.856 ] } },
{ "type": "Feature", "properties": { "pt_id": " 17076", "trajectory_id": 17, "北京时间": "2026-05-12 12:00", "lon": 113.563, "lat": 29.757, "height": 7.0 }, "geometry": { "type": "Point", "coordinates": [ 113.563, 29.757 ] } },
{ "type": "Feature", "properties": { "pt_id": " 17077", "trajectory_id": 17, "北京时间": "2026-05-12 11:00", "lon": 113.528, "lat": 29.662, "height": 21.0 }, "geometry": { "type": "Point", "coordinates": [ 113.528, 29.662 ] } },
{ "type": "Feature", "properties": { "pt_id": " 17078", "trajectory_id": 17, "北京时间": "2026-05-12 10:00", "lon": 113.489, "lat": 29.565, "height": 49.0 }, "geometry": { "type": "Point", "coordinates": [ 113.489, 29.565 ] } },
{ "type": "Feature", "properties": { "pt_id": " 17079", "trajectory_id": 17, "北京时间": "2026-05-12 09:00", "lon": 113.443, "lat": 29.462, "height": 73.0 }, "geometry": { "type": "Point", "coordinates": [ 113.443, 29.462 ] } },
{ "type": "Feature", "properties": { "pt_id": " 17080", "trajectory_id": 17, "北京时间": "2026-05-12 08:00", "lon": 113.386, "lat": 29.371, "height": 74.0 }, "geometry": { "type": "Point", "coordinates": [ 113.386, 29.371 ] } },
{ "type": "Feature", "properties": { "pt_id": " 17081", "trajectory_id": 17, "北京时间": "2026-05-12 07:00", "lon": 113.325, "lat": 29.301, "height": 65.0 }, "geometry": { "type": "Point", "coordinates": [ 113.325, 29.301 ] } },
{ "type": "Feature", "properties": { "pt_id": " 17082", "trajectory_id": 17, "北京时间": "2026-05-12 06:00", "lon": 113.267, "lat": 29.247, "height": 59.0 }, "geometry": { "type": "Point", "coordinates": [ 113.267, 29.247 ] } },
{ "type": "Feature", "properties": { "pt_id": " 17083", "trajectory_id": 17, "北京时间": "2026-05-12 05:00", "lon": 113.219, "lat": 29.203, "height": 59.0 }, "geometry": { "type": "Point", "coordinates": [ 113.219, 29.203 ] } },
{ "type": "Feature", "properties": { "pt_id": " 17084", "trajectory_id": 17, "北京时间": "2026-05-12 04:00", "lon": 113.183, "lat": 29.164, "height": 60.0 }, "geometry": { "type": "Point", "coordinates": [ 113.183, 29.164 ] } },
{ "type": "Feature", "properties": { "pt_id": " 17085", "trajectory_id": 17, "北京时间": "2026-05-12 03:00", "lon": 113.158, "lat": 29.131, "height": 63.0 }, "geometry": { "type": "Point", "coordinates": [ 113.158, 29.131 ] } },
{ "type": "Feature", "properties": { "pt_id": " 17086", "trajectory_id": 17, "北京时间": "2026-05-12 02:00", "lon": 113.14, "lat": 29.098, "height": 65.0 }, "geometry": { "type": "Point", "coordinates": [ 113.14, 29.098 ] } },
{ "type": "Feature", "properties": { "pt_id": " 17087", "trajectory_id": 17, "北京时间": "2026-05-12 01:00", "lon": 113.126, "lat": 29.057, "height": 66.0 }, "geometry": { "type": "Point", "coordinates": [ 113.126, 29.057 ] } },
{ "type": "Feature", "properties": { "pt_id": " 17088", "trajectory_id": 17, "北京时间": "2026-05-12 00:00", "lon": 113.118, "lat": 29.008, "height": 67.0 }, "geometry": { "type": "Point", "coordinates": [ 113.118, 29.008 ] } },
{ "type": "Feature", "properties": { "pt_id": " 17089", "trajectory_id": 17, "北京时间": "2026-05-11 23:00", "lon": 113.115, "lat": 28.956, "height": 68.0 }, "geometry": { "type": "Point", "coordinates": [ 113.115, 28.956 ] } },
{ "type": "Feature", "properties": { "pt_id": " 17090", "trajectory_id": 17, "北京时间": "2026-05-11 22:00", "lon": 113.115, "lat": 28.91, "height": 72.0 }, "geometry": { "type": "Point", "coordinates": [ 113.115, 28.91 ] } },
{ "type": "Feature", "properties": { "pt_id": " 17091", "trajectory_id": 17, "北京时间": "2026-05-11 21:00", "lon": 113.114, "lat": 28.871, "height": 79.0 }, "geometry": { "type": "Point", "coordinates": [ 113.114, 28.871 ] } },
{ "type": "Feature", "properties": { "pt_id": " 17092", "trajectory_id": 17, "北京时间": "2026-05-11 20:00", "lon": 113.109, "lat": 28.837, "height": 83.0 }, "geometry": { "type": "Point", "coordinates": [ 113.109, 28.837 ] } },
{ "type": "Feature", "properties": { "pt_id": " 17093", "trajectory_id": 17, "北京时间": "2026-05-11 19:00", "lon": 113.102, "lat": 28.809, "height": 77.0 }, "geometry": { "type": "Point", "coordinates": [ 113.102, 28.809 ] } },
{ "type": "Feature", "properties": { "pt_id": " 17094", "trajectory_id": 17, "北京时间": "2026-05-11 18:00", "lon": 113.094, "lat": 28.784, "height": 60.0 }, "geometry": { "type": "Point", "coordinates": [ 113.094, 28.784 ] } },
{ "type": "Feature", "properties": { "pt_id": " 17095", "trajectory_id": 17, "北京时间": "2026-05-11 17:00", "lon": 113.094, "lat": 28.757, "height": 50.0 }, "geometry": { "type": "Point", "coordinates": [ 113.094, 28.757 ] } },
{ "type": "Feature", "properties": { "pt_id": " 17096", "trajectory_id": 17, "北京时间": "2026-05-11 16:00", "lon": 113.117, "lat": 28.722, "height": 60.0 }, "geometry": { "type": "Point", "coordinates": [ 113.117, 28.722 ] } },
{ "type": "Feature", "properties": { "pt_id": " 17097", "trajectory_id": 17, "北京时间": "2026-05-11 15:00", "lon": 113.176, "lat": 28.681, "height": 93.0 }, "geometry": { "type": "Point", "coordinates": [ 113.176, 28.681 ] } },
{ "type": "Feature", "properties": { "pt_id": " 17098", "trajectory_id": 17, "北京时间": "2026-05-11 14:00", "lon": 113.262, "lat": 28.66, "height": 130.0 }, "geometry": { "type": "Point", "coordinates": [ 113.262, 28.66 ] } },
{ "type": "Feature", "properties": { "pt_id": " 17099", "trajectory_id": 17, "北京时间": "2026-05-11 13:00", "lon": 113.334, "lat": 28.672, "height": 150.0 }, "geometry": { "type": "Point", "coordinates": [ 113.334, 28.672 ] } },
{ "type": "Feature", "properties": { "pt_id": " 17100", "trajectory_id": 17, "北京时间": "2026-05-11 12:00", "lon": 113.375, "lat": 28.701, "height": 142.0 }, "geometry": { "type": "Point", "coordinates": [ 113.375, 28.701 ] } },
{ "type": "Feature", "properties": { "pt_id": " 17101", "trajectory_id": 17, "北京时间": "2026-05-11 11:00", "lon": 113.368, "lat": 28.735, "height": 126.0 }, "geometry": { "type": "Point", "coordinates": [ 113.368, 28.735 ] } },
{ "type": "Feature", "properties": { "pt_id": " 17102", "trajectory_id": 17, "北京时间": "2026-05-11 10:00", "lon": 113.329, "lat": 28.777, "height": 114.0 }, "geometry": { "type": "Point", "coordinates": [ 113.329, 28.777 ] } },
{ "type": "Feature", "properties": { "pt_id": " 17103", "trajectory_id": 17, "北京时间": "2026-05-11 09:00", "lon": 113.277, "lat": 28.834, "height": 101.0 }, "geometry": { "type": "Point", "coordinates": [ 113.277, 28.834 ] } },
{ "type": "Feature", "properties": { "pt_id": " 17104", "trajectory_id": 17, "北京时间": "2026-05-11 08:00", "lon": 113.239, "lat": 28.894, "height": 85.0 }, "geometry": { "type": "Point", "coordinates": [ 113.239, 28.894 ] } },
{ "type": "Feature", "properties": { "pt_id": " 17105", "trajectory_id": 17, "北京时间": "2026-05-11 07:00", "lon": 113.214, "lat": 28.952, "height": 72.0 }, "geometry": { "type": "Point", "coordinates": [ 113.214, 28.952 ] } },
{ "type": "Feature", "properties": { "pt_id": " 17106", "trajectory_id": 17, "北京时间": "2026-05-11 06:00", "lon": 113.197, "lat": 29.016, "height": 60.0 }, "geometry": { "type": "Point", "coordinates": [ 113.197, 29.016 ] } },
{ "type": "Feature", "properties": { "pt_id": " 17107", "trajectory_id": 17, "北京时间": "2026-05-11 05:00", "lon": 113.197, "lat": 29.101, "height": 55.0 }, "geometry": { "type": "Point", "coordinates": [ 113.197, 29.101 ] } },
{ "type": "Feature", "properties": { "pt_id": " 17108", "trajectory_id": 17, "北京时间": "2026-05-11 04:00", "lon": 113.229, "lat": 29.214, "height": 60.0 }, "geometry": { "type": "Point", "coordinates": [ 113.229, 29.214 ] } },
{ "type": "Feature", "properties": { "pt_id": " 17109", "trajectory_id": 17, "北京时间": "2026-05-11 03:00", "lon": 113.3, "lat": 29.356, "height": 76.0 }, "geometry": { "type": "Point", "coordinates": [ 113.3, 29.356 ] } },
{ "type": "Feature", "properties": { "pt_id": " 17110", "trajectory_id": 17, "北京时间": "2026-05-11 02:00", "lon": 113.393, "lat": 29.495, "height": 82.0 }, "geometry": { "type": "Point", "coordinates": [ 113.393, 29.495 ] } },
{ "type": "Feature", "properties": { "pt_id": " 17111", "trajectory_id": 17, "北京时间": "2026-05-11 01:00", "lon": 113.486, "lat": 29.621, "height": 77.0 }, "geometry": { "type": "Point", "coordinates": [ 113.486, 29.621 ] } },
{ "type": "Feature", "properties": { "pt_id": " 17112", "trajectory_id": 17, "北京时间": "2026-05-11 00:00", "lon": 113.579, "lat": 29.746, "height": 64.0 }, "geometry": { "type": "Point", "coordinates": [ 113.579, 29.746 ] } },
{ "type": "Feature", "properties": { "pt_id": " 18000", "trajectory_id": 18, "北京时间": "2026-05-13 00:00", "lon": 113.942, "lat": 30.907, "height": 10.0 }, "geometry": { "type": "Point", "coordinates": [ 113.942, 30.907 ] } },
{ "type": "Feature", "properties": { "pt_id": " 18069", "trajectory_id": 18, "北京时间": "2026-05-12 23:00", "lon": 113.934, "lat": 30.812, "height": 6.0 }, "geometry": { "type": "Point", "coordinates": [ 113.934, 30.812 ] } },
{ "type": "Feature", "properties": { "pt_id": " 18070", "trajectory_id": 18, "北京时间": "2026-05-12 22:00", "lon": 113.918, "lat": 30.703, "height": 6.0 }, "geometry": { "type": "Point", "coordinates": [ 113.918, 30.703 ] } },
{ "type": "Feature", "properties": { "pt_id": " 18071", "trajectory_id": 18, "北京时间": "2026-05-12 21:00", "lon": 113.902, "lat": 30.596, "height": 6.0 }, "geometry": { "type": "Point", "coordinates": [ 113.902, 30.596 ] } },
{ "type": "Feature", "properties": { "pt_id": " 18072", "trajectory_id": 18, "北京时间": "2026-05-12 20:00", "lon": 113.898, "lat": 30.495, "height": 6.0 }, "geometry": { "type": "Point", "coordinates": [ 113.898, 30.495 ] } },
{ "type": "Feature", "properties": { "pt_id": " 18073", "trajectory_id": 18, "北京时间": "2026-05-12 19:00", "lon": 113.905, "lat": 30.401, "height": 6.0 }, "geometry": { "type": "Point", "coordinates": [ 113.905, 30.401 ] } },
{ "type": "Feature", "properties": { "pt_id": " 18074", "trajectory_id": 18, "北京时间": "2026-05-12 18:00", "lon": 113.925, "lat": 30.316, "height": 5.0 }, "geometry": { "type": "Point", "coordinates": [ 113.925, 30.316 ] } },
{ "type": "Feature", "properties": { "pt_id": " 18075", "trajectory_id": 18, "北京时间": "2026-05-12 17:00", "lon": 113.964, "lat": 30.244, "height": 5.0 }, "geometry": { "type": "Point", "coordinates": [ 113.964, 30.244 ] } },
{ "type": "Feature", "properties": { "pt_id": " 18076", "trajectory_id": 18, "北京时间": "2026-05-12 16:00", "lon": 114.035, "lat": 30.181, "height": 5.0 }, "geometry": { "type": "Point", "coordinates": [ 114.035, 30.181 ] } },
{ "type": "Feature", "properties": { "pt_id": " 18077", "trajectory_id": 18, "北京时间": "2026-05-12 15:00", "lon": 114.108, "lat": 30.118, "height": 6.0 }, "geometry": { "type": "Point", "coordinates": [ 114.108, 30.118 ] } },
{ "type": "Feature", "properties": { "pt_id": " 18078", "trajectory_id": 18, "北京时间": "2026-05-12 14:00", "lon": 114.164, "lat": 30.058, "height": 10.0 }, "geometry": { "type": "Point", "coordinates": [ 114.164, 30.058 ] } },
{ "type": "Feature", "properties": { "pt_id": " 18079", "trajectory_id": 18, "北京时间": "2026-05-12 13:00", "lon": 114.209, "lat": 30.006, "height": 17.0 }, "geometry": { "type": "Point", "coordinates": [ 114.209, 30.006 ] } },
{ "type": "Feature", "properties": { "pt_id": " 18080", "trajectory_id": 18, "北京时间": "2026-05-12 12:00", "lon": 114.24, "lat": 29.959, "height": 27.0 }, "geometry": { "type": "Point", "coordinates": [ 114.24, 29.959 ] } },
{ "type": "Feature", "properties": { "pt_id": " 18081", "trajectory_id": 18, "北京时间": "2026-05-12 11:00", "lon": 114.251, "lat": 29.911, "height": 45.0 }, "geometry": { "type": "Point", "coordinates": [ 114.251, 29.911 ] } },
{ "type": "Feature", "properties": { "pt_id": " 18082", "trajectory_id": 18, "北京时间": "2026-05-12 10:00", "lon": 114.242, "lat": 29.869, "height": 75.0 }, "geometry": { "type": "Point", "coordinates": [ 114.242, 29.869 ] } },
{ "type": "Feature", "properties": { "pt_id": " 18083", "trajectory_id": 18, "北京时间": "2026-05-12 09:00", "lon": 114.223, "lat": 29.831, "height": 106.0 }, "geometry": { "type": "Point", "coordinates": [ 114.223, 29.831 ] } },
{ "type": "Feature", "properties": { "pt_id": " 18084", "trajectory_id": 18, "北京时间": "2026-05-12 08:00", "lon": 114.207, "lat": 29.794, "height": 130.0 }, "geometry": { "type": "Point", "coordinates": [ 114.207, 29.794 ] } },
{ "type": "Feature", "properties": { "pt_id": " 18085", "trajectory_id": 18, "北京时间": "2026-05-12 07:00", "lon": 114.199, "lat": 29.758, "height": 147.0 }, "geometry": { "type": "Point", "coordinates": [ 114.199, 29.758 ] } },
{ "type": "Feature", "properties": { "pt_id": " 18086", "trajectory_id": 18, "北京时间": "2026-05-12 06:00", "lon": 114.194, "lat": 29.724, "height": 161.0 }, "geometry": { "type": "Point", "coordinates": [ 114.194, 29.724 ] } },
{ "type": "Feature", "properties": { "pt_id": " 18087", "trajectory_id": 18, "北京时间": "2026-05-12 05:00", "lon": 114.186, "lat": 29.694, "height": 171.0 }, "geometry": { "type": "Point", "coordinates": [ 114.186, 29.694 ] } },
{ "type": "Feature", "properties": { "pt_id": " 18088", "trajectory_id": 18, "北京时间": "2026-05-12 04:00", "lon": 114.174, "lat": 29.667, "height": 178.0 }, "geometry": { "type": "Point", "coordinates": [ 114.174, 29.667 ] } },
{ "type": "Feature", "properties": { "pt_id": " 18089", "trajectory_id": 18, "北京时间": "2026-05-12 03:00", "lon": 114.163, "lat": 29.643, "height": 182.0 }, "geometry": { "type": "Point", "coordinates": [ 114.163, 29.643 ] } },
{ "type": "Feature", "properties": { "pt_id": " 18090", "trajectory_id": 18, "北京时间": "2026-05-12 02:00", "lon": 114.154, "lat": 29.625, "height": 184.0 }, "geometry": { "type": "Point", "coordinates": [ 114.154, 29.625 ] } },
{ "type": "Feature", "properties": { "pt_id": " 18091", "trajectory_id": 18, "北京时间": "2026-05-12 01:00", "lon": 114.147, "lat": 29.612, "height": 184.0 }, "geometry": { "type": "Point", "coordinates": [ 114.147, 29.612 ] } },
{ "type": "Feature", "properties": { "pt_id": " 18092", "trajectory_id": 18, "北京时间": "2026-05-12 00:00", "lon": 114.137, "lat": 29.602, "height": 186.0 }, "geometry": { "type": "Point", "coordinates": [ 114.137, 29.602 ] } },
{ "type": "Feature", "properties": { "pt_id": " 18093", "trajectory_id": 18, "北京时间": "2026-05-11 23:00", "lon": 114.119, "lat": 29.593, "height": 190.0 }, "geometry": { "type": "Point", "coordinates": [ 114.119, 29.593 ] } },
{ "type": "Feature", "properties": { "pt_id": " 18094", "trajectory_id": 18, "北京时间": "2026-05-11 22:00", "lon": 114.092, "lat": 29.586, "height": 198.0 }, "geometry": { "type": "Point", "coordinates": [ 114.092, 29.586 ] } },
{ "type": "Feature", "properties": { "pt_id": " 18095", "trajectory_id": 18, "北京时间": "2026-05-11 21:00", "lon": 114.064, "lat": 29.571, "height": 222.0 }, "geometry": { "type": "Point", "coordinates": [ 114.064, 29.571 ] } },
{ "type": "Feature", "properties": { "pt_id": " 18096", "trajectory_id": 18, "北京时间": "2026-05-11 20:00", "lon": 114.044, "lat": 29.538, "height": 261.0 }, "geometry": { "type": "Point", "coordinates": [ 114.044, 29.538 ] } },
{ "type": "Feature", "properties": { "pt_id": " 18097", "trajectory_id": 18, "北京时间": "2026-05-11 19:00", "lon": 114.034, "lat": 29.482, "height": 314.0 }, "geometry": { "type": "Point", "coordinates": [ 114.034, 29.482 ] } },
{ "type": "Feature", "properties": { "pt_id": " 18098", "trajectory_id": 18, "北京时间": "2026-05-11 18:00", "lon": 114.046, "lat": 29.413, "height": 399.0 }, "geometry": { "type": "Point", "coordinates": [ 114.046, 29.413 ] } },
{ "type": "Feature", "properties": { "pt_id": " 18099", "trajectory_id": 18, "北京时间": "2026-05-11 17:00", "lon": 114.095, "lat": 29.357, "height": 509.0 }, "geometry": { "type": "Point", "coordinates": [ 114.095, 29.357 ] } },
{ "type": "Feature", "properties": { "pt_id": " 18100", "trajectory_id": 18, "北京时间": "2026-05-11 16:00", "lon": 114.195, "lat": 29.339, "height": 667.0 }, "geometry": { "type": "Point", "coordinates": [ 114.195, 29.339 ] } },
{ "type": "Feature", "properties": { "pt_id": " 18101", "trajectory_id": 18, "北京时间": "2026-05-11 15:00", "lon": 114.345, "lat": 29.374, "height": 836.0 }, "geometry": { "type": "Point", "coordinates": [ 114.345, 29.374 ] } },
{ "type": "Feature", "properties": { "pt_id": " 18102", "trajectory_id": 18, "北京时间": "2026-05-11 14:00", "lon": 114.536, "lat": 29.457, "height": 938.0 }, "geometry": { "type": "Point", "coordinates": [ 114.536, 29.457 ] } },
{ "type": "Feature", "properties": { "pt_id": " 18103", "trajectory_id": 18, "北京时间": "2026-05-11 13:00", "lon": 114.763, "lat": 29.579, "height": 972.0 }, "geometry": { "type": "Point", "coordinates": [ 114.763, 29.579 ] } },
{ "type": "Feature", "properties": { "pt_id": " 18104", "trajectory_id": 18, "北京时间": "2026-05-11 12:00", "lon": 114.994, "lat": 29.69, "height": 904.0 }, "geometry": { "type": "Point", "coordinates": [ 114.994, 29.69 ] } },
{ "type": "Feature", "properties": { "pt_id": " 18105", "trajectory_id": 18, "北京时间": "2026-05-11 11:00", "lon": 115.241, "lat": 29.772, "height": 792.0 }, "geometry": { "type": "Point", "coordinates": [ 115.241, 29.772 ] } },
{ "type": "Feature", "properties": { "pt_id": " 18106", "trajectory_id": 18, "北京时间": "2026-05-11 10:00", "lon": 115.456, "lat": 29.864, "height": 678.0 }, "geometry": { "type": "Point", "coordinates": [ 115.456, 29.864 ] } },
{ "type": "Feature", "properties": { "pt_id": " 18107", "trajectory_id": 18, "北京时间": "2026-05-11 09:00", "lon": 115.666, "lat": 29.977, "height": 607.0 }, "geometry": { "type": "Point", "coordinates": [ 115.666, 29.977 ] } },
{ "type": "Feature", "properties": { "pt_id": " 18108", "trajectory_id": 18, "北京时间": "2026-05-11 08:00", "lon": 115.9, "lat": 30.139, "height": 703.0 }, "geometry": { "type": "Point", "coordinates": [ 115.9, 30.139 ] } },
{ "type": "Feature", "properties": { "pt_id": " 18109", "trajectory_id": 18, "北京时间": "2026-05-11 07:00", "lon": 116.133, "lat": 30.328, "height": 874.0 }, "geometry": { "type": "Point", "coordinates": [ 116.133, 30.328 ] } },
{ "type": "Feature", "properties": { "pt_id": " 18110", "trajectory_id": 18, "北京时间": "2026-05-11 06:00", "lon": 116.397, "lat": 30.534, "height": 996.0 }, "geometry": { "type": "Point", "coordinates": [ 116.397, 30.534 ] } },
{ "type": "Feature", "properties": { "pt_id": " 18111", "trajectory_id": 18, "北京时间": "2026-05-11 05:00", "lon": 116.709, "lat": 30.754, "height": 1088.0 }, "geometry": { "type": "Point", "coordinates": [ 116.709, 30.754 ] } },
{ "type": "Feature", "properties": { "pt_id": " 18112", "trajectory_id": 18, "北京时间": "2026-05-11 04:00", "lon": 117.044, "lat": 30.952, "height": 1009.0 }, "geometry": { "type": "Point", "coordinates": [ 117.044, 30.952 ] } },
{ "type": "Feature", "properties": { "pt_id": " 18113", "trajectory_id": 18, "北京时间": "2026-05-11 03:00", "lon": 117.393, "lat": 31.112, "height": 921.0 }, "geometry": { "type": "Point", "coordinates": [ 117.393, 31.112 ] } },
{ "type": "Feature", "properties": { "pt_id": " 18114", "trajectory_id": 18, "北京时间": "2026-05-11 02:00", "lon": 117.743, "lat": 31.259, "height": 948.0 }, "geometry": { "type": "Point", "coordinates": [ 117.743, 31.259 ] } },
{ "type": "Feature", "properties": { "pt_id": " 18115", "trajectory_id": 18, "北京时间": "2026-05-11 01:00", "lon": 118.081, "lat": 31.427, "height": 966.0 }, "geometry": { "type": "Point", "coordinates": [ 118.081, 31.427 ] } },
{ "type": "Feature", "properties": { "pt_id": " 18116", "trajectory_id": 18, "北京时间": "2026-05-11 00:00", "lon": 118.393, "lat": 31.63, "height": 949.0 }, "geometry": { "type": "Point", "coordinates": [ 118.393, 31.63 ] } },
{ "type": "Feature", "properties": { "pt_id": " 19000", "trajectory_id": 19, "北京时间": "2026-05-13 00:00", "lon": 113.942, "lat": 30.907, "height": 10.0 }, "geometry": { "type": "Point", "coordinates": [ 113.942, 30.907 ] } },
{ "type": "Feature", "properties": { "pt_id": " 19073", "trajectory_id": 19, "北京时间": "2026-05-12 23:00", "lon": 113.94, "lat": 30.804, "height": 3.0 }, "geometry": { "type": "Point", "coordinates": [ 113.94, 30.804 ] } },
{ "type": "Feature", "properties": { "pt_id": " 19074", "trajectory_id": 19, "北京时间": "2026-05-12 22:00", "lon": 113.932, "lat": 30.698, "height": 2.0 }, "geometry": { "type": "Point", "coordinates": [ 113.932, 30.698 ] } },
{ "type": "Feature", "properties": { "pt_id": " 19075", "trajectory_id": 19, "北京时间": "2026-05-12 21:00", "lon": 113.927, "lat": 30.599, "height": 2.0 }, "geometry": { "type": "Point", "coordinates": [ 113.927, 30.599 ] } },
{ "type": "Feature", "properties": { "pt_id": " 19076", "trajectory_id": 19, "北京时间": "2026-05-12 20:00", "lon": 113.936, "lat": 30.505, "height": 2.0 }, "geometry": { "type": "Point", "coordinates": [ 113.936, 30.505 ] } },
{ "type": "Feature", "properties": { "pt_id": " 19077", "trajectory_id": 19, "北京时间": "2026-05-12 19:00", "lon": 113.951, "lat": 30.415, "height": 1.0 }, "geometry": { "type": "Point", "coordinates": [ 113.951, 30.415 ] } },
{ "type": "Feature", "properties": { "pt_id": " 19078", "trajectory_id": 19, "北京时间": "2026-05-12 18:00", "lon": 113.954, "lat": 30.323, "height": 0.0 }, "geometry": { "type": "Point", "coordinates": [ 113.954, 30.323 ] } },
{ "type": "Feature", "properties": { "pt_id": " 19079", "trajectory_id": 19, "北京时间": "2026-05-12 17:00", "lon": 113.941, "lat": 30.223, "height": 0.0 }, "geometry": { "type": "Point", "coordinates": [ 113.941, 30.223 ] } },
{ "type": "Feature", "properties": { "pt_id": " 19080", "trajectory_id": 19, "北京时间": "2026-05-12 16:00", "lon": 113.911, "lat": 30.135, "height": 0.0 }, "geometry": { "type": "Point", "coordinates": [ 113.911, 30.135 ] } },
{ "type": "Feature", "properties": { "pt_id": " 19081", "trajectory_id": 19, "北京时间": "2026-05-12 15:00", "lon": 113.869, "lat": 30.064, "height": 0.0 }, "geometry": { "type": "Point", "coordinates": [ 113.869, 30.064 ] } },
{ "type": "Feature", "properties": { "pt_id": " 19082", "trajectory_id": 19, "北京时间": "2026-05-12 14:00", "lon": 113.814, "lat": 30.001, "height": 0.0 }, "geometry": { "type": "Point", "coordinates": [ 113.814, 30.001 ] } },
{ "type": "Feature", "properties": { "pt_id": " 19083", "trajectory_id": 19, "北京时间": "2026-05-12 13:00", "lon": 113.751, "lat": 29.946, "height": 0.0 }, "geometry": { "type": "Point", "coordinates": [ 113.751, 29.946 ] } },
{ "type": "Feature", "properties": { "pt_id": " 19084", "trajectory_id": 19, "北京时间": "2026-05-12 12:00", "lon": 113.692, "lat": 29.898, "height": 0.0 }, "geometry": { "type": "Point", "coordinates": [ 113.692, 29.898 ] } },
{ "type": "Feature", "properties": { "pt_id": " 19085", "trajectory_id": 19, "北京时间": "2026-05-12 11:00", "lon": 113.636, "lat": 29.851, "height": 1.0 }, "geometry": { "type": "Point", "coordinates": [ 113.636, 29.851 ] } },
{ "type": "Feature", "properties": { "pt_id": " 19086", "trajectory_id": 19, "北京时间": "2026-05-12 10:00", "lon": 113.582, "lat": 29.808, "height": 3.0 }, "geometry": { "type": "Point", "coordinates": [ 113.582, 29.808 ] } },
{ "type": "Feature", "properties": { "pt_id": " 19087", "trajectory_id": 19, "北京时间": "2026-05-12 09:00", "lon": 113.528, "lat": 29.767, "height": 4.0 }, "geometry": { "type": "Point", "coordinates": [ 113.528, 29.767 ] } },
{ "type": "Feature", "properties": { "pt_id": " 19088", "trajectory_id": 19, "北京时间": "2026-05-12 08:00", "lon": 113.476, "lat": 29.723, "height": 5.0 }, "geometry": { "type": "Point", "coordinates": [ 113.476, 29.723 ] } },
{ "type": "Feature", "properties": { "pt_id": " 19089", "trajectory_id": 19, "北京时间": "2026-05-12 07:00", "lon": 113.43, "lat": 29.679, "height": 6.0 }, "geometry": { "type": "Point", "coordinates": [ 113.43, 29.679 ] } },
{ "type": "Feature", "properties": { "pt_id": " 19090", "trajectory_id": 19, "北京时间": "2026-05-12 06:00", "lon": 113.391, "lat": 29.636, "height": 7.0 }, "geometry": { "type": "Point", "coordinates": [ 113.391, 29.636 ] } },
{ "type": "Feature", "properties": { "pt_id": " 19091", "trajectory_id": 19, "北京时间": "2026-05-12 05:00", "lon": 113.359, "lat": 29.595, "height": 9.0 }, "geometry": { "type": "Point", "coordinates": [ 113.359, 29.595 ] } },
{ "type": "Feature", "properties": { "pt_id": " 19092", "trajectory_id": 19, "北京时间": "2026-05-12 04:00", "lon": 113.333, "lat": 29.553, "height": 9.0 }, "geometry": { "type": "Point", "coordinates": [ 113.333, 29.553 ] } },
{ "type": "Feature", "properties": { "pt_id": " 19093", "trajectory_id": 19, "北京时间": "2026-05-12 03:00", "lon": 113.308, "lat": 29.511, "height": 8.0 }, "geometry": { "type": "Point", "coordinates": [ 113.308, 29.511 ] } },
{ "type": "Feature", "properties": { "pt_id": " 19094", "trajectory_id": 19, "北京时间": "2026-05-12 02:00", "lon": 113.283, "lat": 29.471, "height": 3.0 }, "geometry": { "type": "Point", "coordinates": [ 113.283, 29.471 ] } },
{ "type": "Feature", "properties": { "pt_id": " 19095", "trajectory_id": 19, "北京时间": "2026-05-12 01:00", "lon": 113.257, "lat": 29.431, "height": 0.0 }, "geometry": { "type": "Point", "coordinates": [ 113.257, 29.431 ] } },
{ "type": "Feature", "properties": { "pt_id": " 19096", "trajectory_id": 19, "北京时间": "2026-05-12 00:00", "lon": 113.235, "lat": 29.386, "height": 2.0 }, "geometry": { "type": "Point", "coordinates": [ 113.235, 29.386 ] } },
{ "type": "Feature", "properties": { "pt_id": " 19097", "trajectory_id": 19, "北京时间": "2026-05-11 23:00", "lon": 113.22, "lat": 29.335, "height": 6.0 }, "geometry": { "type": "Point", "coordinates": [ 113.22, 29.335 ] } },
{ "type": "Feature", "properties": { "pt_id": " 19098", "trajectory_id": 19, "北京时间": "2026-05-11 22:00", "lon": 113.209, "lat": 29.28, "height": 10.0 }, "geometry": { "type": "Point", "coordinates": [ 113.209, 29.28 ] } },
{ "type": "Feature", "properties": { "pt_id": " 19099", "trajectory_id": 19, "北京时间": "2026-05-11 21:00", "lon": 113.198, "lat": 29.226, "height": 12.0 }, "geometry": { "type": "Point", "coordinates": [ 113.198, 29.226 ] } },
{ "type": "Feature", "properties": { "pt_id": " 19100", "trajectory_id": 19, "北京时间": "2026-05-11 20:00", "lon": 113.183, "lat": 29.181, "height": 15.0 }, "geometry": { "type": "Point", "coordinates": [ 113.183, 29.181 ] } },
{ "type": "Feature", "properties": { "pt_id": " 19101", "trajectory_id": 19, "北京时间": "2026-05-11 19:00", "lon": 113.168, "lat": 29.161, "height": 18.0 }, "geometry": { "type": "Point", "coordinates": [ 113.168, 29.161 ] } },
{ "type": "Feature", "properties": { "pt_id": " 19102", "trajectory_id": 19, "北京时间": "2026-05-11 18:00", "lon": 113.16, "lat": 29.176, "height": 22.0 }, "geometry": { "type": "Point", "coordinates": [ 113.16, 29.176 ] } },
{ "type": "Feature", "properties": { "pt_id": " 19103", "trajectory_id": 19, "北京时间": "2026-05-11 17:00", "lon": 113.161, "lat": 29.226, "height": 26.0 }, "geometry": { "type": "Point", "coordinates": [ 113.161, 29.226 ] } },
{ "type": "Feature", "properties": { "pt_id": " 19104", "trajectory_id": 19, "北京时间": "2026-05-11 16:00", "lon": 113.177, "lat": 29.302, "height": 31.0 }, "geometry": { "type": "Point", "coordinates": [ 113.177, 29.302 ] } },
{ "type": "Feature", "properties": { "pt_id": " 19105", "trajectory_id": 19, "北京时间": "2026-05-11 15:00", "lon": 113.21, "lat": 29.386, "height": 36.0 }, "geometry": { "type": "Point", "coordinates": [ 113.21, 29.386 ] } },
{ "type": "Feature", "properties": { "pt_id": " 19106", "trajectory_id": 19, "北京时间": "2026-05-11 14:00", "lon": 113.255, "lat": 29.473, "height": 38.0 }, "geometry": { "type": "Point", "coordinates": [ 113.255, 29.473 ] } },
{ "type": "Feature", "properties": { "pt_id": " 19107", "trajectory_id": 19, "北京时间": "2026-05-11 13:00", "lon": 113.312, "lat": 29.563, "height": 37.0 }, "geometry": { "type": "Point", "coordinates": [ 113.312, 29.563 ] } },
{ "type": "Feature", "properties": { "pt_id": " 19108", "trajectory_id": 19, "北京时间": "2026-05-11 12:00", "lon": 113.381, "lat": 29.661, "height": 30.0 }, "geometry": { "type": "Point", "coordinates": [ 113.381, 29.661 ] } },
{ "type": "Feature", "properties": { "pt_id": " 19109", "trajectory_id": 19, "北京时间": "2026-05-11 11:00", "lon": 113.458, "lat": 29.771, "height": 23.0 }, "geometry": { "type": "Point", "coordinates": [ 113.458, 29.771 ] } },
{ "type": "Feature", "properties": { "pt_id": " 19110", "trajectory_id": 19, "北京时间": "2026-05-11 10:00", "lon": 113.533, "lat": 29.89, "height": 22.0 }, "geometry": { "type": "Point", "coordinates": [ 113.533, 29.89 ] } },
{ "type": "Feature", "properties": { "pt_id": " 19111", "trajectory_id": 19, "北京时间": "2026-05-11 09:00", "lon": 113.592, "lat": 30.009, "height": 20.0 }, "geometry": { "type": "Point", "coordinates": [ 113.592, 30.009 ] } },
{ "type": "Feature", "properties": { "pt_id": " 19112", "trajectory_id": 19, "北京时间": "2026-05-11 08:00", "lon": 113.632, "lat": 30.133, "height": 20.0 }, "geometry": { "type": "Point", "coordinates": [ 113.632, 30.133 ] } },
{ "type": "Feature", "properties": { "pt_id": " 19113", "trajectory_id": 19, "北京时间": "2026-05-11 07:00", "lon": 113.66, "lat": 30.277, "height": 20.0 }, "geometry": { "type": "Point", "coordinates": [ 113.66, 30.277 ] } },
{ "type": "Feature", "properties": { "pt_id": " 19114", "trajectory_id": 19, "北京时间": "2026-05-11 06:00", "lon": 113.693, "lat": 30.44, "height": 20.0 }, "geometry": { "type": "Point", "coordinates": [ 113.693, 30.44 ] } },
{ "type": "Feature", "properties": { "pt_id": " 19115", "trajectory_id": 19, "北京时间": "2026-05-11 05:00", "lon": 113.729, "lat": 30.615, "height": 20.0 }, "geometry": { "type": "Point", "coordinates": [ 113.729, 30.615 ] } },
{ "type": "Feature", "properties": { "pt_id": " 19116", "trajectory_id": 19, "北京时间": "2026-05-11 04:00", "lon": 113.78, "lat": 30.787, "height": 20.0 }, "geometry": { "type": "Point", "coordinates": [ 113.78, 30.787 ] } },
{ "type": "Feature", "properties": { "pt_id": " 19117", "trajectory_id": 19, "北京时间": "2026-05-11 03:00", "lon": 113.859, "lat": 30.943, "height": 22.0 }, "geometry": { "type": "Point", "coordinates": [ 113.859, 30.943 ] } },
{ "type": "Feature", "properties": { "pt_id": " 19118", "trajectory_id": 19, "北京时间": "2026-05-11 02:00", "lon": 113.952, "lat": 31.08, "height": 29.0 }, "geometry": { "type": "Point", "coordinates": [ 113.952, 31.08 ] } },
{ "type": "Feature", "properties": { "pt_id": " 19119", "trajectory_id": 19, "北京时间": "2026-05-11 01:00", "lon": 114.072, "lat": 31.224, "height": 68.0 }, "geometry": { "type": "Point", "coordinates": [ 114.072, 31.224 ] } },
{ "type": "Feature", "properties": { "pt_id": " 19120", "trajectory_id": 19, "北京时间": "2026-05-11 00:00", "lon": 114.245, "lat": 31.413, "height": 130.0 }, "geometry": { "type": "Point", "coordinates": [ 114.245, 31.413 ] } },
{ "type": "Feature", "properties": { "pt_id": " 20000", "trajectory_id": 20, "北京时间": "2026-05-13 00:00", "lon": 113.942, "lat": 30.907, "height": 10.0 }, "geometry": { "type": "Point", "coordinates": [ 113.942, 30.907 ] } },
{ "type": "Feature", "properties": { "pt_id": " 20077", "trajectory_id": 20, "北京时间": "2026-05-12 23:00", "lon": 113.903, "lat": 30.817, "height": 5.0 }, "geometry": { "type": "Point", "coordinates": [ 113.903, 30.817 ] } },
{ "type": "Feature", "properties": { "pt_id": " 20078", "trajectory_id": 20, "北京时间": "2026-05-12 22:00", "lon": 113.85, "lat": 30.724, "height": 4.0 }, "geometry": { "type": "Point", "coordinates": [ 113.85, 30.724 ] } },
{ "type": "Feature", "properties": { "pt_id": " 20079", "trajectory_id": 20, "北京时间": "2026-05-12 21:00", "lon": 113.787, "lat": 30.63, "height": 4.0 }, "geometry": { "type": "Point", "coordinates": [ 113.787, 30.63 ] } },
{ "type": "Feature", "properties": { "pt_id": " 20080", "trajectory_id": 20, "北京时间": "2026-05-12 20:00", "lon": 113.716, "lat": 30.537, "height": 3.0 }, "geometry": { "type": "Point", "coordinates": [ 113.716, 30.537 ] } },
{ "type": "Feature", "properties": { "pt_id": " 20081", "trajectory_id": 20, "北京时间": "2026-05-12 19:00", "lon": 113.642, "lat": 30.453, "height": 3.0 }, "geometry": { "type": "Point", "coordinates": [ 113.642, 30.453 ] } },
{ "type": "Feature", "properties": { "pt_id": " 20082", "trajectory_id": 20, "北京时间": "2026-05-12 18:00", "lon": 113.567, "lat": 30.379, "height": 3.0 }, "geometry": { "type": "Point", "coordinates": [ 113.567, 30.379 ] } },
{ "type": "Feature", "properties": { "pt_id": " 20083", "trajectory_id": 20, "北京时间": "2026-05-12 17:00", "lon": 113.495, "lat": 30.312, "height": 3.0 }, "geometry": { "type": "Point", "coordinates": [ 113.495, 30.312 ] } },
{ "type": "Feature", "properties": { "pt_id": " 20084", "trajectory_id": 20, "北京时间": "2026-05-12 16:00", "lon": 113.428, "lat": 30.252, "height": 3.0 }, "geometry": { "type": "Point", "coordinates": [ 113.428, 30.252 ] } },
{ "type": "Feature", "properties": { "pt_id": " 20085", "trajectory_id": 20, "北京时间": "2026-05-12 15:00", "lon": 113.363, "lat": 30.196, "height": 3.0 }, "geometry": { "type": "Point", "coordinates": [ 113.363, 30.196 ] } },
{ "type": "Feature", "properties": { "pt_id": " 20086", "trajectory_id": 20, "北京时间": "2026-05-12 14:00", "lon": 113.303, "lat": 30.141, "height": 3.0 }, "geometry": { "type": "Point", "coordinates": [ 113.303, 30.141 ] } },
{ "type": "Feature", "properties": { "pt_id": " 20087", "trajectory_id": 20, "北京时间": "2026-05-12 13:00", "lon": 113.25, "lat": 30.091, "height": 3.0 }, "geometry": { "type": "Point", "coordinates": [ 113.25, 30.091 ] } },
{ "type": "Feature", "properties": { "pt_id": " 20088", "trajectory_id": 20, "北京时间": "2026-05-12 12:00", "lon": 113.204, "lat": 30.045, "height": 3.0 }, "geometry": { "type": "Point", "coordinates": [ 113.204, 30.045 ] } },
{ "type": "Feature", "properties": { "pt_id": " 20089", "trajectory_id": 20, "北京时间": "2026-05-12 11:00", "lon": 113.161, "lat": 30.004, "height": 3.0 }, "geometry": { "type": "Point", "coordinates": [ 113.161, 30.004 ] } },
{ "type": "Feature", "properties": { "pt_id": " 20090", "trajectory_id": 20, "北京时间": "2026-05-12 10:00", "lon": 113.117, "lat": 29.962, "height": 3.0 }, "geometry": { "type": "Point", "coordinates": [ 113.117, 29.962 ] } },
{ "type": "Feature", "properties": { "pt_id": " 20091", "trajectory_id": 20, "北京时间": "2026-05-12 09:00", "lon": 113.073, "lat": 29.92, "height": 3.0 }, "geometry": { "type": "Point", "coordinates": [ 113.073, 29.92 ] } },
{ "type": "Feature", "properties": { "pt_id": " 20092", "trajectory_id": 20, "北京时间": "2026-05-12 08:00", "lon": 113.027, "lat": 29.88, "height": 3.0 }, "geometry": { "type": "Point", "coordinates": [ 113.027, 29.88 ] } },
{ "type": "Feature", "properties": { "pt_id": " 20093", "trajectory_id": 20, "北京时间": "2026-05-12 07:00", "lon": 112.975, "lat": 29.842, "height": 1.0 }, "geometry": { "type": "Point", "coordinates": [ 112.975, 29.842 ] } },
{ "type": "Feature", "properties": { "pt_id": " 20094", "trajectory_id": 20, "北京时间": "2026-05-12 06:00", "lon": 112.916, "lat": 29.807, "height": 0.0 }, "geometry": { "type": "Point", "coordinates": [ 112.916, 29.807 ] } },
{ "type": "Feature", "properties": { "pt_id": " 20095", "trajectory_id": 20, "北京时间": "2026-05-12 05:00", "lon": 112.863, "lat": 29.774, "height": 0.0 }, "geometry": { "type": "Point", "coordinates": [ 112.863, 29.774 ] } },
{ "type": "Feature", "properties": { "pt_id": " 20096", "trajectory_id": 20, "北京时间": "2026-05-12 04:00", "lon": 112.831, "lat": 29.743, "height": 1.0 }, "geometry": { "type": "Point", "coordinates": [ 112.831, 29.743 ] } },
{ "type": "Feature", "properties": { "pt_id": " 20097", "trajectory_id": 20, "北京时间": "2026-05-12 03:00", "lon": 112.82, "lat": 29.711, "height": 3.0 }, "geometry": { "type": "Point", "coordinates": [ 112.82, 29.711 ] } },
{ "type": "Feature", "properties": { "pt_id": " 20098", "trajectory_id": 20, "北京时间": "2026-05-12 02:00", "lon": 112.811, "lat": 29.674, "height": 6.0 }, "geometry": { "type": "Point", "coordinates": [ 112.811, 29.674 ] } },
{ "type": "Feature", "properties": { "pt_id": " 20099", "trajectory_id": 20, "北京时间": "2026-05-12 01:00", "lon": 112.791, "lat": 29.636, "height": 10.0 }, "geometry": { "type": "Point", "coordinates": [ 112.791, 29.636 ] } },
{ "type": "Feature", "properties": { "pt_id": " 20100", "trajectory_id": 20, "北京时间": "2026-05-12 00:00", "lon": 112.763, "lat": 29.609, "height": 14.0 }, "geometry": { "type": "Point", "coordinates": [ 112.763, 29.609 ] } },
{ "type": "Feature", "properties": { "pt_id": " 20101", "trajectory_id": 20, "北京时间": "2026-05-11 23:00", "lon": 112.732, "lat": 29.606, "height": 18.0 }, "geometry": { "type": "Point", "coordinates": [ 112.732, 29.606 ] } },
{ "type": "Feature", "properties": { "pt_id": " 20102", "trajectory_id": 20, "北京时间": "2026-05-11 22:00", "lon": 112.698, "lat": 29.637, "height": 22.0 }, "geometry": { "type": "Point", "coordinates": [ 112.698, 29.637 ] } },
{ "type": "Feature", "properties": { "pt_id": " 20103", "trajectory_id": 20, "北京时间": "2026-05-11 21:00", "lon": 112.656, "lat": 29.708, "height": 26.0 }, "geometry": { "type": "Point", "coordinates": [ 112.656, 29.708 ] } },
{ "type": "Feature", "properties": { "pt_id": " 20104", "trajectory_id": 20, "北京时间": "2026-05-11 20:00", "lon": 112.619, "lat": 29.806, "height": 29.0 }, "geometry": { "type": "Point", "coordinates": [ 112.619, 29.806 ] } },
{ "type": "Feature", "properties": { "pt_id": " 20105", "trajectory_id": 20, "北京时间": "2026-05-11 19:00", "lon": 112.602, "lat": 29.907, "height": 32.0 }, "geometry": { "type": "Point", "coordinates": [ 112.602, 29.907 ] } },
{ "type": "Feature", "properties": { "pt_id": " 20106", "trajectory_id": 20, "北京时间": "2026-05-11 18:00", "lon": 112.603, "lat": 30.017, "height": 33.0 }, "geometry": { "type": "Point", "coordinates": [ 112.603, 30.017 ] } },
{ "type": "Feature", "properties": { "pt_id": " 20107", "trajectory_id": 20, "北京时间": "2026-05-11 17:00", "lon": 112.621, "lat": 30.14, "height": 35.0 }, "geometry": { "type": "Point", "coordinates": [ 112.621, 30.14 ] } },
{ "type": "Feature", "properties": { "pt_id": " 20108", "trajectory_id": 20, "北京时间": "2026-05-11 16:00", "lon": 112.666, "lat": 30.272, "height": 38.0 }, "geometry": { "type": "Point", "coordinates": [ 112.666, 30.272 ] } },
{ "type": "Feature", "properties": { "pt_id": " 20109", "trajectory_id": 20, "北京时间": "2026-05-11 15:00", "lon": 112.746, "lat": 30.416, "height": 38.0 }, "geometry": { "type": "Point", "coordinates": [ 112.746, 30.416 ] } },
{ "type": "Feature", "properties": { "pt_id": " 20110", "trajectory_id": 20, "北京时间": "2026-05-11 14:00", "lon": 112.832, "lat": 30.575, "height": 38.0 }, "geometry": { "type": "Point", "coordinates": [ 112.832, 30.575 ] } },
{ "type": "Feature", "properties": { "pt_id": " 20111", "trajectory_id": 20, "北京时间": "2026-05-11 13:00", "lon": 112.886, "lat": 30.735, "height": 44.0 }, "geometry": { "type": "Point", "coordinates": [ 112.886, 30.735 ] } },
{ "type": "Feature", "properties": { "pt_id": " 20112", "trajectory_id": 20, "北京时间": "2026-05-11 12:00", "lon": 112.943, "lat": 30.922, "height": 84.0 }, "geometry": { "type": "Point", "coordinates": [ 112.943, 30.922 ] } },
{ "type": "Feature", "properties": { "pt_id": " 20113", "trajectory_id": 20, "北京时间": "2026-05-11 11:00", "lon": 113.096, "lat": 31.187, "height": 230.0 }, "geometry": { "type": "Point", "coordinates": [ 113.096, 31.187 ] } },
{ "type": "Feature", "properties": { "pt_id": " 20114", "trajectory_id": 20, "北京时间": "2026-05-11 10:00", "lon": 113.321, "lat": 31.47, "height": 273.0 }, "geometry": { "type": "Point", "coordinates": [ 113.321, 31.47 ] } },
{ "type": "Feature", "properties": { "pt_id": " 20115", "trajectory_id": 20, "北京时间": "2026-05-11 09:00", "lon": 113.559, "lat": 31.716, "height": 267.0 }, "geometry": { "type": "Point", "coordinates": [ 113.559, 31.716 ] } },
{ "type": "Feature", "properties": { "pt_id": " 20116", "trajectory_id": 20, "北京时间": "2026-05-11 08:00", "lon": 113.878, "lat": 31.956, "height": 436.0 }, "geometry": { "type": "Point", "coordinates": [ 113.878, 31.956 ] } },
{ "type": "Feature", "properties": { "pt_id": " 20117", "trajectory_id": 20, "北京时间": "2026-05-11 07:00", "lon": 114.206, "lat": 32.188, "height": 300.0 }, "geometry": { "type": "Point", "coordinates": [ 114.206, 32.188 ] } },
{ "type": "Feature", "properties": { "pt_id": " 20118", "trajectory_id": 20, "北京时间": "2026-05-11 06:00", "lon": 114.509, "lat": 32.42, "height": 254.0 }, "geometry": { "type": "Point", "coordinates": [ 114.509, 32.42 ] } },
{ "type": "Feature", "properties": { "pt_id": " 20119", "trajectory_id": 20, "北京时间": "2026-05-11 05:00", "lon": 114.812, "lat": 32.68, "height": 233.0 }, "geometry": { "type": "Point", "coordinates": [ 114.812, 32.68 ] } },
{ "type": "Feature", "properties": { "pt_id": " 20120", "trajectory_id": 20, "北京时间": "2026-05-11 04:00", "lon": 115.116, "lat": 32.956, "height": 248.0 }, "geometry": { "type": "Point", "coordinates": [ 115.116, 32.956 ] } },
{ "type": "Feature", "properties": { "pt_id": " 20121", "trajectory_id": 20, "北京时间": "2026-05-11 03:00", "lon": 115.391, "lat": 33.245, "height": 288.0 }, "geometry": { "type": "Point", "coordinates": [ 115.391, 33.245 ] } },
{ "type": "Feature", "properties": { "pt_id": " 20122", "trajectory_id": 20, "北京时间": "2026-05-11 02:00", "lon": 115.627, "lat": 33.571, "height": 336.0 }, "geometry": { "type": "Point", "coordinates": [ 115.627, 33.571 ] } },
{ "type": "Feature", "properties": { "pt_id": " 20123", "trajectory_id": 20, "北京时间": "2026-05-11 01:00", "lon": 115.856, "lat": 33.932, "height": 373.0 }, "geometry": { "type": "Point", "coordinates": [ 115.856, 33.932 ] } },
{ "type": "Feature", "properties": { "pt_id": " 20124", "trajectory_id": 20, "北京时间": "2026-05-11 00:00", "lon": 116.057, "lat": 34.298, "height": 436.0 }, "geometry": { "type": "Point", "coordinates": [ 116.057, 34.298 ] } }
]
}
