{
"type": "FeatureCollection",
"name": "东城轨迹和高度",
"crs": { "type": "name", "properties": { "name": "urn:ogc:def:crs:OGC:1.3:CRS84" } },
"features": [
{ "type": "Feature", "properties": { "pt_id": "  1000", "trajectory_id": 1, "北京时间": "2026-05-11 23:00", "lon": 113.942, "lat": 30.907, "height": 10.0 }, "geometry": { "type": "Point", "coordinates": [ 113.942, 30.907 ] } },
{ "type": "Feature", "properties": { "pt_id": "  1001", "trajectory_id": 1, "北京时间": "2026-05-11 22:00", "lon": 113.929, "lat": 30.816, "height": 2.0 }, "geometry": { "type": "Point", "coordinates": [ 113.929, 30.816 ] } },
{ "type": "Feature", "properties": { "pt_id": "  1002", "trajectory_id": 1, "北京时间": "2026-05-11 21:00", "lon": 113.905, "lat": 30.707, "height": 0.0 }, "geometry": { "type": "Point", "coordinates": [ 113.905, 30.707 ] } },
{ "type": "Feature", "properties": { "pt_id": "  1003", "trajectory_id": 1, "北京时间": "2026-05-11 20:00", "lon": 113.875, "lat": 30.582, "height": 0.0 }, "geometry": { "type": "Point", "coordinates": [ 113.875, 30.582 ] } },
{ "type": "Feature", "properties": { "pt_id": "  1004", "trajectory_id": 1, "北京时间": "2026-05-11 19:00", "lon": 113.832, "lat": 30.447, "height": 0.0 }, "geometry": { "type": "Point", "coordinates": [ 113.832, 30.447 ] } },
{ "type": "Feature", "properties": { "pt_id": "  1005", "trajectory_id": 1, "北京时间": "2026-05-11 18:00", "lon": 113.769, "lat": 30.304, "height": 2.0 }, "geometry": { "type": "Point", "coordinates": [ 113.769, 30.304 ] } },
{ "type": "Feature", "properties": { "pt_id": "  1006", "trajectory_id": 1, "北京时间": "2026-05-11 17:00", "lon": 113.685, "lat": 30.154, "height": 2.0 }, "geometry": { "type": "Point", "coordinates": [ 113.685, 30.154 ] } },
{ "type": "Feature", "properties": { "pt_id": "  1007", "trajectory_id": 1, "北京时间": "2026-05-11 16:00", "lon": 113.589, "lat": 30.004, "height": 2.0 }, "geometry": { "type": "Point", "coordinates": [ 113.589, 30.004 ] } },
{ "type": "Feature", "properties": { "pt_id": "  1008", "trajectory_id": 1, "北京时间": "2026-05-11 15:00", "lon": 113.491, "lat": 29.848, "height": 4.0 }, "geometry": { "type": "Point", "coordinates": [ 113.491, 29.848 ] } },
{ "type": "Feature", "properties": { "pt_id": "  1009", "trajectory_id": 1, "北京时间": "2026-05-11 14:00", "lon": 113.404, "lat": 29.683, "height": 12.0 }, "geometry": { "type": "Point", "coordinates": [ 113.404, 29.683 ] } },
{ "type": "Feature", "properties": { "pt_id": "  1010", "trajectory_id": 1, "北京时间": "2026-05-11 13:00", "lon": 113.337, "lat": 29.512, "height": 33.0 }, "geometry": { "type": "Point", "coordinates": [ 113.337, 29.512 ] } },
{ "type": "Feature", "properties": { "pt_id": "  1011", "trajectory_id": 1, "北京时间": "2026-05-11 12:00", "lon": 113.288, "lat": 29.33, "height": 53.0 }, "geometry": { "type": "Point", "coordinates": [ 113.288, 29.33 ] } },
{ "type": "Feature", "properties": { "pt_id": "  1012", "trajectory_id": 1, "北京时间": "2026-05-11 11:00", "lon": 113.262, "lat": 29.145, "height": 52.0 }, "geometry": { "type": "Point", "coordinates": [ 113.262, 29.145 ] } },
{ "type": "Feature", "properties": { "pt_id": "  1013", "trajectory_id": 1, "北京时间": "2026-05-11 10:00", "lon": 113.271, "lat": 28.961, "height": 78.0 }, "geometry": { "type": "Point", "coordinates": [ 113.271, 28.961 ] } },
{ "type": "Feature", "properties": { "pt_id": "  1014", "trajectory_id": 1, "北京时间": "2026-05-11 09:00", "lon": 113.298, "lat": 28.793, "height": 124.0 }, "geometry": { "type": "Point", "coordinates": [ 113.298, 28.793 ] } },
{ "type": "Feature", "properties": { "pt_id": "  1015", "trajectory_id": 1, "北京时间": "2026-05-11 08:00", "lon": 113.328, "lat": 28.644, "height": 160.0 }, "geometry": { "type": "Point", "coordinates": [ 113.328, 28.644 ] } },
{ "type": "Feature", "properties": { "pt_id": "  1016", "trajectory_id": 1, "北京时间": "2026-05-11 07:00", "lon": 113.345, "lat": 28.51, "height": 179.0 }, "geometry": { "type": "Point", "coordinates": [ 113.345, 28.51 ] } },
{ "type": "Feature", "properties": { "pt_id": "  1017", "trajectory_id": 1, "北京时间": "2026-05-11 06:00", "lon": 113.359, "lat": 28.385, "height": 185.0 }, "geometry": { "type": "Point", "coordinates": [ 113.359, 28.385 ] } },
{ "type": "Feature", "properties": { "pt_id": "  1018", "trajectory_id": 1, "北京时间": "2026-05-11 05:00", "lon": 113.384, "lat": 28.269, "height": 195.0 }, "geometry": { "type": "Point", "coordinates": [ 113.384, 28.269 ] } },
{ "type": "Feature", "properties": { "pt_id": "  1019", "trajectory_id": 1, "北京时间": "2026-05-11 04:00", "lon": 113.41, "lat": 28.168, "height": 216.0 }, "geometry": { "type": "Point", "coordinates": [ 113.41, 28.168 ] } },
{ "type": "Feature", "properties": { "pt_id": "  1020", "trajectory_id": 1, "北京时间": "2026-05-11 03:00", "lon": 113.424, "lat": 28.081, "height": 247.0 }, "geometry": { "type": "Point", "coordinates": [ 113.424, 28.081 ] } },
{ "type": "Feature", "properties": { "pt_id": "  1021", "trajectory_id": 1, "北京时间": "2026-05-11 02:00", "lon": 113.413, "lat": 27.997, "height": 290.0 }, "geometry": { "type": "Point", "coordinates": [ 113.413, 27.997 ] } },
{ "type": "Feature", "properties": { "pt_id": "  1022", "trajectory_id": 1, "北京时间": "2026-05-11 01:00", "lon": 113.38, "lat": 27.891, "height": 324.0 }, "geometry": { "type": "Point", "coordinates": [ 113.38, 27.891 ] } },
{ "type": "Feature", "properties": { "pt_id": "  1023", "trajectory_id": 1, "北京时间": "2026-05-11 00:00", "lon": 113.344, "lat": 27.768, "height": 331.0 }, "geometry": { "type": "Point", "coordinates": [ 113.344, 27.768 ] } },
{ "type": "Feature", "properties": { "pt_id": "  1024", "trajectory_id": 1, "北京时间": "2026-05-10 23:00", "lon": 113.302, "lat": 27.641, "height": 334.0 }, "geometry": { "type": "Point", "coordinates": [ 113.302, 27.641 ] } },
{ "type": "Feature", "properties": { "pt_id": "  1025", "trajectory_id": 1, "北京时间": "2026-05-10 22:00", "lon": 113.248, "lat": 27.519, "height": 361.0 }, "geometry": { "type": "Point", "coordinates": [ 113.248, 27.519 ] } },
{ "type": "Feature", "properties": { "pt_id": "  1026", "trajectory_id": 1, "北京时间": "2026-05-10 21:00", "lon": 113.183, "lat": 27.399, "height": 405.0 }, "geometry": { "type": "Point", "coordinates": [ 113.183, 27.399 ] } },
{ "type": "Feature", "properties": { "pt_id": "  1027", "trajectory_id": 1, "北京时间": "2026-05-10 20:00", "lon": 113.106, "lat": 27.274, "height": 455.0 }, "geometry": { "type": "Point", "coordinates": [ 113.106, 27.274 ] } },
{ "type": "Feature", "properties": { "pt_id": "  1028", "trajectory_id": 1, "北京时间": "2026-05-10 19:00", "lon": 113.015, "lat": 27.159, "height": 503.0 }, "geometry": { "type": "Point", "coordinates": [ 113.015, 27.159 ] } },
{ "type": "Feature", "properties": { "pt_id": "  1029", "trajectory_id": 1, "北京时间": "2026-05-10 18:00", "lon": 112.922, "lat": 27.064, "height": 545.0 }, "geometry": { "type": "Point", "coordinates": [ 112.922, 27.064 ] } },
{ "type": "Feature", "properties": { "pt_id": "  1030", "trajectory_id": 1, "北京时间": "2026-05-10 17:00", "lon": 112.827, "lat": 26.989, "height": 585.0 }, "geometry": { "type": "Point", "coordinates": [ 112.827, 26.989 ] } },
{ "type": "Feature", "properties": { "pt_id": "  1031", "trajectory_id": 1, "北京时间": "2026-05-10 16:00", "lon": 112.724, "lat": 26.925, "height": 636.0 }, "geometry": { "type": "Point", "coordinates": [ 112.724, 26.925 ] } },
{ "type": "Feature", "properties": { "pt_id": "  1032", "trajectory_id": 1, "北京时间": "2026-05-10 15:00", "lon": 112.606, "lat": 26.861, "height": 694.0 }, "geometry": { "type": "Point", "coordinates": [ 112.606, 26.861 ] } },
{ "type": "Feature", "properties": { "pt_id": "  1033", "trajectory_id": 1, "北京时间": "2026-05-10 14:00", "lon": 112.475, "lat": 26.793, "height": 738.0 }, "geometry": { "type": "Point", "coordinates": [ 112.475, 26.793 ] } },
{ "type": "Feature", "properties": { "pt_id": "  1034", "trajectory_id": 1, "北京时间": "2026-05-10 13:00", "lon": 112.336, "lat": 26.727, "height": 779.0 }, "geometry": { "type": "Point", "coordinates": [ 112.336, 26.727 ] } },
{ "type": "Feature", "properties": { "pt_id": "  1035", "trajectory_id": 1, "北京时间": "2026-05-10 12:00", "lon": 112.193, "lat": 26.67, "height": 827.0 }, "geometry": { "type": "Point", "coordinates": [ 112.193, 26.67 ] } },
{ "type": "Feature", "properties": { "pt_id": "  1036", "trajectory_id": 1, "北京时间": "2026-05-10 11:00", "lon": 112.05, "lat": 26.621, "height": 883.0 }, "geometry": { "type": "Point", "coordinates": [ 112.05, 26.621 ] } },
{ "type": "Feature", "properties": { "pt_id": "  1037", "trajectory_id": 1, "北京时间": "2026-05-10 10:00", "lon": 111.91, "lat": 26.579, "height": 944.0 }, "geometry": { "type": "Point", "coordinates": [ 111.91, 26.579 ] } },
{ "type": "Feature", "properties": { "pt_id": "  1038", "trajectory_id": 1, "北京时间": "2026-05-10 09:00", "lon": 111.785, "lat": 26.544, "height": 1004.0 }, "geometry": { "type": "Point", "coordinates": [ 111.785, 26.544 ] } },
{ "type": "Feature", "properties": { "pt_id": "  1039", "trajectory_id": 1, "北京时间": "2026-05-10 08:00", "lon": 111.67, "lat": 26.516, "height": 1059.0 }, "geometry": { "type": "Point", "coordinates": [ 111.67, 26.516 ] } },
{ "type": "Feature", "properties": { "pt_id": "  1040", "trajectory_id": 1, "北京时间": "2026-05-10 07:00", "lon": 111.561, "lat": 26.496, "height": 1104.0 }, "geometry": { "type": "Point", "coordinates": [ 111.561, 26.496 ] } },
{ "type": "Feature", "properties": { "pt_id": "  1041", "trajectory_id": 1, "北京时间": "2026-05-10 06:00", "lon": 111.451, "lat": 26.481, "height": 1132.0 }, "geometry": { "type": "Point", "coordinates": [ 111.451, 26.481 ] } },
{ "type": "Feature", "properties": { "pt_id": "  1042", "trajectory_id": 1, "北京时间": "2026-05-10 05:00", "lon": 111.336, "lat": 26.471, "height": 1155.0 }, "geometry": { "type": "Point", "coordinates": [ 111.336, 26.471 ] } },
{ "type": "Feature", "properties": { "pt_id": "  1043", "trajectory_id": 1, "北京时间": "2026-05-10 04:00", "lon": 111.208, "lat": 26.473, "height": 1183.0 }, "geometry": { "type": "Point", "coordinates": [ 111.208, 26.473 ] } },
{ "type": "Feature", "properties": { "pt_id": "  1044", "trajectory_id": 1, "北京时间": "2026-05-10 03:00", "lon": 111.056, "lat": 26.487, "height": 1196.0 }, "geometry": { "type": "Point", "coordinates": [ 111.056, 26.487 ] } },
{ "type": "Feature", "properties": { "pt_id": "  1045", "trajectory_id": 1, "北京时间": "2026-05-10 02:00", "lon": 110.894, "lat": 26.499, "height": 1190.0 }, "geometry": { "type": "Point", "coordinates": [ 110.894, 26.499 ] } },
{ "type": "Feature", "properties": { "pt_id": "  1046", "trajectory_id": 1, "北京时间": "2026-05-10 01:00", "lon": 110.736, "lat": 26.502, "height": 1196.0 }, "geometry": { "type": "Point", "coordinates": [ 110.736, 26.502 ] } },
{ "type": "Feature", "properties": { "pt_id": "  1047", "trajectory_id": 1, "北京时间": "2026-05-10 00:00", "lon": 110.544, "lat": 26.501, "height": 1198.0 }, "geometry": { "type": "Point", "coordinates": [ 110.544, 26.501 ] } },
{ "type": "Feature", "properties": { "pt_id": "  1048", "trajectory_id": 1, "北京时间": "2026-05-09 23:00", "lon": 110.331, "lat": 26.497, "height": 1190.0 }, "geometry": { "type": "Point", "coordinates": [ 110.331, 26.497 ] } },
{ "type": "Feature", "properties": { "pt_id": "  2000", "trajectory_id": 2, "北京时间": "2026-05-11 23:00", "lon": 113.942, "lat": 30.907, "height": 10.0 }, "geometry": { "type": "Point", "coordinates": [ 113.942, 30.907 ] } },
{ "type": "Feature", "properties": { "pt_id": "  2005", "trajectory_id": 2, "北京时间": "2026-05-11 22:00", "lon": 113.886, "lat": 30.769, "height": 4.0 }, "geometry": { "type": "Point", "coordinates": [ 113.886, 30.769 ] } },
{ "type": "Feature", "properties": { "pt_id": "  2006", "trajectory_id": 2, "北京时间": "2026-05-11 21:00", "lon": 113.817, "lat": 30.623, "height": 3.0 }, "geometry": { "type": "Point", "coordinates": [ 113.817, 30.623 ] } },
{ "type": "Feature", "properties": { "pt_id": "  2007", "trajectory_id": 2, "北京时间": "2026-05-11 20:00", "lon": 113.732, "lat": 30.463, "height": 3.0 }, "geometry": { "type": "Point", "coordinates": [ 113.732, 30.463 ] } },
{ "type": "Feature", "properties": { "pt_id": "  2008", "trajectory_id": 2, "北京时间": "2026-05-11 19:00", "lon": 113.631, "lat": 30.298, "height": 3.0 }, "geometry": { "type": "Point", "coordinates": [ 113.631, 30.298 ] } },
{ "type": "Feature", "properties": { "pt_id": "  2009", "trajectory_id": 2, "北京时间": "2026-05-11 18:00", "lon": 113.52, "lat": 30.135, "height": 3.0 }, "geometry": { "type": "Point", "coordinates": [ 113.52, 30.135 ] } },
{ "type": "Feature", "properties": { "pt_id": "  2010", "trajectory_id": 2, "北京时间": "2026-05-11 17:00", "lon": 113.413, "lat": 29.967, "height": 4.0 }, "geometry": { "type": "Point", "coordinates": [ 113.413, 29.967 ] } },
{ "type": "Feature", "properties": { "pt_id": "  2011", "trajectory_id": 2, "北京时间": "2026-05-11 16:00", "lon": 113.321, "lat": 29.795, "height": 6.0 }, "geometry": { "type": "Point", "coordinates": [ 113.321, 29.795 ] } },
{ "type": "Feature", "properties": { "pt_id": "  2012", "trajectory_id": 2, "北京时间": "2026-05-11 15:00", "lon": 113.247, "lat": 29.625, "height": 11.0 }, "geometry": { "type": "Point", "coordinates": [ 113.247, 29.625 ] } },
{ "type": "Feature", "properties": { "pt_id": "  2013", "trajectory_id": 2, "北京时间": "2026-05-11 14:00", "lon": 113.202, "lat": 29.454, "height": 20.0 }, "geometry": { "type": "Point", "coordinates": [ 113.202, 29.454 ] } },
{ "type": "Feature", "properties": { "pt_id": "  2014", "trajectory_id": 2, "北京时间": "2026-05-11 13:00", "lon": 113.201, "lat": 29.286, "height": 27.0 }, "geometry": { "type": "Point", "coordinates": [ 113.201, 29.286 ] } },
{ "type": "Feature", "properties": { "pt_id": "  2015", "trajectory_id": 2, "北京时间": "2026-05-11 12:00", "lon": 113.244, "lat": 29.142, "height": 38.0 }, "geometry": { "type": "Point", "coordinates": [ 113.244, 29.142 ] } },
{ "type": "Feature", "properties": { "pt_id": "  2016", "trajectory_id": 2, "北京时间": "2026-05-11 11:00", "lon": 113.314, "lat": 29.009, "height": 78.0 }, "geometry": { "type": "Point", "coordinates": [ 113.314, 29.009 ] } },
{ "type": "Feature", "properties": { "pt_id": "  2017", "trajectory_id": 2, "北京时间": "2026-05-11 10:00", "lon": 113.388, "lat": 28.869, "height": 141.0 }, "geometry": { "type": "Point", "coordinates": [ 113.388, 28.869 ] } },
{ "type": "Feature", "properties": { "pt_id": "  2018", "trajectory_id": 2, "北京时间": "2026-05-11 09:00", "lon": 113.454, "lat": 28.732, "height": 175.0 }, "geometry": { "type": "Point", "coordinates": [ 113.454, 28.732 ] } },
{ "type": "Feature", "properties": { "pt_id": "  2019", "trajectory_id": 2, "北京时间": "2026-05-11 08:00", "lon": 113.507, "lat": 28.623, "height": 188.0 }, "geometry": { "type": "Point", "coordinates": [ 113.507, 28.623 ] } },
{ "type": "Feature", "properties": { "pt_id": "  2020", "trajectory_id": 2, "北京时间": "2026-05-11 07:00", "lon": 113.539, "lat": 28.529, "height": 207.0 }, "geometry": { "type": "Point", "coordinates": [ 113.539, 28.529 ] } },
{ "type": "Feature", "properties": { "pt_id": "  2021", "trajectory_id": 2, "北京时间": "2026-05-11 06:00", "lon": 113.56, "lat": 28.445, "height": 239.0 }, "geometry": { "type": "Point", "coordinates": [ 113.56, 28.445 ] } },
{ "type": "Feature", "properties": { "pt_id": "  2022", "trajectory_id": 2, "北京时间": "2026-05-11 05:00", "lon": 113.576, "lat": 28.365, "height": 283.0 }, "geometry": { "type": "Point", "coordinates": [ 113.576, 28.365 ] } },
{ "type": "Feature", "properties": { "pt_id": "  2023", "trajectory_id": 2, "北京时间": "2026-05-11 04:00", "lon": 113.59, "lat": 28.284, "height": 320.0 }, "geometry": { "type": "Point", "coordinates": [ 113.59, 28.284 ] } },
{ "type": "Feature", "properties": { "pt_id": "  2024", "trajectory_id": 2, "北京时间": "2026-05-11 03:00", "lon": 113.605, "lat": 28.2, "height": 336.0 }, "geometry": { "type": "Point", "coordinates": [ 113.605, 28.2 ] } },
{ "type": "Feature", "properties": { "pt_id": "  2025", "trajectory_id": 2, "北京时间": "2026-05-11 02:00", "lon": 113.606, "lat": 28.109, "height": 347.0 }, "geometry": { "type": "Point", "coordinates": [ 113.606, 28.109 ] } },
{ "type": "Feature", "properties": { "pt_id": "  2026", "trajectory_id": 2, "北京时间": "2026-05-11 01:00", "lon": 113.588, "lat": 28.014, "height": 392.0 }, "geometry": { "type": "Point", "coordinates": [ 113.588, 28.014 ] } },
{ "type": "Feature", "properties": { "pt_id": "  2027", "trajectory_id": 2, "北京时间": "2026-05-11 00:00", "lon": 113.566, "lat": 27.922, "height": 483.0 }, "geometry": { "type": "Point", "coordinates": [ 113.566, 27.922 ] } },
{ "type": "Feature", "properties": { "pt_id": "  2028", "trajectory_id": 2, "北京时间": "2026-05-10 23:00", "lon": 113.541, "lat": 27.833, "height": 558.0 }, "geometry": { "type": "Point", "coordinates": [ 113.541, 27.833 ] } },
{ "type": "Feature", "properties": { "pt_id": "  2029", "trajectory_id": 2, "北京时间": "2026-05-10 22:00", "lon": 113.516, "lat": 27.747, "height": 544.0 }, "geometry": { "type": "Point", "coordinates": [ 113.516, 27.747 ] } },
{ "type": "Feature", "properties": { "pt_id": "  2030", "trajectory_id": 2, "北京时间": "2026-05-10 21:00", "lon": 113.495, "lat": 27.661, "height": 485.0 }, "geometry": { "type": "Point", "coordinates": [ 113.495, 27.661 ] } },
{ "type": "Feature", "properties": { "pt_id": "  2031", "trajectory_id": 2, "北京时间": "2026-05-10 20:00", "lon": 113.468, "lat": 27.573, "height": 478.0 }, "geometry": { "type": "Point", "coordinates": [ 113.468, 27.573 ] } },
{ "type": "Feature", "properties": { "pt_id": "  2032", "trajectory_id": 2, "北京时间": "2026-05-10 19:00", "lon": 113.43, "lat": 27.489, "height": 540.0 }, "geometry": { "type": "Point", "coordinates": [ 113.43, 27.489 ] } },
{ "type": "Feature", "properties": { "pt_id": "  2033", "trajectory_id": 2, "北京时间": "2026-05-10 18:00", "lon": 113.378, "lat": 27.406, "height": 614.0 }, "geometry": { "type": "Point", "coordinates": [ 113.378, 27.406 ] } },
{ "type": "Feature", "properties": { "pt_id": "  2034", "trajectory_id": 2, "北京时间": "2026-05-10 17:00", "lon": 113.305, "lat": 27.323, "height": 669.0 }, "geometry": { "type": "Point", "coordinates": [ 113.305, 27.323 ] } },
{ "type": "Feature", "properties": { "pt_id": "  2035", "trajectory_id": 2, "北京时间": "2026-05-10 16:00", "lon": 113.209, "lat": 27.244, "height": 711.0 }, "geometry": { "type": "Point", "coordinates": [ 113.209, 27.244 ] } },
{ "type": "Feature", "properties": { "pt_id": "  2036", "trajectory_id": 2, "北京时间": "2026-05-10 15:00", "lon": 113.094, "lat": 27.177, "height": 744.0 }, "geometry": { "type": "Point", "coordinates": [ 113.094, 27.177 ] } },
{ "type": "Feature", "properties": { "pt_id": "  2037", "trajectory_id": 2, "北京时间": "2026-05-10 14:00", "lon": 112.972, "lat": 27.123, "height": 773.0 }, "geometry": { "type": "Point", "coordinates": [ 112.972, 27.123 ] } },
{ "type": "Feature", "properties": { "pt_id": "  2038", "trajectory_id": 2, "北京时间": "2026-05-10 13:00", "lon": 112.847, "lat": 27.081, "height": 792.0 }, "geometry": { "type": "Point", "coordinates": [ 112.847, 27.081 ] } },
{ "type": "Feature", "properties": { "pt_id": "  2039", "trajectory_id": 2, "北京时间": "2026-05-10 12:00", "lon": 112.724, "lat": 27.049, "height": 774.0 }, "geometry": { "type": "Point", "coordinates": [ 112.724, 27.049 ] } },
{ "type": "Feature", "properties": { "pt_id": "  2040", "trajectory_id": 2, "北京时间": "2026-05-10 11:00", "lon": 112.61, "lat": 27.012, "height": 743.0 }, "geometry": { "type": "Point", "coordinates": [ 112.61, 27.012 ] } },
{ "type": "Feature", "properties": { "pt_id": "  2041", "trajectory_id": 2, "北京时间": "2026-05-10 10:00", "lon": 112.506, "lat": 26.966, "height": 736.0 }, "geometry": { "type": "Point", "coordinates": [ 112.506, 26.966 ] } },
{ "type": "Feature", "properties": { "pt_id": "  2042", "trajectory_id": 2, "北京时间": "2026-05-10 09:00", "lon": 112.408, "lat": 26.92, "height": 752.0 }, "geometry": { "type": "Point", "coordinates": [ 112.408, 26.92 ] } },
{ "type": "Feature", "properties": { "pt_id": "  2043", "trajectory_id": 2, "北京时间": "2026-05-10 08:00", "lon": 112.307, "lat": 26.882, "height": 780.0 }, "geometry": { "type": "Point", "coordinates": [ 112.307, 26.882 ] } },
{ "type": "Feature", "properties": { "pt_id": "  2044", "trajectory_id": 2, "北京时间": "2026-05-10 07:00", "lon": 112.2, "lat": 26.857, "height": 802.0 }, "geometry": { "type": "Point", "coordinates": [ 112.2, 26.857 ] } },
{ "type": "Feature", "properties": { "pt_id": "  2045", "trajectory_id": 2, "北京时间": "2026-05-10 06:00", "lon": 112.085, "lat": 26.845, "height": 810.0 }, "geometry": { "type": "Point", "coordinates": [ 112.085, 26.845 ] } },
{ "type": "Feature", "properties": { "pt_id": "  2046", "trajectory_id": 2, "北京时间": "2026-05-10 05:00", "lon": 111.97, "lat": 26.838, "height": 810.0 }, "geometry": { "type": "Point", "coordinates": [ 111.97, 26.838 ] } },
{ "type": "Feature", "properties": { "pt_id": "  2047", "trajectory_id": 2, "北京时间": "2026-05-10 04:00", "lon": 111.858, "lat": 26.832, "height": 810.0 }, "geometry": { "type": "Point", "coordinates": [ 111.858, 26.832 ] } },
{ "type": "Feature", "properties": { "pt_id": "  2048", "trajectory_id": 2, "北京时间": "2026-05-10 03:00", "lon": 111.75, "lat": 26.825, "height": 803.0 }, "geometry": { "type": "Point", "coordinates": [ 111.75, 26.825 ] } },
{ "type": "Feature", "properties": { "pt_id": "  2049", "trajectory_id": 2, "北京时间": "2026-05-10 02:00", "lon": 111.645, "lat": 26.822, "height": 813.0 }, "geometry": { "type": "Point", "coordinates": [ 111.645, 26.822 ] } },
{ "type": "Feature", "properties": { "pt_id": "  2050", "trajectory_id": 2, "北京时间": "2026-05-10 01:00", "lon": 111.535, "lat": 26.834, "height": 859.0 }, "geometry": { "type": "Point", "coordinates": [ 111.535, 26.834 ] } },
{ "type": "Feature", "properties": { "pt_id": "  2051", "trajectory_id": 2, "北京时间": "2026-05-10 00:00", "lon": 111.418, "lat": 26.858, "height": 911.0 }, "geometry": { "type": "Point", "coordinates": [ 111.418, 26.858 ] } },
{ "type": "Feature", "properties": { "pt_id": "  2052", "trajectory_id": 2, "北京时间": "2026-05-09 23:00", "lon": 111.306, "lat": 26.888, "height": 942.0 }, "geometry": { "type": "Point", "coordinates": [ 111.306, 26.888 ] } },
{ "type": "Feature", "properties": { "pt_id": "  3000", "trajectory_id": 3, "北京时间": "2026-05-11 23:00", "lon": 113.942, "lat": 30.907, "height": 10.0 }, "geometry": { "type": "Point", "coordinates": [ 113.942, 30.907 ] } },
{ "type": "Feature", "properties": { "pt_id": "  3009", "trajectory_id": 3, "北京时间": "2026-05-11 22:00", "lon": 113.828, "lat": 30.741, "height": 4.0 }, "geometry": { "type": "Point", "coordinates": [ 113.828, 30.741 ] } },
{ "type": "Feature", "properties": { "pt_id": "  3010", "trajectory_id": 3, "北京时间": "2026-05-11 21:00", "lon": 113.713, "lat": 30.57, "height": 4.0 }, "geometry": { "type": "Point", "coordinates": [ 113.713, 30.57 ] } },
{ "type": "Feature", "properties": { "pt_id": "  3011", "trajectory_id": 3, "北京时间": "2026-05-11 20:00", "lon": 113.614, "lat": 30.395, "height": 4.0 }, "geometry": { "type": "Point", "coordinates": [ 113.614, 30.395 ] } },
{ "type": "Feature", "properties": { "pt_id": "  3012", "trajectory_id": 3, "北京时间": "2026-05-11 19:00", "lon": 113.529, "lat": 30.22, "height": 4.0 }, "geometry": { "type": "Point", "coordinates": [ 113.529, 30.22 ] } },
{ "type": "Feature", "properties": { "pt_id": "  3013", "trajectory_id": 3, "北京时间": "2026-05-11 18:00", "lon": 113.451, "lat": 30.051, "height": 4.0 }, "geometry": { "type": "Point", "coordinates": [ 113.451, 30.051 ] } },
{ "type": "Feature", "properties": { "pt_id": "  3014", "trajectory_id": 3, "北京时间": "2026-05-11 17:00", "lon": 113.387, "lat": 29.895, "height": 6.0 }, "geometry": { "type": "Point", "coordinates": [ 113.387, 29.895 ] } },
{ "type": "Feature", "properties": { "pt_id": "  3015", "trajectory_id": 3, "北京时间": "2026-05-11 16:00", "lon": 113.35, "lat": 29.75, "height": 13.0 }, "geometry": { "type": "Point", "coordinates": [ 113.35, 29.75 ] } },
{ "type": "Feature", "properties": { "pt_id": "  3016", "trajectory_id": 3, "北京时间": "2026-05-11 15:00", "lon": 113.342, "lat": 29.607, "height": 35.0 }, "geometry": { "type": "Point", "coordinates": [ 113.342, 29.607 ] } },
{ "type": "Feature", "properties": { "pt_id": "  3017", "trajectory_id": 3, "北京时间": "2026-05-11 14:00", "lon": 113.367, "lat": 29.449, "height": 77.0 }, "geometry": { "type": "Point", "coordinates": [ 113.367, 29.449 ] } },
{ "type": "Feature", "properties": { "pt_id": "  3018", "trajectory_id": 3, "北京时间": "2026-05-11 13:00", "lon": 113.413, "lat": 29.286, "height": 125.0 }, "geometry": { "type": "Point", "coordinates": [ 113.413, 29.286 ] } },
{ "type": "Feature", "properties": { "pt_id": "  3019", "trajectory_id": 3, "北京时间": "2026-05-11 12:00", "lon": 113.462, "lat": 29.139, "height": 180.0 }, "geometry": { "type": "Point", "coordinates": [ 113.462, 29.139 ] } },
{ "type": "Feature", "properties": { "pt_id": "  3020", "trajectory_id": 3, "北京时间": "2026-05-11 11:00", "lon": 113.499, "lat": 28.969, "height": 273.0 }, "geometry": { "type": "Point", "coordinates": [ 113.499, 28.969 ] } },
{ "type": "Feature", "properties": { "pt_id": "  3021", "trajectory_id": 3, "北京时间": "2026-05-11 10:00", "lon": 113.511, "lat": 28.782, "height": 342.0 }, "geometry": { "type": "Point", "coordinates": [ 113.511, 28.782 ] } },
{ "type": "Feature", "properties": { "pt_id": "  3022", "trajectory_id": 3, "北京时间": "2026-05-11 09:00", "lon": 113.51, "lat": 28.621, "height": 368.0 }, "geometry": { "type": "Point", "coordinates": [ 113.51, 28.621 ] } },
{ "type": "Feature", "properties": { "pt_id": "  3023", "trajectory_id": 3, "北京时间": "2026-05-11 08:00", "lon": 113.508, "lat": 28.469, "height": 423.0 }, "geometry": { "type": "Point", "coordinates": [ 113.508, 28.469 ] } },
{ "type": "Feature", "properties": { "pt_id": "  3024", "trajectory_id": 3, "北京时间": "2026-05-11 07:00", "lon": 113.512, "lat": 28.329, "height": 492.0 }, "geometry": { "type": "Point", "coordinates": [ 113.512, 28.329 ] } },
{ "type": "Feature", "properties": { "pt_id": "  3025", "trajectory_id": 3, "北京时间": "2026-05-11 06:00", "lon": 113.512, "lat": 28.205, "height": 535.0 }, "geometry": { "type": "Point", "coordinates": [ 113.512, 28.205 ] } },
{ "type": "Feature", "properties": { "pt_id": "  3026", "trajectory_id": 3, "北京时间": "2026-05-11 05:00", "lon": 113.497, "lat": 28.09, "height": 604.0 }, "geometry": { "type": "Point", "coordinates": [ 113.497, 28.09 ] } },
{ "type": "Feature", "properties": { "pt_id": "  3027", "trajectory_id": 3, "北京时间": "2026-05-11 04:00", "lon": 113.477, "lat": 27.987, "height": 739.0 }, "geometry": { "type": "Point", "coordinates": [ 113.477, 27.987 ] } },
{ "type": "Feature", "properties": { "pt_id": "  3028", "trajectory_id": 3, "北京时间": "2026-05-11 03:00", "lon": 113.446, "lat": 27.895, "height": 869.0 }, "geometry": { "type": "Point", "coordinates": [ 113.446, 27.895 ] } },
{ "type": "Feature", "properties": { "pt_id": "  3029", "trajectory_id": 3, "北京时间": "2026-05-11 02:00", "lon": 113.401, "lat": 27.812, "height": 944.0 }, "geometry": { "type": "Point", "coordinates": [ 113.401, 27.812 ] } },
{ "type": "Feature", "properties": { "pt_id": "  3030", "trajectory_id": 3, "北京时间": "2026-05-11 01:00", "lon": 113.356, "lat": 27.742, "height": 1012.0 }, "geometry": { "type": "Point", "coordinates": [ 113.356, 27.742 ] } },
{ "type": "Feature", "properties": { "pt_id": "  3031", "trajectory_id": 3, "北京时间": "2026-05-11 00:00", "lon": 113.296, "lat": 27.682, "height": 1076.0 }, "geometry": { "type": "Point", "coordinates": [ 113.296, 27.682 ] } },
{ "type": "Feature", "properties": { "pt_id": "  3032", "trajectory_id": 3, "北京时间": "2026-05-10 23:00", "lon": 113.208, "lat": 27.63, "height": 1110.0 }, "geometry": { "type": "Point", "coordinates": [ 113.208, 27.63 ] } },
{ "type": "Feature", "properties": { "pt_id": "  3033", "trajectory_id": 3, "北京时间": "2026-05-10 22:00", "lon": 113.099, "lat": 27.587, "height": 1121.0 }, "geometry": { "type": "Point", "coordinates": [ 113.099, 27.587 ] } },
{ "type": "Feature", "properties": { "pt_id": "  3034", "trajectory_id": 3, "北京时间": "2026-05-10 21:00", "lon": 112.972, "lat": 27.548, "height": 1125.0 }, "geometry": { "type": "Point", "coordinates": [ 112.972, 27.548 ] } },
{ "type": "Feature", "properties": { "pt_id": "  3035", "trajectory_id": 3, "北京时间": "2026-05-10 20:00", "lon": 112.829, "lat": 27.515, "height": 1140.0 }, "geometry": { "type": "Point", "coordinates": [ 112.829, 27.515 ] } },
{ "type": "Feature", "properties": { "pt_id": "  3036", "trajectory_id": 3, "北京时间": "2026-05-10 19:00", "lon": 112.677, "lat": 27.498, "height": 1169.0 }, "geometry": { "type": "Point", "coordinates": [ 112.677, 27.498 ] } },
{ "type": "Feature", "properties": { "pt_id": "  3037", "trajectory_id": 3, "北京时间": "2026-05-10 18:00", "lon": 112.535, "lat": 27.496, "height": 1187.0 }, "geometry": { "type": "Point", "coordinates": [ 112.535, 27.496 ] } },
{ "type": "Feature", "properties": { "pt_id": "  3038", "trajectory_id": 3, "北京时间": "2026-05-10 17:00", "lon": 112.407, "lat": 27.503, "height": 1196.0 }, "geometry": { "type": "Point", "coordinates": [ 112.407, 27.503 ] } },
{ "type": "Feature", "properties": { "pt_id": "  3039", "trajectory_id": 3, "北京时间": "2026-05-10 16:00", "lon": 112.283, "lat": 27.525, "height": 1202.0 }, "geometry": { "type": "Point", "coordinates": [ 112.283, 27.525 ] } },
{ "type": "Feature", "properties": { "pt_id": "  3040", "trajectory_id": 3, "北京时间": "2026-05-10 15:00", "lon": 112.162, "lat": 27.555, "height": 1215.0 }, "geometry": { "type": "Point", "coordinates": [ 112.162, 27.555 ] } },
{ "type": "Feature", "properties": { "pt_id": "  3041", "trajectory_id": 3, "北京时间": "2026-05-10 14:00", "lon": 112.044, "lat": 27.589, "height": 1236.0 }, "geometry": { "type": "Point", "coordinates": [ 112.044, 27.589 ] } },
{ "type": "Feature", "properties": { "pt_id": "  3042", "trajectory_id": 3, "北京时间": "2026-05-10 13:00", "lon": 111.926, "lat": 27.634, "height": 1245.0 }, "geometry": { "type": "Point", "coordinates": [ 111.926, 27.634 ] } },
{ "type": "Feature", "properties": { "pt_id": "  3043", "trajectory_id": 3, "北京时间": "2026-05-10 12:00", "lon": 111.797, "lat": 27.686, "height": 1236.0 }, "geometry": { "type": "Point", "coordinates": [ 111.797, 27.686 ] } },
{ "type": "Feature", "properties": { "pt_id": "  3044", "trajectory_id": 3, "北京时间": "2026-05-10 11:00", "lon": 111.654, "lat": 27.739, "height": 1218.0 }, "geometry": { "type": "Point", "coordinates": [ 111.654, 27.739 ] } },
{ "type": "Feature", "properties": { "pt_id": "  3045", "trajectory_id": 3, "北京时间": "2026-05-10 10:00", "lon": 111.503, "lat": 27.793, "height": 1190.0 }, "geometry": { "type": "Point", "coordinates": [ 111.503, 27.793 ] } },
{ "type": "Feature", "properties": { "pt_id": "  3046", "trajectory_id": 3, "北京时间": "2026-05-10 09:00", "lon": 111.349, "lat": 27.842, "height": 1187.0 }, "geometry": { "type": "Point", "coordinates": [ 111.349, 27.842 ] } },
{ "type": "Feature", "properties": { "pt_id": "  3047", "trajectory_id": 3, "北京时间": "2026-05-10 08:00", "lon": 111.19, "lat": 27.889, "height": 1223.0 }, "geometry": { "type": "Point", "coordinates": [ 111.19, 27.889 ] } },
{ "type": "Feature", "properties": { "pt_id": "  3048", "trajectory_id": 3, "北京时间": "2026-05-10 07:00", "lon": 111.024, "lat": 27.946, "height": 1288.0 }, "geometry": { "type": "Point", "coordinates": [ 111.024, 27.946 ] } },
{ "type": "Feature", "properties": { "pt_id": "  3049", "trajectory_id": 3, "北京时间": "2026-05-10 06:00", "lon": 110.868, "lat": 28.008, "height": 1359.0 }, "geometry": { "type": "Point", "coordinates": [ 110.868, 28.008 ] } },
{ "type": "Feature", "properties": { "pt_id": "  3050", "trajectory_id": 3, "北京时间": "2026-05-10 05:00", "lon": 110.736, "lat": 28.074, "height": 1421.0 }, "geometry": { "type": "Point", "coordinates": [ 110.736, 28.074 ] } },
{ "type": "Feature", "properties": { "pt_id": "  3051", "trajectory_id": 3, "北京时间": "2026-05-10 04:00", "lon": 110.621, "lat": 28.15, "height": 1494.0 }, "geometry": { "type": "Point", "coordinates": [ 110.621, 28.15 ] } },
{ "type": "Feature", "properties": { "pt_id": "  3052", "trajectory_id": 3, "北京时间": "2026-05-10 03:00", "lon": 110.508, "lat": 28.233, "height": 1537.0 }, "geometry": { "type": "Point", "coordinates": [ 110.508, 28.233 ] } },
{ "type": "Feature", "properties": { "pt_id": "  3053", "trajectory_id": 3, "北京时间": "2026-05-10 02:00", "lon": 110.398, "lat": 28.318, "height": 1548.0 }, "geometry": { "type": "Point", "coordinates": [ 110.398, 28.318 ] } },
{ "type": "Feature", "properties": { "pt_id": "  3054", "trajectory_id": 3, "北京时间": "2026-05-10 01:00", "lon": 110.296, "lat": 28.405, "height": 1555.0 }, "geometry": { "type": "Point", "coordinates": [ 110.296, 28.405 ] } },
{ "type": "Feature", "properties": { "pt_id": "  3055", "trajectory_id": 3, "北京时间": "2026-05-10 00:00", "lon": 110.193, "lat": 28.492, "height": 1575.0 }, "geometry": { "type": "Point", "coordinates": [ 110.193, 28.492 ] } },
{ "type": "Feature", "properties": { "pt_id": "  3056", "trajectory_id": 3, "北京时间": "2026-05-09 23:00", "lon": 110.078, "lat": 28.578, "height": 1614.0 }, "geometry": { "type": "Point", "coordinates": [ 110.078, 28.578 ] } },
{ "type": "Feature", "properties": { "pt_id": "  4000", "trajectory_id": 4, "北京时间": "2026-05-11 23:00", "lon": 113.942, "lat": 30.907, "height": 10.0 }, "geometry": { "type": "Point", "coordinates": [ 113.942, 30.907 ] } },
{ "type": "Feature", "properties": { "pt_id": "  4013", "trajectory_id": 4, "北京时间": "2026-05-11 22:00", "lon": 113.886, "lat": 30.746, "height": 5.0 }, "geometry": { "type": "Point", "coordinates": [ 113.886, 30.746 ] } },
{ "type": "Feature", "properties": { "pt_id": "  4014", "trajectory_id": 4, "北京时间": "2026-05-11 21:00", "lon": 113.848, "lat": 30.605, "height": 5.0 }, "geometry": { "type": "Point", "coordinates": [ 113.848, 30.605 ] } },
{ "type": "Feature", "properties": { "pt_id": "  4015", "trajectory_id": 4, "北京时间": "2026-05-11 20:00", "lon": 113.831, "lat": 30.489, "height": 5.0 }, "geometry": { "type": "Point", "coordinates": [ 113.831, 30.489 ] } },
{ "type": "Feature", "properties": { "pt_id": "  4016", "trajectory_id": 4, "北京时间": "2026-05-11 19:00", "lon": 113.829, "lat": 30.389, "height": 5.0 }, "geometry": { "type": "Point", "coordinates": [ 113.829, 30.389 ] } },
{ "type": "Feature", "properties": { "pt_id": "  4017", "trajectory_id": 4, "北京时间": "2026-05-11 18:00", "lon": 113.834, "lat": 30.291, "height": 5.0 }, "geometry": { "type": "Point", "coordinates": [ 113.834, 30.291 ] } },
{ "type": "Feature", "properties": { "pt_id": "  4018", "trajectory_id": 4, "北京时间": "2026-05-11 17:00", "lon": 113.845, "lat": 30.186, "height": 6.0 }, "geometry": { "type": "Point", "coordinates": [ 113.845, 30.186 ] } },
{ "type": "Feature", "properties": { "pt_id": "  4019", "trajectory_id": 4, "北京时间": "2026-05-11 16:00", "lon": 113.854, "lat": 30.081, "height": 8.0 }, "geometry": { "type": "Point", "coordinates": [ 113.854, 30.081 ] } },
{ "type": "Feature", "properties": { "pt_id": "  4020", "trajectory_id": 4, "北京时间": "2026-05-11 15:00", "lon": 113.853, "lat": 29.982, "height": 17.0 }, "geometry": { "type": "Point", "coordinates": [ 113.853, 29.982 ] } },
{ "type": "Feature", "properties": { "pt_id": "  4021", "trajectory_id": 4, "北京时间": "2026-05-11 14:00", "lon": 113.846, "lat": 29.886, "height": 38.0 }, "geometry": { "type": "Point", "coordinates": [ 113.846, 29.886 ] } },
{ "type": "Feature", "properties": { "pt_id": "  4022", "trajectory_id": 4, "北京时间": "2026-05-11 13:00", "lon": 113.842, "lat": 29.789, "height": 77.0 }, "geometry": { "type": "Point", "coordinates": [ 113.842, 29.789 ] } },
{ "type": "Feature", "properties": { "pt_id": "  4023", "trajectory_id": 4, "北京时间": "2026-05-11 12:00", "lon": 113.841, "lat": 29.687, "height": 132.0 }, "geometry": { "type": "Point", "coordinates": [ 113.841, 29.687 ] } },
{ "type": "Feature", "properties": { "pt_id": "  4024", "trajectory_id": 4, "北京时间": "2026-05-11 11:00", "lon": 113.826, "lat": 29.573, "height": 198.0 }, "geometry": { "type": "Point", "coordinates": [ 113.826, 29.573 ] } },
{ "type": "Feature", "properties": { "pt_id": "  4025", "trajectory_id": 4, "北京时间": "2026-05-11 10:00", "lon": 113.79, "lat": 29.452, "height": 272.0 }, "geometry": { "type": "Point", "coordinates": [ 113.79, 29.452 ] } },
{ "type": "Feature", "properties": { "pt_id": "  4026", "trajectory_id": 4, "北京时间": "2026-05-11 09:00", "lon": 113.728, "lat": 29.326, "height": 368.0 }, "geometry": { "type": "Point", "coordinates": [ 113.728, 29.326 ] } },
{ "type": "Feature", "properties": { "pt_id": "  4027", "trajectory_id": 4, "北京时间": "2026-05-11 08:00", "lon": 113.666, "lat": 29.182, "height": 490.0 }, "geometry": { "type": "Point", "coordinates": [ 113.666, 29.182 ] } },
{ "type": "Feature", "properties": { "pt_id": "  4028", "trajectory_id": 4, "北京时间": "2026-05-11 07:00", "lon": 113.634, "lat": 29.036, "height": 606.0 }, "geometry": { "type": "Point", "coordinates": [ 113.634, 29.036 ] } },
{ "type": "Feature", "properties": { "pt_id": "  4029", "trajectory_id": 4, "北京时间": "2026-05-11 06:00", "lon": 113.61, "lat": 28.907, "height": 669.0 }, "geometry": { "type": "Point", "coordinates": [ 113.61, 28.907 ] } },
{ "type": "Feature", "properties": { "pt_id": "  4030", "trajectory_id": 4, "北京时间": "2026-05-11 05:00", "lon": 113.565, "lat": 28.794, "height": 670.0 }, "geometry": { "type": "Point", "coordinates": [ 113.565, 28.794 ] } },
{ "type": "Feature", "properties": { "pt_id": "  4031", "trajectory_id": 4, "北京时间": "2026-05-11 04:00", "lon": 113.505, "lat": 28.681, "height": 682.0 }, "geometry": { "type": "Point", "coordinates": [ 113.505, 28.681 ] } },
{ "type": "Feature", "properties": { "pt_id": "  4032", "trajectory_id": 4, "北京时间": "2026-05-11 03:00", "lon": 113.455, "lat": 28.566, "height": 754.0 }, "geometry": { "type": "Point", "coordinates": [ 113.455, 28.566 ] } },
{ "type": "Feature", "properties": { "pt_id": "  4033", "trajectory_id": 4, "北京时间": "2026-05-11 02:00", "lon": 113.413, "lat": 28.458, "height": 834.0 }, "geometry": { "type": "Point", "coordinates": [ 113.413, 28.458 ] } },
{ "type": "Feature", "properties": { "pt_id": "  4034", "trajectory_id": 4, "北京时间": "2026-05-11 01:00", "lon": 113.363, "lat": 28.361, "height": 887.0 }, "geometry": { "type": "Point", "coordinates": [ 113.363, 28.361 ] } },
{ "type": "Feature", "properties": { "pt_id": "  4035", "trajectory_id": 4, "北京时间": "2026-05-11 00:00", "lon": 113.292, "lat": 28.268, "height": 916.0 }, "geometry": { "type": "Point", "coordinates": [ 113.292, 28.268 ] } },
{ "type": "Feature", "properties": { "pt_id": "  4036", "trajectory_id": 4, "北京时间": "2026-05-10 23:00", "lon": 113.198, "lat": 28.172, "height": 938.0 }, "geometry": { "type": "Point", "coordinates": [ 113.198, 28.172 ] } },
{ "type": "Feature", "properties": { "pt_id": "  4037", "trajectory_id": 4, "北京时间": "2026-05-10 22:00", "lon": 113.088, "lat": 28.08, "height": 962.0 }, "geometry": { "type": "Point", "coordinates": [ 113.088, 28.08 ] } },
{ "type": "Feature", "properties": { "pt_id": "  4038", "trajectory_id": 4, "北京时间": "2026-05-10 21:00", "lon": 112.971, "lat": 27.993, "height": 998.0 }, "geometry": { "type": "Point", "coordinates": [ 112.971, 27.993 ] } },
{ "type": "Feature", "properties": { "pt_id": "  4039", "trajectory_id": 4, "北京时间": "2026-05-10 20:00", "lon": 112.856, "lat": 27.919, "height": 1047.0 }, "geometry": { "type": "Point", "coordinates": [ 112.856, 27.919 ] } },
{ "type": "Feature", "properties": { "pt_id": "  4040", "trajectory_id": 4, "北京时间": "2026-05-10 19:00", "lon": 112.743, "lat": 27.866, "height": 1093.0 }, "geometry": { "type": "Point", "coordinates": [ 112.743, 27.866 ] } },
{ "type": "Feature", "properties": { "pt_id": "  4041", "trajectory_id": 4, "北京时间": "2026-05-10 18:00", "lon": 112.629, "lat": 27.835, "height": 1117.0 }, "geometry": { "type": "Point", "coordinates": [ 112.629, 27.835 ] } },
{ "type": "Feature", "properties": { "pt_id": "  4042", "trajectory_id": 4, "北京时间": "2026-05-10 17:00", "lon": 112.518, "lat": 27.821, "height": 1114.0 }, "geometry": { "type": "Point", "coordinates": [ 112.518, 27.821 ] } },
{ "type": "Feature", "properties": { "pt_id": "  4043", "trajectory_id": 4, "北京时间": "2026-05-10 16:00", "lon": 112.402, "lat": 27.814, "height": 1098.0 }, "geometry": { "type": "Point", "coordinates": [ 112.402, 27.814 ] } },
{ "type": "Feature", "properties": { "pt_id": "  4044", "trajectory_id": 4, "北京时间": "2026-05-10 15:00", "lon": 112.275, "lat": 27.817, "height": 1092.0 }, "geometry": { "type": "Point", "coordinates": [ 112.275, 27.817 ] } },
{ "type": "Feature", "properties": { "pt_id": "  4045", "trajectory_id": 4, "北京时间": "2026-05-10 14:00", "lon": 112.133, "lat": 27.827, "height": 1095.0 }, "geometry": { "type": "Point", "coordinates": [ 112.133, 27.827 ] } },
{ "type": "Feature", "properties": { "pt_id": "  4046", "trajectory_id": 4, "北京时间": "2026-05-10 13:00", "lon": 111.981, "lat": 27.845, "height": 1114.0 }, "geometry": { "type": "Point", "coordinates": [ 111.981, 27.845 ] } },
{ "type": "Feature", "properties": { "pt_id": "  4047", "trajectory_id": 4, "北京时间": "2026-05-10 12:00", "lon": 111.828, "lat": 27.877, "height": 1158.0 }, "geometry": { "type": "Point", "coordinates": [ 111.828, 27.877 ] } },
{ "type": "Feature", "properties": { "pt_id": "  4048", "trajectory_id": 4, "北京时间": "2026-05-10 11:00", "lon": 111.676, "lat": 27.925, "height": 1225.0 }, "geometry": { "type": "Point", "coordinates": [ 111.676, 27.925 ] } },
{ "type": "Feature", "properties": { "pt_id": "  4049", "trajectory_id": 4, "北京时间": "2026-05-10 10:00", "lon": 111.525, "lat": 27.982, "height": 1272.0 }, "geometry": { "type": "Point", "coordinates": [ 111.525, 27.982 ] } },
{ "type": "Feature", "properties": { "pt_id": "  4050", "trajectory_id": 4, "北京时间": "2026-05-10 09:00", "lon": 111.377, "lat": 28.041, "height": 1329.0 }, "geometry": { "type": "Point", "coordinates": [ 111.377, 28.041 ] } },
{ "type": "Feature", "properties": { "pt_id": "  4051", "trajectory_id": 4, "北京时间": "2026-05-10 08:00", "lon": 111.224, "lat": 28.102, "height": 1426.0 }, "geometry": { "type": "Point", "coordinates": [ 111.224, 28.102 ] } },
{ "type": "Feature", "properties": { "pt_id": "  4052", "trajectory_id": 4, "北京时间": "2026-05-10 07:00", "lon": 111.07, "lat": 28.17, "height": 1549.0 }, "geometry": { "type": "Point", "coordinates": [ 111.07, 28.17 ] } },
{ "type": "Feature", "properties": { "pt_id": "  4053", "trajectory_id": 4, "北京时间": "2026-05-10 06:00", "lon": 110.912, "lat": 28.242, "height": 1652.0 }, "geometry": { "type": "Point", "coordinates": [ 110.912, 28.242 ] } },
{ "type": "Feature", "properties": { "pt_id": "  4054", "trajectory_id": 4, "北京时间": "2026-05-10 05:00", "lon": 110.745, "lat": 28.309, "height": 1700.0 }, "geometry": { "type": "Point", "coordinates": [ 110.745, 28.309 ] } },
{ "type": "Feature", "properties": { "pt_id": "  4055", "trajectory_id": 4, "北京时间": "2026-05-10 04:00", "lon": 110.584, "lat": 28.373, "height": 1727.0 }, "geometry": { "type": "Point", "coordinates": [ 110.584, 28.373 ] } },
{ "type": "Feature", "properties": { "pt_id": "  4056", "trajectory_id": 4, "北京时间": "2026-05-10 03:00", "lon": 110.439, "lat": 28.43, "height": 1723.0 }, "geometry": { "type": "Point", "coordinates": [ 110.439, 28.43 ] } },
{ "type": "Feature", "properties": { "pt_id": "  4057", "trajectory_id": 4, "北京时间": "2026-05-10 02:00", "lon": 110.303, "lat": 28.482, "height": 1701.0 }, "geometry": { "type": "Point", "coordinates": [ 110.303, 28.482 ] } },
{ "type": "Feature", "properties": { "pt_id": "  4058", "trajectory_id": 4, "北京时间": "2026-05-10 01:00", "lon": 110.172, "lat": 28.544, "height": 1711.0 }, "geometry": { "type": "Point", "coordinates": [ 110.172, 28.544 ] } },
{ "type": "Feature", "properties": { "pt_id": "  4059", "trajectory_id": 4, "北京时间": "2026-05-10 00:00", "lon": 110.043, "lat": 28.617, "height": 1764.0 }, "geometry": { "type": "Point", "coordinates": [ 110.043, 28.617 ] } },
{ "type": "Feature", "properties": { "pt_id": "  4060", "trajectory_id": 4, "北京时间": "2026-05-09 23:00", "lon": 109.914, "lat": 28.685, "height": 1820.0 }, "geometry": { "type": "Point", "coordinates": [ 109.914, 28.685 ] } },
{ "type": "Feature", "properties": { "pt_id": "  5000", "trajectory_id": 5, "北京时间": "2026-05-11 23:00", "lon": 113.942, "lat": 30.907, "height": 10.0 }, "geometry": { "type": "Point", "coordinates": [ 113.942, 30.907 ] } },
{ "type": "Feature", "properties": { "pt_id": "  5017", "trajectory_id": 5, "北京时间": "2026-05-11 22:00", "lon": 113.939, "lat": 30.794, "height": 8.0 }, "geometry": { "type": "Point", "coordinates": [ 113.939, 30.794 ] } },
{ "type": "Feature", "properties": { "pt_id": "  5018", "trajectory_id": 5, "北京时间": "2026-05-11 21:00", "lon": 113.938, "lat": 30.685, "height": 8.0 }, "geometry": { "type": "Point", "coordinates": [ 113.938, 30.685 ] } },
{ "type": "Feature", "properties": { "pt_id": "  5019", "trajectory_id": 5, "北京时间": "2026-05-11 20:00", "lon": 113.937, "lat": 30.583, "height": 10.0 }, "geometry": { "type": "Point", "coordinates": [ 113.937, 30.583 ] } },
{ "type": "Feature", "properties": { "pt_id": "  5020", "trajectory_id": 5, "北京时间": "2026-05-11 19:00", "lon": 113.927, "lat": 30.488, "height": 13.0 }, "geometry": { "type": "Point", "coordinates": [ 113.927, 30.488 ] } },
{ "type": "Feature", "properties": { "pt_id": "  5021", "trajectory_id": 5, "北京时间": "2026-05-11 18:00", "lon": 113.905, "lat": 30.392, "height": 16.0 }, "geometry": { "type": "Point", "coordinates": [ 113.905, 30.392 ] } },
{ "type": "Feature", "properties": { "pt_id": "  5022", "trajectory_id": 5, "北京时间": "2026-05-11 17:00", "lon": 113.87, "lat": 30.286, "height": 17.0 }, "geometry": { "type": "Point", "coordinates": [ 113.87, 30.286 ] } },
{ "type": "Feature", "properties": { "pt_id": "  5023", "trajectory_id": 5, "北京时间": "2026-05-11 16:00", "lon": 113.823, "lat": 30.174, "height": 18.0 }, "geometry": { "type": "Point", "coordinates": [ 113.823, 30.174 ] } },
{ "type": "Feature", "properties": { "pt_id": "  5024", "trajectory_id": 5, "北京时间": "2026-05-11 15:00", "lon": 113.769, "lat": 30.059, "height": 19.0 }, "geometry": { "type": "Point", "coordinates": [ 113.769, 30.059 ] } },
{ "type": "Feature", "properties": { "pt_id": "  5025", "trajectory_id": 5, "北京时间": "2026-05-11 14:00", "lon": 113.713, "lat": 29.947, "height": 22.0 }, "geometry": { "type": "Point", "coordinates": [ 113.713, 29.947 ] } },
{ "type": "Feature", "properties": { "pt_id": "  5026", "trajectory_id": 5, "北京时间": "2026-05-11 13:00", "lon": 113.648, "lat": 29.832, "height": 30.0 }, "geometry": { "type": "Point", "coordinates": [ 113.648, 29.832 ] } },
{ "type": "Feature", "properties": { "pt_id": "  5027", "trajectory_id": 5, "北京时间": "2026-05-11 12:00", "lon": 113.566, "lat": 29.699, "height": 54.0 }, "geometry": { "type": "Point", "coordinates": [ 113.566, 29.699 ] } },
{ "type": "Feature", "properties": { "pt_id": "  5028", "trajectory_id": 5, "北京时间": "2026-05-11 11:00", "lon": 113.481, "lat": 29.535, "height": 118.0 }, "geometry": { "type": "Point", "coordinates": [ 113.481, 29.535 ] } },
{ "type": "Feature", "properties": { "pt_id": "  5029", "trajectory_id": 5, "北京时间": "2026-05-11 10:00", "lon": 113.413, "lat": 29.362, "height": 192.0 }, "geometry": { "type": "Point", "coordinates": [ 113.413, 29.362 ] } },
{ "type": "Feature", "properties": { "pt_id": "  5030", "trajectory_id": 5, "北京时间": "2026-05-11 09:00", "lon": 113.356, "lat": 29.211, "height": 211.0 }, "geometry": { "type": "Point", "coordinates": [ 113.356, 29.211 ] } },
{ "type": "Feature", "properties": { "pt_id": "  5031", "trajectory_id": 5, "北京时间": "2026-05-11 08:00", "lon": 113.302, "lat": 29.07, "height": 229.0 }, "geometry": { "type": "Point", "coordinates": [ 113.302, 29.07 ] } },
{ "type": "Feature", "properties": { "pt_id": "  5032", "trajectory_id": 5, "北京时间": "2026-05-11 07:00", "lon": 113.256, "lat": 28.93, "height": 282.0 }, "geometry": { "type": "Point", "coordinates": [ 113.256, 28.93 ] } },
{ "type": "Feature", "properties": { "pt_id": "  5033", "trajectory_id": 5, "北京时间": "2026-05-11 06:00", "lon": 113.223, "lat": 28.793, "height": 350.0 }, "geometry": { "type": "Point", "coordinates": [ 113.223, 28.793 ] } },
{ "type": "Feature", "properties": { "pt_id": "  5034", "trajectory_id": 5, "北京时间": "2026-05-11 05:00", "lon": 113.197, "lat": 28.658, "height": 411.0 }, "geometry": { "type": "Point", "coordinates": [ 113.197, 28.658 ] } },
{ "type": "Feature", "properties": { "pt_id": "  5035", "trajectory_id": 5, "北京时间": "2026-05-11 04:00", "lon": 113.171, "lat": 28.521, "height": 458.0 }, "geometry": { "type": "Point", "coordinates": [ 113.171, 28.521 ] } },
{ "type": "Feature", "properties": { "pt_id": "  5036", "trajectory_id": 5, "北京时间": "2026-05-11 03:00", "lon": 113.148, "lat": 28.377, "height": 495.0 }, "geometry": { "type": "Point", "coordinates": [ 113.148, 28.377 ] } },
{ "type": "Feature", "properties": { "pt_id": "  5037", "trajectory_id": 5, "北京时间": "2026-05-11 02:00", "lon": 113.127, "lat": 28.227, "height": 513.0 }, "geometry": { "type": "Point", "coordinates": [ 113.127, 28.227 ] } },
{ "type": "Feature", "properties": { "pt_id": "  5038", "trajectory_id": 5, "北京时间": "2026-05-11 01:00", "lon": 113.097, "lat": 28.07, "height": 522.0 }, "geometry": { "type": "Point", "coordinates": [ 113.097, 28.07 ] } },
{ "type": "Feature", "properties": { "pt_id": "  5039", "trajectory_id": 5, "北京时间": "2026-05-11 00:00", "lon": 113.048, "lat": 27.912, "height": 537.0 }, "geometry": { "type": "Point", "coordinates": [ 113.048, 27.912 ] } },
{ "type": "Feature", "properties": { "pt_id": "  5040", "trajectory_id": 5, "北京时间": "2026-05-10 23:00", "lon": 112.987, "lat": 27.766, "height": 547.0 }, "geometry": { "type": "Point", "coordinates": [ 112.987, 27.766 ] } },
{ "type": "Feature", "properties": { "pt_id": "  5041", "trajectory_id": 5, "北京时间": "2026-05-10 22:00", "lon": 112.925, "lat": 27.641, "height": 559.0 }, "geometry": { "type": "Point", "coordinates": [ 112.925, 27.641 ] } },
{ "type": "Feature", "properties": { "pt_id": "  5042", "trajectory_id": 5, "北京时间": "2026-05-10 21:00", "lon": 112.866, "lat": 27.536, "height": 573.0 }, "geometry": { "type": "Point", "coordinates": [ 112.866, 27.536 ] } },
{ "type": "Feature", "properties": { "pt_id": "  5043", "trajectory_id": 5, "北京时间": "2026-05-10 20:00", "lon": 112.803, "lat": 27.448, "height": 588.0 }, "geometry": { "type": "Point", "coordinates": [ 112.803, 27.448 ] } },
{ "type": "Feature", "properties": { "pt_id": "  5044", "trajectory_id": 5, "北京时间": "2026-05-10 19:00", "lon": 112.73, "lat": 27.379, "height": 604.0 }, "geometry": { "type": "Point", "coordinates": [ 112.73, 27.379 ] } },
{ "type": "Feature", "properties": { "pt_id": "  5045", "trajectory_id": 5, "北京时间": "2026-05-10 18:00", "lon": 112.647, "lat": 27.322, "height": 616.0 }, "geometry": { "type": "Point", "coordinates": [ 112.647, 27.322 ] } },
{ "type": "Feature", "properties": { "pt_id": "  5046", "trajectory_id": 5, "北京时间": "2026-05-10 17:00", "lon": 112.561, "lat": 27.265, "height": 626.0 }, "geometry": { "type": "Point", "coordinates": [ 112.561, 27.265 ] } },
{ "type": "Feature", "properties": { "pt_id": "  5047", "trajectory_id": 5, "北京时间": "2026-05-10 16:00", "lon": 112.479, "lat": 27.205, "height": 635.0 }, "geometry": { "type": "Point", "coordinates": [ 112.479, 27.205 ] } },
{ "type": "Feature", "properties": { "pt_id": "  5048", "trajectory_id": 5, "北京时间": "2026-05-10 15:00", "lon": 112.405, "lat": 27.142, "height": 643.0 }, "geometry": { "type": "Point", "coordinates": [ 112.405, 27.142 ] } },
{ "type": "Feature", "properties": { "pt_id": "  5049", "trajectory_id": 5, "北京时间": "2026-05-10 14:00", "lon": 112.336, "lat": 27.092, "height": 649.0 }, "geometry": { "type": "Point", "coordinates": [ 112.336, 27.092 ] } },
{ "type": "Feature", "properties": { "pt_id": "  5050", "trajectory_id": 5, "北京时间": "2026-05-10 13:00", "lon": 112.265, "lat": 27.061, "height": 652.0 }, "geometry": { "type": "Point", "coordinates": [ 112.265, 27.061 ] } },
{ "type": "Feature", "properties": { "pt_id": "  5051", "trajectory_id": 5, "北京时间": "2026-05-10 12:00", "lon": 112.187, "lat": 27.044, "height": 663.0 }, "geometry": { "type": "Point", "coordinates": [ 112.187, 27.044 ] } },
{ "type": "Feature", "properties": { "pt_id": "  5052", "trajectory_id": 5, "北京时间": "2026-05-10 11:00", "lon": 112.104, "lat": 27.045, "height": 702.0 }, "geometry": { "type": "Point", "coordinates": [ 112.104, 27.045 ] } },
{ "type": "Feature", "properties": { "pt_id": "  5053", "trajectory_id": 5, "北京时间": "2026-05-10 10:00", "lon": 112.025, "lat": 27.065, "height": 782.0 }, "geometry": { "type": "Point", "coordinates": [ 112.025, 27.065 ] } },
{ "type": "Feature", "properties": { "pt_id": "  5054", "trajectory_id": 5, "北京时间": "2026-05-10 09:00", "lon": 111.952, "lat": 27.098, "height": 904.0 }, "geometry": { "type": "Point", "coordinates": [ 111.952, 27.098 ] } },
{ "type": "Feature", "properties": { "pt_id": "  5055", "trajectory_id": 5, "北京时间": "2026-05-10 08:00", "lon": 111.879, "lat": 27.133, "height": 1030.0 }, "geometry": { "type": "Point", "coordinates": [ 111.879, 27.133 ] } },
{ "type": "Feature", "properties": { "pt_id": "  5056", "trajectory_id": 5, "北京时间": "2026-05-10 07:00", "lon": 111.805, "lat": 27.164, "height": 1113.0 }, "geometry": { "type": "Point", "coordinates": [ 111.805, 27.164 ] } },
{ "type": "Feature", "properties": { "pt_id": "  5057", "trajectory_id": 5, "北京时间": "2026-05-10 06:00", "lon": 111.733, "lat": 27.189, "height": 1153.0 }, "geometry": { "type": "Point", "coordinates": [ 111.733, 27.189 ] } },
{ "type": "Feature", "properties": { "pt_id": "  5058", "trajectory_id": 5, "北京时间": "2026-05-10 05:00", "lon": 111.666, "lat": 27.212, "height": 1170.0 }, "geometry": { "type": "Point", "coordinates": [ 111.666, 27.212 ] } },
{ "type": "Feature", "properties": { "pt_id": "  5059", "trajectory_id": 5, "北京时间": "2026-05-10 04:00", "lon": 111.61, "lat": 27.238, "height": 1188.0 }, "geometry": { "type": "Point", "coordinates": [ 111.61, 27.238 ] } },
{ "type": "Feature", "properties": { "pt_id": "  5060", "trajectory_id": 5, "北京时间": "2026-05-10 03:00", "lon": 111.563, "lat": 27.27, "height": 1225.0 }, "geometry": { "type": "Point", "coordinates": [ 111.563, 27.27 ] } },
{ "type": "Feature", "properties": { "pt_id": "  5061", "trajectory_id": 5, "北京时间": "2026-05-10 02:00", "lon": 111.521, "lat": 27.307, "height": 1274.0 }, "geometry": { "type": "Point", "coordinates": [ 111.521, 27.307 ] } },
{ "type": "Feature", "properties": { "pt_id": "  5062", "trajectory_id": 5, "北京时间": "2026-05-10 01:00", "lon": 111.482, "lat": 27.345, "height": 1312.0 }, "geometry": { "type": "Point", "coordinates": [ 111.482, 27.345 ] } },
{ "type": "Feature", "properties": { "pt_id": "  5063", "trajectory_id": 5, "北京时间": "2026-05-10 00:00", "lon": 111.446, "lat": 27.379, "height": 1318.0 }, "geometry": { "type": "Point", "coordinates": [ 111.446, 27.379 ] } },
{ "type": "Feature", "properties": { "pt_id": "  5064", "trajectory_id": 5, "北京时间": "2026-05-09 23:00", "lon": 111.415, "lat": 27.412, "height": 1295.0 }, "geometry": { "type": "Point", "coordinates": [ 111.415, 27.412 ] } },
{ "type": "Feature", "properties": { "pt_id": "  6000", "trajectory_id": 6, "北京时间": "2026-05-11 23:00", "lon": 113.942, "lat": 30.907, "height": 10.0 }, "geometry": { "type": "Point", "coordinates": [ 113.942, 30.907 ] } },
{ "type": "Feature", "properties": { "pt_id": "  6021", "trajectory_id": 6, "北京时间": "2026-05-11 22:00", "lon": 113.913, "lat": 30.797, "height": 13.0 }, "geometry": { "type": "Point", "coordinates": [ 113.913, 30.797 ] } },
{ "type": "Feature", "properties": { "pt_id": "  6022", "trajectory_id": 6, "北京时间": "2026-05-11 21:00", "lon": 113.87, "lat": 30.679, "height": 18.0 }, "geometry": { "type": "Point", "coordinates": [ 113.87, 30.679 ] } },
{ "type": "Feature", "properties": { "pt_id": "  6023", "trajectory_id": 6, "北京时间": "2026-05-11 20:00", "lon": 113.821, "lat": 30.56, "height": 20.0 }, "geometry": { "type": "Point", "coordinates": [ 113.821, 30.56 ] } },
{ "type": "Feature", "properties": { "pt_id": "  6024", "trajectory_id": 6, "北京时间": "2026-05-11 19:00", "lon": 113.767, "lat": 30.444, "height": 17.0 }, "geometry": { "type": "Point", "coordinates": [ 113.767, 30.444 ] } },
{ "type": "Feature", "properties": { "pt_id": "  6025", "trajectory_id": 6, "北京时间": "2026-05-11 18:00", "lon": 113.706, "lat": 30.327, "height": 14.0 }, "geometry": { "type": "Point", "coordinates": [ 113.706, 30.327 ] } },
{ "type": "Feature", "properties": { "pt_id": "  6026", "trajectory_id": 6, "北京时间": "2026-05-11 17:00", "lon": 113.633, "lat": 30.204, "height": 14.0 }, "geometry": { "type": "Point", "coordinates": [ 113.633, 30.204 ] } },
{ "type": "Feature", "properties": { "pt_id": "  6027", "trajectory_id": 6, "北京时间": "2026-05-11 16:00", "lon": 113.549, "lat": 30.078, "height": 14.0 }, "geometry": { "type": "Point", "coordinates": [ 113.549, 30.078 ] } },
{ "type": "Feature", "properties": { "pt_id": "  6028", "trajectory_id": 6, "北京时间": "2026-05-11 15:00", "lon": 113.465, "lat": 29.946, "height": 16.0 }, "geometry": { "type": "Point", "coordinates": [ 113.465, 29.946 ] } },
{ "type": "Feature", "properties": { "pt_id": "  6029", "trajectory_id": 6, "北京时间": "2026-05-11 14:00", "lon": 113.387, "lat": 29.806, "height": 27.0 }, "geometry": { "type": "Point", "coordinates": [ 113.387, 29.806 ] } },
{ "type": "Feature", "properties": { "pt_id": "  6030", "trajectory_id": 6, "北京时间": "2026-05-11 13:00", "lon": 113.309, "lat": 29.654, "height": 43.0 }, "geometry": { "type": "Point", "coordinates": [ 113.309, 29.654 ] } },
{ "type": "Feature", "properties": { "pt_id": "  6031", "trajectory_id": 6, "北京时间": "2026-05-11 12:00", "lon": 113.243, "lat": 29.498, "height": 53.0 }, "geometry": { "type": "Point", "coordinates": [ 113.243, 29.498 ] } },
{ "type": "Feature", "properties": { "pt_id": "  6032", "trajectory_id": 6, "北京时间": "2026-05-11 11:00", "lon": 113.187, "lat": 29.342, "height": 59.0 }, "geometry": { "type": "Point", "coordinates": [ 113.187, 29.342 ] } },
{ "type": "Feature", "properties": { "pt_id": "  6033", "trajectory_id": 6, "北京时间": "2026-05-11 10:00", "lon": 113.133, "lat": 29.189, "height": 61.0 }, "geometry": { "type": "Point", "coordinates": [ 113.133, 29.189 ] } },
{ "type": "Feature", "properties": { "pt_id": "  6034", "trajectory_id": 6, "北京时间": "2026-05-11 09:00", "lon": 113.09, "lat": 29.039, "height": 63.0 }, "geometry": { "type": "Point", "coordinates": [ 113.09, 29.039 ] } },
{ "type": "Feature", "properties": { "pt_id": "  6035", "trajectory_id": 6, "北京时间": "2026-05-11 08:00", "lon": 113.061, "lat": 28.894, "height": 72.0 }, "geometry": { "type": "Point", "coordinates": [ 113.061, 28.894 ] } },
{ "type": "Feature", "properties": { "pt_id": "  6036", "trajectory_id": 6, "北京时间": "2026-05-11 07:00", "lon": 113.041, "lat": 28.758, "height": 91.0 }, "geometry": { "type": "Point", "coordinates": [ 113.041, 28.758 ] } },
{ "type": "Feature", "properties": { "pt_id": "  6037", "trajectory_id": 6, "北京时间": "2026-05-11 06:00", "lon": 113.039, "lat": 28.625, "height": 110.0 }, "geometry": { "type": "Point", "coordinates": [ 113.039, 28.625 ] } },
{ "type": "Feature", "properties": { "pt_id": "  6038", "trajectory_id": 6, "北京时间": "2026-05-11 05:00", "lon": 113.057, "lat": 28.495, "height": 129.0 }, "geometry": { "type": "Point", "coordinates": [ 113.057, 28.495 ] } },
{ "type": "Feature", "properties": { "pt_id": "  6039", "trajectory_id": 6, "北京时间": "2026-05-11 04:00", "lon": 113.082, "lat": 28.359, "height": 149.0 }, "geometry": { "type": "Point", "coordinates": [ 113.082, 28.359 ] } },
{ "type": "Feature", "properties": { "pt_id": "  6040", "trajectory_id": 6, "北京时间": "2026-05-11 03:00", "lon": 113.11, "lat": 28.208, "height": 155.0 }, "geometry": { "type": "Point", "coordinates": [ 113.11, 28.208 ] } },
{ "type": "Feature", "properties": { "pt_id": "  6041", "trajectory_id": 6, "北京时间": "2026-05-11 02:00", "lon": 113.14, "lat": 28.054, "height": 161.0 }, "geometry": { "type": "Point", "coordinates": [ 113.14, 28.054 ] } },
{ "type": "Feature", "properties": { "pt_id": "  6042", "trajectory_id": 6, "北京时间": "2026-05-11 01:00", "lon": 113.172, "lat": 27.905, "height": 171.0 }, "geometry": { "type": "Point", "coordinates": [ 113.172, 27.905 ] } },
{ "type": "Feature", "properties": { "pt_id": "  6043", "trajectory_id": 6, "北京时间": "2026-05-11 00:00", "lon": 113.204, "lat": 27.78, "height": 179.0 }, "geometry": { "type": "Point", "coordinates": [ 113.204, 27.78 ] } },
{ "type": "Feature", "properties": { "pt_id": "  6044", "trajectory_id": 6, "北京时间": "2026-05-10 23:00", "lon": 113.221, "lat": 27.678, "height": 190.0 }, "geometry": { "type": "Point", "coordinates": [ 113.221, 27.678 ] } },
{ "type": "Feature", "properties": { "pt_id": "  6045", "trajectory_id": 6, "北京时间": "2026-05-10 22:00", "lon": 113.22, "lat": 27.588, "height": 209.0 }, "geometry": { "type": "Point", "coordinates": [ 113.22, 27.588 ] } },
{ "type": "Feature", "properties": { "pt_id": "  6046", "trajectory_id": 6, "北京时间": "2026-05-10 21:00", "lon": 113.209, "lat": 27.501, "height": 243.0 }, "geometry": { "type": "Point", "coordinates": [ 113.209, 27.501 ] } },
{ "type": "Feature", "properties": { "pt_id": "  6047", "trajectory_id": 6, "北京时间": "2026-05-10 20:00", "lon": 113.193, "lat": 27.412, "height": 281.0 }, "geometry": { "type": "Point", "coordinates": [ 113.193, 27.412 ] } },
{ "type": "Feature", "properties": { "pt_id": "  6048", "trajectory_id": 6, "北京时间": "2026-05-10 19:00", "lon": 113.177, "lat": 27.316, "height": 306.0 }, "geometry": { "type": "Point", "coordinates": [ 113.177, 27.316 ] } },
{ "type": "Feature", "properties": { "pt_id": "  6049", "trajectory_id": 6, "北京时间": "2026-05-10 18:00", "lon": 113.163, "lat": 27.217, "height": 314.0 }, "geometry": { "type": "Point", "coordinates": [ 113.163, 27.217 ] } },
{ "type": "Feature", "properties": { "pt_id": "  6050", "trajectory_id": 6, "北京时间": "2026-05-10 17:00", "lon": 113.151, "lat": 27.124, "height": 320.0 }, "geometry": { "type": "Point", "coordinates": [ 113.151, 27.124 ] } },
{ "type": "Feature", "properties": { "pt_id": "  6051", "trajectory_id": 6, "北京时间": "2026-05-10 16:00", "lon": 113.142, "lat": 27.042, "height": 324.0 }, "geometry": { "type": "Point", "coordinates": [ 113.142, 27.042 ] } },
{ "type": "Feature", "properties": { "pt_id": "  6052", "trajectory_id": 6, "北京时间": "2026-05-10 15:00", "lon": 113.133, "lat": 26.974, "height": 323.0 }, "geometry": { "type": "Point", "coordinates": [ 113.133, 26.974 ] } },
{ "type": "Feature", "properties": { "pt_id": "  6053", "trajectory_id": 6, "北京时间": "2026-05-10 14:00", "lon": 113.118, "lat": 26.917, "height": 322.0 }, "geometry": { "type": "Point", "coordinates": [ 113.118, 26.917 ] } },
{ "type": "Feature", "properties": { "pt_id": "  6054", "trajectory_id": 6, "北京时间": "2026-05-10 13:00", "lon": 113.094, "lat": 26.872, "height": 333.0 }, "geometry": { "type": "Point", "coordinates": [ 113.094, 26.872 ] } },
{ "type": "Feature", "properties": { "pt_id": "  6055", "trajectory_id": 6, "北京时间": "2026-05-10 12:00", "lon": 113.07, "lat": 26.837, "height": 357.0 }, "geometry": { "type": "Point", "coordinates": [ 113.07, 26.837 ] } },
{ "type": "Feature", "properties": { "pt_id": "  6056", "trajectory_id": 6, "北京时间": "2026-05-10 11:00", "lon": 113.053, "lat": 26.812, "height": 384.0 }, "geometry": { "type": "Point", "coordinates": [ 113.053, 26.812 ] } },
{ "type": "Feature", "properties": { "pt_id": "  6057", "trajectory_id": 6, "北京时间": "2026-05-10 10:00", "lon": 113.041, "lat": 26.793, "height": 409.0 }, "geometry": { "type": "Point", "coordinates": [ 113.041, 26.793 ] } },
{ "type": "Feature", "properties": { "pt_id": "  6058", "trajectory_id": 6, "北京时间": "2026-05-10 09:00", "lon": 113.032, "lat": 26.78, "height": 429.0 }, "geometry": { "type": "Point", "coordinates": [ 113.032, 26.78 ] } },
{ "type": "Feature", "properties": { "pt_id": "  6059", "trajectory_id": 6, "北京时间": "2026-05-10 08:00", "lon": 113.021, "lat": 26.776, "height": 440.0 }, "geometry": { "type": "Point", "coordinates": [ 113.021, 26.776 ] } },
{ "type": "Feature", "properties": { "pt_id": "  6060", "trajectory_id": 6, "北京时间": "2026-05-10 07:00", "lon": 113.007, "lat": 26.78, "height": 443.0 }, "geometry": { "type": "Point", "coordinates": [ 113.007, 26.78 ] } },
{ "type": "Feature", "properties": { "pt_id": "  6061", "trajectory_id": 6, "北京时间": "2026-05-10 06:00", "lon": 112.998, "lat": 26.795, "height": 443.0 }, "geometry": { "type": "Point", "coordinates": [ 112.998, 26.795 ] } },
{ "type": "Feature", "properties": { "pt_id": "  6062", "trajectory_id": 6, "北京时间": "2026-05-10 05:00", "lon": 113.005, "lat": 26.822, "height": 443.0 }, "geometry": { "type": "Point", "coordinates": [ 113.005, 26.822 ] } },
{ "type": "Feature", "properties": { "pt_id": "  6063", "trajectory_id": 6, "北京时间": "2026-05-10 04:00", "lon": 113.03, "lat": 26.863, "height": 443.0 }, "geometry": { "type": "Point", "coordinates": [ 113.03, 26.863 ] } },
{ "type": "Feature", "properties": { "pt_id": "  6064", "trajectory_id": 6, "北京时间": "2026-05-10 03:00", "lon": 113.063, "lat": 26.915, "height": 444.0 }, "geometry": { "type": "Point", "coordinates": [ 113.063, 26.915 ] } },
{ "type": "Feature", "properties": { "pt_id": "  6065", "trajectory_id": 6, "北京时间": "2026-05-10 02:00", "lon": 113.093, "lat": 26.977, "height": 446.0 }, "geometry": { "type": "Point", "coordinates": [ 113.093, 26.977 ] } },
{ "type": "Feature", "properties": { "pt_id": "  6066", "trajectory_id": 6, "北京时间": "2026-05-10 01:00", "lon": 113.12, "lat": 27.048, "height": 447.0 }, "geometry": { "type": "Point", "coordinates": [ 113.12, 27.048 ] } },
{ "type": "Feature", "properties": { "pt_id": "  6067", "trajectory_id": 6, "北京时间": "2026-05-10 00:00", "lon": 113.136, "lat": 27.119, "height": 432.0 }, "geometry": { "type": "Point", "coordinates": [ 113.136, 27.119 ] } },
{ "type": "Feature", "properties": { "pt_id": "  6068", "trajectory_id": 6, "北京时间": "2026-05-09 23:00", "lon": 113.132, "lat": 27.19, "height": 395.0 }, "geometry": { "type": "Point", "coordinates": [ 113.132, 27.19 ] } },
{ "type": "Feature", "properties": { "pt_id": "  7000", "trajectory_id": 7, "北京时间": "2026-05-11 23:00", "lon": 113.942, "lat": 30.907, "height": 10.0 }, "geometry": { "type": "Point", "coordinates": [ 113.942, 30.907 ] } },
{ "type": "Feature", "properties": { "pt_id": "  7025", "trajectory_id": 7, "北京时间": "2026-05-11 22:00", "lon": 113.897, "lat": 30.789, "height": 9.0 }, "geometry": { "type": "Point", "coordinates": [ 113.897, 30.789 ] } },
{ "type": "Feature", "properties": { "pt_id": "  7026", "trajectory_id": 7, "北京时间": "2026-05-11 21:00", "lon": 113.847, "lat": 30.672, "height": 8.0 }, "geometry": { "type": "Point", "coordinates": [ 113.847, 30.672 ] } },
{ "type": "Feature", "properties": { "pt_id": "  7027", "trajectory_id": 7, "北京时间": "2026-05-11 20:00", "lon": 113.787, "lat": 30.551, "height": 8.0 }, "geometry": { "type": "Point", "coordinates": [ 113.787, 30.551 ] } },
{ "type": "Feature", "properties": { "pt_id": "  7028", "trajectory_id": 7, "北京时间": "2026-05-11 19:00", "lon": 113.717, "lat": 30.429, "height": 8.0 }, "geometry": { "type": "Point", "coordinates": [ 113.717, 30.429 ] } },
{ "type": "Feature", "properties": { "pt_id": "  7029", "trajectory_id": 7, "北京时间": "2026-05-11 18:00", "lon": 113.646, "lat": 30.307, "height": 8.0 }, "geometry": { "type": "Point", "coordinates": [ 113.646, 30.307 ] } },
{ "type": "Feature", "properties": { "pt_id": "  7030", "trajectory_id": 7, "北京时间": "2026-05-11 17:00", "lon": 113.576, "lat": 30.181, "height": 8.0 }, "geometry": { "type": "Point", "coordinates": [ 113.576, 30.181 ] } },
{ "type": "Feature", "properties": { "pt_id": "  7031", "trajectory_id": 7, "北京时间": "2026-05-11 16:00", "lon": 113.505, "lat": 30.049, "height": 8.0 }, "geometry": { "type": "Point", "coordinates": [ 113.505, 30.049 ] } },
{ "type": "Feature", "properties": { "pt_id": "  7032", "trajectory_id": 7, "北京时间": "2026-05-11 15:00", "lon": 113.43, "lat": 29.922, "height": 8.0 }, "geometry": { "type": "Point", "coordinates": [ 113.43, 29.922 ] } },
{ "type": "Feature", "properties": { "pt_id": "  7033", "trajectory_id": 7, "北京时间": "2026-05-11 14:00", "lon": 113.357, "lat": 29.804, "height": 8.0 }, "geometry": { "type": "Point", "coordinates": [ 113.357, 29.804 ] } },
{ "type": "Feature", "properties": { "pt_id": "  7034", "trajectory_id": 7, "北京时间": "2026-05-11 13:00", "lon": 113.289, "lat": 29.682, "height": 7.0 }, "geometry": { "type": "Point", "coordinates": [ 113.289, 29.682 ] } },
{ "type": "Feature", "properties": { "pt_id": "  7035", "trajectory_id": 7, "北京时间": "2026-05-11 12:00", "lon": 113.228, "lat": 29.545, "height": 7.0 }, "geometry": { "type": "Point", "coordinates": [ 113.228, 29.545 ] } },
{ "type": "Feature", "properties": { "pt_id": "  7036", "trajectory_id": 7, "北京时间": "2026-05-11 11:00", "lon": 113.176, "lat": 29.399, "height": 5.0 }, "geometry": { "type": "Point", "coordinates": [ 113.176, 29.399 ] } },
{ "type": "Feature", "properties": { "pt_id": "  7037", "trajectory_id": 7, "北京时间": "2026-05-11 10:00", "lon": 113.142, "lat": 29.256, "height": 1.0 }, "geometry": { "type": "Point", "coordinates": [ 113.142, 29.256 ] } },
{ "type": "Feature", "properties": { "pt_id": "  7038", "trajectory_id": 7, "北京时间": "2026-05-11 09:00", "lon": 113.135, "lat": 29.117, "height": 2.0 }, "geometry": { "type": "Point", "coordinates": [ 113.135, 29.117 ] } },
{ "type": "Feature", "properties": { "pt_id": "  7039", "trajectory_id": 7, "北京时间": "2026-05-11 08:00", "lon": 113.157, "lat": 28.981, "height": 16.0 }, "geometry": { "type": "Point", "coordinates": [ 113.157, 28.981 ] } },
{ "type": "Feature", "properties": { "pt_id": "  7040", "trajectory_id": 7, "北京时间": "2026-05-11 07:00", "lon": 113.202, "lat": 28.846, "height": 45.0 }, "geometry": { "type": "Point", "coordinates": [ 113.202, 28.846 ] } },
{ "type": "Feature", "properties": { "pt_id": "  7041", "trajectory_id": 7, "北京时间": "2026-05-11 06:00", "lon": 113.258, "lat": 28.712, "height": 81.0 }, "geometry": { "type": "Point", "coordinates": [ 113.258, 28.712 ] } },
{ "type": "Feature", "properties": { "pt_id": "  7042", "trajectory_id": 7, "北京时间": "2026-05-11 05:00", "lon": 113.297, "lat": 28.58, "height": 109.0 }, "geometry": { "type": "Point", "coordinates": [ 113.297, 28.58 ] } },
{ "type": "Feature", "properties": { "pt_id": "  7043", "trajectory_id": 7, "北京时间": "2026-05-11 04:00", "lon": 113.312, "lat": 28.455, "height": 123.0 }, "geometry": { "type": "Point", "coordinates": [ 113.312, 28.455 ] } },
{ "type": "Feature", "properties": { "pt_id": "  7044", "trajectory_id": 7, "北京时间": "2026-05-11 03:00", "lon": 113.318, "lat": 28.328, "height": 126.0 }, "geometry": { "type": "Point", "coordinates": [ 113.318, 28.328 ] } },
{ "type": "Feature", "properties": { "pt_id": "  7045", "trajectory_id": 7, "北京时间": "2026-05-11 02:00", "lon": 113.322, "lat": 28.197, "height": 126.0 }, "geometry": { "type": "Point", "coordinates": [ 113.322, 28.197 ] } },
{ "type": "Feature", "properties": { "pt_id": "  7046", "trajectory_id": 7, "北京时间": "2026-05-11 01:00", "lon": 113.325, "lat": 28.065, "height": 136.0 }, "geometry": { "type": "Point", "coordinates": [ 113.325, 28.065 ] } },
{ "type": "Feature", "properties": { "pt_id": "  7047", "trajectory_id": 7, "北京时间": "2026-05-11 00:00", "lon": 113.33, "lat": 27.936, "height": 159.0 }, "geometry": { "type": "Point", "coordinates": [ 113.33, 27.936 ] } },
{ "type": "Feature", "properties": { "pt_id": "  7048", "trajectory_id": 7, "北京时间": "2026-05-10 23:00", "lon": 113.334, "lat": 27.816, "height": 174.0 }, "geometry": { "type": "Point", "coordinates": [ 113.334, 27.816 ] } },
{ "type": "Feature", "properties": { "pt_id": "  7049", "trajectory_id": 7, "北京时间": "2026-05-10 22:00", "lon": 113.34, "lat": 27.711, "height": 170.0 }, "geometry": { "type": "Point", "coordinates": [ 113.34, 27.711 ] } },
{ "type": "Feature", "properties": { "pt_id": "  7050", "trajectory_id": 7, "北京时间": "2026-05-10 21:00", "lon": 113.345, "lat": 27.611, "height": 175.0 }, "geometry": { "type": "Point", "coordinates": [ 113.345, 27.611 ] } },
{ "type": "Feature", "properties": { "pt_id": "  7051", "trajectory_id": 7, "北京时间": "2026-05-10 20:00", "lon": 113.345, "lat": 27.513, "height": 192.0 }, "geometry": { "type": "Point", "coordinates": [ 113.345, 27.513 ] } },
{ "type": "Feature", "properties": { "pt_id": "  7052", "trajectory_id": 7, "北京时间": "2026-05-10 19:00", "lon": 113.341, "lat": 27.426, "height": 214.0 }, "geometry": { "type": "Point", "coordinates": [ 113.341, 27.426 ] } },
{ "type": "Feature", "properties": { "pt_id": "  7053", "trajectory_id": 7, "北京时间": "2026-05-10 18:00", "lon": 113.335, "lat": 27.358, "height": 235.0 }, "geometry": { "type": "Point", "coordinates": [ 113.335, 27.358 ] } },
{ "type": "Feature", "properties": { "pt_id": "  7054", "trajectory_id": 7, "北京时间": "2026-05-10 17:00", "lon": 113.329, "lat": 27.312, "height": 244.0 }, "geometry": { "type": "Point", "coordinates": [ 113.329, 27.312 ] } },
{ "type": "Feature", "properties": { "pt_id": "  7055", "trajectory_id": 7, "北京时间": "2026-05-10 16:00", "lon": 113.32, "lat": 27.279, "height": 243.0 }, "geometry": { "type": "Point", "coordinates": [ 113.32, 27.279 ] } },
{ "type": "Feature", "properties": { "pt_id": "  7056", "trajectory_id": 7, "北京时间": "2026-05-10 15:00", "lon": 113.304, "lat": 27.248, "height": 236.0 }, "geometry": { "type": "Point", "coordinates": [ 113.304, 27.248 ] } },
{ "type": "Feature", "properties": { "pt_id": "  7057", "trajectory_id": 7, "北京时间": "2026-05-10 14:00", "lon": 113.282, "lat": 27.219, "height": 231.0 }, "geometry": { "type": "Point", "coordinates": [ 113.282, 27.219 ] } },
{ "type": "Feature", "properties": { "pt_id": "  7058", "trajectory_id": 7, "北京时间": "2026-05-10 13:00", "lon": 113.257, "lat": 27.191, "height": 231.0 }, "geometry": { "type": "Point", "coordinates": [ 113.257, 27.191 ] } },
{ "type": "Feature", "properties": { "pt_id": "  7059", "trajectory_id": 7, "北京时间": "2026-05-10 12:00", "lon": 113.229, "lat": 27.169, "height": 236.0 }, "geometry": { "type": "Point", "coordinates": [ 113.229, 27.169 ] } },
{ "type": "Feature", "properties": { "pt_id": "  7060", "trajectory_id": 7, "北京时间": "2026-05-10 11:00", "lon": 113.198, "lat": 27.154, "height": 245.0 }, "geometry": { "type": "Point", "coordinates": [ 113.198, 27.154 ] } },
{ "type": "Feature", "properties": { "pt_id": "  7061", "trajectory_id": 7, "北京时间": "2026-05-10 10:00", "lon": 113.173, "lat": 27.153, "height": 253.0 }, "geometry": { "type": "Point", "coordinates": [ 113.173, 27.153 ] } },
{ "type": "Feature", "properties": { "pt_id": "  7062", "trajectory_id": 7, "北京时间": "2026-05-10 09:00", "lon": 113.163, "lat": 27.17, "height": 258.0 }, "geometry": { "type": "Point", "coordinates": [ 113.163, 27.17 ] } },
{ "type": "Feature", "properties": { "pt_id": "  7063", "trajectory_id": 7, "北京时间": "2026-05-10 08:00", "lon": 113.167, "lat": 27.203, "height": 259.0 }, "geometry": { "type": "Point", "coordinates": [ 113.167, 27.203 ] } },
{ "type": "Feature", "properties": { "pt_id": "  7064", "trajectory_id": 7, "北京时间": "2026-05-10 07:00", "lon": 113.178, "lat": 27.248, "height": 263.0 }, "geometry": { "type": "Point", "coordinates": [ 113.178, 27.248 ] } },
{ "type": "Feature", "properties": { "pt_id": "  7065", "trajectory_id": 7, "北京时间": "2026-05-10 06:00", "lon": 113.193, "lat": 27.298, "height": 276.0 }, "geometry": { "type": "Point", "coordinates": [ 113.193, 27.298 ] } },
{ "type": "Feature", "properties": { "pt_id": "  7066", "trajectory_id": 7, "北京时间": "2026-05-10 05:00", "lon": 113.212, "lat": 27.349, "height": 303.0 }, "geometry": { "type": "Point", "coordinates": [ 113.212, 27.349 ] } },
{ "type": "Feature", "properties": { "pt_id": "  7067", "trajectory_id": 7, "北京时间": "2026-05-10 04:00", "lon": 113.23, "lat": 27.399, "height": 326.0 }, "geometry": { "type": "Point", "coordinates": [ 113.23, 27.399 ] } },
{ "type": "Feature", "properties": { "pt_id": "  7068", "trajectory_id": 7, "北京时间": "2026-05-10 03:00", "lon": 113.242, "lat": 27.449, "height": 320.0 }, "geometry": { "type": "Point", "coordinates": [ 113.242, 27.449 ] } },
{ "type": "Feature", "properties": { "pt_id": "  7069", "trajectory_id": 7, "北京时间": "2026-05-10 02:00", "lon": 113.244, "lat": 27.505, "height": 282.0 }, "geometry": { "type": "Point", "coordinates": [ 113.244, 27.505 ] } },
{ "type": "Feature", "properties": { "pt_id": "  7070", "trajectory_id": 7, "北京时间": "2026-05-10 01:00", "lon": 113.242, "lat": 27.559, "height": 238.0 }, "geometry": { "type": "Point", "coordinates": [ 113.242, 27.559 ] } },
{ "type": "Feature", "properties": { "pt_id": "  7071", "trajectory_id": 7, "北京时间": "2026-05-10 00:00", "lon": 113.259, "lat": 27.603, "height": 200.0 }, "geometry": { "type": "Point", "coordinates": [ 113.259, 27.603 ] } },
{ "type": "Feature", "properties": { "pt_id": "  7072", "trajectory_id": 7, "北京时间": "2026-05-09 23:00", "lon": 113.29, "lat": 27.643, "height": 162.0 }, "geometry": { "type": "Point", "coordinates": [ 113.29, 27.643 ] } },
{ "type": "Feature", "properties": { "pt_id": "  8000", "trajectory_id": 8, "北京时间": "2026-05-11 23:00", "lon": 113.942, "lat": 30.907, "height": 10.0 }, "geometry": { "type": "Point", "coordinates": [ 113.942, 30.907 ] } },
{ "type": "Feature", "properties": { "pt_id": "  8029", "trajectory_id": 8, "北京时间": "2026-05-11 22:00", "lon": 113.887, "lat": 30.781, "height": 14.0 }, "geometry": { "type": "Point", "coordinates": [ 113.887, 30.781 ] } },
{ "type": "Feature", "properties": { "pt_id": "  8030", "trajectory_id": 8, "北京时间": "2026-05-11 21:00", "lon": 113.827, "lat": 30.652, "height": 20.0 }, "geometry": { "type": "Point", "coordinates": [ 113.827, 30.652 ] } },
{ "type": "Feature", "properties": { "pt_id": "  8031", "trajectory_id": 8, "北京时间": "2026-05-11 20:00", "lon": 113.76, "lat": 30.525, "height": 22.0 }, "geometry": { "type": "Point", "coordinates": [ 113.76, 30.525 ] } },
{ "type": "Feature", "properties": { "pt_id": "  8032", "trajectory_id": 8, "北京时间": "2026-05-11 19:00", "lon": 113.684, "lat": 30.4, "height": 20.0 }, "geometry": { "type": "Point", "coordinates": [ 113.684, 30.4 ] } },
{ "type": "Feature", "properties": { "pt_id": "  8033", "trajectory_id": 8, "北京时间": "2026-05-11 18:00", "lon": 113.602, "lat": 30.274, "height": 18.0 }, "geometry": { "type": "Point", "coordinates": [ 113.602, 30.274 ] } },
{ "type": "Feature", "properties": { "pt_id": "  8034", "trajectory_id": 8, "北京时间": "2026-05-11 17:00", "lon": 113.517, "lat": 30.145, "height": 18.0 }, "geometry": { "type": "Point", "coordinates": [ 113.517, 30.145 ] } },
{ "type": "Feature", "properties": { "pt_id": "  8035", "trajectory_id": 8, "北京时间": "2026-05-11 16:00", "lon": 113.427, "lat": 30.012, "height": 17.0 }, "geometry": { "type": "Point", "coordinates": [ 113.427, 30.012 ] } },
{ "type": "Feature", "properties": { "pt_id": "  8036", "trajectory_id": 8, "北京时间": "2026-05-11 15:00", "lon": 113.333, "lat": 29.87, "height": 17.0 }, "geometry": { "type": "Point", "coordinates": [ 113.333, 29.87 ] } },
{ "type": "Feature", "properties": { "pt_id": "  8037", "trajectory_id": 8, "北京时间": "2026-05-11 14:00", "lon": 113.25, "lat": 29.719, "height": 17.0 }, "geometry": { "type": "Point", "coordinates": [ 113.25, 29.719 ] } },
{ "type": "Feature", "properties": { "pt_id": "  8038", "trajectory_id": 8, "北京时间": "2026-05-11 13:00", "lon": 113.195, "lat": 29.561, "height": 19.0 }, "geometry": { "type": "Point", "coordinates": [ 113.195, 29.561 ] } },
{ "type": "Feature", "properties": { "pt_id": "  8039", "trajectory_id": 8, "北京时间": "2026-05-11 12:00", "lon": 113.173, "lat": 29.401, "height": 25.0 }, "geometry": { "type": "Point", "coordinates": [ 113.173, 29.401 ] } },
{ "type": "Feature", "properties": { "pt_id": "  8040", "trajectory_id": 8, "北京时间": "2026-05-11 11:00", "lon": 113.19, "lat": 29.244, "height": 29.0 }, "geometry": { "type": "Point", "coordinates": [ 113.19, 29.244 ] } },
{ "type": "Feature", "properties": { "pt_id": "  8041", "trajectory_id": 8, "北京时间": "2026-05-11 10:00", "lon": 113.24, "lat": 29.103, "height": 43.0 }, "geometry": { "type": "Point", "coordinates": [ 113.24, 29.103 ] } },
{ "type": "Feature", "properties": { "pt_id": "  8042", "trajectory_id": 8, "北京时间": "2026-05-11 09:00", "lon": 113.313, "lat": 28.957, "height": 91.0 }, "geometry": { "type": "Point", "coordinates": [ 113.313, 28.957 ] } },
{ "type": "Feature", "properties": { "pt_id": "  8043", "trajectory_id": 8, "北京时间": "2026-05-11 08:00", "lon": 113.37, "lat": 28.801, "height": 142.0 }, "geometry": { "type": "Point", "coordinates": [ 113.37, 28.801 ] } },
{ "type": "Feature", "properties": { "pt_id": "  8044", "trajectory_id": 8, "北京时间": "2026-05-11 07:00", "lon": 113.393, "lat": 28.656, "height": 163.0 }, "geometry": { "type": "Point", "coordinates": [ 113.393, 28.656 ] } },
{ "type": "Feature", "properties": { "pt_id": "  8045", "trajectory_id": 8, "北京时间": "2026-05-11 06:00", "lon": 113.392, "lat": 28.522, "height": 168.0 }, "geometry": { "type": "Point", "coordinates": [ 113.392, 28.522 ] } },
{ "type": "Feature", "properties": { "pt_id": "  8046", "trajectory_id": 8, "北京时间": "2026-05-11 05:00", "lon": 113.38, "lat": 28.391, "height": 167.0 }, "geometry": { "type": "Point", "coordinates": [ 113.38, 28.391 ] } },
{ "type": "Feature", "properties": { "pt_id": "  8047", "trajectory_id": 8, "北京时间": "2026-05-11 04:00", "lon": 113.375, "lat": 28.259, "height": 157.0 }, "geometry": { "type": "Point", "coordinates": [ 113.375, 28.259 ] } },
{ "type": "Feature", "properties": { "pt_id": "  8048", "trajectory_id": 8, "北京时间": "2026-05-11 03:00", "lon": 113.377, "lat": 28.128, "height": 155.0 }, "geometry": { "type": "Point", "coordinates": [ 113.377, 28.128 ] } },
{ "type": "Feature", "properties": { "pt_id": "  8049", "trajectory_id": 8, "北京时间": "2026-05-11 02:00", "lon": 113.384, "lat": 28.002, "height": 178.0 }, "geometry": { "type": "Point", "coordinates": [ 113.384, 28.002 ] } },
{ "type": "Feature", "properties": { "pt_id": "  8050", "trajectory_id": 8, "北京时间": "2026-05-11 01:00", "lon": 113.397, "lat": 27.885, "height": 198.0 }, "geometry": { "type": "Point", "coordinates": [ 113.397, 27.885 ] } },
{ "type": "Feature", "properties": { "pt_id": "  8051", "trajectory_id": 8, "北京时间": "2026-05-11 00:00", "lon": 113.414, "lat": 27.778, "height": 195.0 }, "geometry": { "type": "Point", "coordinates": [ 113.414, 27.778 ] } },
{ "type": "Feature", "properties": { "pt_id": "  8052", "trajectory_id": 8, "北京时间": "2026-05-10 23:00", "lon": 113.428, "lat": 27.684, "height": 187.0 }, "geometry": { "type": "Point", "coordinates": [ 113.428, 27.684 ] } },
{ "type": "Feature", "properties": { "pt_id": "  8053", "trajectory_id": 8, "北京时间": "2026-05-10 22:00", "lon": 113.433, "lat": 27.605, "height": 194.0 }, "geometry": { "type": "Point", "coordinates": [ 113.433, 27.605 ] } },
{ "type": "Feature", "properties": { "pt_id": "  8054", "trajectory_id": 8, "北京时间": "2026-05-10 21:00", "lon": 113.434, "lat": 27.543, "height": 226.0 }, "geometry": { "type": "Point", "coordinates": [ 113.434, 27.543 ] } },
{ "type": "Feature", "properties": { "pt_id": "  8055", "trajectory_id": 8, "北京时间": "2026-05-10 20:00", "lon": 113.43, "lat": 27.496, "height": 271.0 }, "geometry": { "type": "Point", "coordinates": [ 113.43, 27.496 ] } },
{ "type": "Feature", "properties": { "pt_id": "  8056", "trajectory_id": 8, "北京时间": "2026-05-10 19:00", "lon": 113.421, "lat": 27.463, "height": 301.0 }, "geometry": { "type": "Point", "coordinates": [ 113.421, 27.463 ] } },
{ "type": "Feature", "properties": { "pt_id": "  8057", "trajectory_id": 8, "北京时间": "2026-05-10 18:00", "lon": 113.407, "lat": 27.439, "height": 305.0 }, "geometry": { "type": "Point", "coordinates": [ 113.407, 27.439 ] } },
{ "type": "Feature", "properties": { "pt_id": "  8058", "trajectory_id": 8, "北京时间": "2026-05-10 17:00", "lon": 113.388, "lat": 27.421, "height": 300.0 }, "geometry": { "type": "Point", "coordinates": [ 113.388, 27.421 ] } },
{ "type": "Feature", "properties": { "pt_id": "  8059", "trajectory_id": 8, "北京时间": "2026-05-10 16:00", "lon": 113.363, "lat": 27.402, "height": 300.0 }, "geometry": { "type": "Point", "coordinates": [ 113.363, 27.402 ] } },
{ "type": "Feature", "properties": { "pt_id": "  8060", "trajectory_id": 8, "北京时间": "2026-05-10 15:00", "lon": 113.334, "lat": 27.382, "height": 302.0 }, "geometry": { "type": "Point", "coordinates": [ 113.334, 27.382 ] } },
{ "type": "Feature", "properties": { "pt_id": "  8061", "trajectory_id": 8, "北京时间": "2026-05-10 14:00", "lon": 113.311, "lat": 27.37, "height": 305.0 }, "geometry": { "type": "Point", "coordinates": [ 113.311, 27.37 ] } },
{ "type": "Feature", "properties": { "pt_id": "  8062", "trajectory_id": 8, "北京时间": "2026-05-10 13:00", "lon": 113.306, "lat": 27.374, "height": 310.0 }, "geometry": { "type": "Point", "coordinates": [ 113.306, 27.374 ] } },
{ "type": "Feature", "properties": { "pt_id": "  8063", "trajectory_id": 8, "北京时间": "2026-05-10 12:00", "lon": 113.319, "lat": 27.395, "height": 322.0 }, "geometry": { "type": "Point", "coordinates": [ 113.319, 27.395 ] } },
{ "type": "Feature", "properties": { "pt_id": "  8064", "trajectory_id": 8, "北京时间": "2026-05-10 11:00", "lon": 113.343, "lat": 27.424, "height": 346.0 }, "geometry": { "type": "Point", "coordinates": [ 113.343, 27.424 ] } },
{ "type": "Feature", "properties": { "pt_id": "  8065", "trajectory_id": 8, "北京时间": "2026-05-10 10:00", "lon": 113.37, "lat": 27.454, "height": 382.0 }, "geometry": { "type": "Point", "coordinates": [ 113.37, 27.454 ] } },
{ "type": "Feature", "properties": { "pt_id": "  8066", "trajectory_id": 8, "北京时间": "2026-05-10 09:00", "lon": 113.398, "lat": 27.484, "height": 421.0 }, "geometry": { "type": "Point", "coordinates": [ 113.398, 27.484 ] } },
{ "type": "Feature", "properties": { "pt_id": "  8067", "trajectory_id": 8, "北京时间": "2026-05-10 08:00", "lon": 113.435, "lat": 27.515, "height": 435.0 }, "geometry": { "type": "Point", "coordinates": [ 113.435, 27.515 ] } },
{ "type": "Feature", "properties": { "pt_id": "  8068", "trajectory_id": 8, "北京时间": "2026-05-10 07:00", "lon": 113.493, "lat": 27.552, "height": 400.0 }, "geometry": { "type": "Point", "coordinates": [ 113.493, 27.552 ] } },
{ "type": "Feature", "properties": { "pt_id": "  8069", "trajectory_id": 8, "北京时间": "2026-05-10 06:00", "lon": 113.569, "lat": 27.595, "height": 345.0 }, "geometry": { "type": "Point", "coordinates": [ 113.569, 27.595 ] } },
{ "type": "Feature", "properties": { "pt_id": "  8070", "trajectory_id": 8, "北京时间": "2026-05-10 05:00", "lon": 113.662, "lat": 27.632, "height": 318.0 }, "geometry": { "type": "Point", "coordinates": [ 113.662, 27.632 ] } },
{ "type": "Feature", "properties": { "pt_id": "  8071", "trajectory_id": 8, "北京时间": "2026-05-10 04:00", "lon": 113.78, "lat": 27.657, "height": 332.0 }, "geometry": { "type": "Point", "coordinates": [ 113.78, 27.657 ] } },
{ "type": "Feature", "properties": { "pt_id": "  8072", "trajectory_id": 8, "北京时间": "2026-05-10 03:00", "lon": 113.926, "lat": 27.664, "height": 381.0 }, "geometry": { "type": "Point", "coordinates": [ 113.926, 27.664 ] } },
{ "type": "Feature", "properties": { "pt_id": "  8073", "trajectory_id": 8, "北京时间": "2026-05-10 02:00", "lon": 114.093, "lat": 27.669, "height": 448.0 }, "geometry": { "type": "Point", "coordinates": [ 114.093, 27.669 ] } },
{ "type": "Feature", "properties": { "pt_id": "  8074", "trajectory_id": 8, "北京时间": "2026-05-10 01:00", "lon": 114.284, "lat": 27.713, "height": 548.0 }, "geometry": { "type": "Point", "coordinates": [ 114.284, 27.713 ] } },
{ "type": "Feature", "properties": { "pt_id": "  8075", "trajectory_id": 8, "北京时间": "2026-05-10 00:00", "lon": 114.49, "lat": 27.83, "height": 662.0 }, "geometry": { "type": "Point", "coordinates": [ 114.49, 27.83 ] } },
{ "type": "Feature", "properties": { "pt_id": "  8076", "trajectory_id": 8, "北京时间": "2026-05-09 23:00", "lon": 114.655, "lat": 28.011, "height": 701.0 }, "geometry": { "type": "Point", "coordinates": [ 114.655, 28.011 ] } },
{ "type": "Feature", "properties": { "pt_id": "  9000", "trajectory_id": 9, "北京时间": "2026-05-11 23:00", "lon": 113.942, "lat": 30.907, "height": 10.0 }, "geometry": { "type": "Point", "coordinates": [ 113.942, 30.907 ] } },
{ "type": "Feature", "properties": { "pt_id": "  9033", "trajectory_id": 9, "北京时间": "2026-05-11 22:00", "lon": 113.863, "lat": 30.776, "height": 7.0 }, "geometry": { "type": "Point", "coordinates": [ 113.863, 30.776 ] } },
{ "type": "Feature", "properties": { "pt_id": "  9034", "trajectory_id": 9, "北京时间": "2026-05-11 21:00", "lon": 113.783, "lat": 30.645, "height": 3.0 }, "geometry": { "type": "Point", "coordinates": [ 113.783, 30.645 ] } },
{ "type": "Feature", "properties": { "pt_id": "  9035", "trajectory_id": 9, "北京时间": "2026-05-11 20:00", "lon": 113.702, "lat": 30.51, "height": 0.0 }, "geometry": { "type": "Point", "coordinates": [ 113.702, 30.51 ] } },
{ "type": "Feature", "properties": { "pt_id": "  9036", "trajectory_id": 9, "北京时间": "2026-05-11 19:00", "lon": 113.615, "lat": 30.368, "height": 0.0 }, "geometry": { "type": "Point", "coordinates": [ 113.615, 30.368 ] } },
{ "type": "Feature", "properties": { "pt_id": "  9037", "trajectory_id": 9, "北京时间": "2026-05-11 18:00", "lon": 113.527, "lat": 30.222, "height": 0.0 }, "geometry": { "type": "Point", "coordinates": [ 113.527, 30.222 ] } },
{ "type": "Feature", "properties": { "pt_id": "  9038", "trajectory_id": 9, "北京时间": "2026-05-11 17:00", "lon": 113.446, "lat": 30.072, "height": 0.0 }, "geometry": { "type": "Point", "coordinates": [ 113.446, 30.072 ] } },
{ "type": "Feature", "properties": { "pt_id": "  9039", "trajectory_id": 9, "北京时间": "2026-05-11 16:00", "lon": 113.381, "lat": 29.923, "height": 0.0 }, "geometry": { "type": "Point", "coordinates": [ 113.381, 29.923 ] } },
{ "type": "Feature", "properties": { "pt_id": "  9040", "trajectory_id": 9, "北京时间": "2026-05-11 15:00", "lon": 113.335, "lat": 29.779, "height": 1.0 }, "geometry": { "type": "Point", "coordinates": [ 113.335, 29.779 ] } },
{ "type": "Feature", "properties": { "pt_id": "  9041", "trajectory_id": 9, "北京时间": "2026-05-11 14:00", "lon": 113.309, "lat": 29.645, "height": 6.0 }, "geometry": { "type": "Point", "coordinates": [ 113.309, 29.645 ] } },
{ "type": "Feature", "properties": { "pt_id": "  9042", "trajectory_id": 9, "北京时间": "2026-05-11 13:00", "lon": 113.309, "lat": 29.521, "height": 19.0 }, "geometry": { "type": "Point", "coordinates": [ 113.309, 29.521 ] } },
{ "type": "Feature", "properties": { "pt_id": "  9043", "trajectory_id": 9, "北京时间": "2026-05-11 12:00", "lon": 113.329, "lat": 29.394, "height": 42.0 }, "geometry": { "type": "Point", "coordinates": [ 113.329, 29.394 ] } },
{ "type": "Feature", "properties": { "pt_id": "  9044", "trajectory_id": 9, "北京时间": "2026-05-11 11:00", "lon": 113.361, "lat": 29.271, "height": 63.0 }, "geometry": { "type": "Point", "coordinates": [ 113.361, 29.271 ] } },
{ "type": "Feature", "properties": { "pt_id": "  9045", "trajectory_id": 9, "北京时间": "2026-05-11 10:00", "lon": 113.391, "lat": 29.157, "height": 86.0 }, "geometry": { "type": "Point", "coordinates": [ 113.391, 29.157 ] } },
{ "type": "Feature", "properties": { "pt_id": "  9046", "trajectory_id": 9, "北京时间": "2026-05-11 09:00", "lon": 113.413, "lat": 29.027, "height": 122.0 }, "geometry": { "type": "Point", "coordinates": [ 113.413, 29.027 ] } },
{ "type": "Feature", "properties": { "pt_id": "  9047", "trajectory_id": 9, "北京时间": "2026-05-11 08:00", "lon": 113.412, "lat": 28.869, "height": 160.0 }, "geometry": { "type": "Point", "coordinates": [ 113.412, 28.869 ] } },
{ "type": "Feature", "properties": { "pt_id": "  9048", "trajectory_id": 9, "北京时间": "2026-05-11 07:00", "lon": 113.38, "lat": 28.691, "height": 177.0 }, "geometry": { "type": "Point", "coordinates": [ 113.38, 28.691 ] } },
{ "type": "Feature", "properties": { "pt_id": "  9049", "trajectory_id": 9, "北京时间": "2026-05-11 06:00", "lon": 113.339, "lat": 28.515, "height": 194.0 }, "geometry": { "type": "Point", "coordinates": [ 113.339, 28.515 ] } },
{ "type": "Feature", "properties": { "pt_id": "  9050", "trajectory_id": 9, "北京时间": "2026-05-11 05:00", "lon": 113.313, "lat": 28.351, "height": 207.0 }, "geometry": { "type": "Point", "coordinates": [ 113.313, 28.351 ] } },
{ "type": "Feature", "properties": { "pt_id": "  9051", "trajectory_id": 9, "北京时间": "2026-05-11 04:00", "lon": 113.309, "lat": 28.194, "height": 211.0 }, "geometry": { "type": "Point", "coordinates": [ 113.309, 28.194 ] } },
{ "type": "Feature", "properties": { "pt_id": "  9052", "trajectory_id": 9, "北京时间": "2026-05-11 03:00", "lon": 113.316, "lat": 28.053, "height": 231.0 }, "geometry": { "type": "Point", "coordinates": [ 113.316, 28.053 ] } },
{ "type": "Feature", "properties": { "pt_id": "  9053", "trajectory_id": 9, "北京时间": "2026-05-11 02:00", "lon": 113.319, "lat": 27.936, "height": 288.0 }, "geometry": { "type": "Point", "coordinates": [ 113.319, 27.936 ] } },
{ "type": "Feature", "properties": { "pt_id": "  9054", "trajectory_id": 9, "北京时间": "2026-05-11 01:00", "lon": 113.316, "lat": 27.848, "height": 359.0 }, "geometry": { "type": "Point", "coordinates": [ 113.316, 27.848 ] } },
{ "type": "Feature", "properties": { "pt_id": "  9055", "trajectory_id": 9, "北京时间": "2026-05-11 00:00", "lon": 113.312, "lat": 27.783, "height": 422.0 }, "geometry": { "type": "Point", "coordinates": [ 113.312, 27.783 ] } },
{ "type": "Feature", "properties": { "pt_id": "  9056", "trajectory_id": 9, "北京时间": "2026-05-10 23:00", "lon": 113.309, "lat": 27.736, "height": 472.0 }, "geometry": { "type": "Point", "coordinates": [ 113.309, 27.736 ] } },
{ "type": "Feature", "properties": { "pt_id": "  9057", "trajectory_id": 9, "北京时间": "2026-05-10 22:00", "lon": 113.308, "lat": 27.702, "height": 518.0 }, "geometry": { "type": "Point", "coordinates": [ 113.308, 27.702 ] } },
{ "type": "Feature", "properties": { "pt_id": "  9058", "trajectory_id": 9, "北京时间": "2026-05-10 21:00", "lon": 113.309, "lat": 27.673, "height": 557.0 }, "geometry": { "type": "Point", "coordinates": [ 113.309, 27.673 ] } },
{ "type": "Feature", "properties": { "pt_id": "  9059", "trajectory_id": 9, "北京时间": "2026-05-10 20:00", "lon": 113.315, "lat": 27.644, "height": 591.0 }, "geometry": { "type": "Point", "coordinates": [ 113.315, 27.644 ] } },
{ "type": "Feature", "properties": { "pt_id": "  9060", "trajectory_id": 9, "北京时间": "2026-05-10 19:00", "lon": 113.329, "lat": 27.617, "height": 624.0 }, "geometry": { "type": "Point", "coordinates": [ 113.329, 27.617 ] } },
{ "type": "Feature", "properties": { "pt_id": "  9061", "trajectory_id": 9, "北京时间": "2026-05-10 18:00", "lon": 113.357, "lat": 27.598, "height": 658.0 }, "geometry": { "type": "Point", "coordinates": [ 113.357, 27.598 ] } },
{ "type": "Feature", "properties": { "pt_id": "  9062", "trajectory_id": 9, "北京时间": "2026-05-10 17:00", "lon": 113.401, "lat": 27.596, "height": 690.0 }, "geometry": { "type": "Point", "coordinates": [ 113.401, 27.596 ] } },
{ "type": "Feature", "properties": { "pt_id": "  9063", "trajectory_id": 9, "北京时间": "2026-05-10 16:00", "lon": 113.461, "lat": 27.611, "height": 721.0 }, "geometry": { "type": "Point", "coordinates": [ 113.461, 27.611 ] } },
{ "type": "Feature", "properties": { "pt_id": "  9064", "trajectory_id": 9, "北京时间": "2026-05-10 15:00", "lon": 113.524, "lat": 27.631, "height": 739.0 }, "geometry": { "type": "Point", "coordinates": [ 113.524, 27.631 ] } },
{ "type": "Feature", "properties": { "pt_id": "  9065", "trajectory_id": 9, "北京时间": "2026-05-10 14:00", "lon": 113.574, "lat": 27.649, "height": 723.0 }, "geometry": { "type": "Point", "coordinates": [ 113.574, 27.649 ] } },
{ "type": "Feature", "properties": { "pt_id": "  9066", "trajectory_id": 9, "北京时间": "2026-05-10 13:00", "lon": 113.616, "lat": 27.666, "height": 673.0 }, "geometry": { "type": "Point", "coordinates": [ 113.616, 27.666 ] } },
{ "type": "Feature", "properties": { "pt_id": "  9067", "trajectory_id": 9, "北京时间": "2026-05-10 12:00", "lon": 113.673, "lat": 27.679, "height": 625.0 }, "geometry": { "type": "Point", "coordinates": [ 113.673, 27.679 ] } },
{ "type": "Feature", "properties": { "pt_id": "  9068", "trajectory_id": 9, "北京时间": "2026-05-10 11:00", "lon": 113.759, "lat": 27.68, "height": 618.0 }, "geometry": { "type": "Point", "coordinates": [ 113.759, 27.68 ] } },
{ "type": "Feature", "properties": { "pt_id": "  9069", "trajectory_id": 9, "北京时间": "2026-05-10 10:00", "lon": 113.861, "lat": 27.663, "height": 663.0 }, "geometry": { "type": "Point", "coordinates": [ 113.861, 27.663 ] } },
{ "type": "Feature", "properties": { "pt_id": "  9070", "trajectory_id": 9, "北京时间": "2026-05-10 09:00", "lon": 113.966, "lat": 27.634, "height": 736.0 }, "geometry": { "type": "Point", "coordinates": [ 113.966, 27.634 ] } },
{ "type": "Feature", "properties": { "pt_id": "  9071", "trajectory_id": 9, "北京时间": "2026-05-10 08:00", "lon": 114.085, "lat": 27.618, "height": 801.0 }, "geometry": { "type": "Point", "coordinates": [ 114.085, 27.618 ] } },
{ "type": "Feature", "properties": { "pt_id": "  9072", "trajectory_id": 9, "北京时间": "2026-05-10 07:00", "lon": 114.238, "lat": 27.64, "height": 858.0 }, "geometry": { "type": "Point", "coordinates": [ 114.238, 27.64 ] } },
{ "type": "Feature", "properties": { "pt_id": "  9073", "trajectory_id": 9, "北京时间": "2026-05-10 06:00", "lon": 114.432, "lat": 27.736, "height": 948.0 }, "geometry": { "type": "Point", "coordinates": [ 114.432, 27.736 ] } },
{ "type": "Feature", "properties": { "pt_id": "  9074", "trajectory_id": 9, "北京时间": "2026-05-10 05:00", "lon": 114.64, "lat": 27.903, "height": 1032.0 }, "geometry": { "type": "Point", "coordinates": [ 114.64, 27.903 ] } },
{ "type": "Feature", "properties": { "pt_id": "  9075", "trajectory_id": 9, "北京时间": "2026-05-10 04:00", "lon": 114.827, "lat": 28.127, "height": 1038.0 }, "geometry": { "type": "Point", "coordinates": [ 114.827, 28.127 ] } },
{ "type": "Feature", "properties": { "pt_id": "  9076", "trajectory_id": 9, "北京时间": "2026-05-10 03:00", "lon": 114.945, "lat": 28.335, "height": 965.0 }, "geometry": { "type": "Point", "coordinates": [ 114.945, 28.335 ] } },
{ "type": "Feature", "properties": { "pt_id": "  9077", "trajectory_id": 9, "北京时间": "2026-05-10 02:00", "lon": 115.031, "lat": 28.515, "height": 893.0 }, "geometry": { "type": "Point", "coordinates": [ 115.031, 28.515 ] } },
{ "type": "Feature", "properties": { "pt_id": "  9078", "trajectory_id": 9, "北京时间": "2026-05-10 01:00", "lon": 115.126, "lat": 28.698, "height": 882.0 }, "geometry": { "type": "Point", "coordinates": [ 115.126, 28.698 ] } },
{ "type": "Feature", "properties": { "pt_id": "  9079", "trajectory_id": 9, "北京时间": "2026-05-10 00:00", "lon": 115.234, "lat": 28.886, "height": 910.0 }, "geometry": { "type": "Point", "coordinates": [ 115.234, 28.886 ] } },
{ "type": "Feature", "properties": { "pt_id": "  9080", "trajectory_id": 9, "北京时间": "2026-05-09 23:00", "lon": 115.353, "lat": 29.053, "height": 990.0 }, "geometry": { "type": "Point", "coordinates": [ 115.353, 29.053 ] } },
{ "type": "Feature", "properties": { "pt_id": " 10000", "trajectory_id": 10, "北京时间": "2026-05-11 23:00", "lon": 113.942, "lat": 30.907, "height": 10.0 }, "geometry": { "type": "Point", "coordinates": [ 113.942, 30.907 ] } },
{ "type": "Feature", "properties": { "pt_id": " 10037", "trajectory_id": 10, "北京时间": "2026-05-11 22:00", "lon": 113.871, "lat": 30.762, "height": 0.0 }, "geometry": { "type": "Point", "coordinates": [ 113.871, 30.762 ] } },
{ "type": "Feature", "properties": { "pt_id": " 10038", "trajectory_id": 10, "北京时间": "2026-05-11 21:00", "lon": 113.817, "lat": 30.62, "height": 0.0 }, "geometry": { "type": "Point", "coordinates": [ 113.817, 30.62 ] } },
{ "type": "Feature", "properties": { "pt_id": " 10039", "trajectory_id": 10, "北京时间": "2026-05-11 20:00", "lon": 113.779, "lat": 30.48, "height": 0.0 }, "geometry": { "type": "Point", "coordinates": [ 113.779, 30.48 ] } },
{ "type": "Feature", "properties": { "pt_id": " 10040", "trajectory_id": 10, "北京时间": "2026-05-11 19:00", "lon": 113.753, "lat": 30.353, "height": 0.0 }, "geometry": { "type": "Point", "coordinates": [ 113.753, 30.353 ] } },
{ "type": "Feature", "properties": { "pt_id": " 10041", "trajectory_id": 10, "北京时间": "2026-05-11 18:00", "lon": 113.731, "lat": 30.241, "height": 0.0 }, "geometry": { "type": "Point", "coordinates": [ 113.731, 30.241 ] } },
{ "type": "Feature", "properties": { "pt_id": " 10042", "trajectory_id": 10, "北京时间": "2026-05-11 17:00", "lon": 113.714, "lat": 30.139, "height": 0.0 }, "geometry": { "type": "Point", "coordinates": [ 113.714, 30.139 ] } },
{ "type": "Feature", "properties": { "pt_id": " 10043", "trajectory_id": 10, "北京时间": "2026-05-11 16:00", "lon": 113.697, "lat": 30.046, "height": 0.0 }, "geometry": { "type": "Point", "coordinates": [ 113.697, 30.046 ] } },
{ "type": "Feature", "properties": { "pt_id": " 10044", "trajectory_id": 10, "北京时间": "2026-05-11 15:00", "lon": 113.667, "lat": 29.955, "height": 1.0 }, "geometry": { "type": "Point", "coordinates": [ 113.667, 29.955 ] } },
{ "type": "Feature", "properties": { "pt_id": " 10045", "trajectory_id": 10, "北京时间": "2026-05-11 14:00", "lon": 113.628, "lat": 29.862, "height": 4.0 }, "geometry": { "type": "Point", "coordinates": [ 113.628, 29.862 ] } },
{ "type": "Feature", "properties": { "pt_id": " 10046", "trajectory_id": 10, "北京时间": "2026-05-11 13:00", "lon": 113.592, "lat": 29.768, "height": 8.0 }, "geometry": { "type": "Point", "coordinates": [ 113.592, 29.768 ] } },
{ "type": "Feature", "properties": { "pt_id": " 10047", "trajectory_id": 10, "北京时间": "2026-05-11 12:00", "lon": 113.565, "lat": 29.675, "height": 19.0 }, "geometry": { "type": "Point", "coordinates": [ 113.565, 29.675 ] } },
{ "type": "Feature", "properties": { "pt_id": " 10048", "trajectory_id": 10, "北京时间": "2026-05-11 11:00", "lon": 113.54, "lat": 29.573, "height": 51.0 }, "geometry": { "type": "Point", "coordinates": [ 113.54, 29.573 ] } },
{ "type": "Feature", "properties": { "pt_id": " 10049", "trajectory_id": 10, "北京时间": "2026-05-11 10:00", "lon": 113.512, "lat": 29.452, "height": 112.0 }, "geometry": { "type": "Point", "coordinates": [ 113.512, 29.452 ] } },
{ "type": "Feature", "properties": { "pt_id": " 10050", "trajectory_id": 10, "北京时间": "2026-05-11 09:00", "lon": 113.475, "lat": 29.322, "height": 142.0 }, "geometry": { "type": "Point", "coordinates": [ 113.475, 29.322 ] } },
{ "type": "Feature", "properties": { "pt_id": " 10051", "trajectory_id": 10, "北京时间": "2026-05-11 08:00", "lon": 113.437, "lat": 29.205, "height": 122.0 }, "geometry": { "type": "Point", "coordinates": [ 113.437, 29.205 ] } },
{ "type": "Feature", "properties": { "pt_id": " 10052", "trajectory_id": 10, "北京时间": "2026-05-11 07:00", "lon": 113.402, "lat": 29.098, "height": 97.0 }, "geometry": { "type": "Point", "coordinates": [ 113.402, 29.098 ] } },
{ "type": "Feature", "properties": { "pt_id": " 10053", "trajectory_id": 10, "北京时间": "2026-05-11 06:00", "lon": 113.361, "lat": 28.999, "height": 75.0 }, "geometry": { "type": "Point", "coordinates": [ 113.361, 28.999 ] } },
{ "type": "Feature", "properties": { "pt_id": " 10054", "trajectory_id": 10, "北京时间": "2026-05-11 05:00", "lon": 113.308, "lat": 28.912, "height": 51.0 }, "geometry": { "type": "Point", "coordinates": [ 113.308, 28.912 ] } },
{ "type": "Feature", "properties": { "pt_id": " 10055", "trajectory_id": 10, "北京时间": "2026-05-11 04:00", "lon": 113.248, "lat": 28.837, "height": 38.0 }, "geometry": { "type": "Point", "coordinates": [ 113.248, 28.837 ] } },
{ "type": "Feature", "properties": { "pt_id": " 10056", "trajectory_id": 10, "北京时间": "2026-05-11 03:00", "lon": 113.192, "lat": 28.773, "height": 36.0 }, "geometry": { "type": "Point", "coordinates": [ 113.192, 28.773 ] } },
{ "type": "Feature", "properties": { "pt_id": " 10057", "trajectory_id": 10, "北京时间": "2026-05-11 02:00", "lon": 113.142, "lat": 28.72, "height": 37.0 }, "geometry": { "type": "Point", "coordinates": [ 113.142, 28.72 ] } },
{ "type": "Feature", "properties": { "pt_id": " 10058", "trajectory_id": 10, "北京时间": "2026-05-11 01:00", "lon": 113.101, "lat": 28.674, "height": 37.0 }, "geometry": { "type": "Point", "coordinates": [ 113.101, 28.674 ] } },
{ "type": "Feature", "properties": { "pt_id": " 10059", "trajectory_id": 10, "北京时间": "2026-05-11 00:00", "lon": 113.068, "lat": 28.633, "height": 37.0 }, "geometry": { "type": "Point", "coordinates": [ 113.068, 28.633 ] } },
{ "type": "Feature", "properties": { "pt_id": " 10060", "trajectory_id": 10, "北京时间": "2026-05-10 23:00", "lon": 113.042, "lat": 28.596, "height": 37.0 }, "geometry": { "type": "Point", "coordinates": [ 113.042, 28.596 ] } },
{ "type": "Feature", "properties": { "pt_id": " 10061", "trajectory_id": 10, "北京时间": "2026-05-10 22:00", "lon": 113.019, "lat": 28.56, "height": 37.0 }, "geometry": { "type": "Point", "coordinates": [ 113.019, 28.56 ] } },
{ "type": "Feature", "properties": { "pt_id": " 10062", "trajectory_id": 10, "北京时间": "2026-05-10 21:00", "lon": 113.004, "lat": 28.523, "height": 37.0 }, "geometry": { "type": "Point", "coordinates": [ 113.004, 28.523 ] } },
{ "type": "Feature", "properties": { "pt_id": " 10063", "trajectory_id": 10, "北京时间": "2026-05-10 20:00", "lon": 112.997, "lat": 28.487, "height": 37.0 }, "geometry": { "type": "Point", "coordinates": [ 112.997, 28.487 ] } },
{ "type": "Feature", "properties": { "pt_id": " 10064", "trajectory_id": 10, "北京时间": "2026-05-10 19:00", "lon": 112.992, "lat": 28.462, "height": 37.0 }, "geometry": { "type": "Point", "coordinates": [ 112.992, 28.462 ] } },
{ "type": "Feature", "properties": { "pt_id": " 10065", "trajectory_id": 10, "北京时间": "2026-05-10 18:00", "lon": 112.98, "lat": 28.455, "height": 37.0 }, "geometry": { "type": "Point", "coordinates": [ 112.98, 28.455 ] } },
{ "type": "Feature", "properties": { "pt_id": " 10066", "trajectory_id": 10, "北京时间": "2026-05-10 17:00", "lon": 112.962, "lat": 28.465, "height": 37.0 }, "geometry": { "type": "Point", "coordinates": [ 112.962, 28.465 ] } },
{ "type": "Feature", "properties": { "pt_id": " 10067", "trajectory_id": 10, "北京时间": "2026-05-10 16:00", "lon": 112.936, "lat": 28.478, "height": 32.0 }, "geometry": { "type": "Point", "coordinates": [ 112.936, 28.478 ] } },
{ "type": "Feature", "properties": { "pt_id": " 10068", "trajectory_id": 10, "北京时间": "2026-05-10 15:00", "lon": 112.901, "lat": 28.48, "height": 20.0 }, "geometry": { "type": "Point", "coordinates": [ 112.901, 28.48 ] } },
{ "type": "Feature", "properties": { "pt_id": " 10069", "trajectory_id": 10, "北京时间": "2026-05-10 14:00", "lon": 112.857, "lat": 28.469, "height": 7.0 }, "geometry": { "type": "Point", "coordinates": [ 112.857, 28.469 ] } },
{ "type": "Feature", "properties": { "pt_id": " 10070", "trajectory_id": 10, "北京时间": "2026-05-10 13:00", "lon": 112.818, "lat": 28.453, "height": 0.0 }, "geometry": { "type": "Point", "coordinates": [ 112.818, 28.453 ] } },
{ "type": "Feature", "properties": { "pt_id": " 10071", "trajectory_id": 10, "北京时间": "2026-05-10 12:00", "lon": 112.794, "lat": 28.434, "height": 2.0 }, "geometry": { "type": "Point", "coordinates": [ 112.794, 28.434 ] } },
{ "type": "Feature", "properties": { "pt_id": " 10072", "trajectory_id": 10, "北京时间": "2026-05-10 11:00", "lon": 112.786, "lat": 28.413, "height": 10.0 }, "geometry": { "type": "Point", "coordinates": [ 112.786, 28.413 ] } },
{ "type": "Feature", "properties": { "pt_id": " 10073", "trajectory_id": 10, "北京时间": "2026-05-10 10:00", "lon": 112.794, "lat": 28.408, "height": 21.0 }, "geometry": { "type": "Point", "coordinates": [ 112.794, 28.408 ] } },
{ "type": "Feature", "properties": { "pt_id": " 10074", "trajectory_id": 10, "北京时间": "2026-05-10 09:00", "lon": 112.819, "lat": 28.437, "height": 35.0 }, "geometry": { "type": "Point", "coordinates": [ 112.819, 28.437 ] } },
{ "type": "Feature", "properties": { "pt_id": " 10075", "trajectory_id": 10, "北京时间": "2026-05-10 08:00", "lon": 112.865, "lat": 28.504, "height": 70.0 }, "geometry": { "type": "Point", "coordinates": [ 112.865, 28.504 ] } },
{ "type": "Feature", "properties": { "pt_id": " 10076", "trajectory_id": 10, "北京时间": "2026-05-10 07:00", "lon": 112.899, "lat": 28.607, "height": 123.0 }, "geometry": { "type": "Point", "coordinates": [ 112.899, 28.607 ] } },
{ "type": "Feature", "properties": { "pt_id": " 10077", "trajectory_id": 10, "北京时间": "2026-05-10 06:00", "lon": 112.893, "lat": 28.735, "height": 141.0 }, "geometry": { "type": "Point", "coordinates": [ 112.893, 28.735 ] } },
{ "type": "Feature", "properties": { "pt_id": " 10078", "trajectory_id": 10, "北京时间": "2026-05-10 05:00", "lon": 112.852, "lat": 28.875, "height": 121.0 }, "geometry": { "type": "Point", "coordinates": [ 112.852, 28.875 ] } },
{ "type": "Feature", "properties": { "pt_id": " 10079", "trajectory_id": 10, "北京时间": "2026-05-10 04:00", "lon": 112.804, "lat": 29.019, "height": 101.0 }, "geometry": { "type": "Point", "coordinates": [ 112.804, 29.019 ] } },
{ "type": "Feature", "properties": { "pt_id": " 10080", "trajectory_id": 10, "北京时间": "2026-05-10 03:00", "lon": 112.772, "lat": 29.157, "height": 92.0 }, "geometry": { "type": "Point", "coordinates": [ 112.772, 29.157 ] } },
{ "type": "Feature", "properties": { "pt_id": " 10081", "trajectory_id": 10, "北京时间": "2026-05-10 02:00", "lon": 112.765, "lat": 29.292, "height": 89.0 }, "geometry": { "type": "Point", "coordinates": [ 112.765, 29.292 ] } },
{ "type": "Feature", "properties": { "pt_id": " 10082", "trajectory_id": 10, "北京时间": "2026-05-10 01:00", "lon": 112.785, "lat": 29.44, "height": 90.0 }, "geometry": { "type": "Point", "coordinates": [ 112.785, 29.44 ] } },
{ "type": "Feature", "properties": { "pt_id": " 10083", "trajectory_id": 10, "北京时间": "2026-05-10 00:00", "lon": 112.838, "lat": 29.613, "height": 94.0 }, "geometry": { "type": "Point", "coordinates": [ 112.838, 29.613 ] } },
{ "type": "Feature", "properties": { "pt_id": " 10084", "trajectory_id": 10, "北京时间": "2026-05-09 23:00", "lon": 112.924, "lat": 29.809, "height": 85.0 }, "geometry": { "type": "Point", "coordinates": [ 112.924, 29.809 ] } },
{ "type": "Feature", "properties": { "pt_id": " 11000", "trajectory_id": 11, "北京时间": "2026-05-11 23:00", "lon": 113.942, "lat": 30.907, "height": 10.0 }, "geometry": { "type": "Point", "coordinates": [ 113.942, 30.907 ] } },
{ "type": "Feature", "properties": { "pt_id": " 11041", "trajectory_id": 11, "北京时间": "2026-05-11 22:00", "lon": 113.925, "lat": 30.798, "height": 3.0 }, "geometry": { "type": "Point", "coordinates": [ 113.925, 30.798 ] } },
{ "type": "Feature", "properties": { "pt_id": " 11042", "trajectory_id": 11, "北京时间": "2026-05-11 21:00", "lon": 113.91, "lat": 30.703, "height": 2.0 }, "geometry": { "type": "Point", "coordinates": [ 113.91, 30.703 ] } },
{ "type": "Feature", "properties": { "pt_id": " 11043", "trajectory_id": 11, "北京时间": "2026-05-11 20:00", "lon": 113.893, "lat": 30.611, "height": 2.0 }, "geometry": { "type": "Point", "coordinates": [ 113.893, 30.611 ] } },
{ "type": "Feature", "properties": { "pt_id": " 11044", "trajectory_id": 11, "北京时间": "2026-05-11 19:00", "lon": 113.874, "lat": 30.516, "height": 2.0 }, "geometry": { "type": "Point", "coordinates": [ 113.874, 30.516 ] } },
{ "type": "Feature", "properties": { "pt_id": " 11045", "trajectory_id": 11, "北京时间": "2026-05-11 18:00", "lon": 113.848, "lat": 30.42, "height": 2.0 }, "geometry": { "type": "Point", "coordinates": [ 113.848, 30.42 ] } },
{ "type": "Feature", "properties": { "pt_id": " 11046", "trajectory_id": 11, "北京时间": "2026-05-11 17:00", "lon": 113.818, "lat": 30.326, "height": 2.0 }, "geometry": { "type": "Point", "coordinates": [ 113.818, 30.326 ] } },
{ "type": "Feature", "properties": { "pt_id": " 11047", "trajectory_id": 11, "北京时间": "2026-05-11 16:00", "lon": 113.793, "lat": 30.238, "height": 2.0 }, "geometry": { "type": "Point", "coordinates": [ 113.793, 30.238 ] } },
{ "type": "Feature", "properties": { "pt_id": " 11048", "trajectory_id": 11, "北京时间": "2026-05-11 15:00", "lon": 113.773, "lat": 30.156, "height": 2.0 }, "geometry": { "type": "Point", "coordinates": [ 113.773, 30.156 ] } },
{ "type": "Feature", "properties": { "pt_id": " 11049", "trajectory_id": 11, "北京时间": "2026-05-11 14:00", "lon": 113.748, "lat": 30.078, "height": 1.0 }, "geometry": { "type": "Point", "coordinates": [ 113.748, 30.078 ] } },
{ "type": "Feature", "properties": { "pt_id": " 11050", "trajectory_id": 11, "北京时间": "2026-05-11 13:00", "lon": 113.716, "lat": 29.997, "height": 0.0 }, "geometry": { "type": "Point", "coordinates": [ 113.716, 29.997 ] } },
{ "type": "Feature", "properties": { "pt_id": " 11051", "trajectory_id": 11, "北京时间": "2026-05-11 12:00", "lon": 113.681, "lat": 29.91, "height": 0.0 }, "geometry": { "type": "Point", "coordinates": [ 113.681, 29.91 ] } },
{ "type": "Feature", "properties": { "pt_id": " 11052", "trajectory_id": 11, "北京时间": "2026-05-11 11:00", "lon": 113.646, "lat": 29.826, "height": 2.0 }, "geometry": { "type": "Point", "coordinates": [ 113.646, 29.826 ] } },
{ "type": "Feature", "properties": { "pt_id": " 11053", "trajectory_id": 11, "北京时间": "2026-05-11 10:00", "lon": 113.606, "lat": 29.75, "height": 10.0 }, "geometry": { "type": "Point", "coordinates": [ 113.606, 29.75 ] } },
{ "type": "Feature", "properties": { "pt_id": " 11054", "trajectory_id": 11, "北京时间": "2026-05-11 09:00", "lon": 113.559, "lat": 29.677, "height": 22.0 }, "geometry": { "type": "Point", "coordinates": [ 113.559, 29.677 ] } },
{ "type": "Feature", "properties": { "pt_id": " 11055", "trajectory_id": 11, "北京时间": "2026-05-11 08:00", "lon": 113.506, "lat": 29.606, "height": 34.0 }, "geometry": { "type": "Point", "coordinates": [ 113.506, 29.606 ] } },
{ "type": "Feature", "properties": { "pt_id": " 11056", "trajectory_id": 11, "北京时间": "2026-05-11 07:00", "lon": 113.445, "lat": 29.546, "height": 35.0 }, "geometry": { "type": "Point", "coordinates": [ 113.445, 29.546 ] } },
{ "type": "Feature", "properties": { "pt_id": " 11057", "trajectory_id": 11, "北京时间": "2026-05-11 06:00", "lon": 113.381, "lat": 29.497, "height": 25.0 }, "geometry": { "type": "Point", "coordinates": [ 113.381, 29.497 ] } },
{ "type": "Feature", "properties": { "pt_id": " 11058", "trajectory_id": 11, "北京时间": "2026-05-11 05:00", "lon": 113.324, "lat": 29.454, "height": 15.0 }, "geometry": { "type": "Point", "coordinates": [ 113.324, 29.454 ] } },
{ "type": "Feature", "properties": { "pt_id": " 11059", "trajectory_id": 11, "北京时间": "2026-05-11 04:00", "lon": 113.281, "lat": 29.411, "height": 12.0 }, "geometry": { "type": "Point", "coordinates": [ 113.281, 29.411 ] } },
{ "type": "Feature", "properties": { "pt_id": " 11060", "trajectory_id": 11, "北京时间": "2026-05-11 03:00", "lon": 113.248, "lat": 29.373, "height": 11.0 }, "geometry": { "type": "Point", "coordinates": [ 113.248, 29.373 ] } },
{ "type": "Feature", "properties": { "pt_id": " 11061", "trajectory_id": 11, "北京时间": "2026-05-11 02:00", "lon": 113.224, "lat": 29.338, "height": 11.0 }, "geometry": { "type": "Point", "coordinates": [ 113.224, 29.338 ] } },
{ "type": "Feature", "properties": { "pt_id": " 11062", "trajectory_id": 11, "北京时间": "2026-05-11 01:00", "lon": 113.203, "lat": 29.304, "height": 11.0 }, "geometry": { "type": "Point", "coordinates": [ 113.203, 29.304 ] } },
{ "type": "Feature", "properties": { "pt_id": " 11063", "trajectory_id": 11, "北京时间": "2026-05-11 00:00", "lon": 113.187, "lat": 29.272, "height": 11.0 }, "geometry": { "type": "Point", "coordinates": [ 113.187, 29.272 ] } },
{ "type": "Feature", "properties": { "pt_id": " 11064", "trajectory_id": 11, "北京时间": "2026-05-10 23:00", "lon": 113.173, "lat": 29.239, "height": 11.0 }, "geometry": { "type": "Point", "coordinates": [ 113.173, 29.239 ] } },
{ "type": "Feature", "properties": { "pt_id": " 11065", "trajectory_id": 11, "北京时间": "2026-05-10 22:00", "lon": 113.159, "lat": 29.203, "height": 11.0 }, "geometry": { "type": "Point", "coordinates": [ 113.159, 29.203 ] } },
{ "type": "Feature", "properties": { "pt_id": " 11066", "trajectory_id": 11, "北京时间": "2026-05-10 21:00", "lon": 113.147, "lat": 29.164, "height": 11.0 }, "geometry": { "type": "Point", "coordinates": [ 113.147, 29.164 ] } },
{ "type": "Feature", "properties": { "pt_id": " 11067", "trajectory_id": 11, "北京时间": "2026-05-10 20:00", "lon": 113.137, "lat": 29.128, "height": 11.0 }, "geometry": { "type": "Point", "coordinates": [ 113.137, 29.128 ] } },
{ "type": "Feature", "properties": { "pt_id": " 11068", "trajectory_id": 11, "北京时间": "2026-05-10 19:00", "lon": 113.126, "lat": 29.097, "height": 9.0 }, "geometry": { "type": "Point", "coordinates": [ 113.126, 29.097 ] } },
{ "type": "Feature", "properties": { "pt_id": " 11069", "trajectory_id": 11, "北京时间": "2026-05-10 18:00", "lon": 113.114, "lat": 29.071, "height": 6.0 }, "geometry": { "type": "Point", "coordinates": [ 113.114, 29.071 ] } },
{ "type": "Feature", "properties": { "pt_id": " 11070", "trajectory_id": 11, "北京时间": "2026-05-10 17:00", "lon": 113.104, "lat": 29.038, "height": 5.0 }, "geometry": { "type": "Point", "coordinates": [ 113.104, 29.038 ] } },
{ "type": "Feature", "properties": { "pt_id": " 11071", "trajectory_id": 11, "北京时间": "2026-05-10 16:00", "lon": 113.102, "lat": 28.99, "height": 9.0 }, "geometry": { "type": "Point", "coordinates": [ 113.102, 28.99 ] } },
{ "type": "Feature", "properties": { "pt_id": " 11072", "trajectory_id": 11, "北京时间": "2026-05-10 15:00", "lon": 113.11, "lat": 28.929, "height": 19.0 }, "geometry": { "type": "Point", "coordinates": [ 113.11, 28.929 ] } },
{ "type": "Feature", "properties": { "pt_id": " 11073", "trajectory_id": 11, "北京时间": "2026-05-10 14:00", "lon": 113.123, "lat": 28.878, "height": 32.0 }, "geometry": { "type": "Point", "coordinates": [ 113.123, 28.878 ] } },
{ "type": "Feature", "properties": { "pt_id": " 11074", "trajectory_id": 11, "北京时间": "2026-05-10 13:00", "lon": 113.128, "lat": 28.854, "height": 42.0 }, "geometry": { "type": "Point", "coordinates": [ 113.128, 28.854 ] } },
{ "type": "Feature", "properties": { "pt_id": " 11075", "trajectory_id": 11, "北京时间": "2026-05-10 12:00", "lon": 113.118, "lat": 28.86, "height": 48.0 }, "geometry": { "type": "Point", "coordinates": [ 113.118, 28.86 ] } },
{ "type": "Feature", "properties": { "pt_id": " 11076", "trajectory_id": 11, "北京时间": "2026-05-10 11:00", "lon": 113.098, "lat": 28.891, "height": 48.0 }, "geometry": { "type": "Point", "coordinates": [ 113.098, 28.891 ] } },
{ "type": "Feature", "properties": { "pt_id": " 11077", "trajectory_id": 11, "北京时间": "2026-05-10 10:00", "lon": 113.073, "lat": 28.944, "height": 45.0 }, "geometry": { "type": "Point", "coordinates": [ 113.073, 28.944 ] } },
{ "type": "Feature", "properties": { "pt_id": " 11078", "trajectory_id": 11, "北京时间": "2026-05-10 09:00", "lon": 113.044, "lat": 29.028, "height": 42.0 }, "geometry": { "type": "Point", "coordinates": [ 113.044, 29.028 ] } },
{ "type": "Feature", "properties": { "pt_id": " 11079", "trajectory_id": 11, "北京时间": "2026-05-10 08:00", "lon": 113.025, "lat": 29.134, "height": 41.0 }, "geometry": { "type": "Point", "coordinates": [ 113.025, 29.134 ] } },
{ "type": "Feature", "properties": { "pt_id": " 11080", "trajectory_id": 11, "北京时间": "2026-05-10 07:00", "lon": 113.026, "lat": 29.251, "height": 40.0 }, "geometry": { "type": "Point", "coordinates": [ 113.026, 29.251 ] } },
{ "type": "Feature", "properties": { "pt_id": " 11081", "trajectory_id": 11, "北京时间": "2026-05-10 06:00", "lon": 113.046, "lat": 29.376, "height": 40.0 }, "geometry": { "type": "Point", "coordinates": [ 113.046, 29.376 ] } },
{ "type": "Feature", "properties": { "pt_id": " 11082", "trajectory_id": 11, "北京时间": "2026-05-10 05:00", "lon": 113.088, "lat": 29.508, "height": 40.0 }, "geometry": { "type": "Point", "coordinates": [ 113.088, 29.508 ] } },
{ "type": "Feature", "properties": { "pt_id": " 11083", "trajectory_id": 11, "北京时间": "2026-05-10 04:00", "lon": 113.156, "lat": 29.648, "height": 37.0 }, "geometry": { "type": "Point", "coordinates": [ 113.156, 29.648 ] } },
{ "type": "Feature", "properties": { "pt_id": " 11084", "trajectory_id": 11, "北京时间": "2026-05-10 03:00", "lon": 113.236, "lat": 29.798, "height": 26.0 }, "geometry": { "type": "Point", "coordinates": [ 113.236, 29.798 ] } },
{ "type": "Feature", "properties": { "pt_id": " 11085", "trajectory_id": 11, "北京时间": "2026-05-10 02:00", "lon": 113.309, "lat": 29.945, "height": 21.0 }, "geometry": { "type": "Point", "coordinates": [ 113.309, 29.945 ] } },
{ "type": "Feature", "properties": { "pt_id": " 11086", "trajectory_id": 11, "北京时间": "2026-05-10 01:00", "lon": 113.366, "lat": 30.093, "height": 24.0 }, "geometry": { "type": "Point", "coordinates": [ 113.366, 30.093 ] } },
{ "type": "Feature", "properties": { "pt_id": " 11087", "trajectory_id": 11, "北京时间": "2026-05-10 00:00", "lon": 113.404, "lat": 30.255, "height": 24.0 }, "geometry": { "type": "Point", "coordinates": [ 113.404, 30.255 ] } },
{ "type": "Feature", "properties": { "pt_id": " 11088", "trajectory_id": 11, "北京时间": "2026-05-09 23:00", "lon": 113.436, "lat": 30.433, "height": 24.0 }, "geometry": { "type": "Point", "coordinates": [ 113.436, 30.433 ] } },
{ "type": "Feature", "properties": { "pt_id": " 12000", "trajectory_id": 12, "北京时间": "2026-05-11 23:00", "lon": 113.942, "lat": 30.907, "height": 10.0 }, "geometry": { "type": "Point", "coordinates": [ 113.942, 30.907 ] } },
{ "type": "Feature", "properties": { "pt_id": " 12045", "trajectory_id": 12, "北京时间": "2026-05-11 22:00", "lon": 113.933, "lat": 30.803, "height": 7.0 }, "geometry": { "type": "Point", "coordinates": [ 113.933, 30.803 ] } },
{ "type": "Feature", "properties": { "pt_id": " 12046", "trajectory_id": 12, "北京时间": "2026-05-11 21:00", "lon": 113.919, "lat": 30.693, "height": 6.0 }, "geometry": { "type": "Point", "coordinates": [ 113.919, 30.693 ] } },
{ "type": "Feature", "properties": { "pt_id": " 12047", "trajectory_id": 12, "北京时间": "2026-05-11 20:00", "lon": 113.912, "lat": 30.587, "height": 6.0 }, "geometry": { "type": "Point", "coordinates": [ 113.912, 30.587 ] } },
{ "type": "Feature", "properties": { "pt_id": " 12048", "trajectory_id": 12, "北京时间": "2026-05-11 19:00", "lon": 113.919, "lat": 30.486, "height": 6.0 }, "geometry": { "type": "Point", "coordinates": [ 113.919, 30.486 ] } },
{ "type": "Feature", "properties": { "pt_id": " 12049", "trajectory_id": 12, "北京时间": "2026-05-11 18:00", "lon": 113.937, "lat": 30.394, "height": 6.0 }, "geometry": { "type": "Point", "coordinates": [ 113.937, 30.394 ] } },
{ "type": "Feature", "properties": { "pt_id": " 12050", "trajectory_id": 12, "北京时间": "2026-05-11 17:00", "lon": 113.972, "lat": 30.314, "height": 6.0 }, "geometry": { "type": "Point", "coordinates": [ 113.972, 30.314 ] } },
{ "type": "Feature", "properties": { "pt_id": " 12051", "trajectory_id": 12, "北京时间": "2026-05-11 16:00", "lon": 114.038, "lat": 30.244, "height": 6.0 }, "geometry": { "type": "Point", "coordinates": [ 114.038, 30.244 ] } },
{ "type": "Feature", "properties": { "pt_id": " 12052", "trajectory_id": 12, "北京时间": "2026-05-11 15:00", "lon": 114.111, "lat": 30.174, "height": 8.0 }, "geometry": { "type": "Point", "coordinates": [ 114.111, 30.174 ] } },
{ "type": "Feature", "properties": { "pt_id": " 12053", "trajectory_id": 12, "北京时间": "2026-05-11 14:00", "lon": 114.163, "lat": 30.104, "height": 10.0 }, "geometry": { "type": "Point", "coordinates": [ 114.163, 30.104 ] } },
{ "type": "Feature", "properties": { "pt_id": " 12054", "trajectory_id": 12, "北京时间": "2026-05-11 13:00", "lon": 114.203, "lat": 30.042, "height": 16.0 }, "geometry": { "type": "Point", "coordinates": [ 114.203, 30.042 ] } },
{ "type": "Feature", "properties": { "pt_id": " 12055", "trajectory_id": 12, "北京时间": "2026-05-11 12:00", "lon": 114.231, "lat": 29.989, "height": 24.0 }, "geometry": { "type": "Point", "coordinates": [ 114.231, 29.989 ] } },
{ "type": "Feature", "properties": { "pt_id": " 12056", "trajectory_id": 12, "北京时间": "2026-05-11 11:00", "lon": 114.243, "lat": 29.939, "height": 39.0 }, "geometry": { "type": "Point", "coordinates": [ 114.243, 29.939 ] } },
{ "type": "Feature", "properties": { "pt_id": " 12057", "trajectory_id": 12, "北京时间": "2026-05-11 10:00", "lon": 114.235, "lat": 29.894, "height": 66.0 }, "geometry": { "type": "Point", "coordinates": [ 114.235, 29.894 ] } },
{ "type": "Feature", "properties": { "pt_id": " 12058", "trajectory_id": 12, "北京时间": "2026-05-11 09:00", "lon": 114.215, "lat": 29.852, "height": 98.0 }, "geometry": { "type": "Point", "coordinates": [ 114.215, 29.852 ] } },
{ "type": "Feature", "properties": { "pt_id": " 12059", "trajectory_id": 12, "北京时间": "2026-05-11 08:00", "lon": 114.197, "lat": 29.814, "height": 122.0 }, "geometry": { "type": "Point", "coordinates": [ 114.197, 29.814 ] } },
{ "type": "Feature", "properties": { "pt_id": " 12060", "trajectory_id": 12, "北京时间": "2026-05-11 07:00", "lon": 114.186, "lat": 29.775, "height": 140.0 }, "geometry": { "type": "Point", "coordinates": [ 114.186, 29.775 ] } },
{ "type": "Feature", "properties": { "pt_id": " 12061", "trajectory_id": 12, "北京时间": "2026-05-11 06:00", "lon": 114.179, "lat": 29.74, "height": 155.0 }, "geometry": { "type": "Point", "coordinates": [ 114.179, 29.74 ] } },
{ "type": "Feature", "properties": { "pt_id": " 12062", "trajectory_id": 12, "北京时间": "2026-05-11 05:00", "lon": 114.17, "lat": 29.709, "height": 166.0 }, "geometry": { "type": "Point", "coordinates": [ 114.17, 29.709 ] } },
{ "type": "Feature", "properties": { "pt_id": " 12063", "trajectory_id": 12, "北京时间": "2026-05-11 04:00", "lon": 114.158, "lat": 29.681, "height": 173.0 }, "geometry": { "type": "Point", "coordinates": [ 114.158, 29.681 ] } },
{ "type": "Feature", "properties": { "pt_id": " 12064", "trajectory_id": 12, "北京时间": "2026-05-11 03:00", "lon": 114.145, "lat": 29.656, "height": 177.0 }, "geometry": { "type": "Point", "coordinates": [ 114.145, 29.656 ] } },
{ "type": "Feature", "properties": { "pt_id": " 12065", "trajectory_id": 12, "北京时间": "2026-05-11 02:00", "lon": 114.134, "lat": 29.637, "height": 179.0 }, "geometry": { "type": "Point", "coordinates": [ 114.134, 29.637 ] } },
{ "type": "Feature", "properties": { "pt_id": " 12066", "trajectory_id": 12, "北京时间": "2026-05-11 01:00", "lon": 114.126, "lat": 29.623, "height": 180.0 }, "geometry": { "type": "Point", "coordinates": [ 114.126, 29.623 ] } },
{ "type": "Feature", "properties": { "pt_id": " 12067", "trajectory_id": 12, "北京时间": "2026-05-11 00:00", "lon": 114.116, "lat": 29.611, "height": 181.0 }, "geometry": { "type": "Point", "coordinates": [ 114.116, 29.611 ] } },
{ "type": "Feature", "properties": { "pt_id": " 12068", "trajectory_id": 12, "北京时间": "2026-05-10 23:00", "lon": 114.097, "lat": 29.601, "height": 186.0 }, "geometry": { "type": "Point", "coordinates": [ 114.097, 29.601 ] } },
{ "type": "Feature", "properties": { "pt_id": " 12069", "trajectory_id": 12, "北京时间": "2026-05-10 22:00", "lon": 114.07, "lat": 29.592, "height": 196.0 }, "geometry": { "type": "Point", "coordinates": [ 114.07, 29.592 ] } },
{ "type": "Feature", "properties": { "pt_id": " 12070", "trajectory_id": 12, "北京时间": "2026-05-10 21:00", "lon": 114.042, "lat": 29.576, "height": 222.0 }, "geometry": { "type": "Point", "coordinates": [ 114.042, 29.576 ] } },
{ "type": "Feature", "properties": { "pt_id": " 12071", "trajectory_id": 12, "北京时间": "2026-05-10 20:00", "lon": 114.023, "lat": 29.543, "height": 263.0 }, "geometry": { "type": "Point", "coordinates": [ 114.023, 29.543 ] } },
{ "type": "Feature", "properties": { "pt_id": " 12072", "trajectory_id": 12, "北京时间": "2026-05-10 19:00", "lon": 114.015, "lat": 29.486, "height": 317.0 }, "geometry": { "type": "Point", "coordinates": [ 114.015, 29.486 ] } },
{ "type": "Feature", "properties": { "pt_id": " 12073", "trajectory_id": 12, "北京时间": "2026-05-10 18:00", "lon": 114.028, "lat": 29.416, "height": 400.0 }, "geometry": { "type": "Point", "coordinates": [ 114.028, 29.416 ] } },
{ "type": "Feature", "properties": { "pt_id": " 12074", "trajectory_id": 12, "北京时间": "2026-05-10 17:00", "lon": 114.079, "lat": 29.36, "height": 510.0 }, "geometry": { "type": "Point", "coordinates": [ 114.079, 29.36 ] } },
{ "type": "Feature", "properties": { "pt_id": " 12075", "trajectory_id": 12, "北京时间": "2026-05-10 16:00", "lon": 114.181, "lat": 29.34, "height": 668.0 }, "geometry": { "type": "Point", "coordinates": [ 114.181, 29.34 ] } },
{ "type": "Feature", "properties": { "pt_id": " 12076", "trajectory_id": 12, "北京时间": "2026-05-10 15:00", "lon": 114.331, "lat": 29.375, "height": 835.0 }, "geometry": { "type": "Point", "coordinates": [ 114.331, 29.375 ] } },
{ "type": "Feature", "properties": { "pt_id": " 12077", "trajectory_id": 12, "北京时间": "2026-05-10 14:00", "lon": 114.526, "lat": 29.455, "height": 939.0 }, "geometry": { "type": "Point", "coordinates": [ 114.526, 29.455 ] } },
{ "type": "Feature", "properties": { "pt_id": " 12078", "trajectory_id": 12, "北京时间": "2026-05-10 13:00", "lon": 114.753, "lat": 29.577, "height": 973.0 }, "geometry": { "type": "Point", "coordinates": [ 114.753, 29.577 ] } },
{ "type": "Feature", "properties": { "pt_id": " 12079", "trajectory_id": 12, "北京时间": "2026-05-10 12:00", "lon": 114.984, "lat": 29.689, "height": 911.0 }, "geometry": { "type": "Point", "coordinates": [ 114.984, 29.689 ] } },
{ "type": "Feature", "properties": { "pt_id": " 12080", "trajectory_id": 12, "北京时间": "2026-05-10 11:00", "lon": 115.229, "lat": 29.773, "height": 800.0 }, "geometry": { "type": "Point", "coordinates": [ 115.229, 29.773 ] } },
{ "type": "Feature", "properties": { "pt_id": " 12081", "trajectory_id": 12, "北京时间": "2026-05-10 10:00", "lon": 115.442, "lat": 29.863, "height": 684.0 }, "geometry": { "type": "Point", "coordinates": [ 115.442, 29.863 ] } },
{ "type": "Feature", "properties": { "pt_id": " 12082", "trajectory_id": 12, "北京时间": "2026-05-10 09:00", "lon": 115.649, "lat": 29.972, "height": 602.0 }, "geometry": { "type": "Point", "coordinates": [ 115.649, 29.972 ] } },
{ "type": "Feature", "properties": { "pt_id": " 12083", "trajectory_id": 12, "北京时间": "2026-05-10 08:00", "lon": 115.881, "lat": 30.131, "height": 691.0 }, "geometry": { "type": "Point", "coordinates": [ 115.881, 30.131 ] } },
{ "type": "Feature", "properties": { "pt_id": " 12084", "trajectory_id": 12, "北京时间": "2026-05-10 07:00", "lon": 116.112, "lat": 30.317, "height": 860.0 }, "geometry": { "type": "Point", "coordinates": [ 116.112, 30.317 ] } },
{ "type": "Feature", "properties": { "pt_id": " 12085", "trajectory_id": 12, "北京时间": "2026-05-10 06:00", "lon": 116.373, "lat": 30.521, "height": 987.0 }, "geometry": { "type": "Point", "coordinates": [ 116.373, 30.521 ] } },
{ "type": "Feature", "properties": { "pt_id": " 12086", "trajectory_id": 12, "北京时间": "2026-05-10 05:00", "lon": 116.685, "lat": 30.741, "height": 1086.0 }, "geometry": { "type": "Point", "coordinates": [ 116.685, 30.741 ] } },
{ "type": "Feature", "properties": { "pt_id": " 12087", "trajectory_id": 12, "北京时间": "2026-05-10 04:00", "lon": 117.019, "lat": 30.941, "height": 1014.0 }, "geometry": { "type": "Point", "coordinates": [ 117.019, 30.941 ] } },
{ "type": "Feature", "properties": { "pt_id": " 12088", "trajectory_id": 12, "北京时间": "2026-05-10 03:00", "lon": 117.37, "lat": 31.102, "height": 915.0 }, "geometry": { "type": "Point", "coordinates": [ 117.37, 31.102 ] } },
{ "type": "Feature", "properties": { "pt_id": " 12089", "trajectory_id": 12, "北京时间": "2026-05-10 02:00", "lon": 117.723, "lat": 31.249, "height": 942.0 }, "geometry": { "type": "Point", "coordinates": [ 117.723, 31.249 ] } },
{ "type": "Feature", "properties": { "pt_id": " 12090", "trajectory_id": 12, "北京时间": "2026-05-10 01:00", "lon": 118.066, "lat": 31.413, "height": 958.0 }, "geometry": { "type": "Point", "coordinates": [ 118.066, 31.413 ] } },
{ "type": "Feature", "properties": { "pt_id": " 12091", "trajectory_id": 12, "北京时间": "2026-05-10 00:00", "lon": 118.382, "lat": 31.613, "height": 941.0 }, "geometry": { "type": "Point", "coordinates": [ 118.382, 31.613 ] } },
{ "type": "Feature", "properties": { "pt_id": " 12092", "trajectory_id": 12, "北京时间": "2026-05-09 23:00", "lon": 118.677, "lat": 31.854, "height": 969.0 }, "geometry": { "type": "Point", "coordinates": [ 118.677, 31.854 ] } },
{ "type": "Feature", "properties": { "pt_id": " 13000", "trajectory_id": 13, "北京时间": "2026-05-11 23:00", "lon": 113.942, "lat": 30.907, "height": 10.0 }, "geometry": { "type": "Point", "coordinates": [ 113.942, 30.907 ] } },
{ "type": "Feature", "properties": { "pt_id": " 13049", "trajectory_id": 13, "北京时间": "2026-05-11 22:00", "lon": 113.937, "lat": 30.807, "height": 2.0 }, "geometry": { "type": "Point", "coordinates": [ 113.937, 30.807 ] } },
{ "type": "Feature", "properties": { "pt_id": " 13050", "trajectory_id": 13, "北京时间": "2026-05-11 21:00", "lon": 113.921, "lat": 30.707, "height": 0.0 }, "geometry": { "type": "Point", "coordinates": [ 113.921, 30.707 ] } },
{ "type": "Feature", "properties": { "pt_id": " 13051", "trajectory_id": 13, "北京时间": "2026-05-11 20:00", "lon": 113.91, "lat": 30.611, "height": 0.0 }, "geometry": { "type": "Point", "coordinates": [ 113.91, 30.611 ] } },
{ "type": "Feature", "properties": { "pt_id": " 13052", "trajectory_id": 13, "北京时间": "2026-05-11 19:00", "lon": 113.901, "lat": 30.518, "height": 0.0 }, "geometry": { "type": "Point", "coordinates": [ 113.901, 30.518 ] } },
{ "type": "Feature", "properties": { "pt_id": " 13053", "trajectory_id": 13, "北京时间": "2026-05-11 18:00", "lon": 113.882, "lat": 30.425, "height": 0.0 }, "geometry": { "type": "Point", "coordinates": [ 113.882, 30.425 ] } },
{ "type": "Feature", "properties": { "pt_id": " 13054", "trajectory_id": 13, "北京时间": "2026-05-11 17:00", "lon": 113.847, "lat": 30.328, "height": 0.0 }, "geometry": { "type": "Point", "coordinates": [ 113.847, 30.328 ] } },
{ "type": "Feature", "properties": { "pt_id": " 13055", "trajectory_id": 13, "北京时间": "2026-05-11 16:00", "lon": 113.798, "lat": 30.233, "height": 0.0 }, "geometry": { "type": "Point", "coordinates": [ 113.798, 30.233 ] } },
{ "type": "Feature", "properties": { "pt_id": " 13056", "trajectory_id": 13, "北京时间": "2026-05-11 15:00", "lon": 113.737, "lat": 30.154, "height": 0.0 }, "geometry": { "type": "Point", "coordinates": [ 113.737, 30.154 ] } },
{ "type": "Feature", "properties": { "pt_id": " 13057", "trajectory_id": 13, "北京时间": "2026-05-11 14:00", "lon": 113.668, "lat": 30.086, "height": 1.0 }, "geometry": { "type": "Point", "coordinates": [ 113.668, 30.086 ] } },
{ "type": "Feature", "properties": { "pt_id": " 13058", "trajectory_id": 13, "北京时间": "2026-05-11 13:00", "lon": 113.6, "lat": 30.022, "height": 2.0 }, "geometry": { "type": "Point", "coordinates": [ 113.6, 30.022 ] } },
{ "type": "Feature", "properties": { "pt_id": " 13059", "trajectory_id": 13, "北京时间": "2026-05-11 12:00", "lon": 113.535, "lat": 29.96, "height": 5.0 }, "geometry": { "type": "Point", "coordinates": [ 113.535, 29.96 ] } },
{ "type": "Feature", "properties": { "pt_id": " 13060", "trajectory_id": 13, "北京时间": "2026-05-11 11:00", "lon": 113.47, "lat": 29.901, "height": 6.0 }, "geometry": { "type": "Point", "coordinates": [ 113.47, 29.901 ] } },
{ "type": "Feature", "properties": { "pt_id": " 13061", "trajectory_id": 13, "北京时间": "2026-05-11 10:00", "lon": 113.407, "lat": 29.848, "height": 8.0 }, "geometry": { "type": "Point", "coordinates": [ 113.407, 29.848 ] } },
{ "type": "Feature", "properties": { "pt_id": " 13062", "trajectory_id": 13, "北京时间": "2026-05-11 09:00", "lon": 113.349, "lat": 29.797, "height": 10.0 }, "geometry": { "type": "Point", "coordinates": [ 113.349, 29.797 ] } },
{ "type": "Feature", "properties": { "pt_id": " 13063", "trajectory_id": 13, "北京时间": "2026-05-11 08:00", "lon": 113.293, "lat": 29.744, "height": 11.0 }, "geometry": { "type": "Point", "coordinates": [ 113.293, 29.744 ] } },
{ "type": "Feature", "properties": { "pt_id": " 13064", "trajectory_id": 13, "北京时间": "2026-05-11 07:00", "lon": 113.242, "lat": 29.689, "height": 11.0 }, "geometry": { "type": "Point", "coordinates": [ 113.242, 29.689 ] } },
{ "type": "Feature", "properties": { "pt_id": " 13065", "trajectory_id": 13, "北京时间": "2026-05-11 06:00", "lon": 113.2, "lat": 29.635, "height": 11.0 }, "geometry": { "type": "Point", "coordinates": [ 113.2, 29.635 ] } },
{ "type": "Feature", "properties": { "pt_id": " 13066", "trajectory_id": 13, "北京时间": "2026-05-11 05:00", "lon": 113.164, "lat": 29.581, "height": 11.0 }, "geometry": { "type": "Point", "coordinates": [ 113.164, 29.581 ] } },
{ "type": "Feature", "properties": { "pt_id": " 13067", "trajectory_id": 13, "北京时间": "2026-05-11 04:00", "lon": 113.129, "lat": 29.526, "height": 10.0 }, "geometry": { "type": "Point", "coordinates": [ 113.129, 29.526 ] } },
{ "type": "Feature", "properties": { "pt_id": " 13068", "trajectory_id": 13, "北京时间": "2026-05-11 03:00", "lon": 113.088, "lat": 29.47, "height": 7.0 }, "geometry": { "type": "Point", "coordinates": [ 113.088, 29.47 ] } },
{ "type": "Feature", "properties": { "pt_id": " 13069", "trajectory_id": 13, "北京时间": "2026-05-11 02:00", "lon": 113.041, "lat": 29.416, "height": 1.0 }, "geometry": { "type": "Point", "coordinates": [ 113.041, 29.416 ] } },
{ "type": "Feature", "properties": { "pt_id": " 13070", "trajectory_id": 13, "北京时间": "2026-05-11 01:00", "lon": 112.997, "lat": 29.362, "height": 0.0 }, "geometry": { "type": "Point", "coordinates": [ 112.997, 29.362 ] } },
{ "type": "Feature", "properties": { "pt_id": " 13071", "trajectory_id": 13, "北京时间": "2026-05-11 00:00", "lon": 112.968, "lat": 29.302, "height": 1.0 }, "geometry": { "type": "Point", "coordinates": [ 112.968, 29.302 ] } },
{ "type": "Feature", "properties": { "pt_id": " 13072", "trajectory_id": 13, "北京时间": "2026-05-10 23:00", "lon": 112.961, "lat": 29.233, "height": 7.0 }, "geometry": { "type": "Point", "coordinates": [ 112.961, 29.233 ] } },
{ "type": "Feature", "properties": { "pt_id": " 13073", "trajectory_id": 13, "北京时间": "2026-05-10 22:00", "lon": 112.967, "lat": 29.164, "height": 17.0 }, "geometry": { "type": "Point", "coordinates": [ 112.967, 29.164 ] } },
{ "type": "Feature", "properties": { "pt_id": " 13074", "trajectory_id": 13, "北京时间": "2026-05-10 21:00", "lon": 112.972, "lat": 29.115, "height": 24.0 }, "geometry": { "type": "Point", "coordinates": [ 112.972, 29.115 ] } },
{ "type": "Feature", "properties": { "pt_id": " 13075", "trajectory_id": 13, "北京时间": "2026-05-10 20:00", "lon": 112.973, "lat": 29.096, "height": 30.0 }, "geometry": { "type": "Point", "coordinates": [ 112.973, 29.096 ] } },
{ "type": "Feature", "properties": { "pt_id": " 13076", "trajectory_id": 13, "北京时间": "2026-05-10 19:00", "lon": 112.968, "lat": 29.109, "height": 34.0 }, "geometry": { "type": "Point", "coordinates": [ 112.968, 29.109 ] } },
{ "type": "Feature", "properties": { "pt_id": " 13077", "trajectory_id": 13, "北京时间": "2026-05-10 18:00", "lon": 112.955, "lat": 29.154, "height": 36.0 }, "geometry": { "type": "Point", "coordinates": [ 112.955, 29.154 ] } },
{ "type": "Feature", "properties": { "pt_id": " 13078", "trajectory_id": 13, "北京时间": "2026-05-10 17:00", "lon": 112.936, "lat": 29.227, "height": 36.0 }, "geometry": { "type": "Point", "coordinates": [ 112.936, 29.227 ] } },
{ "type": "Feature", "properties": { "pt_id": " 13079", "trajectory_id": 13, "北京时间": "2026-05-10 16:00", "lon": 112.925, "lat": 29.319, "height": 35.0 }, "geometry": { "type": "Point", "coordinates": [ 112.925, 29.319 ] } },
{ "type": "Feature", "properties": { "pt_id": " 13080", "trajectory_id": 13, "北京时间": "2026-05-10 15:00", "lon": 112.931, "lat": 29.426, "height": 36.0 }, "geometry": { "type": "Point", "coordinates": [ 112.931, 29.426 ] } },
{ "type": "Feature", "properties": { "pt_id": " 13081", "trajectory_id": 13, "北京时间": "2026-05-10 14:00", "lon": 112.954, "lat": 29.544, "height": 38.0 }, "geometry": { "type": "Point", "coordinates": [ 112.954, 29.544 ] } },
{ "type": "Feature", "properties": { "pt_id": " 13082", "trajectory_id": 13, "北京时间": "2026-05-10 13:00", "lon": 112.993, "lat": 29.673, "height": 40.0 }, "geometry": { "type": "Point", "coordinates": [ 112.993, 29.673 ] } },
{ "type": "Feature", "properties": { "pt_id": " 13083", "trajectory_id": 13, "北京时间": "2026-05-10 12:00", "lon": 113.053, "lat": 29.815, "height": 38.0 }, "geometry": { "type": "Point", "coordinates": [ 113.053, 29.815 ] } },
{ "type": "Feature", "properties": { "pt_id": " 13084", "trajectory_id": 13, "北京时间": "2026-05-10 11:00", "lon": 113.131, "lat": 29.967, "height": 40.0 }, "geometry": { "type": "Point", "coordinates": [ 113.131, 29.967 ] } },
{ "type": "Feature", "properties": { "pt_id": " 13085", "trajectory_id": 13, "北京时间": "2026-05-10 10:00", "lon": 113.21, "lat": 30.129, "height": 48.0 }, "geometry": { "type": "Point", "coordinates": [ 113.21, 30.129 ] } },
{ "type": "Feature", "properties": { "pt_id": " 13086", "trajectory_id": 13, "北京时间": "2026-05-10 09:00", "lon": 113.28, "lat": 30.308, "height": 50.0 }, "geometry": { "type": "Point", "coordinates": [ 113.28, 30.308 ] } },
{ "type": "Feature", "properties": { "pt_id": " 13087", "trajectory_id": 13, "北京时间": "2026-05-10 08:00", "lon": 113.344, "lat": 30.514, "height": 50.0 }, "geometry": { "type": "Point", "coordinates": [ 113.344, 30.514 ] } },
{ "type": "Feature", "properties": { "pt_id": " 13088", "trajectory_id": 13, "北京时间": "2026-05-10 07:00", "lon": 113.403, "lat": 30.747, "height": 60.0 }, "geometry": { "type": "Point", "coordinates": [ 113.403, 30.747 ] } },
{ "type": "Feature", "properties": { "pt_id": " 13089", "trajectory_id": 13, "北京时间": "2026-05-10 06:00", "lon": 113.465, "lat": 31.001, "height": 90.0 }, "geometry": { "type": "Point", "coordinates": [ 113.465, 31.001 ] } },
{ "type": "Feature", "properties": { "pt_id": " 13090", "trajectory_id": 13, "北京时间": "2026-05-10 05:00", "lon": 113.56, "lat": 31.257, "height": 116.0 }, "geometry": { "type": "Point", "coordinates": [ 113.56, 31.257 ] } },
{ "type": "Feature", "properties": { "pt_id": " 13091", "trajectory_id": 13, "北京时间": "2026-05-10 04:00", "lon": 113.716, "lat": 31.481, "height": 126.0 }, "geometry": { "type": "Point", "coordinates": [ 113.716, 31.481 ] } },
{ "type": "Feature", "properties": { "pt_id": " 13092", "trajectory_id": 13, "北京时间": "2026-05-10 03:00", "lon": 113.897, "lat": 31.669, "height": 205.0 }, "geometry": { "type": "Point", "coordinates": [ 113.897, 31.669 ] } },
{ "type": "Feature", "properties": { "pt_id": " 13093", "trajectory_id": 13, "北京时间": "2026-05-10 02:00", "lon": 114.163, "lat": 31.903, "height": 238.0 }, "geometry": { "type": "Point", "coordinates": [ 114.163, 31.903 ] } },
{ "type": "Feature", "properties": { "pt_id": " 13094", "trajectory_id": 13, "北京时间": "2026-05-10 01:00", "lon": 114.403, "lat": 32.127, "height": 99.0 }, "geometry": { "type": "Point", "coordinates": [ 114.403, 32.127 ] } },
{ "type": "Feature", "properties": { "pt_id": " 13095", "trajectory_id": 13, "北京时间": "2026-05-10 00:00", "lon": 114.594, "lat": 32.324, "height": 82.0 }, "geometry": { "type": "Point", "coordinates": [ 114.594, 32.324 ] } },
{ "type": "Feature", "properties": { "pt_id": " 13096", "trajectory_id": 13, "北京时间": "2026-05-09 23:00", "lon": 114.8, "lat": 32.528, "height": 80.0 }, "geometry": { "type": "Point", "coordinates": [ 114.8, 32.528 ] } },
{ "type": "Feature", "properties": { "pt_id": " 14000", "trajectory_id": 14, "北京时间": "2026-05-11 23:00", "lon": 113.942, "lat": 30.907, "height": 10.0 }, "geometry": { "type": "Point", "coordinates": [ 113.942, 30.907 ] } },
{ "type": "Feature", "properties": { "pt_id": " 14053", "trajectory_id": 14, "北京时间": "2026-05-11 22:00", "lon": 113.888, "lat": 30.815, "height": 5.0 }, "geometry": { "type": "Point", "coordinates": [ 113.888, 30.815 ] } },
{ "type": "Feature", "properties": { "pt_id": " 14054", "trajectory_id": 14, "北京时间": "2026-05-11 21:00", "lon": 113.821, "lat": 30.72, "height": 4.0 }, "geometry": { "type": "Point", "coordinates": [ 113.821, 30.72 ] } },
{ "type": "Feature", "properties": { "pt_id": " 14055", "trajectory_id": 14, "北京时间": "2026-05-11 20:00", "lon": 113.748, "lat": 30.629, "height": 4.0 }, "geometry": { "type": "Point", "coordinates": [ 113.748, 30.629 ] } },
{ "type": "Feature", "properties": { "pt_id": " 14056", "trajectory_id": 14, "北京时间": "2026-05-11 19:00", "lon": 113.672, "lat": 30.544, "height": 4.0 }, "geometry": { "type": "Point", "coordinates": [ 113.672, 30.544 ] } },
{ "type": "Feature", "properties": { "pt_id": " 14057", "trajectory_id": 14, "北京时间": "2026-05-11 18:00", "lon": 113.593, "lat": 30.468, "height": 4.0 }, "geometry": { "type": "Point", "coordinates": [ 113.593, 30.468 ] } },
{ "type": "Feature", "properties": { "pt_id": " 14058", "trajectory_id": 14, "北京时间": "2026-05-11 17:00", "lon": 113.518, "lat": 30.401, "height": 4.0 }, "geometry": { "type": "Point", "coordinates": [ 113.518, 30.401 ] } },
{ "type": "Feature", "properties": { "pt_id": " 14059", "trajectory_id": 14, "北京时间": "2026-05-11 16:00", "lon": 113.447, "lat": 30.341, "height": 4.0 }, "geometry": { "type": "Point", "coordinates": [ 113.447, 30.341 ] } },
{ "type": "Feature", "properties": { "pt_id": " 14060", "trajectory_id": 14, "北京时间": "2026-05-11 15:00", "lon": 113.379, "lat": 30.286, "height": 4.0 }, "geometry": { "type": "Point", "coordinates": [ 113.379, 30.286 ] } },
{ "type": "Feature", "properties": { "pt_id": " 14061", "trajectory_id": 14, "北京时间": "2026-05-11 14:00", "lon": 113.317, "lat": 30.236, "height": 4.0 }, "geometry": { "type": "Point", "coordinates": [ 113.317, 30.236 ] } },
{ "type": "Feature", "properties": { "pt_id": " 14062", "trajectory_id": 14, "北京时间": "2026-05-11 13:00", "lon": 113.262, "lat": 30.19, "height": 4.0 }, "geometry": { "type": "Point", "coordinates": [ 113.262, 30.19 ] } },
{ "type": "Feature", "properties": { "pt_id": " 14063", "trajectory_id": 14, "北京时间": "2026-05-11 12:00", "lon": 113.213, "lat": 30.146, "height": 4.0 }, "geometry": { "type": "Point", "coordinates": [ 113.213, 30.146 ] } },
{ "type": "Feature", "properties": { "pt_id": " 14064", "trajectory_id": 14, "北京时间": "2026-05-11 11:00", "lon": 113.166, "lat": 30.105, "height": 4.0 }, "geometry": { "type": "Point", "coordinates": [ 113.166, 30.105 ] } },
{ "type": "Feature", "properties": { "pt_id": " 14065", "trajectory_id": 14, "北京时间": "2026-05-11 10:00", "lon": 113.116, "lat": 30.066, "height": 4.0 }, "geometry": { "type": "Point", "coordinates": [ 113.116, 30.066 ] } },
{ "type": "Feature", "properties": { "pt_id": " 14066", "trajectory_id": 14, "北京时间": "2026-05-11 09:00", "lon": 113.065, "lat": 30.028, "height": 4.0 }, "geometry": { "type": "Point", "coordinates": [ 113.065, 30.028 ] } },
{ "type": "Feature", "properties": { "pt_id": " 14067", "trajectory_id": 14, "北京时间": "2026-05-11 08:00", "lon": 113.012, "lat": 29.992, "height": 4.0 }, "geometry": { "type": "Point", "coordinates": [ 113.012, 29.992 ] } },
{ "type": "Feature", "properties": { "pt_id": " 14068", "trajectory_id": 14, "北京时间": "2026-05-11 07:00", "lon": 112.952, "lat": 29.959, "height": 4.0 }, "geometry": { "type": "Point", "coordinates": [ 112.952, 29.959 ] } },
{ "type": "Feature", "properties": { "pt_id": " 14069", "trajectory_id": 14, "北京时间": "2026-05-11 06:00", "lon": 112.881, "lat": 29.928, "height": 3.0 }, "geometry": { "type": "Point", "coordinates": [ 112.881, 29.928 ] } },
{ "type": "Feature", "properties": { "pt_id": " 14070", "trajectory_id": 14, "北京时间": "2026-05-11 05:00", "lon": 112.812, "lat": 29.899, "height": 2.0 }, "geometry": { "type": "Point", "coordinates": [ 112.812, 29.899 ] } },
{ "type": "Feature", "properties": { "pt_id": " 14071", "trajectory_id": 14, "北京时间": "2026-05-11 04:00", "lon": 112.756, "lat": 29.877, "height": 2.0 }, "geometry": { "type": "Point", "coordinates": [ 112.756, 29.877 ] } },
{ "type": "Feature", "properties": { "pt_id": " 14072", "trajectory_id": 14, "北京时间": "2026-05-11 03:00", "lon": 112.713, "lat": 29.866, "height": 3.0 }, "geometry": { "type": "Point", "coordinates": [ 112.713, 29.866 ] } },
{ "type": "Feature", "properties": { "pt_id": " 14073", "trajectory_id": 14, "北京时间": "2026-05-11 02:00", "lon": 112.669, "lat": 29.852, "height": 4.0 }, "geometry": { "type": "Point", "coordinates": [ 112.669, 29.852 ] } },
{ "type": "Feature", "properties": { "pt_id": " 14074", "trajectory_id": 14, "北京时间": "2026-05-11 01:00", "lon": 112.621, "lat": 29.816, "height": 10.0 }, "geometry": { "type": "Point", "coordinates": [ 112.621, 29.816 ] } },
{ "type": "Feature", "properties": { "pt_id": " 14075", "trajectory_id": 14, "北京时间": "2026-05-11 00:00", "lon": 112.577, "lat": 29.747, "height": 24.0 }, "geometry": { "type": "Point", "coordinates": [ 112.577, 29.747 ] } },
{ "type": "Feature", "properties": { "pt_id": " 14076", "trajectory_id": 14, "北京时间": "2026-05-10 23:00", "lon": 112.549, "lat": 29.706, "height": 49.0 }, "geometry": { "type": "Point", "coordinates": [ 112.549, 29.706 ] } },
{ "type": "Feature", "properties": { "pt_id": " 14077", "trajectory_id": 14, "北京时间": "2026-05-10 22:00", "lon": 112.523, "lat": 29.742, "height": 80.0 }, "geometry": { "type": "Point", "coordinates": [ 112.523, 29.742 ] } },
{ "type": "Feature", "properties": { "pt_id": " 14078", "trajectory_id": 14, "北京时间": "2026-05-10 21:00", "lon": 112.496, "lat": 29.847, "height": 119.0 }, "geometry": { "type": "Point", "coordinates": [ 112.496, 29.847 ] } },
{ "type": "Feature", "properties": { "pt_id": " 14079", "trajectory_id": 14, "北京时间": "2026-05-10 20:00", "lon": 112.491, "lat": 29.974, "height": 146.0 }, "geometry": { "type": "Point", "coordinates": [ 112.491, 29.974 ] } },
{ "type": "Feature", "properties": { "pt_id": " 14080", "trajectory_id": 14, "北京时间": "2026-05-10 19:00", "lon": 112.514, "lat": 30.108, "height": 151.0 }, "geometry": { "type": "Point", "coordinates": [ 112.514, 30.108 ] } },
{ "type": "Feature", "properties": { "pt_id": " 14081", "trajectory_id": 14, "北京时间": "2026-05-10 18:00", "lon": 112.549, "lat": 30.254, "height": 164.0 }, "geometry": { "type": "Point", "coordinates": [ 112.549, 30.254 ] } },
{ "type": "Feature", "properties": { "pt_id": " 14082", "trajectory_id": 14, "北京时间": "2026-05-10 17:00", "lon": 112.609, "lat": 30.403, "height": 189.0 }, "geometry": { "type": "Point", "coordinates": [ 112.609, 30.403 ] } },
{ "type": "Feature", "properties": { "pt_id": " 14083", "trajectory_id": 14, "北京时间": "2026-05-10 16:00", "lon": 112.71, "lat": 30.561, "height": 198.0 }, "geometry": { "type": "Point", "coordinates": [ 112.71, 30.561 ] } },
{ "type": "Feature", "properties": { "pt_id": " 14084", "trajectory_id": 14, "北京时间": "2026-05-10 15:00", "lon": 112.823, "lat": 30.745, "height": 171.0 }, "geometry": { "type": "Point", "coordinates": [ 112.823, 30.745 ] } },
{ "type": "Feature", "properties": { "pt_id": " 14085", "trajectory_id": 14, "北京时间": "2026-05-10 14:00", "lon": 112.953, "lat": 30.966, "height": 200.0 }, "geometry": { "type": "Point", "coordinates": [ 112.953, 30.966 ] } },
{ "type": "Feature", "properties": { "pt_id": " 14086", "trajectory_id": 14, "北京时间": "2026-05-10 13:00", "lon": 113.137, "lat": 31.237, "height": 372.0 }, "geometry": { "type": "Point", "coordinates": [ 113.137, 31.237 ] } },
{ "type": "Feature", "properties": { "pt_id": " 14087", "trajectory_id": 14, "北京时间": "2026-05-10 12:00", "lon": 113.328, "lat": 31.511, "height": 434.0 }, "geometry": { "type": "Point", "coordinates": [ 113.328, 31.511 ] } },
{ "type": "Feature", "properties": { "pt_id": " 14088", "trajectory_id": 14, "北京时间": "2026-05-10 11:00", "lon": 113.541, "lat": 31.756, "height": 473.0 }, "geometry": { "type": "Point", "coordinates": [ 113.541, 31.756 ] } },
{ "type": "Feature", "properties": { "pt_id": " 14089", "trajectory_id": 14, "北京时间": "2026-05-10 10:00", "lon": 113.844, "lat": 31.995, "height": 706.0 }, "geometry": { "type": "Point", "coordinates": [ 113.844, 31.995 ] } },
{ "type": "Feature", "properties": { "pt_id": " 14090", "trajectory_id": 14, "北京时间": "2026-05-10 09:00", "lon": 114.165, "lat": 32.197, "height": 673.0 }, "geometry": { "type": "Point", "coordinates": [ 114.165, 32.197 ] } },
{ "type": "Feature", "properties": { "pt_id": " 14091", "trajectory_id": 14, "北京时间": "2026-05-10 08:00", "lon": 114.491, "lat": 32.362, "height": 634.0 }, "geometry": { "type": "Point", "coordinates": [ 114.491, 32.362 ] } },
{ "type": "Feature", "properties": { "pt_id": " 14092", "trajectory_id": 14, "北京时间": "2026-05-10 07:00", "lon": 114.83, "lat": 32.542, "height": 583.0 }, "geometry": { "type": "Point", "coordinates": [ 114.83, 32.542 ] } },
{ "type": "Feature", "properties": { "pt_id": " 14093", "trajectory_id": 14, "北京时间": "2026-05-10 06:00", "lon": 115.2, "lat": 32.763, "height": 539.0 }, "geometry": { "type": "Point", "coordinates": [ 115.2, 32.763 ] } },
{ "type": "Feature", "properties": { "pt_id": " 14094", "trajectory_id": 14, "北京时间": "2026-05-10 05:00", "lon": 115.588, "lat": 33.014, "height": 595.0 }, "geometry": { "type": "Point", "coordinates": [ 115.588, 33.014 ] } },
{ "type": "Feature", "properties": { "pt_id": " 14095", "trajectory_id": 14, "北京时间": "2026-05-10 04:00", "lon": 115.912, "lat": 33.255, "height": 639.0 }, "geometry": { "type": "Point", "coordinates": [ 115.912, 33.255 ] } },
{ "type": "Feature", "properties": { "pt_id": " 14096", "trajectory_id": 14, "北京时间": "2026-05-10 03:00", "lon": 116.219, "lat": 33.542, "height": 674.0 }, "geometry": { "type": "Point", "coordinates": [ 116.219, 33.542 ] } },
{ "type": "Feature", "properties": { "pt_id": " 14097", "trajectory_id": 14, "北京时间": "2026-05-10 02:00", "lon": 116.504, "lat": 33.867, "height": 696.0 }, "geometry": { "type": "Point", "coordinates": [ 116.504, 33.867 ] } },
{ "type": "Feature", "properties": { "pt_id": " 14098", "trajectory_id": 14, "北京时间": "2026-05-10 01:00", "lon": 116.745, "lat": 34.201, "height": 692.0 }, "geometry": { "type": "Point", "coordinates": [ 116.745, 34.201 ] } },
{ "type": "Feature", "properties": { "pt_id": " 14099", "trajectory_id": 14, "北京时间": "2026-05-10 00:00", "lon": 116.927, "lat": 34.555, "height": 635.0 }, "geometry": { "type": "Point", "coordinates": [ 116.927, 34.555 ] } },
{ "type": "Feature", "properties": { "pt_id": " 14100", "trajectory_id": 14, "北京时间": "2026-05-09 23:00", "lon": 117.062, "lat": 34.892, "height": 649.0 }, "geometry": { "type": "Point", "coordinates": [ 117.062, 34.892 ] } },
{ "type": "Feature", "properties": { "pt_id": " 15000", "trajectory_id": 15, "北京时间": "2026-05-11 23:00", "lon": 113.942, "lat": 30.907, "height": 10.0 }, "geometry": { "type": "Point", "coordinates": [ 113.942, 30.907 ] } },
{ "type": "Feature", "properties": { "pt_id": " 15057", "trajectory_id": 15, "北京时间": "2026-05-11 22:00", "lon": 113.854, "lat": 30.822, "height": 9.0 }, "geometry": { "type": "Point", "coordinates": [ 113.854, 30.822 ] } },
{ "type": "Feature", "properties": { "pt_id": " 15058", "trajectory_id": 15, "北京时间": "2026-05-11 21:00", "lon": 113.768, "lat": 30.747, "height": 9.0 }, "geometry": { "type": "Point", "coordinates": [ 113.768, 30.747 ] } },
{ "type": "Feature", "properties": { "pt_id": " 15059", "trajectory_id": 15, "北京时间": "2026-05-11 20:00", "lon": 113.687, "lat": 30.682, "height": 9.0 }, "geometry": { "type": "Point", "coordinates": [ 113.687, 30.682 ] } },
{ "type": "Feature", "properties": { "pt_id": " 15060", "trajectory_id": 15, "北京时间": "2026-05-11 19:00", "lon": 113.61, "lat": 30.627, "height": 9.0 }, "geometry": { "type": "Point", "coordinates": [ 113.61, 30.627 ] } },
{ "type": "Feature", "properties": { "pt_id": " 15061", "trajectory_id": 15, "北京时间": "2026-05-11 18:00", "lon": 113.538, "lat": 30.579, "height": 9.0 }, "geometry": { "type": "Point", "coordinates": [ 113.538, 30.579 ] } },
{ "type": "Feature", "properties": { "pt_id": " 15062", "trajectory_id": 15, "北京时间": "2026-05-11 17:00", "lon": 113.472, "lat": 30.535, "height": 9.0 }, "geometry": { "type": "Point", "coordinates": [ 113.472, 30.535 ] } },
{ "type": "Feature", "properties": { "pt_id": " 15063", "trajectory_id": 15, "北京时间": "2026-05-11 16:00", "lon": 113.411, "lat": 30.497, "height": 9.0 }, "geometry": { "type": "Point", "coordinates": [ 113.411, 30.497 ] } },
{ "type": "Feature", "properties": { "pt_id": " 15064", "trajectory_id": 15, "北京时间": "2026-05-11 15:00", "lon": 113.349, "lat": 30.462, "height": 9.0 }, "geometry": { "type": "Point", "coordinates": [ 113.349, 30.462 ] } },
{ "type": "Feature", "properties": { "pt_id": " 15065", "trajectory_id": 15, "北京时间": "2026-05-11 14:00", "lon": 113.279, "lat": 30.432, "height": 9.0 }, "geometry": { "type": "Point", "coordinates": [ 113.279, 30.432 ] } },
{ "type": "Feature", "properties": { "pt_id": " 15066", "trajectory_id": 15, "北京时间": "2026-05-11 13:00", "lon": 113.204, "lat": 30.405, "height": 9.0 }, "geometry": { "type": "Point", "coordinates": [ 113.204, 30.405 ] } },
{ "type": "Feature", "properties": { "pt_id": " 15067", "trajectory_id": 15, "北京时间": "2026-05-11 12:00", "lon": 113.125, "lat": 30.381, "height": 9.0 }, "geometry": { "type": "Point", "coordinates": [ 113.125, 30.381 ] } },
{ "type": "Feature", "properties": { "pt_id": " 15068", "trajectory_id": 15, "北京时间": "2026-05-11 11:00", "lon": 113.042, "lat": 30.36, "height": 7.0 }, "geometry": { "type": "Point", "coordinates": [ 113.042, 30.36 ] } },
{ "type": "Feature", "properties": { "pt_id": " 15069", "trajectory_id": 15, "北京时间": "2026-05-11 10:00", "lon": 112.956, "lat": 30.344, "height": 4.0 }, "geometry": { "type": "Point", "coordinates": [ 112.956, 30.344 ] } },
{ "type": "Feature", "properties": { "pt_id": " 15070", "trajectory_id": 15, "北京时间": "2026-05-11 09:00", "lon": 112.867, "lat": 30.326, "height": 0.0 }, "geometry": { "type": "Point", "coordinates": [ 112.867, 30.326 ] } },
{ "type": "Feature", "properties": { "pt_id": " 15071", "trajectory_id": 15, "北京时间": "2026-05-11 08:00", "lon": 112.775, "lat": 30.306, "height": 0.0 }, "geometry": { "type": "Point", "coordinates": [ 112.775, 30.306 ] } },
{ "type": "Feature", "properties": { "pt_id": " 15072", "trajectory_id": 15, "北京时间": "2026-05-11 07:00", "lon": 112.675, "lat": 30.292, "height": 0.0 }, "geometry": { "type": "Point", "coordinates": [ 112.675, 30.292 ] } },
{ "type": "Feature", "properties": { "pt_id": " 15073", "trajectory_id": 15, "北京时间": "2026-05-11 06:00", "lon": 112.575, "lat": 30.271, "height": 0.0 }, "geometry": { "type": "Point", "coordinates": [ 112.575, 30.271 ] } },
{ "type": "Feature", "properties": { "pt_id": " 15074", "trajectory_id": 15, "北京时间": "2026-05-11 05:00", "lon": 112.485, "lat": 30.232, "height": 0.0 }, "geometry": { "type": "Point", "coordinates": [ 112.485, 30.232 ] } },
{ "type": "Feature", "properties": { "pt_id": " 15075", "trajectory_id": 15, "北京时间": "2026-05-11 04:00", "lon": 112.404, "lat": 30.174, "height": 0.0 }, "geometry": { "type": "Point", "coordinates": [ 112.404, 30.174 ] } },
{ "type": "Feature", "properties": { "pt_id": " 15076", "trajectory_id": 15, "北京时间": "2026-05-11 03:00", "lon": 112.336, "lat": 30.116, "height": 2.0 }, "geometry": { "type": "Point", "coordinates": [ 112.336, 30.116 ] } },
{ "type": "Feature", "properties": { "pt_id": " 15077", "trajectory_id": 15, "北京时间": "2026-05-11 02:00", "lon": 112.279, "lat": 30.084, "height": 5.0 }, "geometry": { "type": "Point", "coordinates": [ 112.279, 30.084 ] } },
{ "type": "Feature", "properties": { "pt_id": " 15078", "trajectory_id": 15, "北京时间": "2026-05-11 01:00", "lon": 112.226, "lat": 30.08, "height": 8.0 }, "geometry": { "type": "Point", "coordinates": [ 112.226, 30.08 ] } },
{ "type": "Feature", "properties": { "pt_id": " 15079", "trajectory_id": 15, "北京时间": "2026-05-11 00:00", "lon": 112.17, "lat": 30.102, "height": 11.0 }, "geometry": { "type": "Point", "coordinates": [ 112.17, 30.102 ] } },
{ "type": "Feature", "properties": { "pt_id": " 15080", "trajectory_id": 15, "北京时间": "2026-05-10 23:00", "lon": 112.112, "lat": 30.148, "height": 15.0 }, "geometry": { "type": "Point", "coordinates": [ 112.112, 30.148 ] } },
{ "type": "Feature", "properties": { "pt_id": " 15081", "trajectory_id": 15, "北京时间": "2026-05-10 22:00", "lon": 112.053, "lat": 30.211, "height": 25.0 }, "geometry": { "type": "Point", "coordinates": [ 112.053, 30.211 ] } },
{ "type": "Feature", "properties": { "pt_id": " 15082", "trajectory_id": 15, "北京时间": "2026-05-10 21:00", "lon": 112.009, "lat": 30.287, "height": 40.0 }, "geometry": { "type": "Point", "coordinates": [ 112.009, 30.287 ] } },
{ "type": "Feature", "properties": { "pt_id": " 15083", "trajectory_id": 15, "北京时间": "2026-05-10 20:00", "lon": 112.003, "lat": 30.381, "height": 51.0 }, "geometry": { "type": "Point", "coordinates": [ 112.003, 30.381 ] } },
{ "type": "Feature", "properties": { "pt_id": " 15084", "trajectory_id": 15, "北京时间": "2026-05-10 19:00", "lon": 112.041, "lat": 30.513, "height": 66.0 }, "geometry": { "type": "Point", "coordinates": [ 112.041, 30.513 ] } },
{ "type": "Feature", "properties": { "pt_id": " 15085", "trajectory_id": 15, "北京时间": "2026-05-10 18:00", "lon": 112.109, "lat": 30.69, "height": 83.0 }, "geometry": { "type": "Point", "coordinates": [ 112.109, 30.69 ] } },
{ "type": "Feature", "properties": { "pt_id": " 15086", "trajectory_id": 15, "北京时间": "2026-05-10 17:00", "lon": 112.207, "lat": 30.903, "height": 113.0 }, "geometry": { "type": "Point", "coordinates": [ 112.207, 30.903 ] } },
{ "type": "Feature", "properties": { "pt_id": " 15087", "trajectory_id": 15, "北京时间": "2026-05-10 16:00", "lon": 112.32, "lat": 31.146, "height": 166.0 }, "geometry": { "type": "Point", "coordinates": [ 112.32, 31.146 ] } },
{ "type": "Feature", "properties": { "pt_id": " 15088", "trajectory_id": 15, "北京时间": "2026-05-10 15:00", "lon": 112.434, "lat": 31.362, "height": 178.0 }, "geometry": { "type": "Point", "coordinates": [ 112.434, 31.362 ] } },
{ "type": "Feature", "properties": { "pt_id": " 15089", "trajectory_id": 15, "北京时间": "2026-05-10 14:00", "lon": 112.604, "lat": 31.547, "height": 242.0 }, "geometry": { "type": "Point", "coordinates": [ 112.604, 31.547 ] } },
{ "type": "Feature", "properties": { "pt_id": " 15090", "trajectory_id": 15, "北京时间": "2026-05-10 13:00", "lon": 112.848, "lat": 31.72, "height": 366.0 }, "geometry": { "type": "Point", "coordinates": [ 112.848, 31.72 ] } },
{ "type": "Feature", "properties": { "pt_id": " 15091", "trajectory_id": 15, "北京时间": "2026-05-10 12:00", "lon": 113.113, "lat": 31.889, "height": 369.0 }, "geometry": { "type": "Point", "coordinates": [ 113.113, 31.889 ] } },
{ "type": "Feature", "properties": { "pt_id": " 15092", "trajectory_id": 15, "北京时间": "2026-05-10 11:00", "lon": 113.399, "lat": 32.085, "height": 438.0 }, "geometry": { "type": "Point", "coordinates": [ 113.399, 32.085 ] } },
{ "type": "Feature", "properties": { "pt_id": " 15093", "trajectory_id": 15, "北京时间": "2026-05-10 10:00", "lon": 113.727, "lat": 32.294, "height": 442.0 }, "geometry": { "type": "Point", "coordinates": [ 113.727, 32.294 ] } },
{ "type": "Feature", "properties": { "pt_id": " 15094", "trajectory_id": 15, "北京时间": "2026-05-10 09:00", "lon": 114.059, "lat": 32.503, "height": 359.0 }, "geometry": { "type": "Point", "coordinates": [ 114.059, 32.503 ] } },
{ "type": "Feature", "properties": { "pt_id": " 15095", "trajectory_id": 15, "北京时间": "2026-05-10 08:00", "lon": 114.379, "lat": 32.727, "height": 337.0 }, "geometry": { "type": "Point", "coordinates": [ 114.379, 32.727 ] } },
{ "type": "Feature", "properties": { "pt_id": " 15096", "trajectory_id": 15, "北京时间": "2026-05-10 07:00", "lon": 114.687, "lat": 32.966, "height": 352.0 }, "geometry": { "type": "Point", "coordinates": [ 114.687, 32.966 ] } },
{ "type": "Feature", "properties": { "pt_id": " 15097", "trajectory_id": 15, "北京时间": "2026-05-10 06:00", "lon": 114.97, "lat": 33.232, "height": 393.0 }, "geometry": { "type": "Point", "coordinates": [ 114.97, 33.232 ] } },
{ "type": "Feature", "properties": { "pt_id": " 15098", "trajectory_id": 15, "北京时间": "2026-05-10 05:00", "lon": 115.233, "lat": 33.53, "height": 447.0 }, "geometry": { "type": "Point", "coordinates": [ 115.233, 33.53 ] } },
{ "type": "Feature", "properties": { "pt_id": " 15099", "trajectory_id": 15, "北京时间": "2026-05-10 04:00", "lon": 115.47, "lat": 33.849, "height": 509.0 }, "geometry": { "type": "Point", "coordinates": [ 115.47, 33.849 ] } },
{ "type": "Feature", "properties": { "pt_id": " 15100", "trajectory_id": 15, "北京时间": "2026-05-10 03:00", "lon": 115.675, "lat": 34.199, "height": 576.0 }, "geometry": { "type": "Point", "coordinates": [ 115.675, 34.199 ] } },
{ "type": "Feature", "properties": { "pt_id": " 15101", "trajectory_id": 15, "北京时间": "2026-05-10 02:00", "lon": 115.831, "lat": 34.575, "height": 672.0 }, "geometry": { "type": "Point", "coordinates": [ 115.831, 34.575 ] } },
{ "type": "Feature", "properties": { "pt_id": " 15102", "trajectory_id": 15, "北京时间": "2026-05-10 01:00", "lon": 115.937, "lat": 34.962, "height": 789.0 }, "geometry": { "type": "Point", "coordinates": [ 115.937, 34.962 ] } },
{ "type": "Feature", "properties": { "pt_id": " 15103", "trajectory_id": 15, "北京时间": "2026-05-10 00:00", "lon": 116.003, "lat": 35.358, "height": 875.0 }, "geometry": { "type": "Point", "coordinates": [ 116.003, 35.358 ] } },
{ "type": "Feature", "properties": { "pt_id": " 15104", "trajectory_id": 15, "北京时间": "2026-05-09 23:00", "lon": 116.038, "lat": 35.752, "height": 1015.0 }, "geometry": { "type": "Point", "coordinates": [ 116.038, 35.752 ] } },
{ "type": "Feature", "properties": { "pt_id": " 16000", "trajectory_id": 16, "北京时间": "2026-05-11 23:00", "lon": 113.942, "lat": 30.907, "height": 10.0 }, "geometry": { "type": "Point", "coordinates": [ 113.942, 30.907 ] } },
{ "type": "Feature", "properties": { "pt_id": " 16061", "trajectory_id": 16, "北京时间": "2026-05-11 22:00", "lon": 113.881, "lat": 30.837, "height": 10.0 }, "geometry": { "type": "Point", "coordinates": [ 113.881, 30.837 ] } },
{ "type": "Feature", "properties": { "pt_id": " 16062", "trajectory_id": 16, "北京时间": "2026-05-11 21:00", "lon": 113.829, "lat": 30.774, "height": 10.0 }, "geometry": { "type": "Point", "coordinates": [ 113.829, 30.774 ] } },
{ "type": "Feature", "properties": { "pt_id": " 16063", "trajectory_id": 16, "北京时间": "2026-05-11 20:00", "lon": 113.786, "lat": 30.716, "height": 10.0 }, "geometry": { "type": "Point", "coordinates": [ 113.786, 30.716 ] } },
{ "type": "Feature", "properties": { "pt_id": " 16064", "trajectory_id": 16, "北京时间": "2026-05-11 19:00", "lon": 113.745, "lat": 30.668, "height": 10.0 }, "geometry": { "type": "Point", "coordinates": [ 113.745, 30.668 ] } },
{ "type": "Feature", "properties": { "pt_id": " 16065", "trajectory_id": 16, "北京时间": "2026-05-11 18:00", "lon": 113.694, "lat": 30.629, "height": 10.0 }, "geometry": { "type": "Point", "coordinates": [ 113.694, 30.629 ] } },
{ "type": "Feature", "properties": { "pt_id": " 16066", "trajectory_id": 16, "北京时间": "2026-05-11 17:00", "lon": 113.632, "lat": 30.597, "height": 10.0 }, "geometry": { "type": "Point", "coordinates": [ 113.632, 30.597 ] } },
{ "type": "Feature", "properties": { "pt_id": " 16067", "trajectory_id": 16, "北京时间": "2026-05-11 16:00", "lon": 113.561, "lat": 30.571, "height": 10.0 }, "geometry": { "type": "Point", "coordinates": [ 113.561, 30.571 ] } },
{ "type": "Feature", "properties": { "pt_id": " 16068", "trajectory_id": 16, "北京时间": "2026-05-11 15:00", "lon": 113.484, "lat": 30.547, "height": 10.0 }, "geometry": { "type": "Point", "coordinates": [ 113.484, 30.547 ] } },
{ "type": "Feature", "properties": { "pt_id": " 16069", "trajectory_id": 16, "北京时间": "2026-05-11 14:00", "lon": 113.406, "lat": 30.529, "height": 10.0 }, "geometry": { "type": "Point", "coordinates": [ 113.406, 30.529 ] } },
{ "type": "Feature", "properties": { "pt_id": " 16070", "trajectory_id": 16, "北京时间": "2026-05-11 13:00", "lon": 113.329, "lat": 30.513, "height": 9.0 }, "geometry": { "type": "Point", "coordinates": [ 113.329, 30.513 ] } },
{ "type": "Feature", "properties": { "pt_id": " 16071", "trajectory_id": 16, "北京时间": "2026-05-11 12:00", "lon": 113.258, "lat": 30.494, "height": 6.0 }, "geometry": { "type": "Point", "coordinates": [ 113.258, 30.494 ] } },
{ "type": "Feature", "properties": { "pt_id": " 16072", "trajectory_id": 16, "北京时间": "2026-05-11 11:00", "lon": 113.192, "lat": 30.47, "height": 2.0 }, "geometry": { "type": "Point", "coordinates": [ 113.192, 30.47 ] } },
{ "type": "Feature", "properties": { "pt_id": " 16073", "trajectory_id": 16, "北京时间": "2026-05-11 10:00", "lon": 113.129, "lat": 30.441, "height": 0.0 }, "geometry": { "type": "Point", "coordinates": [ 113.129, 30.441 ] } },
{ "type": "Feature", "properties": { "pt_id": " 16074", "trajectory_id": 16, "北京时间": "2026-05-11 09:00", "lon": 113.071, "lat": 30.41, "height": 1.0 }, "geometry": { "type": "Point", "coordinates": [ 113.071, 30.41 ] } },
{ "type": "Feature", "properties": { "pt_id": " 16075", "trajectory_id": 16, "北京时间": "2026-05-11 08:00", "lon": 113.018, "lat": 30.378, "height": 6.0 }, "geometry": { "type": "Point", "coordinates": [ 113.018, 30.378 ] } },
{ "type": "Feature", "properties": { "pt_id": " 16076", "trajectory_id": 16, "北京时间": "2026-05-11 07:00", "lon": 112.981, "lat": 30.358, "height": 11.0 }, "geometry": { "type": "Point", "coordinates": [ 112.981, 30.358 ] } },
{ "type": "Feature", "properties": { "pt_id": " 16077", "trajectory_id": 16, "北京时间": "2026-05-11 06:00", "lon": 112.972, "lat": 30.362, "height": 16.0 }, "geometry": { "type": "Point", "coordinates": [ 112.972, 30.362 ] } },
{ "type": "Feature", "properties": { "pt_id": " 16078", "trajectory_id": 16, "北京时间": "2026-05-11 05:00", "lon": 112.994, "lat": 30.389, "height": 21.0 }, "geometry": { "type": "Point", "coordinates": [ 112.994, 30.389 ] } },
{ "type": "Feature", "properties": { "pt_id": " 16079", "trajectory_id": 16, "北京时间": "2026-05-11 04:00", "lon": 113.041, "lat": 30.443, "height": 28.0 }, "geometry": { "type": "Point", "coordinates": [ 113.041, 30.443 ] } },
{ "type": "Feature", "properties": { "pt_id": " 16080", "trajectory_id": 16, "北京时间": "2026-05-11 03:00", "lon": 113.105, "lat": 30.519, "height": 32.0 }, "geometry": { "type": "Point", "coordinates": [ 113.105, 30.519 ] } },
{ "type": "Feature", "properties": { "pt_id": " 16081", "trajectory_id": 16, "北京时间": "2026-05-11 02:00", "lon": 113.195, "lat": 30.617, "height": 36.0 }, "geometry": { "type": "Point", "coordinates": [ 113.195, 30.617 ] } },
{ "type": "Feature", "properties": { "pt_id": " 16082", "trajectory_id": 16, "北京时间": "2026-05-11 01:00", "lon": 113.313, "lat": 30.743, "height": 38.0 }, "geometry": { "type": "Point", "coordinates": [ 113.313, 30.743 ] } },
{ "type": "Feature", "properties": { "pt_id": " 16083", "trajectory_id": 16, "北京时间": "2026-05-11 00:00", "lon": 113.435, "lat": 30.916, "height": 50.0 }, "geometry": { "type": "Point", "coordinates": [ 113.435, 30.916 ] } },
{ "type": "Feature", "properties": { "pt_id": " 16084", "trajectory_id": 16, "北京时间": "2026-05-10 23:00", "lon": 113.527, "lat": 31.142, "height": 77.0 }, "geometry": { "type": "Point", "coordinates": [ 113.527, 31.142 ] } },
{ "type": "Feature", "properties": { "pt_id": " 16085", "trajectory_id": 16, "北京时间": "2026-05-10 22:00", "lon": 113.6, "lat": 31.372, "height": 119.0 }, "geometry": { "type": "Point", "coordinates": [ 113.6, 31.372 ] } },
{ "type": "Feature", "properties": { "pt_id": " 16086", "trajectory_id": 16, "北京时间": "2026-05-10 21:00", "lon": 113.665, "lat": 31.575, "height": 136.0 }, "geometry": { "type": "Point", "coordinates": [ 113.665, 31.575 ] } },
{ "type": "Feature", "properties": { "pt_id": " 16087", "trajectory_id": 16, "北京时间": "2026-05-10 20:00", "lon": 113.764, "lat": 31.771, "height": 256.0 }, "geometry": { "type": "Point", "coordinates": [ 113.764, 31.771 ] } },
{ "type": "Feature", "properties": { "pt_id": " 16088", "trajectory_id": 16, "北京时间": "2026-05-10 19:00", "lon": 113.951, "lat": 31.979, "height": 386.0 }, "geometry": { "type": "Point", "coordinates": [ 113.951, 31.979 ] } },
{ "type": "Feature", "properties": { "pt_id": " 16089", "trajectory_id": 16, "北京时间": "2026-05-10 18:00", "lon": 114.17, "lat": 32.149, "height": 256.0 }, "geometry": { "type": "Point", "coordinates": [ 114.17, 32.149 ] } },
{ "type": "Feature", "properties": { "pt_id": " 16090", "trajectory_id": 16, "北京时间": "2026-05-10 17:00", "lon": 114.436, "lat": 32.299, "height": 196.0 }, "geometry": { "type": "Point", "coordinates": [ 114.436, 32.299 ] } },
{ "type": "Feature", "properties": { "pt_id": " 16091", "trajectory_id": 16, "北京时间": "2026-05-10 16:00", "lon": 114.724, "lat": 32.452, "height": 163.0 }, "geometry": { "type": "Point", "coordinates": [ 114.724, 32.452 ] } },
{ "type": "Feature", "properties": { "pt_id": " 16092", "trajectory_id": 16, "北京时间": "2026-05-10 15:00", "lon": 115.022, "lat": 32.615, "height": 154.0 }, "geometry": { "type": "Point", "coordinates": [ 115.022, 32.615 ] } },
{ "type": "Feature", "properties": { "pt_id": " 16093", "trajectory_id": 16, "北京时间": "2026-05-10 14:00", "lon": 115.32, "lat": 32.84, "height": 154.0 }, "geometry": { "type": "Point", "coordinates": [ 115.32, 32.84 ] } },
{ "type": "Feature", "properties": { "pt_id": " 16094", "trajectory_id": 16, "北京时间": "2026-05-10 13:00", "lon": 115.612, "lat": 33.102, "height": 162.0 }, "geometry": { "type": "Point", "coordinates": [ 115.612, 33.102 ] } },
{ "type": "Feature", "properties": { "pt_id": " 16095", "trajectory_id": 16, "北京时间": "2026-05-10 12:00", "lon": 115.875, "lat": 33.363, "height": 167.0 }, "geometry": { "type": "Point", "coordinates": [ 115.875, 33.363 ] } },
{ "type": "Feature", "properties": { "pt_id": " 16096", "trajectory_id": 16, "北京时间": "2026-05-10 11:00", "lon": 116.096, "lat": 33.687, "height": 180.0 }, "geometry": { "type": "Point", "coordinates": [ 116.096, 33.687 ] } },
{ "type": "Feature", "properties": { "pt_id": " 16097", "trajectory_id": 16, "北京时间": "2026-05-10 10:00", "lon": 116.296, "lat": 34.055, "height": 184.0 }, "geometry": { "type": "Point", "coordinates": [ 116.296, 34.055 ] } },
{ "type": "Feature", "properties": { "pt_id": " 16098", "trajectory_id": 16, "北京时间": "2026-05-10 09:00", "lon": 116.459, "lat": 34.402, "height": 218.0 }, "geometry": { "type": "Point", "coordinates": [ 116.459, 34.402 ] } },
{ "type": "Feature", "properties": { "pt_id": " 16099", "trajectory_id": 16, "北京时间": "2026-05-10 08:00", "lon": 116.558, "lat": 34.766, "height": 278.0 }, "geometry": { "type": "Point", "coordinates": [ 116.558, 34.766 ] } },
{ "type": "Feature", "properties": { "pt_id": " 16100", "trajectory_id": 16, "北京时间": "2026-05-10 07:00", "lon": 116.618, "lat": 35.14, "height": 310.0 }, "geometry": { "type": "Point", "coordinates": [ 116.618, 35.14 ] } },
{ "type": "Feature", "properties": { "pt_id": " 16101", "trajectory_id": 16, "北京时间": "2026-05-10 06:00", "lon": 116.669, "lat": 35.5, "height": 337.0 }, "geometry": { "type": "Point", "coordinates": [ 116.669, 35.5 ] } },
{ "type": "Feature", "properties": { "pt_id": " 16102", "trajectory_id": 16, "北京时间": "2026-05-10 05:00", "lon": 116.712, "lat": 35.855, "height": 423.0 }, "geometry": { "type": "Point", "coordinates": [ 116.712, 35.855 ] } },
{ "type": "Feature", "properties": { "pt_id": " 16103", "trajectory_id": 16, "北京时间": "2026-05-10 04:00", "lon": 116.735, "lat": 36.221, "height": 544.0 }, "geometry": { "type": "Point", "coordinates": [ 116.735, 36.221 ] } },
{ "type": "Feature", "properties": { "pt_id": " 16104", "trajectory_id": 16, "北京时间": "2026-05-10 03:00", "lon": 116.76, "lat": 36.597, "height": 528.0 }, "geometry": { "type": "Point", "coordinates": [ 116.76, 36.597 ] } },
{ "type": "Feature", "properties": { "pt_id": " 16105", "trajectory_id": 16, "北京时间": "2026-05-10 02:00", "lon": 116.795, "lat": 36.955, "height": 499.0 }, "geometry": { "type": "Point", "coordinates": [ 116.795, 36.955 ] } },
{ "type": "Feature", "properties": { "pt_id": " 16106", "trajectory_id": 16, "北京时间": "2026-05-10 01:00", "lon": 116.815, "lat": 37.323, "height": 480.0 }, "geometry": { "type": "Point", "coordinates": [ 116.815, 37.323 ] } },
{ "type": "Feature", "properties": { "pt_id": " 16107", "trajectory_id": 16, "北京时间": "2026-05-10 00:00", "lon": 116.831, "lat": 37.716, "height": 487.0 }, "geometry": { "type": "Point", "coordinates": [ 116.831, 37.716 ] } },
{ "type": "Feature", "properties": { "pt_id": " 16108", "trajectory_id": 16, "北京时间": "2026-05-09 23:00", "lon": 116.864, "lat": 38.131, "height": 497.0 }, "geometry": { "type": "Point", "coordinates": [ 116.864, 38.131 ] } },
{ "type": "Feature", "properties": { "pt_id": " 17000", "trajectory_id": 17, "北京时间": "2026-05-11 23:00", "lon": 113.942, "lat": 30.907, "height": 10.0 }, "geometry": { "type": "Point", "coordinates": [ 113.942, 30.907 ] } },
{ "type": "Feature", "properties": { "pt_id": " 17065", "trajectory_id": 17, "北京时间": "2026-05-11 22:00", "lon": 113.905, "lat": 30.856, "height": 10.0 }, "geometry": { "type": "Point", "coordinates": [ 113.905, 30.856 ] } },
{ "type": "Feature", "properties": { "pt_id": " 17066", "trajectory_id": 17, "北京时间": "2026-05-11 21:00", "lon": 113.856, "lat": 30.814, "height": 10.0 }, "geometry": { "type": "Point", "coordinates": [ 113.856, 30.814 ] } },
{ "type": "Feature", "properties": { "pt_id": " 17067", "trajectory_id": 17, "北京时间": "2026-05-11 20:00", "lon": 113.797, "lat": 30.776, "height": 10.0 }, "geometry": { "type": "Point", "coordinates": [ 113.797, 30.776 ] } },
{ "type": "Feature", "properties": { "pt_id": " 17068", "trajectory_id": 17, "北京时间": "2026-05-11 19:00", "lon": 113.729, "lat": 30.735, "height": 10.0 }, "geometry": { "type": "Point", "coordinates": [ 113.729, 30.735 ] } },
{ "type": "Feature", "properties": { "pt_id": " 17069", "trajectory_id": 17, "北京时间": "2026-05-11 18:00", "lon": 113.654, "lat": 30.693, "height": 9.0 }, "geometry": { "type": "Point", "coordinates": [ 113.654, 30.693 ] } },
{ "type": "Feature", "properties": { "pt_id": " 17070", "trajectory_id": 17, "北京时间": "2026-05-11 17:00", "lon": 113.579, "lat": 30.653, "height": 8.0 }, "geometry": { "type": "Point", "coordinates": [ 113.579, 30.653 ] } },
{ "type": "Feature", "properties": { "pt_id": " 17071", "trajectory_id": 17, "北京时间": "2026-05-11 16:00", "lon": 113.506, "lat": 30.614, "height": 6.0 }, "geometry": { "type": "Point", "coordinates": [ 113.506, 30.614 ] } },
{ "type": "Feature", "properties": { "pt_id": " 17072", "trajectory_id": 17, "北京时间": "2026-05-11 15:00", "lon": 113.437, "lat": 30.572, "height": 4.0 }, "geometry": { "type": "Point", "coordinates": [ 113.437, 30.572 ] } },
{ "type": "Feature", "properties": { "pt_id": " 17073", "trajectory_id": 17, "北京时间": "2026-05-11 14:00", "lon": 113.376, "lat": 30.529, "height": 2.0 }, "geometry": { "type": "Point", "coordinates": [ 113.376, 30.529 ] } },
{ "type": "Feature", "properties": { "pt_id": " 17074", "trajectory_id": 17, "北京时间": "2026-05-11 13:00", "lon": 113.326, "lat": 30.485, "height": 2.0 }, "geometry": { "type": "Point", "coordinates": [ 113.326, 30.485 ] } },
{ "type": "Feature", "properties": { "pt_id": " 17075", "trajectory_id": 17, "北京时间": "2026-05-11 12:00", "lon": 113.287, "lat": 30.442, "height": 4.0 }, "geometry": { "type": "Point", "coordinates": [ 113.287, 30.442 ] } },
{ "type": "Feature", "properties": { "pt_id": " 17076", "trajectory_id": 17, "北京时间": "2026-05-11 11:00", "lon": 113.262, "lat": 30.416, "height": 5.0 }, "geometry": { "type": "Point", "coordinates": [ 113.262, 30.416 ] } },
{ "type": "Feature", "properties": { "pt_id": " 17077", "trajectory_id": 17, "北京时间": "2026-05-11 10:00", "lon": 113.257, "lat": 30.42, "height": 7.0 }, "geometry": { "type": "Point", "coordinates": [ 113.257, 30.42 ] } },
{ "type": "Feature", "properties": { "pt_id": " 17078", "trajectory_id": 17, "北京时间": "2026-05-11 09:00", "lon": 113.271, "lat": 30.454, "height": 10.0 }, "geometry": { "type": "Point", "coordinates": [ 113.271, 30.454 ] } },
{ "type": "Feature", "properties": { "pt_id": " 17079", "trajectory_id": 17, "北京时间": "2026-05-11 08:00", "lon": 113.305, "lat": 30.51, "height": 13.0 }, "geometry": { "type": "Point", "coordinates": [ 113.305, 30.51 ] } },
{ "type": "Feature", "properties": { "pt_id": " 17080", "trajectory_id": 17, "北京时间": "2026-05-11 07:00", "lon": 113.362, "lat": 30.586, "height": 15.0 }, "geometry": { "type": "Point", "coordinates": [ 113.362, 30.586 ] } },
{ "type": "Feature", "properties": { "pt_id": " 17081", "trajectory_id": 17, "北京时间": "2026-05-11 06:00", "lon": 113.456, "lat": 30.683, "height": 16.0 }, "geometry": { "type": "Point", "coordinates": [ 113.456, 30.683 ] } },
{ "type": "Feature", "properties": { "pt_id": " 17082", "trajectory_id": 17, "北京时间": "2026-05-11 05:00", "lon": 113.576, "lat": 30.805, "height": 17.0 }, "geometry": { "type": "Point", "coordinates": [ 113.576, 30.805 ] } },
{ "type": "Feature", "properties": { "pt_id": " 17083", "trajectory_id": 17, "北京时间": "2026-05-11 04:00", "lon": 113.673, "lat": 30.96, "height": 20.0 }, "geometry": { "type": "Point", "coordinates": [ 113.673, 30.96 ] } },
{ "type": "Feature", "properties": { "pt_id": " 17084", "trajectory_id": 17, "北京时间": "2026-05-11 03:00", "lon": 113.749, "lat": 31.14, "height": 28.0 }, "geometry": { "type": "Point", "coordinates": [ 113.749, 31.14 ] } },
{ "type": "Feature", "properties": { "pt_id": " 17085", "trajectory_id": 17, "北京时间": "2026-05-11 02:00", "lon": 113.813, "lat": 31.326, "height": 55.0 }, "geometry": { "type": "Point", "coordinates": [ 113.813, 31.326 ] } },
{ "type": "Feature", "properties": { "pt_id": " 17086", "trajectory_id": 17, "北京时间": "2026-05-11 01:00", "lon": 113.871, "lat": 31.506, "height": 100.0 }, "geometry": { "type": "Point", "coordinates": [ 113.871, 31.506 ] } },
{ "type": "Feature", "properties": { "pt_id": " 17087", "trajectory_id": 17, "北京时间": "2026-05-11 00:00", "lon": 113.933, "lat": 31.682, "height": 197.0 }, "geometry": { "type": "Point", "coordinates": [ 113.933, 31.682 ] } },
{ "type": "Feature", "properties": { "pt_id": " 17088", "trajectory_id": 17, "北京时间": "2026-05-10 23:00", "lon": 114.057, "lat": 31.869, "height": 327.0 }, "geometry": { "type": "Point", "coordinates": [ 114.057, 31.869 ] } },
{ "type": "Feature", "properties": { "pt_id": " 17089", "trajectory_id": 17, "北京时间": "2026-05-10 22:00", "lon": 114.252, "lat": 32.035, "height": 229.0 }, "geometry": { "type": "Point", "coordinates": [ 114.252, 32.035 ] } },
{ "type": "Feature", "properties": { "pt_id": " 17090", "trajectory_id": 17, "北京时间": "2026-05-10 21:00", "lon": 114.448, "lat": 32.194, "height": 139.0 }, "geometry": { "type": "Point", "coordinates": [ 114.448, 32.194 ] } },
{ "type": "Feature", "properties": { "pt_id": " 17091", "trajectory_id": 17, "北京时间": "2026-05-10 20:00", "lon": 114.647, "lat": 32.362, "height": 107.0 }, "geometry": { "type": "Point", "coordinates": [ 114.647, 32.362 ] } },
{ "type": "Feature", "properties": { "pt_id": " 17092", "trajectory_id": 17, "北京时间": "2026-05-10 19:00", "lon": 114.85, "lat": 32.527, "height": 90.0 }, "geometry": { "type": "Point", "coordinates": [ 114.85, 32.527 ] } },
{ "type": "Feature", "properties": { "pt_id": " 17093", "trajectory_id": 17, "北京时间": "2026-05-10 18:00", "lon": 115.049, "lat": 32.725, "height": 89.0 }, "geometry": { "type": "Point", "coordinates": [ 115.049, 32.725 ] } },
{ "type": "Feature", "properties": { "pt_id": " 17094", "trajectory_id": 17, "北京时间": "2026-05-10 17:00", "lon": 115.244, "lat": 32.956, "height": 90.0 }, "geometry": { "type": "Point", "coordinates": [ 115.244, 32.956 ] } },
{ "type": "Feature", "properties": { "pt_id": " 17095", "trajectory_id": 17, "北京时间": "2026-05-10 16:00", "lon": 115.423, "lat": 33.184, "height": 91.0 }, "geometry": { "type": "Point", "coordinates": [ 115.423, 33.184 ] } },
{ "type": "Feature", "properties": { "pt_id": " 17096", "trajectory_id": 17, "北京时间": "2026-05-10 15:00", "lon": 115.563, "lat": 33.42, "height": 95.0 }, "geometry": { "type": "Point", "coordinates": [ 115.563, 33.42 ] } },
{ "type": "Feature", "properties": { "pt_id": " 17097", "trajectory_id": 17, "北京时间": "2026-05-10 14:00", "lon": 115.689, "lat": 33.666, "height": 96.0 }, "geometry": { "type": "Point", "coordinates": [ 115.689, 33.666 ] } },
{ "type": "Feature", "properties": { "pt_id": " 17098", "trajectory_id": 17, "北京时间": "2026-05-10 13:00", "lon": 115.816, "lat": 33.913, "height": 96.0 }, "geometry": { "type": "Point", "coordinates": [ 115.816, 33.913 ] } },
{ "type": "Feature", "properties": { "pt_id": " 17099", "trajectory_id": 17, "北京时间": "2026-05-10 12:00", "lon": 115.928, "lat": 34.173, "height": 96.0 }, "geometry": { "type": "Point", "coordinates": [ 115.928, 34.173 ] } },
{ "type": "Feature", "properties": { "pt_id": " 17100", "trajectory_id": 17, "北京时间": "2026-05-10 11:00", "lon": 116.017, "lat": 34.451, "height": 96.0 }, "geometry": { "type": "Point", "coordinates": [ 116.017, 34.451 ] } },
{ "type": "Feature", "properties": { "pt_id": " 17101", "trajectory_id": 17, "北京时间": "2026-05-10 10:00", "lon": 116.093, "lat": 34.749, "height": 96.0 }, "geometry": { "type": "Point", "coordinates": [ 116.093, 34.749 ] } },
{ "type": "Feature", "properties": { "pt_id": " 17102", "trajectory_id": 17, "北京时间": "2026-05-10 09:00", "lon": 116.154, "lat": 35.056, "height": 96.0 }, "geometry": { "type": "Point", "coordinates": [ 116.154, 35.056 ] } },
{ "type": "Feature", "properties": { "pt_id": " 17103", "trajectory_id": 17, "北京时间": "2026-05-10 08:00", "lon": 116.197, "lat": 35.384, "height": 96.0 }, "geometry": { "type": "Point", "coordinates": [ 116.197, 35.384 ] } },
{ "type": "Feature", "properties": { "pt_id": " 17104", "trajectory_id": 17, "北京时间": "2026-05-10 07:00", "lon": 116.228, "lat": 35.74, "height": 98.0 }, "geometry": { "type": "Point", "coordinates": [ 116.228, 35.74 ] } },
{ "type": "Feature", "properties": { "pt_id": " 17105", "trajectory_id": 17, "北京时间": "2026-05-10 06:00", "lon": 116.256, "lat": 36.096, "height": 160.0 }, "geometry": { "type": "Point", "coordinates": [ 116.256, 36.096 ] } },
{ "type": "Feature", "properties": { "pt_id": " 17106", "trajectory_id": 17, "北京时间": "2026-05-10 05:00", "lon": 116.291, "lat": 36.457, "height": 113.0 }, "geometry": { "type": "Point", "coordinates": [ 116.291, 36.457 ] } },
{ "type": "Feature", "properties": { "pt_id": " 17107", "trajectory_id": 17, "北京时间": "2026-05-10 04:00", "lon": 116.325, "lat": 36.819, "height": 104.0 }, "geometry": { "type": "Point", "coordinates": [ 116.325, 36.819 ] } },
{ "type": "Feature", "properties": { "pt_id": " 17108", "trajectory_id": 17, "北京时间": "2026-05-10 03:00", "lon": 116.36, "lat": 37.189, "height": 104.0 }, "geometry": { "type": "Point", "coordinates": [ 116.36, 37.189 ] } },
{ "type": "Feature", "properties": { "pt_id": " 17109", "trajectory_id": 17, "北京时间": "2026-05-10 02:00", "lon": 116.4, "lat": 37.581, "height": 100.0 }, "geometry": { "type": "Point", "coordinates": [ 116.4, 37.581 ] } },
{ "type": "Feature", "properties": { "pt_id": " 17110", "trajectory_id": 17, "北京时间": "2026-05-10 01:00", "lon": 116.403, "lat": 37.999, "height": 95.0 }, "geometry": { "type": "Point", "coordinates": [ 116.403, 37.999 ] } },
{ "type": "Feature", "properties": { "pt_id": " 17111", "trajectory_id": 17, "北京时间": "2026-05-10 00:00", "lon": 116.344, "lat": 38.434, "height": 93.0 }, "geometry": { "type": "Point", "coordinates": [ 116.344, 38.434 ] } },
{ "type": "Feature", "properties": { "pt_id": " 17112", "trajectory_id": 17, "北京时间": "2026-05-09 23:00", "lon": 116.252, "lat": 38.866, "height": 97.0 }, "geometry": { "type": "Point", "coordinates": [ 116.252, 38.866 ] } },
{ "type": "Feature", "properties": { "pt_id": " 18000", "trajectory_id": 18, "北京时间": "2026-05-11 23:00", "lon": 113.942, "lat": 30.907, "height": 10.0 }, "geometry": { "type": "Point", "coordinates": [ 113.942, 30.907 ] } },
{ "type": "Feature", "properties": { "pt_id": " 18069", "trajectory_id": 18, "北京时间": "2026-05-11 22:00", "lon": 113.871, "lat": 30.852, "height": 4.0 }, "geometry": { "type": "Point", "coordinates": [ 113.871, 30.852 ] } },
{ "type": "Feature", "properties": { "pt_id": " 18070", "trajectory_id": 18, "北京时间": "2026-05-11 21:00", "lon": 113.794, "lat": 30.802, "height": 1.0 }, "geometry": { "type": "Point", "coordinates": [ 113.794, 30.802 ] } },
{ "type": "Feature", "properties": { "pt_id": " 18071", "trajectory_id": 18, "北京时间": "2026-05-11 20:00", "lon": 113.718, "lat": 30.763, "height": 0.0 }, "geometry": { "type": "Point", "coordinates": [ 113.718, 30.763 ] } },
{ "type": "Feature", "properties": { "pt_id": " 18072", "trajectory_id": 18, "北京时间": "2026-05-11 19:00", "lon": 113.643, "lat": 30.731, "height": 0.0 }, "geometry": { "type": "Point", "coordinates": [ 113.643, 30.731 ] } },
{ "type": "Feature", "properties": { "pt_id": " 18073", "trajectory_id": 18, "北京时间": "2026-05-11 18:00", "lon": 113.573, "lat": 30.701, "height": 0.0 }, "geometry": { "type": "Point", "coordinates": [ 113.573, 30.701 ] } },
{ "type": "Feature", "properties": { "pt_id": " 18074", "trajectory_id": 18, "北京时间": "2026-05-11 17:00", "lon": 113.517, "lat": 30.666, "height": 1.0 }, "geometry": { "type": "Point", "coordinates": [ 113.517, 30.666 ] } },
{ "type": "Feature", "properties": { "pt_id": " 18075", "trajectory_id": 18, "北京时间": "2026-05-11 16:00", "lon": 113.475, "lat": 30.627, "height": 5.0 }, "geometry": { "type": "Point", "coordinates": [ 113.475, 30.627 ] } },
{ "type": "Feature", "properties": { "pt_id": " 18076", "trajectory_id": 18, "北京时间": "2026-05-11 15:00", "lon": 113.446, "lat": 30.601, "height": 10.0 }, "geometry": { "type": "Point", "coordinates": [ 113.446, 30.601 ] } },
{ "type": "Feature", "properties": { "pt_id": " 18077", "trajectory_id": 18, "北京时间": "2026-05-11 14:00", "lon": 113.433, "lat": 30.606, "height": 15.0 }, "geometry": { "type": "Point", "coordinates": [ 113.433, 30.606 ] } },
{ "type": "Feature", "properties": { "pt_id": " 18078", "trajectory_id": 18, "北京时间": "2026-05-11 13:00", "lon": 113.439, "lat": 30.641, "height": 21.0 }, "geometry": { "type": "Point", "coordinates": [ 113.439, 30.641 ] } },
{ "type": "Feature", "properties": { "pt_id": " 18079", "trajectory_id": 18, "北京时间": "2026-05-11 12:00", "lon": 113.479, "lat": 30.699, "height": 28.0 }, "geometry": { "type": "Point", "coordinates": [ 113.479, 30.699 ] } },
{ "type": "Feature", "properties": { "pt_id": " 18080", "trajectory_id": 18, "北京时间": "2026-05-11 11:00", "lon": 113.564, "lat": 30.779, "height": 35.0 }, "geometry": { "type": "Point", "coordinates": [ 113.564, 30.779 ] } },
{ "type": "Feature", "properties": { "pt_id": " 18081", "trajectory_id": 18, "北京时间": "2026-05-11 10:00", "lon": 113.678, "lat": 30.894, "height": 43.0 }, "geometry": { "type": "Point", "coordinates": [ 113.678, 30.894 ] } },
{ "type": "Feature", "properties": { "pt_id": " 18082", "trajectory_id": 18, "北京时间": "2026-05-11 09:00", "lon": 113.804, "lat": 31.042, "height": 50.0 }, "geometry": { "type": "Point", "coordinates": [ 113.804, 31.042 ] } },
{ "type": "Feature", "properties": { "pt_id": " 18083", "trajectory_id": 18, "北京时间": "2026-05-11 08:00", "lon": 113.91, "lat": 31.199, "height": 73.0 }, "geometry": { "type": "Point", "coordinates": [ 113.91, 31.199 ] } },
{ "type": "Feature", "properties": { "pt_id": " 18084", "trajectory_id": 18, "北京时间": "2026-05-11 07:00", "lon": 114.008, "lat": 31.376, "height": 127.0 }, "geometry": { "type": "Point", "coordinates": [ 114.008, 31.376 ] } },
{ "type": "Feature", "properties": { "pt_id": " 18085", "trajectory_id": 18, "北京时间": "2026-05-11 06:00", "lon": 114.103, "lat": 31.552, "height": 197.0 }, "geometry": { "type": "Point", "coordinates": [ 114.103, 31.552 ] } },
{ "type": "Feature", "properties": { "pt_id": " 18086", "trajectory_id": 18, "北京时间": "2026-05-11 05:00", "lon": 114.194, "lat": 31.727, "height": 290.0 }, "geometry": { "type": "Point", "coordinates": [ 114.194, 31.727 ] } },
{ "type": "Feature", "properties": { "pt_id": " 18087", "trajectory_id": 18, "北京时间": "2026-05-11 04:00", "lon": 114.32, "lat": 31.88, "height": 354.0 }, "geometry": { "type": "Point", "coordinates": [ 114.32, 31.88 ] } },
{ "type": "Feature", "properties": { "pt_id": " 18088", "trajectory_id": 18, "北京时间": "2026-05-11 03:00", "lon": 114.519, "lat": 31.989, "height": 299.0 }, "geometry": { "type": "Point", "coordinates": [ 114.519, 31.989 ] } },
{ "type": "Feature", "properties": { "pt_id": " 18089", "trajectory_id": 18, "北京时间": "2026-05-11 02:00", "lon": 114.773, "lat": 32.086, "height": 217.0 }, "geometry": { "type": "Point", "coordinates": [ 114.773, 32.086 ] } },
{ "type": "Feature", "properties": { "pt_id": " 18090", "trajectory_id": 18, "北京时间": "2026-05-11 01:00", "lon": 115.078, "lat": 32.174, "height": 172.0 }, "geometry": { "type": "Point", "coordinates": [ 115.078, 32.174 ] } },
{ "type": "Feature", "properties": { "pt_id": " 18091", "trajectory_id": 18, "北京时间": "2026-05-11 00:00", "lon": 115.411, "lat": 32.256, "height": 153.0 }, "geometry": { "type": "Point", "coordinates": [ 115.411, 32.256 ] } },
{ "type": "Feature", "properties": { "pt_id": " 18092", "trajectory_id": 18, "北京时间": "2026-05-10 23:00", "lon": 115.688, "lat": 32.375, "height": 139.0 }, "geometry": { "type": "Point", "coordinates": [ 115.688, 32.375 ] } },
{ "type": "Feature", "properties": { "pt_id": " 18093", "trajectory_id": 18, "北京时间": "2026-05-10 22:00", "lon": 115.92, "lat": 32.554, "height": 137.0 }, "geometry": { "type": "Point", "coordinates": [ 115.92, 32.554 ] } },
{ "type": "Feature", "properties": { "pt_id": " 18094", "trajectory_id": 18, "北京时间": "2026-05-10 21:00", "lon": 116.164, "lat": 32.758, "height": 136.0 }, "geometry": { "type": "Point", "coordinates": [ 116.164, 32.758 ] } },
{ "type": "Feature", "properties": { "pt_id": " 18095", "trajectory_id": 18, "北京时间": "2026-05-10 20:00", "lon": 116.388, "lat": 32.975, "height": 131.0 }, "geometry": { "type": "Point", "coordinates": [ 116.388, 32.975 ] } },
{ "type": "Feature", "properties": { "pt_id": " 18096", "trajectory_id": 18, "北京时间": "2026-05-10 19:00", "lon": 116.525, "lat": 33.272, "height": 120.0 }, "geometry": { "type": "Point", "coordinates": [ 116.525, 33.272 ] } },
{ "type": "Feature", "properties": { "pt_id": " 18097", "trajectory_id": 18, "北京时间": "2026-05-10 18:00", "lon": 116.625, "lat": 33.601, "height": 109.0 }, "geometry": { "type": "Point", "coordinates": [ 116.625, 33.601 ] } },
{ "type": "Feature", "properties": { "pt_id": " 18098", "trajectory_id": 18, "北京时间": "2026-05-10 17:00", "lon": 116.706, "lat": 33.89, "height": 104.0 }, "geometry": { "type": "Point", "coordinates": [ 116.706, 33.89 ] } },
{ "type": "Feature", "properties": { "pt_id": " 18099", "trajectory_id": 18, "北京时间": "2026-05-10 16:00", "lon": 116.726, "lat": 34.181, "height": 104.0 }, "geometry": { "type": "Point", "coordinates": [ 116.726, 34.181 ] } },
{ "type": "Feature", "properties": { "pt_id": " 18100", "trajectory_id": 18, "北京时间": "2026-05-10 15:00", "lon": 116.703, "lat": 34.498, "height": 104.0 }, "geometry": { "type": "Point", "coordinates": [ 116.703, 34.498 ] } },
{ "type": "Feature", "properties": { "pt_id": " 18101", "trajectory_id": 18, "北京时间": "2026-05-10 14:00", "lon": 116.699, "lat": 34.823, "height": 104.0 }, "geometry": { "type": "Point", "coordinates": [ 116.699, 34.823 ] } },
{ "type": "Feature", "properties": { "pt_id": " 18102", "trajectory_id": 18, "北京时间": "2026-05-10 13:00", "lon": 116.706, "lat": 35.151, "height": 114.0 }, "geometry": { "type": "Point", "coordinates": [ 116.706, 35.151 ] } },
{ "type": "Feature", "properties": { "pt_id": " 18103", "trajectory_id": 18, "北京时间": "2026-05-10 12:00", "lon": 116.714, "lat": 35.501, "height": 138.0 }, "geometry": { "type": "Point", "coordinates": [ 116.714, 35.501 ] } },
{ "type": "Feature", "properties": { "pt_id": " 18104", "trajectory_id": 18, "北京时间": "2026-05-10 11:00", "lon": 116.706, "lat": 35.866, "height": 200.0 }, "geometry": { "type": "Point", "coordinates": [ 116.706, 35.866 ] } },
{ "type": "Feature", "properties": { "pt_id": " 18105", "trajectory_id": 18, "北京时间": "2026-05-10 10:00", "lon": 116.696, "lat": 36.232, "height": 308.0 }, "geometry": { "type": "Point", "coordinates": [ 116.696, 36.232 ] } },
{ "type": "Feature", "properties": { "pt_id": " 18106", "trajectory_id": 18, "北京时间": "2026-05-10 09:00", "lon": 116.717, "lat": 36.613, "height": 265.0 }, "geometry": { "type": "Point", "coordinates": [ 116.717, 36.613 ] } },
{ "type": "Feature", "properties": { "pt_id": " 18107", "trajectory_id": 18, "北京时间": "2026-05-10 08:00", "lon": 116.736, "lat": 36.977, "height": 238.0 }, "geometry": { "type": "Point", "coordinates": [ 116.736, 36.977 ] } },
{ "type": "Feature", "properties": { "pt_id": " 18108", "trajectory_id": 18, "北京时间": "2026-05-10 07:00", "lon": 116.751, "lat": 37.364, "height": 238.0 }, "geometry": { "type": "Point", "coordinates": [ 116.751, 37.364 ] } },
{ "type": "Feature", "properties": { "pt_id": " 18109", "trajectory_id": 18, "北京时间": "2026-05-10 06:00", "lon": 116.778, "lat": 37.786, "height": 238.0 }, "geometry": { "type": "Point", "coordinates": [ 116.778, 37.786 ] } },
{ "type": "Feature", "properties": { "pt_id": " 18110", "trajectory_id": 18, "北京时间": "2026-05-10 05:00", "lon": 116.744, "lat": 38.232, "height": 238.0 }, "geometry": { "type": "Point", "coordinates": [ 116.744, 38.232 ] } },
{ "type": "Feature", "properties": { "pt_id": " 18111", "trajectory_id": 18, "北京时间": "2026-05-10 04:00", "lon": 116.66, "lat": 38.708, "height": 238.0 }, "geometry": { "type": "Point", "coordinates": [ 116.66, 38.708 ] } },
{ "type": "Feature", "properties": { "pt_id": " 18112", "trajectory_id": 18, "北京时间": "2026-05-10 03:00", "lon": 116.565, "lat": 39.183, "height": 254.0 }, "geometry": { "type": "Point", "coordinates": [ 116.565, 39.183 ] } },
{ "type": "Feature", "properties": { "pt_id": " 18113", "trajectory_id": 18, "北京时间": "2026-05-10 02:00", "lon": 116.433, "lat": 39.623, "height": 275.0 }, "geometry": { "type": "Point", "coordinates": [ 116.433, 39.623 ] } },
{ "type": "Feature", "properties": { "pt_id": " 18114", "trajectory_id": 18, "北京时间": "2026-05-10 01:00", "lon": 116.213, "lat": 40.024, "height": 444.0 }, "geometry": { "type": "Point", "coordinates": [ 116.213, 40.024 ] } },
{ "type": "Feature", "properties": { "pt_id": " 18115", "trajectory_id": 18, "北京时间": "2026-05-10 00:00", "lon": 115.972, "lat": 40.479, "height": 1060.0 }, "geometry": { "type": "Point", "coordinates": [ 115.972, 40.479 ] } },
{ "type": "Feature", "properties": { "pt_id": " 18116", "trajectory_id": 18, "北京时间": "2026-05-09 23:00", "lon": 115.801, "lat": 41.15, "height": 1424.0 }, "geometry": { "type": "Point", "coordinates": [ 115.801, 41.15 ] } },
{ "type": "Feature", "properties": { "pt_id": " 19000", "trajectory_id": 19, "北京时间": "2026-05-11 23:00", "lon": 113.942, "lat": 30.907, "height": 10.0 }, "geometry": { "type": "Point", "coordinates": [ 113.942, 30.907 ] } },
{ "type": "Feature", "properties": { "pt_id": " 19073", "trajectory_id": 19, "北京时间": "2026-05-11 22:00", "lon": 113.873, "lat": 30.894, "height": 10.0 }, "geometry": { "type": "Point", "coordinates": [ 113.873, 30.894 ] } },
{ "type": "Feature", "properties": { "pt_id": " 19074", "trajectory_id": 19, "北京时间": "2026-05-11 21:00", "lon": 113.816, "lat": 30.888, "height": 10.0 }, "geometry": { "type": "Point", "coordinates": [ 113.816, 30.888 ] } },
{ "type": "Feature", "properties": { "pt_id": " 19075", "trajectory_id": 19, "北京时间": "2026-05-11 20:00", "lon": 113.771, "lat": 30.89, "height": 8.0 }, "geometry": { "type": "Point", "coordinates": [ 113.771, 30.89 ] } },
{ "type": "Feature", "properties": { "pt_id": " 19076", "trajectory_id": 19, "北京时间": "2026-05-11 19:00", "lon": 113.741, "lat": 30.901, "height": 7.0 }, "geometry": { "type": "Point", "coordinates": [ 113.741, 30.901 ] } },
{ "type": "Feature", "properties": { "pt_id": " 19077", "trajectory_id": 19, "北京时间": "2026-05-11 18:00", "lon": 113.735, "lat": 30.923, "height": 6.0 }, "geometry": { "type": "Point", "coordinates": [ 113.735, 30.923 ] } },
{ "type": "Feature", "properties": { "pt_id": " 19078", "trajectory_id": 19, "北京时间": "2026-05-11 17:00", "lon": 113.754, "lat": 30.957, "height": 6.0 }, "geometry": { "type": "Point", "coordinates": [ 113.754, 30.957 ] } },
{ "type": "Feature", "properties": { "pt_id": " 19079", "trajectory_id": 19, "北京时间": "2026-05-11 16:00", "lon": 113.807, "lat": 31.012, "height": 8.0 }, "geometry": { "type": "Point", "coordinates": [ 113.807, 31.012 ] } },
{ "type": "Feature", "properties": { "pt_id": " 19080", "trajectory_id": 19, "北京时间": "2026-05-11 15:00", "lon": 113.895, "lat": 31.09, "height": 18.0 }, "geometry": { "type": "Point", "coordinates": [ 113.895, 31.09 ] } },
{ "type": "Feature", "properties": { "pt_id": " 19081", "trajectory_id": 19, "北京时间": "2026-05-11 14:00", "lon": 114.005, "lat": 31.189, "height": 47.0 }, "geometry": { "type": "Point", "coordinates": [ 114.005, 31.189 ] } },
{ "type": "Feature", "properties": { "pt_id": " 19082", "trajectory_id": 19, "北京时间": "2026-05-11 13:00", "lon": 114.122, "lat": 31.319, "height": 88.0 }, "geometry": { "type": "Point", "coordinates": [ 114.122, 31.319 ] } },
{ "type": "Feature", "properties": { "pt_id": " 19083", "trajectory_id": 19, "北京时间": "2026-05-11 12:00", "lon": 114.23, "lat": 31.468, "height": 117.0 }, "geometry": { "type": "Point", "coordinates": [ 114.23, 31.468 ] } },
{ "type": "Feature", "properties": { "pt_id": " 19084", "trajectory_id": 19, "北京时间": "2026-05-11 11:00", "lon": 114.324, "lat": 31.632, "height": 149.0 }, "geometry": { "type": "Point", "coordinates": [ 114.324, 31.632 ] } },
{ "type": "Feature", "properties": { "pt_id": " 19085", "trajectory_id": 19, "北京时间": "2026-05-11 10:00", "lon": 114.406, "lat": 31.79, "height": 168.0 }, "geometry": { "type": "Point", "coordinates": [ 114.406, 31.79 ] } },
{ "type": "Feature", "properties": { "pt_id": " 19086", "trajectory_id": 19, "北京时间": "2026-05-11 09:00", "lon": 114.492, "lat": 31.918, "height": 137.0 }, "geometry": { "type": "Point", "coordinates": [ 114.492, 31.918 ] } },
{ "type": "Feature", "properties": { "pt_id": " 19087", "trajectory_id": 19, "北京时间": "2026-05-11 08:00", "lon": 114.59, "lat": 32.017, "height": 85.0 }, "geometry": { "type": "Point", "coordinates": [ 114.59, 32.017 ] } },
{ "type": "Feature", "properties": { "pt_id": " 19088", "trajectory_id": 19, "北京时间": "2026-05-11 07:00", "lon": 114.706, "lat": 32.104, "height": 50.0 }, "geometry": { "type": "Point", "coordinates": [ 114.706, 32.104 ] } },
{ "type": "Feature", "properties": { "pt_id": " 19089", "trajectory_id": 19, "北京时间": "2026-05-11 06:00", "lon": 114.836, "lat": 32.188, "height": 30.0 }, "geometry": { "type": "Point", "coordinates": [ 114.836, 32.188 ] } },
{ "type": "Feature", "properties": { "pt_id": " 19090", "trajectory_id": 19, "北京时间": "2026-05-11 05:00", "lon": 114.968, "lat": 32.271, "height": 17.0 }, "geometry": { "type": "Point", "coordinates": [ 114.968, 32.271 ] } },
{ "type": "Feature", "properties": { "pt_id": " 19091", "trajectory_id": 19, "北京时间": "2026-05-11 04:00", "lon": 115.094, "lat": 32.353, "height": 12.0 }, "geometry": { "type": "Point", "coordinates": [ 115.094, 32.353 ] } },
{ "type": "Feature", "properties": { "pt_id": " 19092", "trajectory_id": 19, "北京时间": "2026-05-11 03:00", "lon": 115.213, "lat": 32.444, "height": 11.0 }, "geometry": { "type": "Point", "coordinates": [ 115.213, 32.444 ] } },
{ "type": "Feature", "properties": { "pt_id": " 19093", "trajectory_id": 19, "北京时间": "2026-05-11 02:00", "lon": 115.316, "lat": 32.563, "height": 11.0 }, "geometry": { "type": "Point", "coordinates": [ 115.316, 32.563 ] } },
{ "type": "Feature", "properties": { "pt_id": " 19094", "trajectory_id": 19, "北京时间": "2026-05-11 01:00", "lon": 115.402, "lat": 32.699, "height": 11.0 }, "geometry": { "type": "Point", "coordinates": [ 115.402, 32.699 ] } },
{ "type": "Feature", "properties": { "pt_id": " 19095", "trajectory_id": 19, "北京时间": "2026-05-11 00:00", "lon": 115.468, "lat": 32.838, "height": 11.0 }, "geometry": { "type": "Point", "coordinates": [ 115.468, 32.838 ] } },
{ "type": "Feature", "properties": { "pt_id": " 19096", "trajectory_id": 19, "北京时间": "2026-05-10 23:00", "lon": 115.514, "lat": 32.982, "height": 11.0 }, "geometry": { "type": "Point", "coordinates": [ 115.514, 32.982 ] } },
{ "type": "Feature", "properties": { "pt_id": " 19097", "trajectory_id": 19, "北京时间": "2026-05-10 22:00", "lon": 115.549, "lat": 33.125, "height": 11.0 }, "geometry": { "type": "Point", "coordinates": [ 115.549, 33.125 ] } },
{ "type": "Feature", "properties": { "pt_id": " 19098", "trajectory_id": 19, "北京时间": "2026-05-10 21:00", "lon": 115.588, "lat": 33.263, "height": 11.0 }, "geometry": { "type": "Point", "coordinates": [ 115.588, 33.263 ] } },
{ "type": "Feature", "properties": { "pt_id": " 19099", "trajectory_id": 19, "北京时间": "2026-05-10 20:00", "lon": 115.635, "lat": 33.398, "height": 11.0 }, "geometry": { "type": "Point", "coordinates": [ 115.635, 33.398 ] } },
{ "type": "Feature", "properties": { "pt_id": " 19100", "trajectory_id": 19, "北京时间": "2026-05-10 19:00", "lon": 115.685, "lat": 33.548, "height": 11.0 }, "geometry": { "type": "Point", "coordinates": [ 115.685, 33.548 ] } },
{ "type": "Feature", "properties": { "pt_id": " 19101", "trajectory_id": 19, "北京时间": "2026-05-10 18:00", "lon": 115.736, "lat": 33.732, "height": 11.0 }, "geometry": { "type": "Point", "coordinates": [ 115.736, 33.732 ] } },
{ "type": "Feature", "properties": { "pt_id": " 19102", "trajectory_id": 19, "北京时间": "2026-05-10 17:00", "lon": 115.785, "lat": 33.955, "height": 11.0 }, "geometry": { "type": "Point", "coordinates": [ 115.785, 33.955 ] } },
{ "type": "Feature", "properties": { "pt_id": " 19103", "trajectory_id": 19, "北京时间": "2026-05-10 16:00", "lon": 115.831, "lat": 34.211, "height": 11.0 }, "geometry": { "type": "Point", "coordinates": [ 115.831, 34.211 ] } },
{ "type": "Feature", "properties": { "pt_id": " 19104", "trajectory_id": 19, "北京时间": "2026-05-10 15:00", "lon": 115.871, "lat": 34.486, "height": 11.0 }, "geometry": { "type": "Point", "coordinates": [ 115.871, 34.486 ] } },
{ "type": "Feature", "properties": { "pt_id": " 19105", "trajectory_id": 19, "北京时间": "2026-05-10 14:00", "lon": 115.897, "lat": 34.773, "height": 8.0 }, "geometry": { "type": "Point", "coordinates": [ 115.897, 34.773 ] } },
{ "type": "Feature", "properties": { "pt_id": " 19106", "trajectory_id": 19, "北京时间": "2026-05-10 13:00", "lon": 115.922, "lat": 35.074, "height": 3.0 }, "geometry": { "type": "Point", "coordinates": [ 115.922, 35.074 ] } },
{ "type": "Feature", "properties": { "pt_id": " 19107", "trajectory_id": 19, "北京时间": "2026-05-10 12:00", "lon": 115.955, "lat": 35.384, "height": 0.0 }, "geometry": { "type": "Point", "coordinates": [ 115.955, 35.384 ] } },
{ "type": "Feature", "properties": { "pt_id": " 19108", "trajectory_id": 19, "北京时间": "2026-05-10 11:00", "lon": 115.988, "lat": 35.697, "height": 0.0 }, "geometry": { "type": "Point", "coordinates": [ 115.988, 35.697 ] } },
{ "type": "Feature", "properties": { "pt_id": " 19109", "trajectory_id": 19, "北京时间": "2026-05-10 10:00", "lon": 116.023, "lat": 36.003, "height": 0.0 }, "geometry": { "type": "Point", "coordinates": [ 116.023, 36.003 ] } },
{ "type": "Feature", "properties": { "pt_id": " 19110", "trajectory_id": 19, "北京时间": "2026-05-10 09:00", "lon": 116.079, "lat": 36.283, "height": 0.0 }, "geometry": { "type": "Point", "coordinates": [ 116.079, 36.283 ] } },
{ "type": "Feature", "properties": { "pt_id": " 19111", "trajectory_id": 19, "北京时间": "2026-05-10 08:00", "lon": 116.153, "lat": 36.539, "height": 0.0 }, "geometry": { "type": "Point", "coordinates": [ 116.153, 36.539 ] } },
{ "type": "Feature", "properties": { "pt_id": " 19112", "trajectory_id": 19, "北京时间": "2026-05-10 07:00", "lon": 116.222, "lat": 36.79, "height": 0.0 }, "geometry": { "type": "Point", "coordinates": [ 116.222, 36.79 ] } },
{ "type": "Feature", "properties": { "pt_id": " 19113", "trajectory_id": 19, "北京时间": "2026-05-10 06:00", "lon": 116.269, "lat": 37.028, "height": 0.0 }, "geometry": { "type": "Point", "coordinates": [ 116.269, 37.028 ] } },
{ "type": "Feature", "properties": { "pt_id": " 19114", "trajectory_id": 19, "北京时间": "2026-05-10 05:00", "lon": 116.306, "lat": 37.245, "height": 0.0 }, "geometry": { "type": "Point", "coordinates": [ 116.306, 37.245 ] } },
{ "type": "Feature", "properties": { "pt_id": " 19115", "trajectory_id": 19, "北京时间": "2026-05-10 04:00", "lon": 116.346, "lat": 37.467, "height": 0.0 }, "geometry": { "type": "Point", "coordinates": [ 116.346, 37.467 ] } },
{ "type": "Feature", "properties": { "pt_id": " 19116", "trajectory_id": 19, "北京时间": "2026-05-10 03:00", "lon": 116.391, "lat": 37.685, "height": 0.0 }, "geometry": { "type": "Point", "coordinates": [ 116.391, 37.685 ] } },
{ "type": "Feature", "properties": { "pt_id": " 19117", "trajectory_id": 19, "北京时间": "2026-05-10 02:00", "lon": 116.446, "lat": 37.859, "height": 0.0 }, "geometry": { "type": "Point", "coordinates": [ 116.446, 37.859 ] } },
{ "type": "Feature", "properties": { "pt_id": " 19118", "trajectory_id": 19, "北京时间": "2026-05-10 01:00", "lon": 116.516, "lat": 37.983, "height": 0.0 }, "geometry": { "type": "Point", "coordinates": [ 116.516, 37.983 ] } },
{ "type": "Feature", "properties": { "pt_id": " 19119", "trajectory_id": 19, "北京时间": "2026-05-10 00:00", "lon": 116.612, "lat": 38.085, "height": 0.0 }, "geometry": { "type": "Point", "coordinates": [ 116.612, 38.085 ] } },
{ "type": "Feature", "properties": { "pt_id": " 19120", "trajectory_id": 19, "北京时间": "2026-05-09 23:00", "lon": 116.741, "lat": 38.199, "height": 0.0 }, "geometry": { "type": "Point", "coordinates": [ 116.741, 38.199 ] } },
{ "type": "Feature", "properties": { "pt_id": " 20000", "trajectory_id": 20, "北京时间": "2026-05-11 23:00", "lon": 113.942, "lat": 30.907, "height": 10.0 }, "geometry": { "type": "Point", "coordinates": [ 113.942, 30.907 ] } },
{ "type": "Feature", "properties": { "pt_id": " 20077", "trajectory_id": 20, "北京时间": "2026-05-11 22:00", "lon": 113.948, "lat": 30.941, "height": 13.0 }, "geometry": { "type": "Point", "coordinates": [ 113.948, 30.941 ] } },
{ "type": "Feature", "properties": { "pt_id": " 20078", "trajectory_id": 20, "北京时间": "2026-05-11 21:00", "lon": 113.99, "lat": 30.998, "height": 21.0 }, "geometry": { "type": "Point", "coordinates": [ 113.99, 30.998 ] } },
{ "type": "Feature", "properties": { "pt_id": " 20079", "trajectory_id": 20, "北京时间": "2026-05-11 20:00", "lon": 114.063, "lat": 31.075, "height": 38.0 }, "geometry": { "type": "Point", "coordinates": [ 114.063, 31.075 ] } },
{ "type": "Feature", "properties": { "pt_id": " 20080", "trajectory_id": 20, "北京时间": "2026-05-11 19:00", "lon": 114.158, "lat": 31.17, "height": 68.0 }, "geometry": { "type": "Point", "coordinates": [ 114.158, 31.17 ] } },
{ "type": "Feature", "properties": { "pt_id": " 20081", "trajectory_id": 20, "北京时间": "2026-05-11 18:00", "lon": 114.266, "lat": 31.288, "height": 82.0 }, "geometry": { "type": "Point", "coordinates": [ 114.266, 31.288 ] } },
{ "type": "Feature", "properties": { "pt_id": " 20082", "trajectory_id": 20, "北京时间": "2026-05-11 17:00", "lon": 114.376, "lat": 31.422, "height": 100.0 }, "geometry": { "type": "Point", "coordinates": [ 114.376, 31.422 ] } },
{ "type": "Feature", "properties": { "pt_id": " 20083", "trajectory_id": 20, "北京时间": "2026-05-11 16:00", "lon": 114.476, "lat": 31.567, "height": 157.0 }, "geometry": { "type": "Point", "coordinates": [ 114.476, 31.567 ] } },
{ "type": "Feature", "properties": { "pt_id": " 20084", "trajectory_id": 20, "北京时间": "2026-05-11 15:00", "lon": 114.565, "lat": 31.721, "height": 162.0 }, "geometry": { "type": "Point", "coordinates": [ 114.565, 31.721 ] } },
{ "type": "Feature", "properties": { "pt_id": " 20085", "trajectory_id": 20, "北京时间": "2026-05-11 14:00", "lon": 114.661, "lat": 31.85, "height": 108.0 }, "geometry": { "type": "Point", "coordinates": [ 114.661, 31.85 ] } },
{ "type": "Feature", "properties": { "pt_id": " 20086", "trajectory_id": 20, "北京时间": "2026-05-11 13:00", "lon": 114.786, "lat": 31.943, "height": 63.0 }, "geometry": { "type": "Point", "coordinates": [ 114.786, 31.943 ] } },
{ "type": "Feature", "properties": { "pt_id": " 20087", "trajectory_id": 20, "北京时间": "2026-05-11 12:00", "lon": 114.953, "lat": 32.003, "height": 41.0 }, "geometry": { "type": "Point", "coordinates": [ 114.953, 32.003 ] } },
{ "type": "Feature", "properties": { "pt_id": " 20088", "trajectory_id": 20, "北京时间": "2026-05-11 11:00", "lon": 115.152, "lat": 32.047, "height": 34.0 }, "geometry": { "type": "Point", "coordinates": [ 115.152, 32.047 ] } },
{ "type": "Feature", "properties": { "pt_id": " 20089", "trajectory_id": 20, "北京时间": "2026-05-11 10:00", "lon": 115.35, "lat": 32.089, "height": 26.0 }, "geometry": { "type": "Point", "coordinates": [ 115.35, 32.089 ] } },
{ "type": "Feature", "properties": { "pt_id": " 20090", "trajectory_id": 20, "北京时间": "2026-05-11 09:00", "lon": 115.54, "lat": 32.121, "height": 24.0 }, "geometry": { "type": "Point", "coordinates": [ 115.54, 32.121 ] } },
{ "type": "Feature", "properties": { "pt_id": " 20091", "trajectory_id": 20, "北京时间": "2026-05-11 08:00", "lon": 115.706, "lat": 32.149, "height": 24.0 }, "geometry": { "type": "Point", "coordinates": [ 115.706, 32.149 ] } },
{ "type": "Feature", "properties": { "pt_id": " 20092", "trajectory_id": 20, "北京时间": "2026-05-11 07:00", "lon": 115.837, "lat": 32.205, "height": 23.0 }, "geometry": { "type": "Point", "coordinates": [ 115.837, 32.205 ] } },
{ "type": "Feature", "properties": { "pt_id": " 20093", "trajectory_id": 20, "北京时间": "2026-05-11 06:00", "lon": 115.949, "lat": 32.32, "height": 23.0 }, "geometry": { "type": "Point", "coordinates": [ 115.949, 32.32 ] } },
{ "type": "Feature", "properties": { "pt_id": " 20094", "trajectory_id": 20, "北京时间": "2026-05-11 05:00", "lon": 116.052, "lat": 32.463, "height": 23.0 }, "geometry": { "type": "Point", "coordinates": [ 116.052, 32.463 ] } },
{ "type": "Feature", "properties": { "pt_id": " 20095", "trajectory_id": 20, "北京时间": "2026-05-11 04:00", "lon": 116.143, "lat": 32.61, "height": 23.0 }, "geometry": { "type": "Point", "coordinates": [ 116.143, 32.61 ] } },
{ "type": "Feature", "properties": { "pt_id": " 20096", "trajectory_id": 20, "北京时间": "2026-05-11 03:00", "lon": 116.197, "lat": 32.772, "height": 23.0 }, "geometry": { "type": "Point", "coordinates": [ 116.197, 32.772 ] } },
{ "type": "Feature", "properties": { "pt_id": " 20097", "trajectory_id": 20, "北京时间": "2026-05-11 02:00", "lon": 116.214, "lat": 32.95, "height": 23.0 }, "geometry": { "type": "Point", "coordinates": [ 116.214, 32.95 ] } },
{ "type": "Feature", "properties": { "pt_id": " 20098", "trajectory_id": 20, "北京时间": "2026-05-11 01:00", "lon": 116.214, "lat": 33.133, "height": 23.0 }, "geometry": { "type": "Point", "coordinates": [ 116.214, 33.133 ] } },
{ "type": "Feature", "properties": { "pt_id": " 20099", "trajectory_id": 20, "北京时间": "2026-05-11 00:00", "lon": 116.213, "lat": 33.314, "height": 23.0 }, "geometry": { "type": "Point", "coordinates": [ 116.213, 33.314 ] } },
{ "type": "Feature", "properties": { "pt_id": " 20100", "trajectory_id": 20, "北京时间": "2026-05-10 23:00", "lon": 116.218, "lat": 33.507, "height": 23.0 }, "geometry": { "type": "Point", "coordinates": [ 116.218, 33.507 ] } },
{ "type": "Feature", "properties": { "pt_id": " 20101", "trajectory_id": 20, "北京时间": "2026-05-10 22:00", "lon": 116.226, "lat": 33.73, "height": 23.0 }, "geometry": { "type": "Point", "coordinates": [ 116.226, 33.73 ] } },
{ "type": "Feature", "properties": { "pt_id": " 20102", "trajectory_id": 20, "北京时间": "2026-05-10 21:00", "lon": 116.234, "lat": 33.987, "height": 23.0 }, "geometry": { "type": "Point", "coordinates": [ 116.234, 33.987 ] } },
{ "type": "Feature", "properties": { "pt_id": " 20103", "trajectory_id": 20, "北京时间": "2026-05-10 20:00", "lon": 116.241, "lat": 34.267, "height": 23.0 }, "geometry": { "type": "Point", "coordinates": [ 116.241, 34.267 ] } },
{ "type": "Feature", "properties": { "pt_id": " 20104", "trajectory_id": 20, "北京时间": "2026-05-10 19:00", "lon": 116.246, "lat": 34.566, "height": 23.0 }, "geometry": { "type": "Point", "coordinates": [ 116.246, 34.566 ] } },
{ "type": "Feature", "properties": { "pt_id": " 20105", "trajectory_id": 20, "北京时间": "2026-05-10 18:00", "lon": 116.241, "lat": 34.874, "height": 23.0 }, "geometry": { "type": "Point", "coordinates": [ 116.241, 34.874 ] } },
{ "type": "Feature", "properties": { "pt_id": " 20106", "trajectory_id": 20, "北京时间": "2026-05-10 17:00", "lon": 116.24, "lat": 35.192, "height": 21.0 }, "geometry": { "type": "Point", "coordinates": [ 116.24, 35.192 ] } },
{ "type": "Feature", "properties": { "pt_id": " 20107", "trajectory_id": 20, "北京时间": "2026-05-10 16:00", "lon": 116.249, "lat": 35.519, "height": 19.0 }, "geometry": { "type": "Point", "coordinates": [ 116.249, 35.519 ] } },
{ "type": "Feature", "properties": { "pt_id": " 20108", "trajectory_id": 20, "北京时间": "2026-05-10 15:00", "lon": 116.257, "lat": 35.841, "height": 21.0 }, "geometry": { "type": "Point", "coordinates": [ 116.257, 35.841 ] } },
{ "type": "Feature", "properties": { "pt_id": " 20109", "trajectory_id": 20, "北京时间": "2026-05-10 14:00", "lon": 116.293, "lat": 36.199, "height": 68.0 }, "geometry": { "type": "Point", "coordinates": [ 116.293, 36.199 ] } },
{ "type": "Feature", "properties": { "pt_id": " 20110", "trajectory_id": 20, "北京时间": "2026-05-10 13:00", "lon": 116.366, "lat": 36.529, "height": 38.0 }, "geometry": { "type": "Point", "coordinates": [ 116.366, 36.529 ] } },
{ "type": "Feature", "properties": { "pt_id": " 20111", "trajectory_id": 20, "北京时间": "2026-05-10 12:00", "lon": 116.43, "lat": 36.823, "height": 28.0 }, "geometry": { "type": "Point", "coordinates": [ 116.43, 36.823 ] } },
{ "type": "Feature", "properties": { "pt_id": " 20112", "trajectory_id": 20, "北京时间": "2026-05-10 11:00", "lon": 116.467, "lat": 37.121, "height": 28.0 }, "geometry": { "type": "Point", "coordinates": [ 116.467, 37.121 ] } },
{ "type": "Feature", "properties": { "pt_id": " 20113", "trajectory_id": 20, "北京时间": "2026-05-10 10:00", "lon": 116.479, "lat": 37.399, "height": 28.0 }, "geometry": { "type": "Point", "coordinates": [ 116.479, 37.399 ] } },
{ "type": "Feature", "properties": { "pt_id": " 20114", "trajectory_id": 20, "北京时间": "2026-05-10 09:00", "lon": 116.479, "lat": 37.683, "height": 28.0 }, "geometry": { "type": "Point", "coordinates": [ 116.479, 37.683 ] } },
{ "type": "Feature", "properties": { "pt_id": " 20115", "trajectory_id": 20, "北京时间": "2026-05-10 08:00", "lon": 116.479, "lat": 37.995, "height": 28.0 }, "geometry": { "type": "Point", "coordinates": [ 116.479, 37.995 ] } },
{ "type": "Feature", "properties": { "pt_id": " 20116", "trajectory_id": 20, "北京时间": "2026-05-10 07:00", "lon": 116.462, "lat": 38.254, "height": 22.0 }, "geometry": { "type": "Point", "coordinates": [ 116.462, 38.254 ] } },
{ "type": "Feature", "properties": { "pt_id": " 20117", "trajectory_id": 20, "北京时间": "2026-05-10 06:00", "lon": 116.431, "lat": 38.454, "height": 11.0 }, "geometry": { "type": "Point", "coordinates": [ 116.431, 38.454 ] } },
{ "type": "Feature", "properties": { "pt_id": " 20118", "trajectory_id": 20, "北京时间": "2026-05-10 05:00", "lon": 116.413, "lat": 38.644, "height": 6.0 }, "geometry": { "type": "Point", "coordinates": [ 116.413, 38.644 ] } },
{ "type": "Feature", "properties": { "pt_id": " 20119", "trajectory_id": 20, "北京时间": "2026-05-10 04:00", "lon": 116.435, "lat": 38.797, "height": 2.0 }, "geometry": { "type": "Point", "coordinates": [ 116.435, 38.797 ] } },
{ "type": "Feature", "properties": { "pt_id": " 20120", "trajectory_id": 20, "北京时间": "2026-05-10 03:00", "lon": 116.49, "lat": 38.894, "height": 0.0 }, "geometry": { "type": "Point", "coordinates": [ 116.49, 38.894 ] } },
{ "type": "Feature", "properties": { "pt_id": " 20121", "trajectory_id": 20, "北京时间": "2026-05-10 02:00", "lon": 116.577, "lat": 38.943, "height": 0.0 }, "geometry": { "type": "Point", "coordinates": [ 116.577, 38.943 ] } },
{ "type": "Feature", "properties": { "pt_id": " 20122", "trajectory_id": 20, "北京时间": "2026-05-10 01:00", "lon": 116.7, "lat": 38.952, "height": 0.0 }, "geometry": { "type": "Point", "coordinates": [ 116.7, 38.952 ] } },
{ "type": "Feature", "properties": { "pt_id": " 20123", "trajectory_id": 20, "北京时间": "2026-05-10 00:00", "lon": 116.876, "lat": 38.921, "height": 0.0 }, "geometry": { "type": "Point", "coordinates": [ 116.876, 38.921 ] } },
{ "type": "Feature", "properties": { "pt_id": " 20124", "trajectory_id": 20, "北京时间": "2026-05-09 23:00", "lon": 117.098, "lat": 38.909, "height": 0.0 }, "geometry": { "type": "Point", "coordinates": [ 117.098, 38.909 ] } }
]
}
