{
"type": "FeatureCollection",
"name": "东城轨迹和高度",
"crs": { "type": "name", "properties": { "name": "urn:ogc:def:crs:OGC:1.3:CRS84" } },
"features": [
{ "type": "Feature", "properties": { "pt_id": "  1000", "trajectory_id": 1, "北京时间": "2026-05-12 01:00", "lon": 113.942, "lat": 30.907, "height": 10.0 }, "geometry": { "type": "Point", "coordinates": [ 113.942, 30.907 ] } },
{ "type": "Feature", "properties": { "pt_id": "  1001", "trajectory_id": 1, "北京时间": "2026-05-12 00:00", "lon": 113.946, "lat": 30.828, "height": 3.0 }, "geometry": { "type": "Point", "coordinates": [ 113.946, 30.828 ] } },
{ "type": "Feature", "properties": { "pt_id": "  1002", "trajectory_id": 1, "北京时间": "2026-05-11 23:00", "lon": 113.928, "lat": 30.735, "height": 1.0 }, "geometry": { "type": "Point", "coordinates": [ 113.928, 30.735 ] } },
{ "type": "Feature", "properties": { "pt_id": "  1003", "trajectory_id": 1, "北京时间": "2026-05-11 22:00", "lon": 113.898, "lat": 30.631, "height": 1.0 }, "geometry": { "type": "Point", "coordinates": [ 113.898, 30.631 ] } },
{ "type": "Feature", "properties": { "pt_id": "  1004", "trajectory_id": 1, "北京时间": "2026-05-11 21:00", "lon": 113.862, "lat": 30.512, "height": 1.0 }, "geometry": { "type": "Point", "coordinates": [ 113.862, 30.512 ] } },
{ "type": "Feature", "properties": { "pt_id": "  1005", "trajectory_id": 1, "北京时间": "2026-05-11 20:00", "lon": 113.811, "lat": 30.377, "height": 2.0 }, "geometry": { "type": "Point", "coordinates": [ 113.811, 30.377 ] } },
{ "type": "Feature", "properties": { "pt_id": "  1006", "trajectory_id": 1, "北京时间": "2026-05-11 19:00", "lon": 113.743, "lat": 30.238, "height": 5.0 }, "geometry": { "type": "Point", "coordinates": [ 113.743, 30.238 ] } },
{ "type": "Feature", "properties": { "pt_id": "  1007", "trajectory_id": 1, "北京时间": "2026-05-11 18:00", "lon": 113.671, "lat": 30.108, "height": 10.0 }, "geometry": { "type": "Point", "coordinates": [ 113.671, 30.108 ] } },
{ "type": "Feature", "properties": { "pt_id": "  1008", "trajectory_id": 1, "北京时间": "2026-05-11 17:00", "lon": 113.606, "lat": 29.981, "height": 12.0 }, "geometry": { "type": "Point", "coordinates": [ 113.606, 29.981 ] } },
{ "type": "Feature", "properties": { "pt_id": "  1009", "trajectory_id": 1, "北京时间": "2026-05-11 16:00", "lon": 113.541, "lat": 29.848, "height": 14.0 }, "geometry": { "type": "Point", "coordinates": [ 113.541, 29.848 ] } },
{ "type": "Feature", "properties": { "pt_id": "  1010", "trajectory_id": 1, "北京时间": "2026-05-11 15:00", "lon": 113.47, "lat": 29.703, "height": 25.0 }, "geometry": { "type": "Point", "coordinates": [ 113.47, 29.703 ] } },
{ "type": "Feature", "properties": { "pt_id": "  1011", "trajectory_id": 1, "北京时间": "2026-05-11 14:00", "lon": 113.403, "lat": 29.555, "height": 55.0 }, "geometry": { "type": "Point", "coordinates": [ 113.403, 29.555 ] } },
{ "type": "Feature", "properties": { "pt_id": "  1012", "trajectory_id": 1, "北京时间": "2026-05-11 13:00", "lon": 113.352, "lat": 29.397, "height": 97.0 }, "geometry": { "type": "Point", "coordinates": [ 113.352, 29.397 ] } },
{ "type": "Feature", "properties": { "pt_id": "  1013", "trajectory_id": 1, "北京时间": "2026-05-11 12:00", "lon": 113.326, "lat": 29.234, "height": 122.0 }, "geometry": { "type": "Point", "coordinates": [ 113.326, 29.234 ] } },
{ "type": "Feature", "properties": { "pt_id": "  1014", "trajectory_id": 1, "北京时间": "2026-05-11 11:00", "lon": 113.328, "lat": 29.073, "height": 149.0 }, "geometry": { "type": "Point", "coordinates": [ 113.328, 29.073 ] } },
{ "type": "Feature", "properties": { "pt_id": "  1015", "trajectory_id": 1, "北京时间": "2026-05-11 10:00", "lon": 113.351, "lat": 28.911, "height": 199.0 }, "geometry": { "type": "Point", "coordinates": [ 113.351, 28.911 ] } },
{ "type": "Feature", "properties": { "pt_id": "  1016", "trajectory_id": 1, "北京时间": "2026-05-11 09:00", "lon": 113.372, "lat": 28.74, "height": 231.0 }, "geometry": { "type": "Point", "coordinates": [ 113.372, 28.74 ] } },
{ "type": "Feature", "properties": { "pt_id": "  1017", "trajectory_id": 1, "北京时间": "2026-05-11 08:00", "lon": 113.387, "lat": 28.582, "height": 260.0 }, "geometry": { "type": "Point", "coordinates": [ 113.387, 28.582 ] } },
{ "type": "Feature", "properties": { "pt_id": "  1018", "trajectory_id": 1, "北京时间": "2026-05-11 07:00", "lon": 113.388, "lat": 28.432, "height": 300.0 }, "geometry": { "type": "Point", "coordinates": [ 113.388, 28.432 ] } },
{ "type": "Feature", "properties": { "pt_id": "  1019", "trajectory_id": 1, "北京时间": "2026-05-11 06:00", "lon": 113.385, "lat": 28.287, "height": 312.0 }, "geometry": { "type": "Point", "coordinates": [ 113.385, 28.287 ] } },
{ "type": "Feature", "properties": { "pt_id": "  1020", "trajectory_id": 1, "北京时间": "2026-05-11 05:00", "lon": 113.381, "lat": 28.147, "height": 318.0 }, "geometry": { "type": "Point", "coordinates": [ 113.381, 28.147 ] } },
{ "type": "Feature", "properties": { "pt_id": "  1021", "trajectory_id": 1, "北京时间": "2026-05-11 04:00", "lon": 113.364, "lat": 28.012, "height": 341.0 }, "geometry": { "type": "Point", "coordinates": [ 113.364, 28.012 ] } },
{ "type": "Feature", "properties": { "pt_id": "  1022", "trajectory_id": 1, "北京时间": "2026-05-11 03:00", "lon": 113.325, "lat": 27.881, "height": 358.0 }, "geometry": { "type": "Point", "coordinates": [ 113.325, 27.881 ] } },
{ "type": "Feature", "properties": { "pt_id": "  1023", "trajectory_id": 1, "北京时间": "2026-05-11 02:00", "lon": 113.278, "lat": 27.749, "height": 347.0 }, "geometry": { "type": "Point", "coordinates": [ 113.278, 27.749 ] } },
{ "type": "Feature", "properties": { "pt_id": "  1024", "trajectory_id": 1, "北京时间": "2026-05-11 01:00", "lon": 113.232, "lat": 27.621, "height": 341.0 }, "geometry": { "type": "Point", "coordinates": [ 113.232, 27.621 ] } },
{ "type": "Feature", "properties": { "pt_id": "  1025", "trajectory_id": 1, "北京时间": "2026-05-11 00:00", "lon": 113.168, "lat": 27.493, "height": 364.0 }, "geometry": { "type": "Point", "coordinates": [ 113.168, 27.493 ] } },
{ "type": "Feature", "properties": { "pt_id": "  1026", "trajectory_id": 1, "北京时间": "2026-05-10 23:00", "lon": 113.072, "lat": 27.347, "height": 382.0 }, "geometry": { "type": "Point", "coordinates": [ 113.072, 27.347 ] } },
{ "type": "Feature", "properties": { "pt_id": "  1027", "trajectory_id": 1, "北京时间": "2026-05-10 22:00", "lon": 112.963, "lat": 27.18, "height": 379.0 }, "geometry": { "type": "Point", "coordinates": [ 112.963, 27.18 ] } },
{ "type": "Feature", "properties": { "pt_id": "  1028", "trajectory_id": 1, "北京时间": "2026-05-10 21:00", "lon": 112.862, "lat": 27.047, "height": 410.0 }, "geometry": { "type": "Point", "coordinates": [ 112.862, 27.047 ] } },
{ "type": "Feature", "properties": { "pt_id": "  1029", "trajectory_id": 1, "北京时间": "2026-05-10 20:00", "lon": 112.758, "lat": 26.947, "height": 463.0 }, "geometry": { "type": "Point", "coordinates": [ 112.758, 26.947 ] } },
{ "type": "Feature", "properties": { "pt_id": "  1030", "trajectory_id": 1, "北京时间": "2026-05-10 19:00", "lon": 112.663, "lat": 26.866, "height": 528.0 }, "geometry": { "type": "Point", "coordinates": [ 112.663, 26.866 ] } },
{ "type": "Feature", "properties": { "pt_id": "  1031", "trajectory_id": 1, "北京时间": "2026-05-10 18:00", "lon": 112.566, "lat": 26.799, "height": 604.0 }, "geometry": { "type": "Point", "coordinates": [ 112.566, 26.799 ] } },
{ "type": "Feature", "properties": { "pt_id": "  1032", "trajectory_id": 1, "北京时间": "2026-05-10 17:00", "lon": 112.448, "lat": 26.749, "height": 694.0 }, "geometry": { "type": "Point", "coordinates": [ 112.448, 26.749 ] } },
{ "type": "Feature", "properties": { "pt_id": "  1033", "trajectory_id": 1, "北京时间": "2026-05-10 16:00", "lon": 112.306, "lat": 26.699, "height": 778.0 }, "geometry": { "type": "Point", "coordinates": [ 112.306, 26.699 ] } },
{ "type": "Feature", "properties": { "pt_id": "  1034", "trajectory_id": 1, "北京时间": "2026-05-10 15:00", "lon": 112.16, "lat": 26.64, "height": 848.0 }, "geometry": { "type": "Point", "coordinates": [ 112.16, 26.64 ] } },
{ "type": "Feature", "properties": { "pt_id": "  1035", "trajectory_id": 1, "北京时间": "2026-05-10 14:00", "lon": 112.007, "lat": 26.579, "height": 929.0 }, "geometry": { "type": "Point", "coordinates": [ 112.007, 26.579 ] } },
{ "type": "Feature", "properties": { "pt_id": "  1036", "trajectory_id": 1, "北京时间": "2026-05-10 13:00", "lon": 111.854, "lat": 26.525, "height": 1034.0 }, "geometry": { "type": "Point", "coordinates": [ 111.854, 26.525 ] } },
{ "type": "Feature", "properties": { "pt_id": "  1037", "trajectory_id": 1, "北京时间": "2026-05-10 12:00", "lon": 111.716, "lat": 26.492, "height": 1144.0 }, "geometry": { "type": "Point", "coordinates": [ 111.716, 26.492 ] } },
{ "type": "Feature", "properties": { "pt_id": "  1038", "trajectory_id": 1, "北京时间": "2026-05-10 11:00", "lon": 111.57, "lat": 26.491, "height": 1253.0 }, "geometry": { "type": "Point", "coordinates": [ 111.57, 26.491 ] } },
{ "type": "Feature", "properties": { "pt_id": "  1039", "trajectory_id": 1, "北京时间": "2026-05-10 10:00", "lon": 111.384, "lat": 26.515, "height": 1366.0 }, "geometry": { "type": "Point", "coordinates": [ 111.384, 26.515 ] } },
{ "type": "Feature", "properties": { "pt_id": "  1040", "trajectory_id": 1, "北京时间": "2026-05-10 09:00", "lon": 111.146, "lat": 26.533, "height": 1459.0 }, "geometry": { "type": "Point", "coordinates": [ 111.146, 26.533 ] } },
{ "type": "Feature", "properties": { "pt_id": "  1041", "trajectory_id": 1, "北京时间": "2026-05-10 08:00", "lon": 110.858, "lat": 26.547, "height": 1495.0 }, "geometry": { "type": "Point", "coordinates": [ 110.858, 26.547 ] } },
{ "type": "Feature", "properties": { "pt_id": "  1042", "trajectory_id": 1, "北京时间": "2026-05-10 07:00", "lon": 110.554, "lat": 26.565, "height": 1485.0 }, "geometry": { "type": "Point", "coordinates": [ 110.554, 26.565 ] } },
{ "type": "Feature", "properties": { "pt_id": "  1043", "trajectory_id": 1, "北京时间": "2026-05-10 06:00", "lon": 110.251, "lat": 26.584, "height": 1503.0 }, "geometry": { "type": "Point", "coordinates": [ 110.251, 26.584 ] } },
{ "type": "Feature", "properties": { "pt_id": "  1044", "trajectory_id": 1, "北京时间": "2026-05-10 05:00", "lon": 109.994, "lat": 26.603, "height": 1516.0 }, "geometry": { "type": "Point", "coordinates": [ 109.994, 26.603 ] } },
{ "type": "Feature", "properties": { "pt_id": "  1045", "trajectory_id": 1, "北京时间": "2026-05-10 04:00", "lon": 109.763, "lat": 26.631, "height": 1539.0 }, "geometry": { "type": "Point", "coordinates": [ 109.763, 26.631 ] } },
{ "type": "Feature", "properties": { "pt_id": "  1046", "trajectory_id": 1, "北京时间": "2026-05-10 03:00", "lon": 109.549, "lat": 26.665, "height": 1558.0 }, "geometry": { "type": "Point", "coordinates": [ 109.549, 26.665 ] } },
{ "type": "Feature", "properties": { "pt_id": "  1047", "trajectory_id": 1, "北京时间": "2026-05-10 02:00", "lon": 109.342, "lat": 26.702, "height": 1550.0 }, "geometry": { "type": "Point", "coordinates": [ 109.342, 26.702 ] } },
{ "type": "Feature", "properties": { "pt_id": "  1048", "trajectory_id": 1, "北京时间": "2026-05-10 01:00", "lon": 109.137, "lat": 26.734, "height": 1555.0 }, "geometry": { "type": "Point", "coordinates": [ 109.137, 26.734 ] } },
{ "type": "Feature", "properties": { "pt_id": "  2000", "trajectory_id": 2, "北京时间": "2026-05-12 01:00", "lon": 113.942, "lat": 30.907, "height": 10.0 }, "geometry": { "type": "Point", "coordinates": [ 113.942, 30.907 ] } },
{ "type": "Feature", "properties": { "pt_id": "  2005", "trajectory_id": 2, "北京时间": "2026-05-12 00:00", "lon": 113.909, "lat": 30.779, "height": 4.0 }, "geometry": { "type": "Point", "coordinates": [ 113.909, 30.779 ] } },
{ "type": "Feature", "properties": { "pt_id": "  2006", "trajectory_id": 2, "北京时间": "2026-05-11 23:00", "lon": 113.864, "lat": 30.638, "height": 4.0 }, "geometry": { "type": "Point", "coordinates": [ 113.864, 30.638 ] } },
{ "type": "Feature", "properties": { "pt_id": "  2007", "trajectory_id": 2, "北京时间": "2026-05-11 22:00", "lon": 113.802, "lat": 30.488, "height": 6.0 }, "geometry": { "type": "Point", "coordinates": [ 113.802, 30.488 ] } },
{ "type": "Feature", "properties": { "pt_id": "  2008", "trajectory_id": 2, "北京时间": "2026-05-11 21:00", "lon": 113.726, "lat": 30.339, "height": 10.0 }, "geometry": { "type": "Point", "coordinates": [ 113.726, 30.339 ] } },
{ "type": "Feature", "properties": { "pt_id": "  2009", "trajectory_id": 2, "北京时间": "2026-05-11 20:00", "lon": 113.646, "lat": 30.191, "height": 15.0 }, "geometry": { "type": "Point", "coordinates": [ 113.646, 30.191 ] } },
{ "type": "Feature", "properties": { "pt_id": "  2010", "trajectory_id": 2, "北京时间": "2026-05-11 19:00", "lon": 113.564, "lat": 30.036, "height": 20.0 }, "geometry": { "type": "Point", "coordinates": [ 113.564, 30.036 ] } },
{ "type": "Feature", "properties": { "pt_id": "  2011", "trajectory_id": 2, "北京时间": "2026-05-11 18:00", "lon": 113.478, "lat": 29.87, "height": 30.0 }, "geometry": { "type": "Point", "coordinates": [ 113.478, 29.87 ] } },
{ "type": "Feature", "properties": { "pt_id": "  2012", "trajectory_id": 2, "北京时间": "2026-05-11 17:00", "lon": 113.395, "lat": 29.699, "height": 50.0 }, "geometry": { "type": "Point", "coordinates": [ 113.395, 29.699 ] } },
{ "type": "Feature", "properties": { "pt_id": "  2013", "trajectory_id": 2, "北京时间": "2026-05-11 16:00", "lon": 113.329, "lat": 29.522, "height": 85.0 }, "geometry": { "type": "Point", "coordinates": [ 113.329, 29.522 ] } },
{ "type": "Feature", "properties": { "pt_id": "  2014", "trajectory_id": 2, "北京时间": "2026-05-11 15:00", "lon": 113.293, "lat": 29.332, "height": 124.0 }, "geometry": { "type": "Point", "coordinates": [ 113.293, 29.332 ] } },
{ "type": "Feature", "properties": { "pt_id": "  2015", "trajectory_id": 2, "北京时间": "2026-05-11 14:00", "lon": 113.304, "lat": 29.153, "height": 156.0 }, "geometry": { "type": "Point", "coordinates": [ 113.304, 29.153 ] } },
{ "type": "Feature", "properties": { "pt_id": "  2016", "trajectory_id": 2, "北京时间": "2026-05-11 13:00", "lon": 113.342, "lat": 28.976, "height": 212.0 }, "geometry": { "type": "Point", "coordinates": [ 113.342, 28.976 ] } },
{ "type": "Feature", "properties": { "pt_id": "  2017", "trajectory_id": 2, "北京时间": "2026-05-11 12:00", "lon": 113.377, "lat": 28.785, "height": 273.0 }, "geometry": { "type": "Point", "coordinates": [ 113.377, 28.785 ] } },
{ "type": "Feature", "properties": { "pt_id": "  2018", "trajectory_id": 2, "北京时间": "2026-05-11 11:00", "lon": 113.393, "lat": 28.597, "height": 312.0 }, "geometry": { "type": "Point", "coordinates": [ 113.393, 28.597 ] } },
{ "type": "Feature", "properties": { "pt_id": "  2019", "trajectory_id": 2, "北京时间": "2026-05-11 10:00", "lon": 113.383, "lat": 28.42, "height": 350.0 }, "geometry": { "type": "Point", "coordinates": [ 113.383, 28.42 ] } },
{ "type": "Feature", "properties": { "pt_id": "  2020", "trajectory_id": 2, "北京时间": "2026-05-11 09:00", "lon": 113.364, "lat": 28.252, "height": 358.0 }, "geometry": { "type": "Point", "coordinates": [ 113.364, 28.252 ] } },
{ "type": "Feature", "properties": { "pt_id": "  2021", "trajectory_id": 2, "北京时间": "2026-05-11 08:00", "lon": 113.343, "lat": 28.097, "height": 360.0 }, "geometry": { "type": "Point", "coordinates": [ 113.343, 28.097 ] } },
{ "type": "Feature", "properties": { "pt_id": "  2022", "trajectory_id": 2, "北京时间": "2026-05-11 07:00", "lon": 113.302, "lat": 27.954, "height": 372.0 }, "geometry": { "type": "Point", "coordinates": [ 113.302, 27.954 ] } },
{ "type": "Feature", "properties": { "pt_id": "  2023", "trajectory_id": 2, "北京时间": "2026-05-11 06:00", "lon": 113.247, "lat": 27.813, "height": 369.0 }, "geometry": { "type": "Point", "coordinates": [ 113.247, 27.813 ] } },
{ "type": "Feature", "properties": { "pt_id": "  2024", "trajectory_id": 2, "北京时间": "2026-05-11 05:00", "lon": 113.192, "lat": 27.676, "height": 356.0 }, "geometry": { "type": "Point", "coordinates": [ 113.192, 27.676 ] } },
{ "type": "Feature", "properties": { "pt_id": "  2025", "trajectory_id": 2, "北京时间": "2026-05-11 04:00", "lon": 113.126, "lat": 27.54, "height": 362.0 }, "geometry": { "type": "Point", "coordinates": [ 113.126, 27.54 ] } },
{ "type": "Feature", "properties": { "pt_id": "  2026", "trajectory_id": 2, "北京时间": "2026-05-11 03:00", "lon": 113.034, "lat": 27.393, "height": 378.0 }, "geometry": { "type": "Point", "coordinates": [ 113.034, 27.393 ] } },
{ "type": "Feature", "properties": { "pt_id": "  2027", "trajectory_id": 2, "北京时间": "2026-05-11 02:00", "lon": 112.927, "lat": 27.229, "height": 383.0 }, "geometry": { "type": "Point", "coordinates": [ 112.927, 27.229 ] } },
{ "type": "Feature", "properties": { "pt_id": "  2028", "trajectory_id": 2, "北京时间": "2026-05-11 01:00", "lon": 112.821, "lat": 27.094, "height": 419.0 }, "geometry": { "type": "Point", "coordinates": [ 112.821, 27.094 ] } },
{ "type": "Feature", "properties": { "pt_id": "  2029", "trajectory_id": 2, "北京时间": "2026-05-11 00:00", "lon": 112.71, "lat": 26.993, "height": 477.0 }, "geometry": { "type": "Point", "coordinates": [ 112.71, 26.993 ] } },
{ "type": "Feature", "properties": { "pt_id": "  2030", "trajectory_id": 2, "北京时间": "2026-05-10 23:00", "lon": 112.603, "lat": 26.908, "height": 554.0 }, "geometry": { "type": "Point", "coordinates": [ 112.603, 26.908 ] } },
{ "type": "Feature", "properties": { "pt_id": "  2031", "trajectory_id": 2, "北京时间": "2026-05-10 22:00", "lon": 112.489, "lat": 26.837, "height": 638.0 }, "geometry": { "type": "Point", "coordinates": [ 112.489, 26.837 ] } },
{ "type": "Feature", "properties": { "pt_id": "  2032", "trajectory_id": 2, "北京时间": "2026-05-10 21:00", "lon": 112.351, "lat": 26.781, "height": 732.0 }, "geometry": { "type": "Point", "coordinates": [ 112.351, 26.781 ] } },
{ "type": "Feature", "properties": { "pt_id": "  2033", "trajectory_id": 2, "北京时间": "2026-05-10 20:00", "lon": 112.19, "lat": 26.724, "height": 820.0 }, "geometry": { "type": "Point", "coordinates": [ 112.19, 26.724 ] } },
{ "type": "Feature", "properties": { "pt_id": "  2034", "trajectory_id": 2, "北京时间": "2026-05-10 19:00", "lon": 112.025, "lat": 26.659, "height": 902.0 }, "geometry": { "type": "Point", "coordinates": [ 112.025, 26.659 ] } },
{ "type": "Feature", "properties": { "pt_id": "  2035", "trajectory_id": 2, "北京时间": "2026-05-10 18:00", "lon": 111.858, "lat": 26.599, "height": 999.0 }, "geometry": { "type": "Point", "coordinates": [ 111.858, 26.599 ] } },
{ "type": "Feature", "properties": { "pt_id": "  2036", "trajectory_id": 2, "北京时间": "2026-05-10 17:00", "lon": 111.696, "lat": 26.56, "height": 1108.0 }, "geometry": { "type": "Point", "coordinates": [ 111.696, 26.56 ] } },
{ "type": "Feature", "properties": { "pt_id": "  2037", "trajectory_id": 2, "北京时间": "2026-05-10 16:00", "lon": 111.533, "lat": 26.546, "height": 1220.0 }, "geometry": { "type": "Point", "coordinates": [ 111.533, 26.546 ] } },
{ "type": "Feature", "properties": { "pt_id": "  2038", "trajectory_id": 2, "北京时间": "2026-05-10 15:00", "lon": 111.331, "lat": 26.561, "height": 1342.0 }, "geometry": { "type": "Point", "coordinates": [ 111.331, 26.561 ] } },
{ "type": "Feature", "properties": { "pt_id": "  2039", "trajectory_id": 2, "北京时间": "2026-05-10 14:00", "lon": 111.068, "lat": 26.582, "height": 1431.0 }, "geometry": { "type": "Point", "coordinates": [ 111.068, 26.582 ] } },
{ "type": "Feature", "properties": { "pt_id": "  2040", "trajectory_id": 2, "北京时间": "2026-05-10 13:00", "lon": 110.783, "lat": 26.597, "height": 1445.0 }, "geometry": { "type": "Point", "coordinates": [ 110.783, 26.597 ] } },
{ "type": "Feature", "properties": { "pt_id": "  2041", "trajectory_id": 2, "北京时间": "2026-05-10 12:00", "lon": 110.474, "lat": 26.615, "height": 1453.0 }, "geometry": { "type": "Point", "coordinates": [ 110.474, 26.615 ] } },
{ "type": "Feature", "properties": { "pt_id": "  2042", "trajectory_id": 2, "北京时间": "2026-05-10 11:00", "lon": 110.179, "lat": 26.632, "height": 1500.0 }, "geometry": { "type": "Point", "coordinates": [ 110.179, 26.632 ] } },
{ "type": "Feature", "properties": { "pt_id": "  2043", "trajectory_id": 2, "北京时间": "2026-05-10 10:00", "lon": 109.925, "lat": 26.656, "height": 1520.0 }, "geometry": { "type": "Point", "coordinates": [ 109.925, 26.656 ] } },
{ "type": "Feature", "properties": { "pt_id": "  2044", "trajectory_id": 2, "北京时间": "2026-05-10 09:00", "lon": 109.694, "lat": 26.685, "height": 1556.0 }, "geometry": { "type": "Point", "coordinates": [ 109.694, 26.685 ] } },
{ "type": "Feature", "properties": { "pt_id": "  2045", "trajectory_id": 2, "北京时间": "2026-05-10 08:00", "lon": 109.467, "lat": 26.718, "height": 1598.0 }, "geometry": { "type": "Point", "coordinates": [ 109.467, 26.718 ] } },
{ "type": "Feature", "properties": { "pt_id": "  2046", "trajectory_id": 2, "北京时间": "2026-05-10 07:00", "lon": 109.24, "lat": 26.755, "height": 1619.0 }, "geometry": { "type": "Point", "coordinates": [ 109.24, 26.755 ] } },
{ "type": "Feature", "properties": { "pt_id": "  2047", "trajectory_id": 2, "北京时间": "2026-05-10 06:00", "lon": 109.004, "lat": 26.784, "height": 1649.0 }, "geometry": { "type": "Point", "coordinates": [ 109.004, 26.784 ] } },
{ "type": "Feature", "properties": { "pt_id": "  2048", "trajectory_id": 2, "北京时间": "2026-05-10 05:00", "lon": 108.752, "lat": 26.8, "height": 1670.0 }, "geometry": { "type": "Point", "coordinates": [ 108.752, 26.8 ] } },
{ "type": "Feature", "properties": { "pt_id": "  2049", "trajectory_id": 2, "北京时间": "2026-05-10 04:00", "lon": 108.496, "lat": 26.818, "height": 1672.0 }, "geometry": { "type": "Point", "coordinates": [ 108.496, 26.818 ] } },
{ "type": "Feature", "properties": { "pt_id": "  2050", "trajectory_id": 2, "北京时间": "2026-05-10 03:00", "lon": 108.251, "lat": 26.845, "height": 1739.0 }, "geometry": { "type": "Point", "coordinates": [ 108.251, 26.845 ] } },
{ "type": "Feature", "properties": { "pt_id": "  2051", "trajectory_id": 2, "北京时间": "2026-05-10 02:00", "lon": 108.001, "lat": 26.866, "height": 1862.0 }, "geometry": { "type": "Point", "coordinates": [ 108.001, 26.866 ] } },
{ "type": "Feature", "properties": { "pt_id": "  2052", "trajectory_id": 2, "北京时间": "2026-05-10 01:00", "lon": 107.725, "lat": 26.866, "height": 1921.0 }, "geometry": { "type": "Point", "coordinates": [ 107.725, 26.866 ] } },
{ "type": "Feature", "properties": { "pt_id": "  3000", "trajectory_id": 3, "北京时间": "2026-05-12 01:00", "lon": 113.942, "lat": 30.907, "height": 10.0 }, "geometry": { "type": "Point", "coordinates": [ 113.942, 30.907 ] } },
{ "type": "Feature", "properties": { "pt_id": "  3009", "trajectory_id": 3, "北京时间": "2026-05-12 00:00", "lon": 113.863, "lat": 30.749, "height": 8.0 }, "geometry": { "type": "Point", "coordinates": [ 113.863, 30.749 ] } },
{ "type": "Feature", "properties": { "pt_id": "  3010", "trajectory_id": 3, "北京时间": "2026-05-11 23:00", "lon": 113.774, "lat": 30.589, "height": 10.0 }, "geometry": { "type": "Point", "coordinates": [ 113.774, 30.589 ] } },
{ "type": "Feature", "properties": { "pt_id": "  3011", "trajectory_id": 3, "北京时间": "2026-05-11 22:00", "lon": 113.674, "lat": 30.427, "height": 11.0 }, "geometry": { "type": "Point", "coordinates": [ 113.674, 30.427 ] } },
{ "type": "Feature", "properties": { "pt_id": "  3012", "trajectory_id": 3, "北京时间": "2026-05-11 21:00", "lon": 113.574, "lat": 30.26, "height": 11.0 }, "geometry": { "type": "Point", "coordinates": [ 113.574, 30.26 ] } },
{ "type": "Feature", "properties": { "pt_id": "  3013", "trajectory_id": 3, "北京时间": "2026-05-11 20:00", "lon": 113.477, "lat": 30.089, "height": 12.0 }, "geometry": { "type": "Point", "coordinates": [ 113.477, 30.089 ] } },
{ "type": "Feature", "properties": { "pt_id": "  3014", "trajectory_id": 3, "北京时间": "2026-05-11 19:00", "lon": 113.383, "lat": 29.918, "height": 13.0 }, "geometry": { "type": "Point", "coordinates": [ 113.383, 29.918 ] } },
{ "type": "Feature", "properties": { "pt_id": "  3015", "trajectory_id": 3, "北京时间": "2026-05-11 18:00", "lon": 113.306, "lat": 29.753, "height": 17.0 }, "geometry": { "type": "Point", "coordinates": [ 113.306, 29.753 ] } },
{ "type": "Feature", "properties": { "pt_id": "  3016", "trajectory_id": 3, "北京时间": "2026-05-11 17:00", "lon": 113.256, "lat": 29.585, "height": 28.0 }, "geometry": { "type": "Point", "coordinates": [ 113.256, 29.585 ] } },
{ "type": "Feature", "properties": { "pt_id": "  3017", "trajectory_id": 3, "北京时间": "2026-05-11 16:00", "lon": 113.251, "lat": 29.411, "height": 45.0 }, "geometry": { "type": "Point", "coordinates": [ 113.251, 29.411 ] } },
{ "type": "Feature", "properties": { "pt_id": "  3018", "trajectory_id": 3, "北京时间": "2026-05-11 15:00", "lon": 113.295, "lat": 29.248, "height": 56.0 }, "geometry": { "type": "Point", "coordinates": [ 113.295, 29.248 ] } },
{ "type": "Feature", "properties": { "pt_id": "  3019", "trajectory_id": 3, "北京时间": "2026-05-11 14:00", "lon": 113.364, "lat": 29.097, "height": 87.0 }, "geometry": { "type": "Point", "coordinates": [ 113.364, 29.097 ] } },
{ "type": "Feature", "properties": { "pt_id": "  3020", "trajectory_id": 3, "北京时间": "2026-05-11 13:00", "lon": 113.437, "lat": 28.938, "height": 163.0 }, "geometry": { "type": "Point", "coordinates": [ 113.437, 28.938 ] } },
{ "type": "Feature", "properties": { "pt_id": "  3021", "trajectory_id": 3, "北京时间": "2026-05-11 12:00", "lon": 113.486, "lat": 28.777, "height": 220.0 }, "geometry": { "type": "Point", "coordinates": [ 113.486, 28.777 ] } },
{ "type": "Feature", "properties": { "pt_id": "  3022", "trajectory_id": 3, "北京时间": "2026-05-11 11:00", "lon": 113.505, "lat": 28.647, "height": 242.0 }, "geometry": { "type": "Point", "coordinates": [ 113.505, 28.647 ] } },
{ "type": "Feature", "properties": { "pt_id": "  3023", "trajectory_id": 3, "北京时间": "2026-05-11 10:00", "lon": 113.505, "lat": 28.537, "height": 256.0 }, "geometry": { "type": "Point", "coordinates": [ 113.505, 28.537 ] } },
{ "type": "Feature", "properties": { "pt_id": "  3024", "trajectory_id": 3, "北京时间": "2026-05-11 09:00", "lon": 113.498, "lat": 28.433, "height": 262.0 }, "geometry": { "type": "Point", "coordinates": [ 113.498, 28.433 ] } },
{ "type": "Feature", "properties": { "pt_id": "  3025", "trajectory_id": 3, "北京时间": "2026-05-11 08:00", "lon": 113.493, "lat": 28.332, "height": 259.0 }, "geometry": { "type": "Point", "coordinates": [ 113.493, 28.332 ] } },
{ "type": "Feature", "properties": { "pt_id": "  3026", "trajectory_id": 3, "北京时间": "2026-05-11 07:00", "lon": 113.497, "lat": 28.245, "height": 247.0 }, "geometry": { "type": "Point", "coordinates": [ 113.497, 28.245 ] } },
{ "type": "Feature", "properties": { "pt_id": "  3027", "trajectory_id": 3, "北京时间": "2026-05-11 06:00", "lon": 113.502, "lat": 28.162, "height": 245.0 }, "geometry": { "type": "Point", "coordinates": [ 113.502, 28.162 ] } },
{ "type": "Feature", "properties": { "pt_id": "  3028", "trajectory_id": 3, "北京时间": "2026-05-11 05:00", "lon": 113.496, "lat": 28.062, "height": 287.0 }, "geometry": { "type": "Point", "coordinates": [ 113.496, 28.062 ] } },
{ "type": "Feature", "properties": { "pt_id": "  3029", "trajectory_id": 3, "北京时间": "2026-05-11 04:00", "lon": 113.483, "lat": 27.943, "height": 410.0 }, "geometry": { "type": "Point", "coordinates": [ 113.483, 27.943 ] } },
{ "type": "Feature", "properties": { "pt_id": "  3030", "trajectory_id": 3, "北京时间": "2026-05-11 03:00", "lon": 113.465, "lat": 27.825, "height": 511.0 }, "geometry": { "type": "Point", "coordinates": [ 113.465, 27.825 ] } },
{ "type": "Feature", "properties": { "pt_id": "  3031", "trajectory_id": 3, "北京时间": "2026-05-11 02:00", "lon": 113.437, "lat": 27.721, "height": 541.0 }, "geometry": { "type": "Point", "coordinates": [ 113.437, 27.721 ] } },
{ "type": "Feature", "properties": { "pt_id": "  3032", "trajectory_id": 3, "北京时间": "2026-05-11 01:00", "lon": 113.405, "lat": 27.632, "height": 566.0 }, "geometry": { "type": "Point", "coordinates": [ 113.405, 27.632 ] } },
{ "type": "Feature", "properties": { "pt_id": "  3033", "trajectory_id": 3, "北京时间": "2026-05-11 00:00", "lon": 113.37, "lat": 27.554, "height": 612.0 }, "geometry": { "type": "Point", "coordinates": [ 113.37, 27.554 ] } },
{ "type": "Feature", "properties": { "pt_id": "  3034", "trajectory_id": 3, "北京时间": "2026-05-10 23:00", "lon": 113.329, "lat": 27.482, "height": 663.0 }, "geometry": { "type": "Point", "coordinates": [ 113.329, 27.482 ] } },
{ "type": "Feature", "properties": { "pt_id": "  3035", "trajectory_id": 3, "北京时间": "2026-05-10 22:00", "lon": 113.278, "lat": 27.415, "height": 702.0 }, "geometry": { "type": "Point", "coordinates": [ 113.278, 27.415 ] } },
{ "type": "Feature", "properties": { "pt_id": "  3036", "trajectory_id": 3, "北京时间": "2026-05-10 21:00", "lon": 113.204, "lat": 27.347, "height": 736.0 }, "geometry": { "type": "Point", "coordinates": [ 113.204, 27.347 ] } },
{ "type": "Feature", "properties": { "pt_id": "  3037", "trajectory_id": 3, "北京时间": "2026-05-10 20:00", "lon": 113.105, "lat": 27.281, "height": 769.0 }, "geometry": { "type": "Point", "coordinates": [ 113.105, 27.281 ] } },
{ "type": "Feature", "properties": { "pt_id": "  3038", "trajectory_id": 3, "北京时间": "2026-05-10 19:00", "lon": 112.992, "lat": 27.226, "height": 797.0 }, "geometry": { "type": "Point", "coordinates": [ 112.992, 27.226 ] } },
{ "type": "Feature", "properties": { "pt_id": "  3039", "trajectory_id": 3, "北京时间": "2026-05-10 18:00", "lon": 112.875, "lat": 27.186, "height": 826.0 }, "geometry": { "type": "Point", "coordinates": [ 112.875, 27.186 ] } },
{ "type": "Feature", "properties": { "pt_id": "  3040", "trajectory_id": 3, "北京时间": "2026-05-10 17:00", "lon": 112.758, "lat": 27.158, "height": 849.0 }, "geometry": { "type": "Point", "coordinates": [ 112.758, 27.158 ] } },
{ "type": "Feature", "properties": { "pt_id": "  3041", "trajectory_id": 3, "北京时间": "2026-05-10 16:00", "lon": 112.637, "lat": 27.135, "height": 854.0 }, "geometry": { "type": "Point", "coordinates": [ 112.637, 27.135 ] } },
{ "type": "Feature", "properties": { "pt_id": "  3042", "trajectory_id": 3, "北京时间": "2026-05-10 15:00", "lon": 112.51, "lat": 27.108, "height": 853.0 }, "geometry": { "type": "Point", "coordinates": [ 112.51, 27.108 ] } },
{ "type": "Feature", "properties": { "pt_id": "  3043", "trajectory_id": 3, "北京时间": "2026-05-10 14:00", "lon": 112.38, "lat": 27.078, "height": 859.0 }, "geometry": { "type": "Point", "coordinates": [ 112.38, 27.078 ] } },
{ "type": "Feature", "properties": { "pt_id": "  3044", "trajectory_id": 3, "北京时间": "2026-05-10 13:00", "lon": 112.247, "lat": 27.051, "height": 876.0 }, "geometry": { "type": "Point", "coordinates": [ 112.247, 27.051 ] } },
{ "type": "Feature", "properties": { "pt_id": "  3045", "trajectory_id": 3, "北京时间": "2026-05-10 12:00", "lon": 112.107, "lat": 27.032, "height": 898.0 }, "geometry": { "type": "Point", "coordinates": [ 112.107, 27.032 ] } },
{ "type": "Feature", "properties": { "pt_id": "  3046", "trajectory_id": 3, "北京时间": "2026-05-10 11:00", "lon": 111.95, "lat": 27.023, "height": 924.0 }, "geometry": { "type": "Point", "coordinates": [ 111.95, 27.023 ] } },
{ "type": "Feature", "properties": { "pt_id": "  3047", "trajectory_id": 3, "北京时间": "2026-05-10 10:00", "lon": 111.775, "lat": 27.022, "height": 978.0 }, "geometry": { "type": "Point", "coordinates": [ 111.775, 27.022 ] } },
{ "type": "Feature", "properties": { "pt_id": "  3048", "trajectory_id": 3, "北京时间": "2026-05-10 09:00", "lon": 111.589, "lat": 27.026, "height": 1042.0 }, "geometry": { "type": "Point", "coordinates": [ 111.589, 27.026 ] } },
{ "type": "Feature", "properties": { "pt_id": "  3049", "trajectory_id": 3, "北京时间": "2026-05-10 08:00", "lon": 111.4, "lat": 27.03, "height": 1084.0 }, "geometry": { "type": "Point", "coordinates": [ 111.4, 27.03 ] } },
{ "type": "Feature", "properties": { "pt_id": "  3050", "trajectory_id": 3, "北京时间": "2026-05-10 07:00", "lon": 111.223, "lat": 27.029, "height": 1123.0 }, "geometry": { "type": "Point", "coordinates": [ 111.223, 27.029 ] } },
{ "type": "Feature", "properties": { "pt_id": "  3051", "trajectory_id": 3, "北京时间": "2026-05-10 06:00", "lon": 111.063, "lat": 27.029, "height": 1170.0 }, "geometry": { "type": "Point", "coordinates": [ 111.063, 27.029 ] } },
{ "type": "Feature", "properties": { "pt_id": "  3052", "trajectory_id": 3, "北京时间": "2026-05-10 05:00", "lon": 110.922, "lat": 27.036, "height": 1210.0 }, "geometry": { "type": "Point", "coordinates": [ 110.922, 27.036 ] } },
{ "type": "Feature", "properties": { "pt_id": "  3053", "trajectory_id": 3, "北京时间": "2026-05-10 04:00", "lon": 110.796, "lat": 27.055, "height": 1274.0 }, "geometry": { "type": "Point", "coordinates": [ 110.796, 27.055 ] } },
{ "type": "Feature", "properties": { "pt_id": "  3054", "trajectory_id": 3, "北京时间": "2026-05-10 03:00", "lon": 110.667, "lat": 27.091, "height": 1345.0 }, "geometry": { "type": "Point", "coordinates": [ 110.667, 27.091 ] } },
{ "type": "Feature", "properties": { "pt_id": "  3055", "trajectory_id": 3, "北京时间": "2026-05-10 02:00", "lon": 110.509, "lat": 27.141, "height": 1406.0 }, "geometry": { "type": "Point", "coordinates": [ 110.509, 27.141 ] } },
{ "type": "Feature", "properties": { "pt_id": "  3056", "trajectory_id": 3, "北京时间": "2026-05-10 01:00", "lon": 110.324, "lat": 27.195, "height": 1470.0 }, "geometry": { "type": "Point", "coordinates": [ 110.324, 27.195 ] } },
{ "type": "Feature", "properties": { "pt_id": "  4000", "trajectory_id": 4, "北京时间": "2026-05-12 01:00", "lon": 113.942, "lat": 30.907, "height": 10.0 }, "geometry": { "type": "Point", "coordinates": [ 113.942, 30.907 ] } },
{ "type": "Feature", "properties": { "pt_id": "  4013", "trajectory_id": 4, "北京时间": "2026-05-12 00:00", "lon": 113.846, "lat": 30.748, "height": 4.0 }, "geometry": { "type": "Point", "coordinates": [ 113.846, 30.748 ] } },
{ "type": "Feature", "properties": { "pt_id": "  4014", "trajectory_id": 4, "北京时间": "2026-05-11 23:00", "lon": 113.752, "lat": 30.592, "height": 4.0 }, "geometry": { "type": "Point", "coordinates": [ 113.752, 30.592 ] } },
{ "type": "Feature", "properties": { "pt_id": "  4015", "trajectory_id": 4, "北京时间": "2026-05-11 22:00", "lon": 113.67, "lat": 30.443, "height": 4.0 }, "geometry": { "type": "Point", "coordinates": [ 113.67, 30.443 ] } },
{ "type": "Feature", "properties": { "pt_id": "  4016", "trajectory_id": 4, "北京时间": "2026-05-11 21:00", "lon": 113.604, "lat": 30.3, "height": 4.0 }, "geometry": { "type": "Point", "coordinates": [ 113.604, 30.3 ] } },
{ "type": "Feature", "properties": { "pt_id": "  4017", "trajectory_id": 4, "北京时间": "2026-05-11 20:00", "lon": 113.549, "lat": 30.163, "height": 4.0 }, "geometry": { "type": "Point", "coordinates": [ 113.549, 30.163 ] } },
{ "type": "Feature", "properties": { "pt_id": "  4018", "trajectory_id": 4, "北京时间": "2026-05-11 19:00", "lon": 113.509, "lat": 30.035, "height": 4.0 }, "geometry": { "type": "Point", "coordinates": [ 113.509, 30.035 ] } },
{ "type": "Feature", "properties": { "pt_id": "  4019", "trajectory_id": 4, "北京时间": "2026-05-11 18:00", "lon": 113.486, "lat": 29.915, "height": 6.0 }, "geometry": { "type": "Point", "coordinates": [ 113.486, 29.915 ] } },
{ "type": "Feature", "properties": { "pt_id": "  4020", "trajectory_id": 4, "北京时间": "2026-05-11 17:00", "lon": 113.485, "lat": 29.797, "height": 14.0 }, "geometry": { "type": "Point", "coordinates": [ 113.485, 29.797 ] } },
{ "type": "Feature", "properties": { "pt_id": "  4021", "trajectory_id": 4, "北京时间": "2026-05-11 16:00", "lon": 113.493, "lat": 29.678, "height": 35.0 }, "geometry": { "type": "Point", "coordinates": [ 113.493, 29.678 ] } },
{ "type": "Feature", "properties": { "pt_id": "  4022", "trajectory_id": 4, "北京时间": "2026-05-11 15:00", "lon": 113.494, "lat": 29.548, "height": 84.0 }, "geometry": { "type": "Point", "coordinates": [ 113.494, 29.548 ] } },
{ "type": "Feature", "properties": { "pt_id": "  4023", "trajectory_id": 4, "北京时间": "2026-05-11 14:00", "lon": 113.484, "lat": 29.387, "height": 165.0 }, "geometry": { "type": "Point", "coordinates": [ 113.484, 29.387 ] } },
{ "type": "Feature", "properties": { "pt_id": "  4024", "trajectory_id": 4, "北京时间": "2026-05-11 13:00", "lon": 113.47, "lat": 29.206, "height": 212.0 }, "geometry": { "type": "Point", "coordinates": [ 113.47, 29.206 ] } },
{ "type": "Feature", "properties": { "pt_id": "  4025", "trajectory_id": 4, "北京时间": "2026-05-11 12:00", "lon": 113.465, "lat": 29.017, "height": 257.0 }, "geometry": { "type": "Point", "coordinates": [ 113.465, 29.017 ] } },
{ "type": "Feature", "properties": { "pt_id": "  4026", "trajectory_id": 4, "北京时间": "2026-05-11 11:00", "lon": 113.446, "lat": 28.799, "height": 284.0 }, "geometry": { "type": "Point", "coordinates": [ 113.446, 28.799 ] } },
{ "type": "Feature", "properties": { "pt_id": "  4027", "trajectory_id": 4, "北京时间": "2026-05-11 10:00", "lon": 113.413, "lat": 28.591, "height": 272.0 }, "geometry": { "type": "Point", "coordinates": [ 113.413, 28.591 ] } },
{ "type": "Feature", "properties": { "pt_id": "  4028", "trajectory_id": 4, "北京时间": "2026-05-11 09:00", "lon": 113.39, "lat": 28.406, "height": 290.0 }, "geometry": { "type": "Point", "coordinates": [ 113.39, 28.406 ] } },
{ "type": "Feature", "properties": { "pt_id": "  4029", "trajectory_id": 4, "北京时间": "2026-05-11 08:00", "lon": 113.38, "lat": 28.234, "height": 316.0 }, "geometry": { "type": "Point", "coordinates": [ 113.38, 28.234 ] } },
{ "type": "Feature", "properties": { "pt_id": "  4030", "trajectory_id": 4, "北京时间": "2026-05-11 07:00", "lon": 113.366, "lat": 28.082, "height": 378.0 }, "geometry": { "type": "Point", "coordinates": [ 113.366, 28.082 ] } },
{ "type": "Feature", "properties": { "pt_id": "  4031", "trajectory_id": 4, "北京时间": "2026-05-11 06:00", "lon": 113.337, "lat": 27.956, "height": 452.0 }, "geometry": { "type": "Point", "coordinates": [ 113.337, 27.956 ] } },
{ "type": "Feature", "properties": { "pt_id": "  4032", "trajectory_id": 4, "北京时间": "2026-05-11 05:00", "lon": 113.296, "lat": 27.85, "height": 529.0 }, "geometry": { "type": "Point", "coordinates": [ 113.296, 27.85 ] } },
{ "type": "Feature", "properties": { "pt_id": "  4033", "trajectory_id": 4, "北京时间": "2026-05-11 04:00", "lon": 113.25, "lat": 27.761, "height": 617.0 }, "geometry": { "type": "Point", "coordinates": [ 113.25, 27.761 ] } },
{ "type": "Feature", "properties": { "pt_id": "  4034", "trajectory_id": 4, "北京时间": "2026-05-11 03:00", "lon": 113.201, "lat": 27.679, "height": 686.0 }, "geometry": { "type": "Point", "coordinates": [ 113.201, 27.679 ] } },
{ "type": "Feature", "properties": { "pt_id": "  4035", "trajectory_id": 4, "北京时间": "2026-05-11 02:00", "lon": 113.149, "lat": 27.604, "height": 728.0 }, "geometry": { "type": "Point", "coordinates": [ 113.149, 27.604 ] } },
{ "type": "Feature", "properties": { "pt_id": "  4036", "trajectory_id": 4, "北京时间": "2026-05-11 01:00", "lon": 113.087, "lat": 27.531, "height": 755.0 }, "geometry": { "type": "Point", "coordinates": [ 113.087, 27.531 ] } },
{ "type": "Feature", "properties": { "pt_id": "  4037", "trajectory_id": 4, "北京时间": "2026-05-11 00:00", "lon": 113.005, "lat": 27.461, "height": 781.0 }, "geometry": { "type": "Point", "coordinates": [ 113.005, 27.461 ] } },
{ "type": "Feature", "properties": { "pt_id": "  4038", "trajectory_id": 4, "北京时间": "2026-05-10 23:00", "lon": 112.898, "lat": 27.401, "height": 805.0 }, "geometry": { "type": "Point", "coordinates": [ 112.898, 27.401 ] } },
{ "type": "Feature", "properties": { "pt_id": "  4039", "trajectory_id": 4, "北京时间": "2026-05-10 22:00", "lon": 112.777, "lat": 27.356, "height": 834.0 }, "geometry": { "type": "Point", "coordinates": [ 112.777, 27.356 ] } },
{ "type": "Feature", "properties": { "pt_id": "  4040", "trajectory_id": 4, "北京时间": "2026-05-10 21:00", "lon": 112.658, "lat": 27.323, "height": 869.0 }, "geometry": { "type": "Point", "coordinates": [ 112.658, 27.323 ] } },
{ "type": "Feature", "properties": { "pt_id": "  4041", "trajectory_id": 4, "北京时间": "2026-05-10 20:00", "lon": 112.531, "lat": 27.297, "height": 891.0 }, "geometry": { "type": "Point", "coordinates": [ 112.531, 27.297 ] } },
{ "type": "Feature", "properties": { "pt_id": "  4042", "trajectory_id": 4, "北京时间": "2026-05-10 19:00", "lon": 112.39, "lat": 27.27, "height": 895.0 }, "geometry": { "type": "Point", "coordinates": [ 112.39, 27.27 ] } },
{ "type": "Feature", "properties": { "pt_id": "  4043", "trajectory_id": 4, "北京时间": "2026-05-10 18:00", "lon": 112.238, "lat": 27.242, "height": 897.0 }, "geometry": { "type": "Point", "coordinates": [ 112.238, 27.242 ] } },
{ "type": "Feature", "properties": { "pt_id": "  4044", "trajectory_id": 4, "北京时间": "2026-05-10 17:00", "lon": 112.083, "lat": 27.214, "height": 902.0 }, "geometry": { "type": "Point", "coordinates": [ 112.083, 27.214 ] } },
{ "type": "Feature", "properties": { "pt_id": "  4045", "trajectory_id": 4, "北京时间": "2026-05-10 16:00", "lon": 111.927, "lat": 27.189, "height": 909.0 }, "geometry": { "type": "Point", "coordinates": [ 111.927, 27.189 ] } },
{ "type": "Feature", "properties": { "pt_id": "  4046", "trajectory_id": 4, "北京时间": "2026-05-10 15:00", "lon": 111.765, "lat": 27.171, "height": 934.0 }, "geometry": { "type": "Point", "coordinates": [ 111.765, 27.171 ] } },
{ "type": "Feature", "properties": { "pt_id": "  4047", "trajectory_id": 4, "北京时间": "2026-05-10 14:00", "lon": 111.596, "lat": 27.162, "height": 1000.0 }, "geometry": { "type": "Point", "coordinates": [ 111.596, 27.162 ] } },
{ "type": "Feature", "properties": { "pt_id": "  4048", "trajectory_id": 4, "北京时间": "2026-05-10 13:00", "lon": 111.426, "lat": 27.159, "height": 1069.0 }, "geometry": { "type": "Point", "coordinates": [ 111.426, 27.159 ] } },
{ "type": "Feature", "properties": { "pt_id": "  4049", "trajectory_id": 4, "北京时间": "2026-05-10 12:00", "lon": 111.266, "lat": 27.16, "height": 1110.0 }, "geometry": { "type": "Point", "coordinates": [ 111.266, 27.16 ] } },
{ "type": "Feature", "properties": { "pt_id": "  4050", "trajectory_id": 4, "北京时间": "2026-05-10 11:00", "lon": 111.117, "lat": 27.159, "height": 1144.0 }, "geometry": { "type": "Point", "coordinates": [ 111.117, 27.159 ] } },
{ "type": "Feature", "properties": { "pt_id": "  4051", "trajectory_id": 4, "北京时间": "2026-05-10 10:00", "lon": 110.982, "lat": 27.164, "height": 1192.0 }, "geometry": { "type": "Point", "coordinates": [ 110.982, 27.164 ] } },
{ "type": "Feature", "properties": { "pt_id": "  4052", "trajectory_id": 4, "北京时间": "2026-05-10 09:00", "lon": 110.857, "lat": 27.192, "height": 1245.0 }, "geometry": { "type": "Point", "coordinates": [ 110.857, 27.192 ] } },
{ "type": "Feature", "properties": { "pt_id": "  4053", "trajectory_id": 4, "北京时间": "2026-05-10 08:00", "lon": 110.728, "lat": 27.251, "height": 1290.0 }, "geometry": { "type": "Point", "coordinates": [ 110.728, 27.251 ] } },
{ "type": "Feature", "properties": { "pt_id": "  4054", "trajectory_id": 4, "北京时间": "2026-05-10 07:00", "lon": 110.584, "lat": 27.326, "height": 1327.0 }, "geometry": { "type": "Point", "coordinates": [ 110.584, 27.326 ] } },
{ "type": "Feature", "properties": { "pt_id": "  4055", "trajectory_id": 4, "北京时间": "2026-05-10 06:00", "lon": 110.432, "lat": 27.398, "height": 1375.0 }, "geometry": { "type": "Point", "coordinates": [ 110.432, 27.398 ] } },
{ "type": "Feature", "properties": { "pt_id": "  4056", "trajectory_id": 4, "北京时间": "2026-05-10 05:00", "lon": 110.3, "lat": 27.464, "height": 1425.0 }, "geometry": { "type": "Point", "coordinates": [ 110.3, 27.464 ] } },
{ "type": "Feature", "properties": { "pt_id": "  4057", "trajectory_id": 4, "北京时间": "2026-05-10 04:00", "lon": 110.183, "lat": 27.528, "height": 1493.0 }, "geometry": { "type": "Point", "coordinates": [ 110.183, 27.528 ] } },
{ "type": "Feature", "properties": { "pt_id": "  4058", "trajectory_id": 4, "北京时间": "2026-05-10 03:00", "lon": 110.064, "lat": 27.593, "height": 1576.0 }, "geometry": { "type": "Point", "coordinates": [ 110.064, 27.593 ] } },
{ "type": "Feature", "properties": { "pt_id": "  4059", "trajectory_id": 4, "北京时间": "2026-05-10 02:00", "lon": 109.94, "lat": 27.656, "height": 1647.0 }, "geometry": { "type": "Point", "coordinates": [ 109.94, 27.656 ] } },
{ "type": "Feature", "properties": { "pt_id": "  4060", "trajectory_id": 4, "北京时间": "2026-05-10 01:00", "lon": 109.818, "lat": 27.724, "height": 1723.0 }, "geometry": { "type": "Point", "coordinates": [ 109.818, 27.724 ] } },
{ "type": "Feature", "properties": { "pt_id": "  5000", "trajectory_id": 5, "北京时间": "2026-05-12 01:00", "lon": 113.942, "lat": 30.907, "height": 10.0 }, "geometry": { "type": "Point", "coordinates": [ 113.942, 30.907 ] } },
{ "type": "Feature", "properties": { "pt_id": "  5017", "trajectory_id": 5, "北京时间": "2026-05-12 00:00", "lon": 113.906, "lat": 30.779, "height": 5.0 }, "geometry": { "type": "Point", "coordinates": [ 113.906, 30.779 ] } },
{ "type": "Feature", "properties": { "pt_id": "  5018", "trajectory_id": 5, "北京时间": "2026-05-11 23:00", "lon": 113.888, "lat": 30.666, "height": 5.0 }, "geometry": { "type": "Point", "coordinates": [ 113.888, 30.666 ] } },
{ "type": "Feature", "properties": { "pt_id": "  5019", "trajectory_id": 5, "北京时间": "2026-05-11 22:00", "lon": 113.885, "lat": 30.563, "height": 5.0 }, "geometry": { "type": "Point", "coordinates": [ 113.885, 30.563 ] } },
{ "type": "Feature", "properties": { "pt_id": "  5020", "trajectory_id": 5, "北京时间": "2026-05-11 21:00", "lon": 113.896, "lat": 30.471, "height": 5.0 }, "geometry": { "type": "Point", "coordinates": [ 113.896, 30.471 ] } },
{ "type": "Feature", "properties": { "pt_id": "  5021", "trajectory_id": 5, "北京时间": "2026-05-11 20:00", "lon": 113.906, "lat": 30.382, "height": 5.0 }, "geometry": { "type": "Point", "coordinates": [ 113.906, 30.382 ] } },
{ "type": "Feature", "properties": { "pt_id": "  5022", "trajectory_id": 5, "北京时间": "2026-05-11 19:00", "lon": 113.899, "lat": 30.292, "height": 7.0 }, "geometry": { "type": "Point", "coordinates": [ 113.899, 30.292 ] } },
{ "type": "Feature", "properties": { "pt_id": "  5023", "trajectory_id": 5, "北京时间": "2026-05-11 18:00", "lon": 113.874, "lat": 30.203, "height": 9.0 }, "geometry": { "type": "Point", "coordinates": [ 113.874, 30.203 ] } },
{ "type": "Feature", "properties": { "pt_id": "  5024", "trajectory_id": 5, "北京时间": "2026-05-11 17:00", "lon": 113.831, "lat": 30.114, "height": 13.0 }, "geometry": { "type": "Point", "coordinates": [ 113.831, 30.114 ] } },
{ "type": "Feature", "properties": { "pt_id": "  5025", "trajectory_id": 5, "北京时间": "2026-05-11 16:00", "lon": 113.773, "lat": 30.02, "height": 17.0 }, "geometry": { "type": "Point", "coordinates": [ 113.773, 30.02 ] } },
{ "type": "Feature", "properties": { "pt_id": "  5026", "trajectory_id": 5, "北京时间": "2026-05-11 15:00", "lon": 113.714, "lat": 29.92, "height": 19.0 }, "geometry": { "type": "Point", "coordinates": [ 113.714, 29.92 ] } },
{ "type": "Feature", "properties": { "pt_id": "  5027", "trajectory_id": 5, "北京时间": "2026-05-11 14:00", "lon": 113.663, "lat": 29.817, "height": 25.0 }, "geometry": { "type": "Point", "coordinates": [ 113.663, 29.817 ] } },
{ "type": "Feature", "properties": { "pt_id": "  5028", "trajectory_id": 5, "北京时间": "2026-05-11 13:00", "lon": 113.601, "lat": 29.706, "height": 39.0 }, "geometry": { "type": "Point", "coordinates": [ 113.601, 29.706 ] } },
{ "type": "Feature", "properties": { "pt_id": "  5029", "trajectory_id": 5, "北京时间": "2026-05-11 12:00", "lon": 113.522, "lat": 29.571, "height": 88.0 }, "geometry": { "type": "Point", "coordinates": [ 113.522, 29.571 ] } },
{ "type": "Feature", "properties": { "pt_id": "  5030", "trajectory_id": 5, "北京时间": "2026-05-11 11:00", "lon": 113.439, "lat": 29.412, "height": 155.0 }, "geometry": { "type": "Point", "coordinates": [ 113.439, 29.412 ] } },
{ "type": "Feature", "properties": { "pt_id": "  5031", "trajectory_id": 5, "北京时间": "2026-05-11 10:00", "lon": 113.37, "lat": 29.258, "height": 175.0 }, "geometry": { "type": "Point", "coordinates": [ 113.37, 29.258 ] } },
{ "type": "Feature", "properties": { "pt_id": "  5032", "trajectory_id": 5, "北京时间": "2026-05-11 09:00", "lon": 113.31, "lat": 29.128, "height": 171.0 }, "geometry": { "type": "Point", "coordinates": [ 113.31, 29.128 ] } },
{ "type": "Feature", "properties": { "pt_id": "  5033", "trajectory_id": 5, "北京时间": "2026-05-11 08:00", "lon": 113.256, "lat": 29.002, "height": 203.0 }, "geometry": { "type": "Point", "coordinates": [ 113.256, 29.002 ] } },
{ "type": "Feature", "properties": { "pt_id": "  5034", "trajectory_id": 5, "北京时间": "2026-05-11 07:00", "lon": 113.215, "lat": 28.873, "height": 260.0 }, "geometry": { "type": "Point", "coordinates": [ 113.215, 28.873 ] } },
{ "type": "Feature", "properties": { "pt_id": "  5035", "trajectory_id": 5, "北京时间": "2026-05-11 06:00", "lon": 113.184, "lat": 28.745, "height": 323.0 }, "geometry": { "type": "Point", "coordinates": [ 113.184, 28.745 ] } },
{ "type": "Feature", "properties": { "pt_id": "  5036", "trajectory_id": 5, "北京时间": "2026-05-11 05:00", "lon": 113.158, "lat": 28.617, "height": 374.0 }, "geometry": { "type": "Point", "coordinates": [ 113.158, 28.617 ] } },
{ "type": "Feature", "properties": { "pt_id": "  5037", "trajectory_id": 5, "北京时间": "2026-05-11 04:00", "lon": 113.133, "lat": 28.483, "height": 408.0 }, "geometry": { "type": "Point", "coordinates": [ 113.133, 28.483 ] } },
{ "type": "Feature", "properties": { "pt_id": "  5038", "trajectory_id": 5, "北京时间": "2026-05-11 03:00", "lon": 113.114, "lat": 28.341, "height": 437.0 }, "geometry": { "type": "Point", "coordinates": [ 113.114, 28.341 ] } },
{ "type": "Feature", "properties": { "pt_id": "  5039", "trajectory_id": 5, "北京时间": "2026-05-11 02:00", "lon": 113.099, "lat": 28.188, "height": 450.0 }, "geometry": { "type": "Point", "coordinates": [ 113.099, 28.188 ] } },
{ "type": "Feature", "properties": { "pt_id": "  5040", "trajectory_id": 5, "北京时间": "2026-05-11 01:00", "lon": 113.073, "lat": 28.029, "height": 468.0 }, "geometry": { "type": "Point", "coordinates": [ 113.073, 28.029 ] } },
{ "type": "Feature", "properties": { "pt_id": "  5041", "trajectory_id": 5, "北京时间": "2026-05-11 00:00", "lon": 113.028, "lat": 27.867, "height": 489.0 }, "geometry": { "type": "Point", "coordinates": [ 113.028, 27.867 ] } },
{ "type": "Feature", "properties": { "pt_id": "  5042", "trajectory_id": 5, "北京时间": "2026-05-10 23:00", "lon": 112.973, "lat": 27.716, "height": 496.0 }, "geometry": { "type": "Point", "coordinates": [ 112.973, 27.716 ] } },
{ "type": "Feature", "properties": { "pt_id": "  5043", "trajectory_id": 5, "北京时间": "2026-05-10 22:00", "lon": 112.917, "lat": 27.587, "height": 509.0 }, "geometry": { "type": "Point", "coordinates": [ 112.917, 27.587 ] } },
{ "type": "Feature", "properties": { "pt_id": "  5044", "trajectory_id": 5, "北京时间": "2026-05-10 21:00", "lon": 112.863, "lat": 27.478, "height": 528.0 }, "geometry": { "type": "Point", "coordinates": [ 112.863, 27.478 ] } },
{ "type": "Feature", "properties": { "pt_id": "  5045", "trajectory_id": 5, "北京时间": "2026-05-10 20:00", "lon": 112.802, "lat": 27.387, "height": 552.0 }, "geometry": { "type": "Point", "coordinates": [ 112.802, 27.387 ] } },
{ "type": "Feature", "properties": { "pt_id": "  5046", "trajectory_id": 5, "北京时间": "2026-05-10 19:00", "lon": 112.732, "lat": 27.32, "height": 574.0 }, "geometry": { "type": "Point", "coordinates": [ 112.732, 27.32 ] } },
{ "type": "Feature", "properties": { "pt_id": "  5047", "trajectory_id": 5, "北京时间": "2026-05-10 18:00", "lon": 112.654, "lat": 27.263, "height": 588.0 }, "geometry": { "type": "Point", "coordinates": [ 112.654, 27.263 ] } },
{ "type": "Feature", "properties": { "pt_id": "  5048", "trajectory_id": 5, "北京时间": "2026-05-10 17:00", "lon": 112.574, "lat": 27.204, "height": 602.0 }, "geometry": { "type": "Point", "coordinates": [ 112.574, 27.204 ] } },
{ "type": "Feature", "properties": { "pt_id": "  5049", "trajectory_id": 5, "北京时间": "2026-05-10 16:00", "lon": 112.498, "lat": 27.139, "height": 617.0 }, "geometry": { "type": "Point", "coordinates": [ 112.498, 27.139 ] } },
{ "type": "Feature", "properties": { "pt_id": "  5050", "trajectory_id": 5, "北京时间": "2026-05-10 15:00", "lon": 112.431, "lat": 27.074, "height": 630.0 }, "geometry": { "type": "Point", "coordinates": [ 112.431, 27.074 ] } },
{ "type": "Feature", "properties": { "pt_id": "  5051", "trajectory_id": 5, "北京时间": "2026-05-10 14:00", "lon": 112.369, "lat": 27.023, "height": 638.0 }, "geometry": { "type": "Point", "coordinates": [ 112.369, 27.023 ] } },
{ "type": "Feature", "properties": { "pt_id": "  5052", "trajectory_id": 5, "北京时间": "2026-05-10 13:00", "lon": 112.307, "lat": 26.992, "height": 640.0 }, "geometry": { "type": "Point", "coordinates": [ 112.307, 26.992 ] } },
{ "type": "Feature", "properties": { "pt_id": "  5053", "trajectory_id": 5, "北京时间": "2026-05-10 12:00", "lon": 112.238, "lat": 26.975, "height": 650.0 }, "geometry": { "type": "Point", "coordinates": [ 112.238, 26.975 ] } },
{ "type": "Feature", "properties": { "pt_id": "  5054", "trajectory_id": 5, "北京时间": "2026-05-10 11:00", "lon": 112.165, "lat": 26.973, "height": 686.0 }, "geometry": { "type": "Point", "coordinates": [ 112.165, 26.973 ] } },
{ "type": "Feature", "properties": { "pt_id": "  5055", "trajectory_id": 5, "北京时间": "2026-05-10 10:00", "lon": 112.092, "lat": 26.995, "height": 766.0 }, "geometry": { "type": "Point", "coordinates": [ 112.092, 26.995 ] } },
{ "type": "Feature", "properties": { "pt_id": "  5056", "trajectory_id": 5, "北京时间": "2026-05-10 09:00", "lon": 112.024, "lat": 27.039, "height": 900.0 }, "geometry": { "type": "Point", "coordinates": [ 112.024, 27.039 ] } },
{ "type": "Feature", "properties": { "pt_id": "  5057", "trajectory_id": 5, "北京时间": "2026-05-10 08:00", "lon": 111.953, "lat": 27.084, "height": 1042.0 }, "geometry": { "type": "Point", "coordinates": [ 111.953, 27.084 ] } },
{ "type": "Feature", "properties": { "pt_id": "  5058", "trajectory_id": 5, "北京时间": "2026-05-10 07:00", "lon": 111.878, "lat": 27.119, "height": 1138.0 }, "geometry": { "type": "Point", "coordinates": [ 111.878, 27.119 ] } },
{ "type": "Feature", "properties": { "pt_id": "  5059", "trajectory_id": 5, "北京时间": "2026-05-10 06:00", "lon": 111.803, "lat": 27.147, "height": 1186.0 }, "geometry": { "type": "Point", "coordinates": [ 111.803, 27.147 ] } },
{ "type": "Feature", "properties": { "pt_id": "  5060", "trajectory_id": 5, "北京时间": "2026-05-10 05:00", "lon": 111.732, "lat": 27.173, "height": 1214.0 }, "geometry": { "type": "Point", "coordinates": [ 111.732, 27.173 ] } },
{ "type": "Feature", "properties": { "pt_id": "  5061", "trajectory_id": 5, "北京时间": "2026-05-10 04:00", "lon": 111.668, "lat": 27.201, "height": 1246.0 }, "geometry": { "type": "Point", "coordinates": [ 111.668, 27.201 ] } },
{ "type": "Feature", "properties": { "pt_id": "  5062", "trajectory_id": 5, "北京时间": "2026-05-10 03:00", "lon": 111.61, "lat": 27.231, "height": 1288.0 }, "geometry": { "type": "Point", "coordinates": [ 111.61, 27.231 ] } },
{ "type": "Feature", "properties": { "pt_id": "  5063", "trajectory_id": 5, "北京时间": "2026-05-10 02:00", "lon": 111.559, "lat": 27.265, "height": 1344.0 }, "geometry": { "type": "Point", "coordinates": [ 111.559, 27.265 ] } },
{ "type": "Feature", "properties": { "pt_id": "  5064", "trajectory_id": 5, "北京时间": "2026-05-10 01:00", "lon": 111.507, "lat": 27.301, "height": 1403.0 }, "geometry": { "type": "Point", "coordinates": [ 111.507, 27.301 ] } },
{ "type": "Feature", "properties": { "pt_id": "  6000", "trajectory_id": 6, "北京时间": "2026-05-12 01:00", "lon": 113.942, "lat": 30.907, "height": 10.0 }, "geometry": { "type": "Point", "coordinates": [ 113.942, 30.907 ] } },
{ "type": "Feature", "properties": { "pt_id": "  6021", "trajectory_id": 6, "北京时间": "2026-05-12 00:00", "lon": 113.941, "lat": 30.815, "height": 10.0 }, "geometry": { "type": "Point", "coordinates": [ 113.941, 30.815 ] } },
{ "type": "Feature", "properties": { "pt_id": "  6022", "trajectory_id": 6, "北京时间": "2026-05-11 23:00", "lon": 113.923, "lat": 30.716, "height": 10.0 }, "geometry": { "type": "Point", "coordinates": [ 113.923, 30.716 ] } },
{ "type": "Feature", "properties": { "pt_id": "  6023", "trajectory_id": 6, "北京时间": "2026-05-11 22:00", "lon": 113.888, "lat": 30.614, "height": 10.0 }, "geometry": { "type": "Point", "coordinates": [ 113.888, 30.614 ] } },
{ "type": "Feature", "properties": { "pt_id": "  6024", "trajectory_id": 6, "北京时间": "2026-05-11 21:00", "lon": 113.843, "lat": 30.508, "height": 10.0 }, "geometry": { "type": "Point", "coordinates": [ 113.843, 30.508 ] } },
{ "type": "Feature", "properties": { "pt_id": "  6025", "trajectory_id": 6, "北京时间": "2026-05-11 20:00", "lon": 113.795, "lat": 30.404, "height": 9.0 }, "geometry": { "type": "Point", "coordinates": [ 113.795, 30.404 ] } },
{ "type": "Feature", "properties": { "pt_id": "  6026", "trajectory_id": 6, "北京时间": "2026-05-11 19:00", "lon": 113.736, "lat": 30.299, "height": 8.0 }, "geometry": { "type": "Point", "coordinates": [ 113.736, 30.299 ] } },
{ "type": "Feature", "properties": { "pt_id": "  6027", "trajectory_id": 6, "北京时间": "2026-05-11 18:00", "lon": 113.67, "lat": 30.191, "height": 8.0 }, "geometry": { "type": "Point", "coordinates": [ 113.67, 30.191 ] } },
{ "type": "Feature", "properties": { "pt_id": "  6028", "trajectory_id": 6, "北京时间": "2026-05-11 17:00", "lon": 113.6, "lat": 30.085, "height": 8.0 }, "geometry": { "type": "Point", "coordinates": [ 113.6, 30.085 ] } },
{ "type": "Feature", "properties": { "pt_id": "  6029", "trajectory_id": 6, "北京时间": "2026-05-11 16:00", "lon": 113.524, "lat": 29.98, "height": 8.0 }, "geometry": { "type": "Point", "coordinates": [ 113.524, 29.98 ] } },
{ "type": "Feature", "properties": { "pt_id": "  6030", "trajectory_id": 6, "北京时间": "2026-05-11 15:00", "lon": 113.451, "lat": 29.868, "height": 15.0 }, "geometry": { "type": "Point", "coordinates": [ 113.451, 29.868 ] } },
{ "type": "Feature", "properties": { "pt_id": "  6031", "trajectory_id": 6, "北京时间": "2026-05-11 14:00", "lon": 113.377, "lat": 29.738, "height": 30.0 }, "geometry": { "type": "Point", "coordinates": [ 113.377, 29.738 ] } },
{ "type": "Feature", "properties": { "pt_id": "  6032", "trajectory_id": 6, "北京时间": "2026-05-11 13:00", "lon": 113.304, "lat": 29.598, "height": 45.0 }, "geometry": { "type": "Point", "coordinates": [ 113.304, 29.598 ] } },
{ "type": "Feature", "properties": { "pt_id": "  6033", "trajectory_id": 6, "北京时间": "2026-05-11 12:00", "lon": 113.239, "lat": 29.459, "height": 52.0 }, "geometry": { "type": "Point", "coordinates": [ 113.239, 29.459 ] } },
{ "type": "Feature", "properties": { "pt_id": "  6034", "trajectory_id": 6, "北京时间": "2026-05-11 11:00", "lon": 113.181, "lat": 29.318, "height": 53.0 }, "geometry": { "type": "Point", "coordinates": [ 113.181, 29.318 ] } },
{ "type": "Feature", "properties": { "pt_id": "  6035", "trajectory_id": 6, "北京时间": "2026-05-11 10:00", "lon": 113.128, "lat": 29.177, "height": 48.0 }, "geometry": { "type": "Point", "coordinates": [ 113.128, 29.177 ] } },
{ "type": "Feature", "properties": { "pt_id": "  6036", "trajectory_id": 6, "北京时间": "2026-05-11 09:00", "lon": 113.086, "lat": 29.039, "height": 45.0 }, "geometry": { "type": "Point", "coordinates": [ 113.086, 29.039 ] } },
{ "type": "Feature", "properties": { "pt_id": "  6037", "trajectory_id": 6, "北京时间": "2026-05-11 08:00", "lon": 113.058, "lat": 28.904, "height": 51.0 }, "geometry": { "type": "Point", "coordinates": [ 113.058, 28.904 ] } },
{ "type": "Feature", "properties": { "pt_id": "  6038", "trajectory_id": 6, "北京时间": "2026-05-11 07:00", "lon": 113.038, "lat": 28.771, "height": 71.0 }, "geometry": { "type": "Point", "coordinates": [ 113.038, 28.771 ] } },
{ "type": "Feature", "properties": { "pt_id": "  6039", "trajectory_id": 6, "北京时间": "2026-05-11 06:00", "lon": 113.036, "lat": 28.641, "height": 93.0 }, "geometry": { "type": "Point", "coordinates": [ 113.036, 28.641 ] } },
{ "type": "Feature", "properties": { "pt_id": "  6040", "trajectory_id": 6, "北京时间": "2026-05-11 05:00", "lon": 113.055, "lat": 28.514, "height": 110.0 }, "geometry": { "type": "Point", "coordinates": [ 113.055, 28.514 ] } },
{ "type": "Feature", "properties": { "pt_id": "  6041", "trajectory_id": 6, "北京时间": "2026-05-11 04:00", "lon": 113.08, "lat": 28.383, "height": 128.0 }, "geometry": { "type": "Point", "coordinates": [ 113.08, 28.383 ] } },
{ "type": "Feature", "properties": { "pt_id": "  6042", "trajectory_id": 6, "北京时间": "2026-05-11 03:00", "lon": 113.11, "lat": 28.237, "height": 136.0 }, "geometry": { "type": "Point", "coordinates": [ 113.11, 28.237 ] } },
{ "type": "Feature", "properties": { "pt_id": "  6043", "trajectory_id": 6, "北京时间": "2026-05-11 02:00", "lon": 113.141, "lat": 28.085, "height": 141.0 }, "geometry": { "type": "Point", "coordinates": [ 113.141, 28.085 ] } },
{ "type": "Feature", "properties": { "pt_id": "  6044", "trajectory_id": 6, "北京时间": "2026-05-11 01:00", "lon": 113.176, "lat": 27.935, "height": 155.0 }, "geometry": { "type": "Point", "coordinates": [ 113.176, 27.935 ] } },
{ "type": "Feature", "properties": { "pt_id": "  6045", "trajectory_id": 6, "北京时间": "2026-05-11 00:00", "lon": 113.21, "lat": 27.806, "height": 168.0 }, "geometry": { "type": "Point", "coordinates": [ 113.21, 27.806 ] } },
{ "type": "Feature", "properties": { "pt_id": "  6046", "trajectory_id": 6, "北京时间": "2026-05-10 23:00", "lon": 113.232, "lat": 27.704, "height": 176.0 }, "geometry": { "type": "Point", "coordinates": [ 113.232, 27.704 ] } },
{ "type": "Feature", "properties": { "pt_id": "  6047", "trajectory_id": 6, "北京时间": "2026-05-10 22:00", "lon": 113.234, "lat": 27.617, "height": 190.0 }, "geometry": { "type": "Point", "coordinates": [ 113.234, 27.617 ] } },
{ "type": "Feature", "properties": { "pt_id": "  6048", "trajectory_id": 6, "北京时间": "2026-05-10 21:00", "lon": 113.226, "lat": 27.533, "height": 219.0 }, "geometry": { "type": "Point", "coordinates": [ 113.226, 27.533 ] } },
{ "type": "Feature", "properties": { "pt_id": "  6049", "trajectory_id": 6, "北京时间": "2026-05-10 20:00", "lon": 113.214, "lat": 27.449, "height": 262.0 }, "geometry": { "type": "Point", "coordinates": [ 113.214, 27.449 ] } },
{ "type": "Feature", "properties": { "pt_id": "  6050", "trajectory_id": 6, "北京时间": "2026-05-10 19:00", "lon": 113.2, "lat": 27.359, "height": 296.0 }, "geometry": { "type": "Point", "coordinates": [ 113.2, 27.359 ] } },
{ "type": "Feature", "properties": { "pt_id": "  6051", "trajectory_id": 6, "北京时间": "2026-05-10 18:00", "lon": 113.187, "lat": 27.263, "height": 312.0 }, "geometry": { "type": "Point", "coordinates": [ 113.187, 27.263 ] } },
{ "type": "Feature", "properties": { "pt_id": "  6052", "trajectory_id": 6, "北京时间": "2026-05-10 17:00", "lon": 113.174, "lat": 27.168, "height": 317.0 }, "geometry": { "type": "Point", "coordinates": [ 113.174, 27.168 ] } },
{ "type": "Feature", "properties": { "pt_id": "  6053", "trajectory_id": 6, "北京时间": "2026-05-10 16:00", "lon": 113.164, "lat": 27.082, "height": 322.0 }, "geometry": { "type": "Point", "coordinates": [ 113.164, 27.082 ] } },
{ "type": "Feature", "properties": { "pt_id": "  6054", "trajectory_id": 6, "北京时间": "2026-05-10 15:00", "lon": 113.154, "lat": 27.01, "height": 318.0 }, "geometry": { "type": "Point", "coordinates": [ 113.154, 27.01 ] } },
{ "type": "Feature", "properties": { "pt_id": "  6055", "trajectory_id": 6, "北京时间": "2026-05-10 14:00", "lon": 113.137, "lat": 26.95, "height": 308.0 }, "geometry": { "type": "Point", "coordinates": [ 113.137, 26.95 ] } },
{ "type": "Feature", "properties": { "pt_id": "  6056", "trajectory_id": 6, "北京时间": "2026-05-10 13:00", "lon": 113.112, "lat": 26.9, "height": 306.0 }, "geometry": { "type": "Point", "coordinates": [ 113.112, 26.9 ] } },
{ "type": "Feature", "properties": { "pt_id": "  6057", "trajectory_id": 6, "北京时间": "2026-05-10 12:00", "lon": 113.085, "lat": 26.86, "height": 316.0 }, "geometry": { "type": "Point", "coordinates": [ 113.085, 26.86 ] } },
{ "type": "Feature", "properties": { "pt_id": "  6058", "trajectory_id": 6, "北京时间": "2026-05-10 11:00", "lon": 113.065, "lat": 26.83, "height": 333.0 }, "geometry": { "type": "Point", "coordinates": [ 113.065, 26.83 ] } },
{ "type": "Feature", "properties": { "pt_id": "  6059", "trajectory_id": 6, "北京时间": "2026-05-10 10:00", "lon": 113.05, "lat": 26.808, "height": 353.0 }, "geometry": { "type": "Point", "coordinates": [ 113.05, 26.808 ] } },
{ "type": "Feature", "properties": { "pt_id": "  6060", "trajectory_id": 6, "北京时间": "2026-05-10 09:00", "lon": 113.038, "lat": 26.795, "height": 371.0 }, "geometry": { "type": "Point", "coordinates": [ 113.038, 26.795 ] } },
{ "type": "Feature", "properties": { "pt_id": "  6061", "trajectory_id": 6, "北京时间": "2026-05-10 08:00", "lon": 113.023, "lat": 26.79, "height": 382.0 }, "geometry": { "type": "Point", "coordinates": [ 113.023, 26.79 ] } },
{ "type": "Feature", "properties": { "pt_id": "  6062", "trajectory_id": 6, "北京时间": "2026-05-10 07:00", "lon": 113.004, "lat": 26.795, "height": 384.0 }, "geometry": { "type": "Point", "coordinates": [ 113.004, 26.795 ] } },
{ "type": "Feature", "properties": { "pt_id": "  6063", "trajectory_id": 6, "北京时间": "2026-05-10 06:00", "lon": 112.989, "lat": 26.81, "height": 385.0 }, "geometry": { "type": "Point", "coordinates": [ 112.989, 26.81 ] } },
{ "type": "Feature", "properties": { "pt_id": "  6064", "trajectory_id": 6, "北京时间": "2026-05-10 05:00", "lon": 112.99, "lat": 26.838, "height": 386.0 }, "geometry": { "type": "Point", "coordinates": [ 112.99, 26.838 ] } },
{ "type": "Feature", "properties": { "pt_id": "  6065", "trajectory_id": 6, "北京时间": "2026-05-10 04:00", "lon": 113.008, "lat": 26.88, "height": 386.0 }, "geometry": { "type": "Point", "coordinates": [ 113.008, 26.88 ] } },
{ "type": "Feature", "properties": { "pt_id": "  6066", "trajectory_id": 6, "北京时间": "2026-05-10 03:00", "lon": 113.035, "lat": 26.934, "height": 389.0 }, "geometry": { "type": "Point", "coordinates": [ 113.035, 26.934 ] } },
{ "type": "Feature", "properties": { "pt_id": "  6067", "trajectory_id": 6, "北京时间": "2026-05-10 02:00", "lon": 113.062, "lat": 26.999, "height": 397.0 }, "geometry": { "type": "Point", "coordinates": [ 113.062, 26.999 ] } },
{ "type": "Feature", "properties": { "pt_id": "  6068", "trajectory_id": 6, "北京时间": "2026-05-10 01:00", "lon": 113.087, "lat": 27.073, "height": 407.0 }, "geometry": { "type": "Point", "coordinates": [ 113.087, 27.073 ] } },
{ "type": "Feature", "properties": { "pt_id": "  7000", "trajectory_id": 7, "北京时间": "2026-05-12 01:00", "lon": 113.942, "lat": 30.907, "height": 10.0 }, "geometry": { "type": "Point", "coordinates": [ 113.942, 30.907 ] } },
{ "type": "Feature", "properties": { "pt_id": "  7025", "trajectory_id": 7, "北京时间": "2026-05-12 00:00", "lon": 113.902, "lat": 30.802, "height": 9.0 }, "geometry": { "type": "Point", "coordinates": [ 113.902, 30.802 ] } },
{ "type": "Feature", "properties": { "pt_id": "  7026", "trajectory_id": 7, "北京时间": "2026-05-11 23:00", "lon": 113.856, "lat": 30.696, "height": 8.0 }, "geometry": { "type": "Point", "coordinates": [ 113.856, 30.696 ] } },
{ "type": "Feature", "properties": { "pt_id": "  7027", "trajectory_id": 7, "北京时间": "2026-05-11 22:00", "lon": 113.808, "lat": 30.589, "height": 7.0 }, "geometry": { "type": "Point", "coordinates": [ 113.808, 30.589 ] } },
{ "type": "Feature", "properties": { "pt_id": "  7028", "trajectory_id": 7, "北京时间": "2026-05-11 21:00", "lon": 113.757, "lat": 30.478, "height": 6.0 }, "geometry": { "type": "Point", "coordinates": [ 113.757, 30.478 ] } },
{ "type": "Feature", "properties": { "pt_id": "  7029", "trajectory_id": 7, "北京时间": "2026-05-11 20:00", "lon": 113.696, "lat": 30.365, "height": 5.0 }, "geometry": { "type": "Point", "coordinates": [ 113.696, 30.365 ] } },
{ "type": "Feature", "properties": { "pt_id": "  7030", "trajectory_id": 7, "北京时间": "2026-05-11 19:00", "lon": 113.626, "lat": 30.25, "height": 6.0 }, "geometry": { "type": "Point", "coordinates": [ 113.626, 30.25 ] } },
{ "type": "Feature", "properties": { "pt_id": "  7031", "trajectory_id": 7, "北京时间": "2026-05-11 18:00", "lon": 113.554, "lat": 30.129, "height": 8.0 }, "geometry": { "type": "Point", "coordinates": [ 113.554, 30.129 ] } },
{ "type": "Feature", "properties": { "pt_id": "  7032", "trajectory_id": 7, "北京时间": "2026-05-11 17:00", "lon": 113.487, "lat": 29.997, "height": 9.0 }, "geometry": { "type": "Point", "coordinates": [ 113.487, 29.997 ] } },
{ "type": "Feature", "properties": { "pt_id": "  7033", "trajectory_id": 7, "北京时间": "2026-05-11 16:00", "lon": 113.419, "lat": 29.866, "height": 12.0 }, "geometry": { "type": "Point", "coordinates": [ 113.419, 29.866 ] } },
{ "type": "Feature", "properties": { "pt_id": "  7034", "trajectory_id": 7, "北京时间": "2026-05-11 15:00", "lon": 113.348, "lat": 29.741, "height": 18.0 }, "geometry": { "type": "Point", "coordinates": [ 113.348, 29.741 ] } },
{ "type": "Feature", "properties": { "pt_id": "  7035", "trajectory_id": 7, "北京时间": "2026-05-11 14:00", "lon": 113.282, "lat": 29.613, "height": 21.0 }, "geometry": { "type": "Point", "coordinates": [ 113.282, 29.613 ] } },
{ "type": "Feature", "properties": { "pt_id": "  7036", "trajectory_id": 7, "北京时间": "2026-05-11 13:00", "lon": 113.225, "lat": 29.475, "height": 21.0 }, "geometry": { "type": "Point", "coordinates": [ 113.225, 29.475 ] } },
{ "type": "Feature", "properties": { "pt_id": "  7037", "trajectory_id": 7, "北京时间": "2026-05-11 12:00", "lon": 113.174, "lat": 29.332, "height": 17.0 }, "geometry": { "type": "Point", "coordinates": [ 113.174, 29.332 ] } },
{ "type": "Feature", "properties": { "pt_id": "  7038", "trajectory_id": 7, "北京时间": "2026-05-11 11:00", "lon": 113.132, "lat": 29.194, "height": 11.0 }, "geometry": { "type": "Point", "coordinates": [ 113.132, 29.194 ] } },
{ "type": "Feature", "properties": { "pt_id": "  7039", "trajectory_id": 7, "北京时间": "2026-05-11 10:00", "lon": 113.11, "lat": 29.06, "height": 10.0 }, "geometry": { "type": "Point", "coordinates": [ 113.11, 29.06 ] } },
{ "type": "Feature", "properties": { "pt_id": "  7040", "trajectory_id": 7, "北京时间": "2026-05-11 09:00", "lon": 113.113, "lat": 28.929, "height": 19.0 }, "geometry": { "type": "Point", "coordinates": [ 113.113, 28.929 ] } },
{ "type": "Feature", "properties": { "pt_id": "  7041", "trajectory_id": 7, "北京时间": "2026-05-11 08:00", "lon": 113.142, "lat": 28.797, "height": 43.0 }, "geometry": { "type": "Point", "coordinates": [ 113.142, 28.797 ] } },
{ "type": "Feature", "properties": { "pt_id": "  7042", "trajectory_id": 7, "北京时间": "2026-05-11 07:00", "lon": 113.187, "lat": 28.667, "height": 75.0 }, "geometry": { "type": "Point", "coordinates": [ 113.187, 28.667 ] } },
{ "type": "Feature", "properties": { "pt_id": "  7043", "trajectory_id": 7, "北京时间": "2026-05-11 06:00", "lon": 113.217, "lat": 28.538, "height": 98.0 }, "geometry": { "type": "Point", "coordinates": [ 113.217, 28.538 ] } },
{ "type": "Feature", "properties": { "pt_id": "  7044", "trajectory_id": 7, "北京时间": "2026-05-11 05:00", "lon": 113.232, "lat": 28.412, "height": 106.0 }, "geometry": { "type": "Point", "coordinates": [ 113.232, 28.412 ] } },
{ "type": "Feature", "properties": { "pt_id": "  7045", "trajectory_id": 7, "北京时间": "2026-05-11 04:00", "lon": 113.251, "lat": 28.278, "height": 108.0 }, "geometry": { "type": "Point", "coordinates": [ 113.251, 28.278 ] } },
{ "type": "Feature", "properties": { "pt_id": "  7046", "trajectory_id": 7, "北京时间": "2026-05-11 03:00", "lon": 113.269, "lat": 28.138, "height": 112.0 }, "geometry": { "type": "Point", "coordinates": [ 113.269, 28.138 ] } },
{ "type": "Feature", "properties": { "pt_id": "  7047", "trajectory_id": 7, "北京时间": "2026-05-11 02:00", "lon": 113.281, "lat": 28.002, "height": 128.0 }, "geometry": { "type": "Point", "coordinates": [ 113.281, 28.002 ] } },
{ "type": "Feature", "properties": { "pt_id": "  7048", "trajectory_id": 7, "北京时间": "2026-05-11 01:00", "lon": 113.288, "lat": 27.877, "height": 150.0 }, "geometry": { "type": "Point", "coordinates": [ 113.288, 27.877 ] } },
{ "type": "Feature", "properties": { "pt_id": "  7049", "trajectory_id": 7, "北京时间": "2026-05-11 00:00", "lon": 113.292, "lat": 27.771, "height": 154.0 }, "geometry": { "type": "Point", "coordinates": [ 113.292, 27.771 ] } },
{ "type": "Feature", "properties": { "pt_id": "  7050", "trajectory_id": 7, "北京时间": "2026-05-10 23:00", "lon": 113.293, "lat": 27.679, "height": 148.0 }, "geometry": { "type": "Point", "coordinates": [ 113.293, 27.679 ] } },
{ "type": "Feature", "properties": { "pt_id": "  7051", "trajectory_id": 7, "北京时间": "2026-05-10 22:00", "lon": 113.294, "lat": 27.59, "height": 158.0 }, "geometry": { "type": "Point", "coordinates": [ 113.294, 27.59 ] } },
{ "type": "Feature", "properties": { "pt_id": "  7052", "trajectory_id": 7, "北京时间": "2026-05-10 21:00", "lon": 113.294, "lat": 27.502, "height": 188.0 }, "geometry": { "type": "Point", "coordinates": [ 113.294, 27.502 ] } },
{ "type": "Feature", "properties": { "pt_id": "  7053", "trajectory_id": 7, "北京时间": "2026-05-10 20:00", "lon": 113.289, "lat": 27.413, "height": 218.0 }, "geometry": { "type": "Point", "coordinates": [ 113.289, 27.413 ] } },
{ "type": "Feature", "properties": { "pt_id": "  7054", "trajectory_id": 7, "北京时间": "2026-05-10 19:00", "lon": 113.283, "lat": 27.33, "height": 233.0 }, "geometry": { "type": "Point", "coordinates": [ 113.283, 27.33 ] } },
{ "type": "Feature", "properties": { "pt_id": "  7055", "trajectory_id": 7, "北京时间": "2026-05-10 18:00", "lon": 113.276, "lat": 27.267, "height": 228.0 }, "geometry": { "type": "Point", "coordinates": [ 113.276, 27.267 ] } },
{ "type": "Feature", "properties": { "pt_id": "  7056", "trajectory_id": 7, "北京时间": "2026-05-10 17:00", "lon": 113.27, "lat": 27.224, "height": 202.0 }, "geometry": { "type": "Point", "coordinates": [ 113.27, 27.224 ] } },
{ "type": "Feature", "properties": { "pt_id": "  7057", "trajectory_id": 7, "北京时间": "2026-05-10 16:00", "lon": 113.263, "lat": 27.188, "height": 173.0 }, "geometry": { "type": "Point", "coordinates": [ 113.263, 27.188 ] } },
{ "type": "Feature", "properties": { "pt_id": "  7058", "trajectory_id": 7, "北京时间": "2026-05-10 15:00", "lon": 113.25, "lat": 27.153, "height": 154.0 }, "geometry": { "type": "Point", "coordinates": [ 113.25, 27.153 ] } },
{ "type": "Feature", "properties": { "pt_id": "  7059", "trajectory_id": 7, "北京时间": "2026-05-10 14:00", "lon": 113.235, "lat": 27.123, "height": 147.0 }, "geometry": { "type": "Point", "coordinates": [ 113.235, 27.123 ] } },
{ "type": "Feature", "properties": { "pt_id": "  7060", "trajectory_id": 7, "北京时间": "2026-05-10 13:00", "lon": 113.214, "lat": 27.101, "height": 151.0 }, "geometry": { "type": "Point", "coordinates": [ 113.214, 27.101 ] } },
{ "type": "Feature", "properties": { "pt_id": "  7061", "trajectory_id": 7, "北京时间": "2026-05-10 12:00", "lon": 113.185, "lat": 27.086, "height": 162.0 }, "geometry": { "type": "Point", "coordinates": [ 113.185, 27.086 ] } },
{ "type": "Feature", "properties": { "pt_id": "  7062", "trajectory_id": 7, "北京时间": "2026-05-10 11:00", "lon": 113.149, "lat": 27.079, "height": 179.0 }, "geometry": { "type": "Point", "coordinates": [ 113.149, 27.079 ] } },
{ "type": "Feature", "properties": { "pt_id": "  7063", "trajectory_id": 7, "北京时间": "2026-05-10 10:00", "lon": 113.119, "lat": 27.084, "height": 192.0 }, "geometry": { "type": "Point", "coordinates": [ 113.119, 27.084 ] } },
{ "type": "Feature", "properties": { "pt_id": "  7064", "trajectory_id": 7, "北京时间": "2026-05-10 09:00", "lon": 113.106, "lat": 27.104, "height": 199.0 }, "geometry": { "type": "Point", "coordinates": [ 113.106, 27.104 ] } },
{ "type": "Feature", "properties": { "pt_id": "  7065", "trajectory_id": 7, "北京时间": "2026-05-10 08:00", "lon": 113.107, "lat": 27.14, "height": 202.0 }, "geometry": { "type": "Point", "coordinates": [ 113.107, 27.14 ] } },
{ "type": "Feature", "properties": { "pt_id": "  7066", "trajectory_id": 7, "北京时间": "2026-05-10 07:00", "lon": 113.114, "lat": 27.186, "height": 205.0 }, "geometry": { "type": "Point", "coordinates": [ 113.114, 27.186 ] } },
{ "type": "Feature", "properties": { "pt_id": "  7067", "trajectory_id": 7, "北京时间": "2026-05-10 06:00", "lon": 113.123, "lat": 27.241, "height": 213.0 }, "geometry": { "type": "Point", "coordinates": [ 113.123, 27.241 ] } },
{ "type": "Feature", "properties": { "pt_id": "  7068", "trajectory_id": 7, "北京时间": "2026-05-10 05:00", "lon": 113.134, "lat": 27.302, "height": 228.0 }, "geometry": { "type": "Point", "coordinates": [ 113.134, 27.302 ] } },
{ "type": "Feature", "properties": { "pt_id": "  7069", "trajectory_id": 7, "北京时间": "2026-05-10 04:00", "lon": 113.139, "lat": 27.364, "height": 239.0 }, "geometry": { "type": "Point", "coordinates": [ 113.139, 27.364 ] } },
{ "type": "Feature", "properties": { "pt_id": "  7070", "trajectory_id": 7, "北京时间": "2026-05-10 03:00", "lon": 113.128, "lat": 27.426, "height": 234.0 }, "geometry": { "type": "Point", "coordinates": [ 113.128, 27.426 ] } },
{ "type": "Feature", "properties": { "pt_id": "  7071", "trajectory_id": 7, "北京时间": "2026-05-10 02:00", "lon": 113.104, "lat": 27.486, "height": 216.0 }, "geometry": { "type": "Point", "coordinates": [ 113.104, 27.486 ] } },
{ "type": "Feature", "properties": { "pt_id": "  7072", "trajectory_id": 7, "北京时间": "2026-05-10 01:00", "lon": 113.079, "lat": 27.544, "height": 199.0 }, "geometry": { "type": "Point", "coordinates": [ 113.079, 27.544 ] } },
{ "type": "Feature", "properties": { "pt_id": "  8000", "trajectory_id": 8, "北京时间": "2026-05-12 01:00", "lon": 113.942, "lat": 30.907, "height": 10.0 }, "geometry": { "type": "Point", "coordinates": [ 113.942, 30.907 ] } },
{ "type": "Feature", "properties": { "pt_id": "  8029", "trajectory_id": 8, "北京时间": "2026-05-12 00:00", "lon": 113.893, "lat": 30.783, "height": 8.0 }, "geometry": { "type": "Point", "coordinates": [ 113.893, 30.783 ] } },
{ "type": "Feature", "properties": { "pt_id": "  8030", "trajectory_id": 8, "北京时间": "2026-05-11 23:00", "lon": 113.838, "lat": 30.657, "height": 9.0 }, "geometry": { "type": "Point", "coordinates": [ 113.838, 30.657 ] } },
{ "type": "Feature", "properties": { "pt_id": "  8031", "trajectory_id": 8, "北京时间": "2026-05-11 22:00", "lon": 113.776, "lat": 30.535, "height": 11.0 }, "geometry": { "type": "Point", "coordinates": [ 113.776, 30.535 ] } },
{ "type": "Feature", "properties": { "pt_id": "  8032", "trajectory_id": 8, "北京时间": "2026-05-11 21:00", "lon": 113.708, "lat": 30.413, "height": 13.0 }, "geometry": { "type": "Point", "coordinates": [ 113.708, 30.413 ] } },
{ "type": "Feature", "properties": { "pt_id": "  8033", "trajectory_id": 8, "北京时间": "2026-05-11 20:00", "lon": 113.631, "lat": 30.286, "height": 17.0 }, "geometry": { "type": "Point", "coordinates": [ 113.631, 30.286 ] } },
{ "type": "Feature", "properties": { "pt_id": "  8034", "trajectory_id": 8, "北京时间": "2026-05-11 19:00", "lon": 113.551, "lat": 30.155, "height": 18.0 }, "geometry": { "type": "Point", "coordinates": [ 113.551, 30.155 ] } },
{ "type": "Feature", "properties": { "pt_id": "  8035", "trajectory_id": 8, "北京时间": "2026-05-11 18:00", "lon": 113.471, "lat": 30.03, "height": 18.0 }, "geometry": { "type": "Point", "coordinates": [ 113.471, 30.03 ] } },
{ "type": "Feature", "properties": { "pt_id": "  8036", "trajectory_id": 8, "北京时间": "2026-05-11 17:00", "lon": 113.389, "lat": 29.905, "height": 17.0 }, "geometry": { "type": "Point", "coordinates": [ 113.389, 29.905 ] } },
{ "type": "Feature", "properties": { "pt_id": "  8037", "trajectory_id": 8, "北京时间": "2026-05-11 16:00", "lon": 113.307, "lat": 29.773, "height": 16.0 }, "geometry": { "type": "Point", "coordinates": [ 113.307, 29.773 ] } },
{ "type": "Feature", "properties": { "pt_id": "  8038", "trajectory_id": 8, "北京时间": "2026-05-11 15:00", "lon": 113.232, "lat": 29.629, "height": 15.0 }, "geometry": { "type": "Point", "coordinates": [ 113.232, 29.629 ] } },
{ "type": "Feature", "properties": { "pt_id": "  8039", "trajectory_id": 8, "北京时间": "2026-05-11 14:00", "lon": 113.177, "lat": 29.475, "height": 16.0 }, "geometry": { "type": "Point", "coordinates": [ 113.177, 29.475 ] } },
{ "type": "Feature", "properties": { "pt_id": "  8040", "trajectory_id": 8, "北京时间": "2026-05-11 13:00", "lon": 113.151, "lat": 29.322, "height": 17.0 }, "geometry": { "type": "Point", "coordinates": [ 113.151, 29.322 ] } },
{ "type": "Feature", "properties": { "pt_id": "  8041", "trajectory_id": 8, "北京时间": "2026-05-11 12:00", "lon": 113.16, "lat": 29.173, "height": 18.0 }, "geometry": { "type": "Point", "coordinates": [ 113.16, 29.173 ] } },
{ "type": "Feature", "properties": { "pt_id": "  8042", "trajectory_id": 8, "北京时间": "2026-05-11 11:00", "lon": 113.199, "lat": 29.026, "height": 36.0 }, "geometry": { "type": "Point", "coordinates": [ 113.199, 29.026 ] } },
{ "type": "Feature", "properties": { "pt_id": "  8043", "trajectory_id": 8, "北京时间": "2026-05-11 10:00", "lon": 113.264, "lat": 28.875, "height": 79.0 }, "geometry": { "type": "Point", "coordinates": [ 113.264, 28.875 ] } },
{ "type": "Feature", "properties": { "pt_id": "  8044", "trajectory_id": 8, "北京时间": "2026-05-11 09:00", "lon": 113.326, "lat": 28.724, "height": 125.0 }, "geometry": { "type": "Point", "coordinates": [ 113.326, 28.724 ] } },
{ "type": "Feature", "properties": { "pt_id": "  8045", "trajectory_id": 8, "北京时间": "2026-05-11 08:00", "lon": 113.355, "lat": 28.584, "height": 148.0 }, "geometry": { "type": "Point", "coordinates": [ 113.355, 28.584 ] } },
{ "type": "Feature", "properties": { "pt_id": "  8046", "trajectory_id": 8, "北京时间": "2026-05-11 07:00", "lon": 113.358, "lat": 28.455, "height": 157.0 }, "geometry": { "type": "Point", "coordinates": [ 113.358, 28.455 ] } },
{ "type": "Feature", "properties": { "pt_id": "  8047", "trajectory_id": 8, "北京时间": "2026-05-11 06:00", "lon": 113.355, "lat": 28.328, "height": 156.0 }, "geometry": { "type": "Point", "coordinates": [ 113.355, 28.328 ] } },
{ "type": "Feature", "properties": { "pt_id": "  8048", "trajectory_id": 8, "北京时间": "2026-05-11 05:00", "lon": 113.354, "lat": 28.197, "height": 148.0 }, "geometry": { "type": "Point", "coordinates": [ 113.354, 28.197 ] } },
{ "type": "Feature", "properties": { "pt_id": "  8049", "trajectory_id": 8, "北京时间": "2026-05-11 04:00", "lon": 113.356, "lat": 28.066, "height": 159.0 }, "geometry": { "type": "Point", "coordinates": [ 113.356, 28.066 ] } },
{ "type": "Feature", "properties": { "pt_id": "  8050", "trajectory_id": 8, "北京时间": "2026-05-11 03:00", "lon": 113.362, "lat": 27.937, "height": 192.0 }, "geometry": { "type": "Point", "coordinates": [ 113.362, 27.937 ] } },
{ "type": "Feature", "properties": { "pt_id": "  8051", "trajectory_id": 8, "北京时间": "2026-05-11 02:00", "lon": 113.369, "lat": 27.817, "height": 207.0 }, "geometry": { "type": "Point", "coordinates": [ 113.369, 27.817 ] } },
{ "type": "Feature", "properties": { "pt_id": "  8052", "trajectory_id": 8, "北京时间": "2026-05-11 01:00", "lon": 113.381, "lat": 27.708, "height": 205.0 }, "geometry": { "type": "Point", "coordinates": [ 113.381, 27.708 ] } },
{ "type": "Feature", "properties": { "pt_id": "  8053", "trajectory_id": 8, "北京时间": "2026-05-11 00:00", "lon": 113.389, "lat": 27.603, "height": 205.0 }, "geometry": { "type": "Point", "coordinates": [ 113.389, 27.603 ] } },
{ "type": "Feature", "properties": { "pt_id": "  8054", "trajectory_id": 8, "北京时间": "2026-05-10 23:00", "lon": 113.389, "lat": 27.508, "height": 220.0 }, "geometry": { "type": "Point", "coordinates": [ 113.389, 27.508 ] } },
{ "type": "Feature", "properties": { "pt_id": "  8055", "trajectory_id": 8, "北京时间": "2026-05-10 22:00", "lon": 113.383, "lat": 27.433, "height": 254.0 }, "geometry": { "type": "Point", "coordinates": [ 113.383, 27.433 ] } },
{ "type": "Feature", "properties": { "pt_id": "  8056", "trajectory_id": 8, "北京时间": "2026-05-10 21:00", "lon": 113.375, "lat": 27.38, "height": 291.0 }, "geometry": { "type": "Point", "coordinates": [ 113.375, 27.38 ] } },
{ "type": "Feature", "properties": { "pt_id": "  8057", "trajectory_id": 8, "北京时间": "2026-05-10 20:00", "lon": 113.362, "lat": 27.341, "height": 315.0 }, "geometry": { "type": "Point", "coordinates": [ 113.362, 27.341 ] } },
{ "type": "Feature", "properties": { "pt_id": "  8058", "trajectory_id": 8, "北京时间": "2026-05-10 19:00", "lon": 113.344, "lat": 27.309, "height": 320.0 }, "geometry": { "type": "Point", "coordinates": [ 113.344, 27.309 ] } },
{ "type": "Feature", "properties": { "pt_id": "  8059", "trajectory_id": 8, "北京时间": "2026-05-10 18:00", "lon": 113.32, "lat": 27.28, "height": 315.0 }, "geometry": { "type": "Point", "coordinates": [ 113.32, 27.28 ] } },
{ "type": "Feature", "properties": { "pt_id": "  8060", "trajectory_id": 8, "北京时间": "2026-05-10 17:00", "lon": 113.292, "lat": 27.252, "height": 310.0 }, "geometry": { "type": "Point", "coordinates": [ 113.292, 27.252 ] } },
{ "type": "Feature", "properties": { "pt_id": "  8061", "trajectory_id": 8, "北京时间": "2026-05-10 16:00", "lon": 113.263, "lat": 27.226, "height": 309.0 }, "geometry": { "type": "Point", "coordinates": [ 113.263, 27.226 ] } },
{ "type": "Feature", "properties": { "pt_id": "  8062", "trajectory_id": 8, "北京时间": "2026-05-10 15:00", "lon": 113.233, "lat": 27.206, "height": 313.0 }, "geometry": { "type": "Point", "coordinates": [ 113.233, 27.206 ] } },
{ "type": "Feature", "properties": { "pt_id": "  8063", "trajectory_id": 8, "北京时间": "2026-05-10 14:00", "lon": 113.21, "lat": 27.198, "height": 319.0 }, "geometry": { "type": "Point", "coordinates": [ 113.21, 27.198 ] } },
{ "type": "Feature", "properties": { "pt_id": "  8064", "trajectory_id": 8, "北京时间": "2026-05-10 13:00", "lon": 113.203, "lat": 27.209, "height": 322.0 }, "geometry": { "type": "Point", "coordinates": [ 113.203, 27.209 ] } },
{ "type": "Feature", "properties": { "pt_id": "  8065", "trajectory_id": 8, "北京时间": "2026-05-10 12:00", "lon": 113.211, "lat": 27.236, "height": 323.0 }, "geometry": { "type": "Point", "coordinates": [ 113.211, 27.236 ] } },
{ "type": "Feature", "properties": { "pt_id": "  8066", "trajectory_id": 8, "北京时间": "2026-05-10 11:00", "lon": 113.228, "lat": 27.272, "height": 331.0 }, "geometry": { "type": "Point", "coordinates": [ 113.228, 27.272 ] } },
{ "type": "Feature", "properties": { "pt_id": "  8067", "trajectory_id": 8, "北京时间": "2026-05-10 10:00", "lon": 113.249, "lat": 27.309, "height": 360.0 }, "geometry": { "type": "Point", "coordinates": [ 113.249, 27.309 ] } },
{ "type": "Feature", "properties": { "pt_id": "  8068", "trajectory_id": 8, "北京时间": "2026-05-10 09:00", "lon": 113.274, "lat": 27.347, "height": 408.0 }, "geometry": { "type": "Point", "coordinates": [ 113.274, 27.347 ] } },
{ "type": "Feature", "properties": { "pt_id": "  8069", "trajectory_id": 8, "北京时间": "2026-05-10 08:00", "lon": 113.3, "lat": 27.388, "height": 437.0 }, "geometry": { "type": "Point", "coordinates": [ 113.3, 27.388 ] } },
{ "type": "Feature", "properties": { "pt_id": "  8070", "trajectory_id": 8, "北京时间": "2026-05-10 07:00", "lon": 113.334, "lat": 27.433, "height": 417.0 }, "geometry": { "type": "Point", "coordinates": [ 113.334, 27.433 ] } },
{ "type": "Feature", "properties": { "pt_id": "  8071", "trajectory_id": 8, "北京时间": "2026-05-10 06:00", "lon": 113.377, "lat": 27.486, "height": 353.0 }, "geometry": { "type": "Point", "coordinates": [ 113.377, 27.486 ] } },
{ "type": "Feature", "properties": { "pt_id": "  8072", "trajectory_id": 8, "北京时间": "2026-05-10 05:00", "lon": 113.429, "lat": 27.548, "height": 289.0 }, "geometry": { "type": "Point", "coordinates": [ 113.429, 27.548 ] } },
{ "type": "Feature", "properties": { "pt_id": "  8073", "trajectory_id": 8, "北京时间": "2026-05-10 04:00", "lon": 113.506, "lat": 27.603, "height": 266.0 }, "geometry": { "type": "Point", "coordinates": [ 113.506, 27.603 ] } },
{ "type": "Feature", "properties": { "pt_id": "  8074", "trajectory_id": 8, "北京时间": "2026-05-10 03:00", "lon": 113.619, "lat": 27.644, "height": 278.0 }, "geometry": { "type": "Point", "coordinates": [ 113.619, 27.644 ] } },
{ "type": "Feature", "properties": { "pt_id": "  8075", "trajectory_id": 8, "北京时间": "2026-05-10 02:00", "lon": 113.745, "lat": 27.685, "height": 296.0 }, "geometry": { "type": "Point", "coordinates": [ 113.745, 27.685 ] } },
{ "type": "Feature", "properties": { "pt_id": "  8076", "trajectory_id": 8, "北京时间": "2026-05-10 01:00", "lon": 113.892, "lat": 27.738, "height": 310.0 }, "geometry": { "type": "Point", "coordinates": [ 113.892, 27.738 ] } },
{ "type": "Feature", "properties": { "pt_id": "  9000", "trajectory_id": 9, "北京时间": "2026-05-12 01:00", "lon": 113.942, "lat": 30.907, "height": 10.0 }, "geometry": { "type": "Point", "coordinates": [ 113.942, 30.907 ] } },
{ "type": "Feature", "properties": { "pt_id": "  9033", "trajectory_id": 9, "北京时间": "2026-05-12 00:00", "lon": 113.868, "lat": 30.778, "height": 15.0 }, "geometry": { "type": "Point", "coordinates": [ 113.868, 30.778 ] } },
{ "type": "Feature", "properties": { "pt_id": "  9034", "trajectory_id": 9, "北京时间": "2026-05-11 23:00", "lon": 113.79, "lat": 30.645, "height": 14.0 }, "geometry": { "type": "Point", "coordinates": [ 113.79, 30.645 ] } },
{ "type": "Feature", "properties": { "pt_id": "  9035", "trajectory_id": 9, "北京时间": "2026-05-11 22:00", "lon": 113.708, "lat": 30.517, "height": 6.0 }, "geometry": { "type": "Point", "coordinates": [ 113.708, 30.517 ] } },
{ "type": "Feature", "properties": { "pt_id": "  9036", "trajectory_id": 9, "北京时间": "2026-05-11 21:00", "lon": 113.622, "lat": 30.387, "height": 0.0 }, "geometry": { "type": "Point", "coordinates": [ 113.622, 30.387 ] } },
{ "type": "Feature", "properties": { "pt_id": "  9037", "trajectory_id": 9, "北京时间": "2026-05-11 20:00", "lon": 113.535, "lat": 30.251, "height": 0.0 }, "geometry": { "type": "Point", "coordinates": [ 113.535, 30.251 ] } },
{ "type": "Feature", "properties": { "pt_id": "  9038", "trajectory_id": 9, "北京时间": "2026-05-11 19:00", "lon": 113.44, "lat": 30.109, "height": 0.0 }, "geometry": { "type": "Point", "coordinates": [ 113.44, 30.109 ] } },
{ "type": "Feature", "properties": { "pt_id": "  9039", "trajectory_id": 9, "北京时间": "2026-05-11 18:00", "lon": 113.348, "lat": 29.961, "height": 0.0 }, "geometry": { "type": "Point", "coordinates": [ 113.348, 29.961 ] } },
{ "type": "Feature", "properties": { "pt_id": "  9040", "trajectory_id": 9, "北京时间": "2026-05-11 17:00", "lon": 113.274, "lat": 29.809, "height": 0.0 }, "geometry": { "type": "Point", "coordinates": [ 113.274, 29.809 ] } },
{ "type": "Feature", "properties": { "pt_id": "  9041", "trajectory_id": 9, "北京时间": "2026-05-11 16:00", "lon": 113.219, "lat": 29.655, "height": 1.0 }, "geometry": { "type": "Point", "coordinates": [ 113.219, 29.655 ] } },
{ "type": "Feature", "properties": { "pt_id": "  9042", "trajectory_id": 9, "北京时间": "2026-05-11 15:00", "lon": 113.194, "lat": 29.505, "height": 4.0 }, "geometry": { "type": "Point", "coordinates": [ 113.194, 29.505 ] } },
{ "type": "Feature", "properties": { "pt_id": "  9043", "trajectory_id": 9, "北京时间": "2026-05-11 14:00", "lon": 113.202, "lat": 29.371, "height": 8.0 }, "geometry": { "type": "Point", "coordinates": [ 113.202, 29.371 ] } },
{ "type": "Feature", "properties": { "pt_id": "  9044", "trajectory_id": 9, "北京时间": "2026-05-11 13:00", "lon": 113.239, "lat": 29.259, "height": 10.0 }, "geometry": { "type": "Point", "coordinates": [ 113.239, 29.259 ] } },
{ "type": "Feature", "properties": { "pt_id": "  9045", "trajectory_id": 9, "北京时间": "2026-05-11 12:00", "lon": 113.29, "lat": 29.166, "height": 17.0 }, "geometry": { "type": "Point", "coordinates": [ 113.29, 29.166 ] } },
{ "type": "Feature", "properties": { "pt_id": "  9046", "trajectory_id": 9, "北京时间": "2026-05-11 11:00", "lon": 113.341, "lat": 29.068, "height": 43.0 }, "geometry": { "type": "Point", "coordinates": [ 113.341, 29.068 ] } },
{ "type": "Feature", "properties": { "pt_id": "  9047", "trajectory_id": 9, "北京时间": "2026-05-11 10:00", "lon": 113.387, "lat": 28.951, "height": 88.0 }, "geometry": { "type": "Point", "coordinates": [ 113.387, 28.951 ] } },
{ "type": "Feature", "properties": { "pt_id": "  9048", "trajectory_id": 9, "北京时间": "2026-05-11 09:00", "lon": 113.406, "lat": 28.818, "height": 122.0 }, "geometry": { "type": "Point", "coordinates": [ 113.406, 28.818 ] } },
{ "type": "Feature", "properties": { "pt_id": "  9049", "trajectory_id": 9, "北京时间": "2026-05-11 08:00", "lon": 113.395, "lat": 28.672, "height": 135.0 }, "geometry": { "type": "Point", "coordinates": [ 113.395, 28.672 ] } },
{ "type": "Feature", "properties": { "pt_id": "  9050", "trajectory_id": 9, "北京时间": "2026-05-11 07:00", "lon": 113.363, "lat": 28.518, "height": 140.0 }, "geometry": { "type": "Point", "coordinates": [ 113.363, 28.518 ] } },
{ "type": "Feature", "properties": { "pt_id": "  9051", "trajectory_id": 9, "北京时间": "2026-05-11 06:00", "lon": 113.335, "lat": 28.363, "height": 138.0 }, "geometry": { "type": "Point", "coordinates": [ 113.335, 28.363 ] } },
{ "type": "Feature", "properties": { "pt_id": "  9052", "trajectory_id": 9, "北京时间": "2026-05-11 05:00", "lon": 113.332, "lat": 28.214, "height": 134.0 }, "geometry": { "type": "Point", "coordinates": [ 113.332, 28.214 ] } },
{ "type": "Feature", "properties": { "pt_id": "  9053", "trajectory_id": 9, "北京时间": "2026-05-11 04:00", "lon": 113.343, "lat": 28.074, "height": 144.0 }, "geometry": { "type": "Point", "coordinates": [ 113.343, 28.074 ] } },
{ "type": "Feature", "properties": { "pt_id": "  9054", "trajectory_id": 9, "北京时间": "2026-05-11 03:00", "lon": 113.356, "lat": 27.951, "height": 166.0 }, "geometry": { "type": "Point", "coordinates": [ 113.356, 27.951 ] } },
{ "type": "Feature", "properties": { "pt_id": "  9055", "trajectory_id": 9, "北京时间": "2026-05-11 02:00", "lon": 113.363, "lat": 27.853, "height": 189.0 }, "geometry": { "type": "Point", "coordinates": [ 113.363, 27.853 ] } },
{ "type": "Feature", "properties": { "pt_id": "  9056", "trajectory_id": 9, "北京时间": "2026-05-11 01:00", "lon": 113.364, "lat": 27.78, "height": 206.0 }, "geometry": { "type": "Point", "coordinates": [ 113.364, 27.78 ] } },
{ "type": "Feature", "properties": { "pt_id": "  9057", "trajectory_id": 9, "北京时间": "2026-05-11 00:00", "lon": 113.363, "lat": 27.724, "height": 224.0 }, "geometry": { "type": "Point", "coordinates": [ 113.363, 27.724 ] } },
{ "type": "Feature", "properties": { "pt_id": "  9058", "trajectory_id": 9, "北京时间": "2026-05-10 23:00", "lon": 113.362, "lat": 27.68, "height": 244.0 }, "geometry": { "type": "Point", "coordinates": [ 113.362, 27.68 ] } },
{ "type": "Feature", "properties": { "pt_id": "  9059", "trajectory_id": 9, "北京时间": "2026-05-10 22:00", "lon": 113.359, "lat": 27.648, "height": 261.0 }, "geometry": { "type": "Point", "coordinates": [ 113.359, 27.648 ] } },
{ "type": "Feature", "properties": { "pt_id": "  9060", "trajectory_id": 9, "北京时间": "2026-05-10 21:00", "lon": 113.35, "lat": 27.623, "height": 273.0 }, "geometry": { "type": "Point", "coordinates": [ 113.35, 27.623 ] } },
{ "type": "Feature", "properties": { "pt_id": "  9061", "trajectory_id": 9, "北京时间": "2026-05-10 20:00", "lon": 113.332, "lat": 27.599, "height": 284.0 }, "geometry": { "type": "Point", "coordinates": [ 113.332, 27.599 ] } },
{ "type": "Feature", "properties": { "pt_id": "  9062", "trajectory_id": 9, "北京时间": "2026-05-10 19:00", "lon": 113.307, "lat": 27.575, "height": 296.0 }, "geometry": { "type": "Point", "coordinates": [ 113.307, 27.575 ] } },
{ "type": "Feature", "properties": { "pt_id": "  9063", "trajectory_id": 9, "北京时间": "2026-05-10 18:00", "lon": 113.288, "lat": 27.559, "height": 309.0 }, "geometry": { "type": "Point", "coordinates": [ 113.288, 27.559 ] } },
{ "type": "Feature", "properties": { "pt_id": "  9064", "trajectory_id": 9, "北京时间": "2026-05-10 17:00", "lon": 113.287, "lat": 27.559, "height": 327.0 }, "geometry": { "type": "Point", "coordinates": [ 113.287, 27.559 ] } },
{ "type": "Feature", "properties": { "pt_id": "  9065", "trajectory_id": 9, "北京时间": "2026-05-10 16:00", "lon": 113.306, "lat": 27.575, "height": 359.0 }, "geometry": { "type": "Point", "coordinates": [ 113.306, 27.575 ] } },
{ "type": "Feature", "properties": { "pt_id": "  9066", "trajectory_id": 9, "北京时间": "2026-05-10 15:00", "lon": 113.336, "lat": 27.598, "height": 396.0 }, "geometry": { "type": "Point", "coordinates": [ 113.336, 27.598 ] } },
{ "type": "Feature", "properties": { "pt_id": "  9067", "trajectory_id": 9, "北京时间": "2026-05-10 14:00", "lon": 113.366, "lat": 27.622, "height": 419.0 }, "geometry": { "type": "Point", "coordinates": [ 113.366, 27.622 ] } },
{ "type": "Feature", "properties": { "pt_id": "  9068", "trajectory_id": 9, "北京时间": "2026-05-10 13:00", "lon": 113.395, "lat": 27.647, "height": 423.0 }, "geometry": { "type": "Point", "coordinates": [ 113.395, 27.647 ] } },
{ "type": "Feature", "properties": { "pt_id": "  9069", "trajectory_id": 9, "北京时间": "2026-05-10 12:00", "lon": 113.432, "lat": 27.673, "height": 406.0 }, "geometry": { "type": "Point", "coordinates": [ 113.432, 27.673 ] } },
{ "type": "Feature", "properties": { "pt_id": "  9070", "trajectory_id": 9, "北京时间": "2026-05-10 11:00", "lon": 113.493, "lat": 27.702, "height": 378.0 }, "geometry": { "type": "Point", "coordinates": [ 113.493, 27.702 ] } },
{ "type": "Feature", "properties": { "pt_id": "  9071", "trajectory_id": 9, "北京时间": "2026-05-10 10:00", "lon": 113.58, "lat": 27.735, "height": 360.0 }, "geometry": { "type": "Point", "coordinates": [ 113.58, 27.735 ] } },
{ "type": "Feature", "properties": { "pt_id": "  9072", "trajectory_id": 9, "北京时间": "2026-05-10 09:00", "lon": 113.699, "lat": 27.765, "height": 368.0 }, "geometry": { "type": "Point", "coordinates": [ 113.699, 27.765 ] } },
{ "type": "Feature", "properties": { "pt_id": "  9073", "trajectory_id": 9, "北京时间": "2026-05-10 08:00", "lon": 113.848, "lat": 27.781, "height": 404.0 }, "geometry": { "type": "Point", "coordinates": [ 113.848, 27.781 ] } },
{ "type": "Feature", "properties": { "pt_id": "  9074", "trajectory_id": 9, "北京时间": "2026-05-10 07:00", "lon": 114.042, "lat": 27.779, "height": 476.0 }, "geometry": { "type": "Point", "coordinates": [ 114.042, 27.779 ] } },
{ "type": "Feature", "properties": { "pt_id": "  9075", "trajectory_id": 9, "北京时间": "2026-05-10 06:00", "lon": 114.254, "lat": 27.806, "height": 589.0 }, "geometry": { "type": "Point", "coordinates": [ 114.254, 27.806 ] } },
{ "type": "Feature", "properties": { "pt_id": "  9076", "trajectory_id": 9, "北京时间": "2026-05-10 05:00", "lon": 114.434, "lat": 27.897, "height": 677.0 }, "geometry": { "type": "Point", "coordinates": [ 114.434, 27.897 ] } },
{ "type": "Feature", "properties": { "pt_id": "  9077", "trajectory_id": 9, "北京时间": "2026-05-10 04:00", "lon": 114.576, "lat": 28.039, "height": 707.0 }, "geometry": { "type": "Point", "coordinates": [ 114.576, 28.039 ] } },
{ "type": "Feature", "properties": { "pt_id": "  9078", "trajectory_id": 9, "北京时间": "2026-05-10 03:00", "lon": 114.667, "lat": 28.192, "height": 693.0 }, "geometry": { "type": "Point", "coordinates": [ 114.667, 28.192 ] } },
{ "type": "Feature", "properties": { "pt_id": "  9079", "trajectory_id": 9, "北京时间": "2026-05-10 02:00", "lon": 114.71, "lat": 28.325, "height": 648.0 }, "geometry": { "type": "Point", "coordinates": [ 114.71, 28.325 ] } },
{ "type": "Feature", "properties": { "pt_id": "  9080", "trajectory_id": 9, "北京时间": "2026-05-10 01:00", "lon": 114.732, "lat": 28.428, "height": 596.0 }, "geometry": { "type": "Point", "coordinates": [ 114.732, 28.428 ] } },
{ "type": "Feature", "properties": { "pt_id": " 10000", "trajectory_id": 10, "北京时间": "2026-05-12 01:00", "lon": 113.942, "lat": 30.907, "height": 10.0 }, "geometry": { "type": "Point", "coordinates": [ 113.942, 30.907 ] } },
{ "type": "Feature", "properties": { "pt_id": " 10037", "trajectory_id": 10, "北京时间": "2026-05-12 00:00", "lon": 113.858, "lat": 30.767, "height": 0.0 }, "geometry": { "type": "Point", "coordinates": [ 113.858, 30.767 ] } },
{ "type": "Feature", "properties": { "pt_id": " 10038", "trajectory_id": 10, "北京时间": "2026-05-11 23:00", "lon": 113.777, "lat": 30.625, "height": 0.0 }, "geometry": { "type": "Point", "coordinates": [ 113.777, 30.625 ] } },
{ "type": "Feature", "properties": { "pt_id": " 10039", "trajectory_id": 10, "北京时间": "2026-05-11 22:00", "lon": 113.7, "lat": 30.48, "height": 0.0 }, "geometry": { "type": "Point", "coordinates": [ 113.7, 30.48 ] } },
{ "type": "Feature", "properties": { "pt_id": " 10040", "trajectory_id": 10, "北京时间": "2026-05-11 21:00", "lon": 113.636, "lat": 30.336, "height": 0.0 }, "geometry": { "type": "Point", "coordinates": [ 113.636, 30.336 ] } },
{ "type": "Feature", "properties": { "pt_id": " 10041", "trajectory_id": 10, "北京时间": "2026-05-11 20:00", "lon": 113.58, "lat": 30.195, "height": 0.0 }, "geometry": { "type": "Point", "coordinates": [ 113.58, 30.195 ] } },
{ "type": "Feature", "properties": { "pt_id": " 10042", "trajectory_id": 10, "北京时间": "2026-05-11 19:00", "lon": 113.532, "lat": 30.06, "height": 0.0 }, "geometry": { "type": "Point", "coordinates": [ 113.532, 30.06 ] } },
{ "type": "Feature", "properties": { "pt_id": " 10043", "trajectory_id": 10, "北京时间": "2026-05-11 18:00", "lon": 113.495, "lat": 29.931, "height": 0.0 }, "geometry": { "type": "Point", "coordinates": [ 113.495, 29.931 ] } },
{ "type": "Feature", "properties": { "pt_id": " 10044", "trajectory_id": 10, "北京时间": "2026-05-11 17:00", "lon": 113.482, "lat": 29.809, "height": 3.0 }, "geometry": { "type": "Point", "coordinates": [ 113.482, 29.809 ] } },
{ "type": "Feature", "properties": { "pt_id": " 10045", "trajectory_id": 10, "北京时间": "2026-05-11 16:00", "lon": 113.479, "lat": 29.696, "height": 11.0 }, "geometry": { "type": "Point", "coordinates": [ 113.479, 29.696 ] } },
{ "type": "Feature", "properties": { "pt_id": " 10046", "trajectory_id": 10, "北京时间": "2026-05-11 15:00", "lon": 113.472, "lat": 29.581, "height": 39.0 }, "geometry": { "type": "Point", "coordinates": [ 113.472, 29.581 ] } },
{ "type": "Feature", "properties": { "pt_id": " 10047", "trajectory_id": 10, "北京时间": "2026-05-11 14:00", "lon": 113.465, "lat": 29.437, "height": 108.0 }, "geometry": { "type": "Point", "coordinates": [ 113.465, 29.437 ] } },
{ "type": "Feature", "properties": { "pt_id": " 10048", "trajectory_id": 10, "北京时间": "2026-05-11 13:00", "lon": 113.448, "lat": 29.273, "height": 166.0 }, "geometry": { "type": "Point", "coordinates": [ 113.448, 29.273 ] } },
{ "type": "Feature", "properties": { "pt_id": " 10049", "trajectory_id": 10, "北京时间": "2026-05-11 12:00", "lon": 113.433, "lat": 29.111, "height": 186.0 }, "geometry": { "type": "Point", "coordinates": [ 113.433, 29.111 ] } },
{ "type": "Feature", "properties": { "pt_id": " 10050", "trajectory_id": 10, "北京时间": "2026-05-11 11:00", "lon": 113.411, "lat": 28.925, "height": 229.0 }, "geometry": { "type": "Point", "coordinates": [ 113.411, 28.925 ] } },
{ "type": "Feature", "properties": { "pt_id": " 10051", "trajectory_id": 10, "北京时间": "2026-05-11 10:00", "lon": 113.368, "lat": 28.725, "height": 254.0 }, "geometry": { "type": "Point", "coordinates": [ 113.368, 28.725 ] } },
{ "type": "Feature", "properties": { "pt_id": " 10052", "trajectory_id": 10, "北京时间": "2026-05-11 09:00", "lon": 113.327, "lat": 28.542, "height": 282.0 }, "geometry": { "type": "Point", "coordinates": [ 113.327, 28.542 ] } },
{ "type": "Feature", "properties": { "pt_id": " 10053", "trajectory_id": 10, "北京时间": "2026-05-11 08:00", "lon": 113.301, "lat": 28.384, "height": 311.0 }, "geometry": { "type": "Point", "coordinates": [ 113.301, 28.384 ] } },
{ "type": "Feature", "properties": { "pt_id": " 10054", "trajectory_id": 10, "北京时间": "2026-05-11 07:00", "lon": 113.286, "lat": 28.234, "height": 340.0 }, "geometry": { "type": "Point", "coordinates": [ 113.286, 28.234 ] } },
{ "type": "Feature", "properties": { "pt_id": " 10055", "trajectory_id": 10, "北京时间": "2026-05-11 06:00", "lon": 113.272, "lat": 28.094, "height": 407.0 }, "geometry": { "type": "Point", "coordinates": [ 113.272, 28.094 ] } },
{ "type": "Feature", "properties": { "pt_id": " 10056", "trajectory_id": 10, "北京时间": "2026-05-11 05:00", "lon": 113.263, "lat": 27.985, "height": 536.0 }, "geometry": { "type": "Point", "coordinates": [ 113.263, 27.985 ] } },
{ "type": "Feature", "properties": { "pt_id": " 10057", "trajectory_id": 10, "北京时间": "2026-05-11 04:00", "lon": 113.252, "lat": 27.914, "height": 676.0 }, "geometry": { "type": "Point", "coordinates": [ 113.252, 27.914 ] } },
{ "type": "Feature", "properties": { "pt_id": " 10058", "trajectory_id": 10, "北京时间": "2026-05-11 03:00", "lon": 113.24, "lat": 27.874, "height": 774.0 }, "geometry": { "type": "Point", "coordinates": [ 113.24, 27.874 ] } },
{ "type": "Feature", "properties": { "pt_id": " 10059", "trajectory_id": 10, "北京时间": "2026-05-11 02:00", "lon": 113.231, "lat": 27.852, "height": 829.0 }, "geometry": { "type": "Point", "coordinates": [ 113.231, 27.852 ] } },
{ "type": "Feature", "properties": { "pt_id": " 10060", "trajectory_id": 10, "北京时间": "2026-05-11 01:00", "lon": 113.232, "lat": 27.838, "height": 867.0 }, "geometry": { "type": "Point", "coordinates": [ 113.232, 27.838 ] } },
{ "type": "Feature", "properties": { "pt_id": " 10061", "trajectory_id": 10, "北京时间": "2026-05-11 00:00", "lon": 113.253, "lat": 27.825, "height": 909.0 }, "geometry": { "type": "Point", "coordinates": [ 113.253, 27.825 ] } },
{ "type": "Feature", "properties": { "pt_id": " 10062", "trajectory_id": 10, "北京时间": "2026-05-10 23:00", "lon": 113.295, "lat": 27.814, "height": 955.0 }, "geometry": { "type": "Point", "coordinates": [ 113.295, 27.814 ] } },
{ "type": "Feature", "properties": { "pt_id": " 10063", "trajectory_id": 10, "北京时间": "2026-05-10 22:00", "lon": 113.348, "lat": 27.814, "height": 998.0 }, "geometry": { "type": "Point", "coordinates": [ 113.348, 27.814 ] } },
{ "type": "Feature", "properties": { "pt_id": " 10064", "trajectory_id": 10, "北京时间": "2026-05-10 21:00", "lon": 113.406, "lat": 27.828, "height": 1033.0 }, "geometry": { "type": "Point", "coordinates": [ 113.406, 27.828 ] } },
{ "type": "Feature", "properties": { "pt_id": " 10065", "trajectory_id": 10, "北京时间": "2026-05-10 20:00", "lon": 113.466, "lat": 27.854, "height": 1057.0 }, "geometry": { "type": "Point", "coordinates": [ 113.466, 27.854 ] } },
{ "type": "Feature", "properties": { "pt_id": " 10066", "trajectory_id": 10, "北京时间": "2026-05-10 19:00", "lon": 113.517, "lat": 27.884, "height": 1044.0 }, "geometry": { "type": "Point", "coordinates": [ 113.517, 27.884 ] } },
{ "type": "Feature", "properties": { "pt_id": " 10067", "trajectory_id": 10, "北京时间": "2026-05-10 18:00", "lon": 113.558, "lat": 27.911, "height": 982.0 }, "geometry": { "type": "Point", "coordinates": [ 113.558, 27.911 ] } },
{ "type": "Feature", "properties": { "pt_id": " 10068", "trajectory_id": 10, "北京时间": "2026-05-10 17:00", "lon": 113.593, "lat": 27.939, "height": 892.0 }, "geometry": { "type": "Point", "coordinates": [ 113.593, 27.939 ] } },
{ "type": "Feature", "properties": { "pt_id": " 10069", "trajectory_id": 10, "北京时间": "2026-05-10 16:00", "lon": 113.639, "lat": 27.958, "height": 816.0 }, "geometry": { "type": "Point", "coordinates": [ 113.639, 27.958 ] } },
{ "type": "Feature", "properties": { "pt_id": " 10070", "trajectory_id": 10, "北京时间": "2026-05-10 15:00", "lon": 113.711, "lat": 27.956, "height": 781.0 }, "geometry": { "type": "Point", "coordinates": [ 113.711, 27.956 ] } },
{ "type": "Feature", "properties": { "pt_id": " 10071", "trajectory_id": 10, "北京时间": "2026-05-10 14:00", "lon": 113.81, "lat": 27.939, "height": 772.0 }, "geometry": { "type": "Point", "coordinates": [ 113.81, 27.939 ] } },
{ "type": "Feature", "properties": { "pt_id": " 10072", "trajectory_id": 10, "北京时间": "2026-05-10 13:00", "lon": 113.938, "lat": 27.915, "height": 774.0 }, "geometry": { "type": "Point", "coordinates": [ 113.938, 27.915 ] } },
{ "type": "Feature", "properties": { "pt_id": " 10073", "trajectory_id": 10, "北京时间": "2026-05-10 12:00", "lon": 114.097, "lat": 27.907, "height": 816.0 }, "geometry": { "type": "Point", "coordinates": [ 114.097, 27.907 ] } },
{ "type": "Feature", "properties": { "pt_id": " 10074", "trajectory_id": 10, "北京时间": "2026-05-10 11:00", "lon": 114.277, "lat": 27.945, "height": 971.0 }, "geometry": { "type": "Point", "coordinates": [ 114.277, 27.945 ] } },
{ "type": "Feature", "properties": { "pt_id": " 10075", "trajectory_id": 10, "北京时间": "2026-05-10 10:00", "lon": 114.445, "lat": 28.024, "height": 1181.0 }, "geometry": { "type": "Point", "coordinates": [ 114.445, 28.024 ] } },
{ "type": "Feature", "properties": { "pt_id": " 10076", "trajectory_id": 10, "北京时间": "2026-05-10 09:00", "lon": 114.6, "lat": 28.126, "height": 1273.0 }, "geometry": { "type": "Point", "coordinates": [ 114.6, 28.126 ] } },
{ "type": "Feature", "properties": { "pt_id": " 10077", "trajectory_id": 10, "北京时间": "2026-05-10 08:00", "lon": 114.733, "lat": 28.277, "height": 1297.0 }, "geometry": { "type": "Point", "coordinates": [ 114.733, 28.277 ] } },
{ "type": "Feature", "properties": { "pt_id": " 10078", "trajectory_id": 10, "北京时间": "2026-05-10 07:00", "lon": 114.852, "lat": 28.455, "height": 1274.0 }, "geometry": { "type": "Point", "coordinates": [ 114.852, 28.455 ] } },
{ "type": "Feature", "properties": { "pt_id": " 10079", "trajectory_id": 10, "北京时间": "2026-05-10 06:00", "lon": 114.975, "lat": 28.633, "height": 1242.0 }, "geometry": { "type": "Point", "coordinates": [ 114.975, 28.633 ] } },
{ "type": "Feature", "properties": { "pt_id": " 10080", "trajectory_id": 10, "北京时间": "2026-05-10 05:00", "lon": 115.093, "lat": 28.806, "height": 1239.0 }, "geometry": { "type": "Point", "coordinates": [ 115.093, 28.806 ] } },
{ "type": "Feature", "properties": { "pt_id": " 10081", "trajectory_id": 10, "北京时间": "2026-05-10 04:00", "lon": 115.208, "lat": 28.969, "height": 1247.0 }, "geometry": { "type": "Point", "coordinates": [ 115.208, 28.969 ] } },
{ "type": "Feature", "properties": { "pt_id": " 10082", "trajectory_id": 10, "北京时间": "2026-05-10 03:00", "lon": 115.345, "lat": 29.122, "height": 1281.0 }, "geometry": { "type": "Point", "coordinates": [ 115.345, 29.122 ] } },
{ "type": "Feature", "properties": { "pt_id": " 10083", "trajectory_id": 10, "北京时间": "2026-05-10 02:00", "lon": 115.509, "lat": 29.273, "height": 1286.0 }, "geometry": { "type": "Point", "coordinates": [ 115.509, 29.273 ] } },
{ "type": "Feature", "properties": { "pt_id": " 10084", "trajectory_id": 10, "北京时间": "2026-05-10 01:00", "lon": 115.69, "lat": 29.402, "height": 1252.0 }, "geometry": { "type": "Point", "coordinates": [ 115.69, 29.402 ] } },
{ "type": "Feature", "properties": { "pt_id": " 11000", "trajectory_id": 11, "北京时间": "2026-05-12 01:00", "lon": 113.942, "lat": 30.907, "height": 10.0 }, "geometry": { "type": "Point", "coordinates": [ 113.942, 30.907 ] } },
{ "type": "Feature", "properties": { "pt_id": " 11041", "trajectory_id": 11, "北京时间": "2026-05-12 00:00", "lon": 113.907, "lat": 30.771, "height": 2.0 }, "geometry": { "type": "Point", "coordinates": [ 113.907, 30.771 ] } },
{ "type": "Feature", "properties": { "pt_id": " 11042", "trajectory_id": 11, "北京时间": "2026-05-11 23:00", "lon": 113.887, "lat": 30.645, "height": 2.0 }, "geometry": { "type": "Point", "coordinates": [ 113.887, 30.645 ] } },
{ "type": "Feature", "properties": { "pt_id": " 11043", "trajectory_id": 11, "北京时间": "2026-05-11 22:00", "lon": 113.87, "lat": 30.536, "height": 2.0 }, "geometry": { "type": "Point", "coordinates": [ 113.87, 30.536 ] } },
{ "type": "Feature", "properties": { "pt_id": " 11044", "trajectory_id": 11, "北京时间": "2026-05-11 21:00", "lon": 113.855, "lat": 30.438, "height": 2.0 }, "geometry": { "type": "Point", "coordinates": [ 113.855, 30.438 ] } },
{ "type": "Feature", "properties": { "pt_id": " 11045", "trajectory_id": 11, "北京时间": "2026-05-11 20:00", "lon": 113.838, "lat": 30.345, "height": 2.0 }, "geometry": { "type": "Point", "coordinates": [ 113.838, 30.345 ] } },
{ "type": "Feature", "properties": { "pt_id": " 11046", "trajectory_id": 11, "北京时间": "2026-05-11 19:00", "lon": 113.809, "lat": 30.251, "height": 2.0 }, "geometry": { "type": "Point", "coordinates": [ 113.809, 30.251 ] } },
{ "type": "Feature", "properties": { "pt_id": " 11047", "trajectory_id": 11, "北京时间": "2026-05-11 18:00", "lon": 113.762, "lat": 30.16, "height": 2.0 }, "geometry": { "type": "Point", "coordinates": [ 113.762, 30.16 ] } },
{ "type": "Feature", "properties": { "pt_id": " 11048", "trajectory_id": 11, "北京时间": "2026-05-11 17:00", "lon": 113.708, "lat": 30.071, "height": 2.0 }, "geometry": { "type": "Point", "coordinates": [ 113.708, 30.071 ] } },
{ "type": "Feature", "properties": { "pt_id": " 11049", "trajectory_id": 11, "北京时间": "2026-05-11 16:00", "lon": 113.656, "lat": 29.983, "height": 2.0 }, "geometry": { "type": "Point", "coordinates": [ 113.656, 29.983 ] } },
{ "type": "Feature", "properties": { "pt_id": " 11050", "trajectory_id": 11, "北京时间": "2026-05-11 15:00", "lon": 113.613, "lat": 29.896, "height": 3.0 }, "geometry": { "type": "Point", "coordinates": [ 113.613, 29.896 ] } },
{ "type": "Feature", "properties": { "pt_id": " 11051", "trajectory_id": 11, "北京时间": "2026-05-11 14:00", "lon": 113.578, "lat": 29.806, "height": 5.0 }, "geometry": { "type": "Point", "coordinates": [ 113.578, 29.806 ] } },
{ "type": "Feature", "properties": { "pt_id": " 11052", "trajectory_id": 11, "北京时间": "2026-05-11 13:00", "lon": 113.546, "lat": 29.71, "height": 11.0 }, "geometry": { "type": "Point", "coordinates": [ 113.546, 29.71 ] } },
{ "type": "Feature", "properties": { "pt_id": " 11053", "trajectory_id": 11, "北京时间": "2026-05-11 12:00", "lon": 113.519, "lat": 29.61, "height": 37.0 }, "geometry": { "type": "Point", "coordinates": [ 113.519, 29.61 ] } },
{ "type": "Feature", "properties": { "pt_id": " 11054", "trajectory_id": 11, "北京时间": "2026-05-11 11:00", "lon": 113.49, "lat": 29.502, "height": 87.0 }, "geometry": { "type": "Point", "coordinates": [ 113.49, 29.502 ] } },
{ "type": "Feature", "properties": { "pt_id": " 11055", "trajectory_id": 11, "北京时间": "2026-05-11 10:00", "lon": 113.446, "lat": 29.393, "height": 126.0 }, "geometry": { "type": "Point", "coordinates": [ 113.446, 29.393 ] } },
{ "type": "Feature", "properties": { "pt_id": " 11056", "trajectory_id": 11, "北京时间": "2026-05-11 09:00", "lon": 113.386, "lat": 29.294, "height": 135.0 }, "geometry": { "type": "Point", "coordinates": [ 113.386, 29.294 ] } },
{ "type": "Feature", "properties": { "pt_id": " 11057", "trajectory_id": 11, "北京时间": "2026-05-11 08:00", "lon": 113.32, "lat": 29.208, "height": 138.0 }, "geometry": { "type": "Point", "coordinates": [ 113.32, 29.208 ] } },
{ "type": "Feature", "properties": { "pt_id": " 11058", "trajectory_id": 11, "北京时间": "2026-05-11 07:00", "lon": 113.256, "lat": 29.137, "height": 139.0 }, "geometry": { "type": "Point", "coordinates": [ 113.256, 29.137 ] } },
{ "type": "Feature", "properties": { "pt_id": " 11059", "trajectory_id": 11, "北京时间": "2026-05-11 06:00", "lon": 113.201, "lat": 29.082, "height": 142.0 }, "geometry": { "type": "Point", "coordinates": [ 113.201, 29.082 ] } },
{ "type": "Feature", "properties": { "pt_id": " 11060", "trajectory_id": 11, "北京时间": "2026-05-11 05:00", "lon": 113.156, "lat": 29.038, "height": 147.0 }, "geometry": { "type": "Point", "coordinates": [ 113.156, 29.038 ] } },
{ "type": "Feature", "properties": { "pt_id": " 11061", "trajectory_id": 11, "北京时间": "2026-05-11 04:00", "lon": 113.124, "lat": 29.001, "height": 155.0 }, "geometry": { "type": "Point", "coordinates": [ 113.124, 29.001 ] } },
{ "type": "Feature", "properties": { "pt_id": " 11062", "trajectory_id": 11, "北京时间": "2026-05-11 03:00", "lon": 113.103, "lat": 28.969, "height": 162.0 }, "geometry": { "type": "Point", "coordinates": [ 113.103, 28.969 ] } },
{ "type": "Feature", "properties": { "pt_id": " 11063", "trajectory_id": 11, "北京时间": "2026-05-11 02:00", "lon": 113.09, "lat": 28.935, "height": 164.0 }, "geometry": { "type": "Point", "coordinates": [ 113.09, 28.935 ] } },
{ "type": "Feature", "properties": { "pt_id": " 11064", "trajectory_id": 11, "北京时间": "2026-05-11 01:00", "lon": 113.081, "lat": 28.892, "height": 164.0 }, "geometry": { "type": "Point", "coordinates": [ 113.081, 28.892 ] } },
{ "type": "Feature", "properties": { "pt_id": " 11065", "trajectory_id": 11, "北京时间": "2026-05-11 00:00", "lon": 113.076, "lat": 28.84, "height": 161.0 }, "geometry": { "type": "Point", "coordinates": [ 113.076, 28.84 ] } },
{ "type": "Feature", "properties": { "pt_id": " 11066", "trajectory_id": 11, "北京时间": "2026-05-10 23:00", "lon": 113.068, "lat": 28.789, "height": 159.0 }, "geometry": { "type": "Point", "coordinates": [ 113.068, 28.789 ] } },
{ "type": "Feature", "properties": { "pt_id": " 11067", "trajectory_id": 11, "北京时间": "2026-05-10 22:00", "lon": 113.048, "lat": 28.748, "height": 158.0 }, "geometry": { "type": "Point", "coordinates": [ 113.048, 28.748 ] } },
{ "type": "Feature", "properties": { "pt_id": " 11068", "trajectory_id": 11, "北京时间": "2026-05-10 21:00", "lon": 113.013, "lat": 28.722, "height": 158.0 }, "geometry": { "type": "Point", "coordinates": [ 113.013, 28.722 ] } },
{ "type": "Feature", "properties": { "pt_id": " 11069", "trajectory_id": 11, "北京时间": "2026-05-10 20:00", "lon": 112.966, "lat": 28.703, "height": 150.0 }, "geometry": { "type": "Point", "coordinates": [ 112.966, 28.703 ] } },
{ "type": "Feature", "properties": { "pt_id": " 11070", "trajectory_id": 11, "北京时间": "2026-05-10 19:00", "lon": 112.912, "lat": 28.687, "height": 128.0 }, "geometry": { "type": "Point", "coordinates": [ 112.912, 28.687 ] } },
{ "type": "Feature", "properties": { "pt_id": " 11071", "trajectory_id": 11, "北京时间": "2026-05-10 18:00", "lon": 112.846, "lat": 28.668, "height": 95.0 }, "geometry": { "type": "Point", "coordinates": [ 112.846, 28.668 ] } },
{ "type": "Feature", "properties": { "pt_id": " 11072", "trajectory_id": 11, "北京时间": "2026-05-10 17:00", "lon": 112.79, "lat": 28.646, "height": 66.0 }, "geometry": { "type": "Point", "coordinates": [ 112.79, 28.646 ] } },
{ "type": "Feature", "properties": { "pt_id": " 11073", "trajectory_id": 11, "北京时间": "2026-05-10 16:00", "lon": 112.772, "lat": 28.619, "height": 51.0 }, "geometry": { "type": "Point", "coordinates": [ 112.772, 28.619 ] } },
{ "type": "Feature", "properties": { "pt_id": " 11074", "trajectory_id": 11, "北京时间": "2026-05-10 15:00", "lon": 112.788, "lat": 28.587, "height": 49.0 }, "geometry": { "type": "Point", "coordinates": [ 112.788, 28.587 ] } },
{ "type": "Feature", "properties": { "pt_id": " 11075", "trajectory_id": 11, "北京时间": "2026-05-10 14:00", "lon": 112.827, "lat": 28.574, "height": 58.0 }, "geometry": { "type": "Point", "coordinates": [ 112.827, 28.574 ] } },
{ "type": "Feature", "properties": { "pt_id": " 11076", "trajectory_id": 11, "北京时间": "2026-05-10 13:00", "lon": 112.877, "lat": 28.6, "height": 85.0 }, "geometry": { "type": "Point", "coordinates": [ 112.877, 28.6 ] } },
{ "type": "Feature", "properties": { "pt_id": " 11077", "trajectory_id": 11, "北京时间": "2026-05-10 12:00", "lon": 112.925, "lat": 28.674, "height": 136.0 }, "geometry": { "type": "Point", "coordinates": [ 112.925, 28.674 ] } },
{ "type": "Feature", "properties": { "pt_id": " 11078", "trajectory_id": 11, "北京时间": "2026-05-10 11:00", "lon": 112.955, "lat": 28.791, "height": 177.0 }, "geometry": { "type": "Point", "coordinates": [ 112.955, 28.791 ] } },
{ "type": "Feature", "properties": { "pt_id": " 11079", "trajectory_id": 11, "北京时间": "2026-05-10 10:00", "lon": 112.969, "lat": 28.924, "height": 187.0 }, "geometry": { "type": "Point", "coordinates": [ 112.969, 28.924 ] } },
{ "type": "Feature", "properties": { "pt_id": " 11080", "trajectory_id": 11, "北京时间": "2026-05-10 09:00", "lon": 112.989, "lat": 29.086, "height": 174.0 }, "geometry": { "type": "Point", "coordinates": [ 112.989, 29.086 ] } },
{ "type": "Feature", "properties": { "pt_id": " 11081", "trajectory_id": 11, "北京时间": "2026-05-10 08:00", "lon": 113.033, "lat": 29.259, "height": 152.0 }, "geometry": { "type": "Point", "coordinates": [ 113.033, 29.259 ] } },
{ "type": "Feature", "properties": { "pt_id": " 11082", "trajectory_id": 11, "北京时间": "2026-05-10 07:00", "lon": 113.104, "lat": 29.424, "height": 136.0 }, "geometry": { "type": "Point", "coordinates": [ 113.104, 29.424 ] } },
{ "type": "Feature", "properties": { "pt_id": " 11083", "trajectory_id": 11, "北京时间": "2026-05-10 06:00", "lon": 113.203, "lat": 29.575, "height": 136.0 }, "geometry": { "type": "Point", "coordinates": [ 113.203, 29.575 ] } },
{ "type": "Feature", "properties": { "pt_id": " 11084", "trajectory_id": 11, "北京时间": "2026-05-10 05:00", "lon": 113.313, "lat": 29.712, "height": 127.0 }, "geometry": { "type": "Point", "coordinates": [ 113.313, 29.712 ] } },
{ "type": "Feature", "properties": { "pt_id": " 11085", "trajectory_id": 11, "北京时间": "2026-05-10 04:00", "lon": 113.417, "lat": 29.848, "height": 114.0 }, "geometry": { "type": "Point", "coordinates": [ 113.417, 29.848 ] } },
{ "type": "Feature", "properties": { "pt_id": " 11086", "trajectory_id": 11, "北京时间": "2026-05-10 03:00", "lon": 113.519, "lat": 29.999, "height": 114.0 }, "geometry": { "type": "Point", "coordinates": [ 113.519, 29.999 ] } },
{ "type": "Feature", "properties": { "pt_id": " 11087", "trajectory_id": 11, "北京时间": "2026-05-10 02:00", "lon": 113.622, "lat": 30.165, "height": 106.0 }, "geometry": { "type": "Point", "coordinates": [ 113.622, 30.165 ] } },
{ "type": "Feature", "properties": { "pt_id": " 11088", "trajectory_id": 11, "北京时间": "2026-05-10 01:00", "lon": 113.711, "lat": 30.347, "height": 92.0 }, "geometry": { "type": "Point", "coordinates": [ 113.711, 30.347 ] } },
{ "type": "Feature", "properties": { "pt_id": " 12000", "trajectory_id": 12, "北京时间": "2026-05-12 01:00", "lon": 113.942, "lat": 30.907, "height": 10.0 }, "geometry": { "type": "Point", "coordinates": [ 113.942, 30.907 ] } },
{ "type": "Feature", "properties": { "pt_id": " 12045", "trajectory_id": 12, "北京时间": "2026-05-12 00:00", "lon": 113.936, "lat": 30.82, "height": 5.0 }, "geometry": { "type": "Point", "coordinates": [ 113.936, 30.82 ] } },
{ "type": "Feature", "properties": { "pt_id": " 12046", "trajectory_id": 12, "北京时间": "2026-05-11 23:00", "lon": 113.921, "lat": 30.72, "height": 4.0 }, "geometry": { "type": "Point", "coordinates": [ 113.921, 30.72 ] } },
{ "type": "Feature", "properties": { "pt_id": " 12047", "trajectory_id": 12, "北京时间": "2026-05-11 22:00", "lon": 113.902, "lat": 30.615, "height": 4.0 }, "geometry": { "type": "Point", "coordinates": [ 113.902, 30.615 ] } },
{ "type": "Feature", "properties": { "pt_id": " 12048", "trajectory_id": 12, "北京时间": "2026-05-11 21:00", "lon": 113.887, "lat": 30.514, "height": 4.0 }, "geometry": { "type": "Point", "coordinates": [ 113.887, 30.514 ] } },
{ "type": "Feature", "properties": { "pt_id": " 12049", "trajectory_id": 12, "北京时间": "2026-05-11 20:00", "lon": 113.881, "lat": 30.417, "height": 4.0 }, "geometry": { "type": "Point", "coordinates": [ 113.881, 30.417 ] } },
{ "type": "Feature", "properties": { "pt_id": " 12050", "trajectory_id": 12, "北京时间": "2026-05-11 19:00", "lon": 113.885, "lat": 30.329, "height": 4.0 }, "geometry": { "type": "Point", "coordinates": [ 113.885, 30.329 ] } },
{ "type": "Feature", "properties": { "pt_id": " 12051", "trajectory_id": 12, "北京时间": "2026-05-11 18:00", "lon": 113.903, "lat": 30.25, "height": 4.0 }, "geometry": { "type": "Point", "coordinates": [ 113.903, 30.25 ] } },
{ "type": "Feature", "properties": { "pt_id": " 12052", "trajectory_id": 12, "北京时间": "2026-05-11 17:00", "lon": 113.937, "lat": 30.183, "height": 2.0 }, "geometry": { "type": "Point", "coordinates": [ 113.937, 30.183 ] } },
{ "type": "Feature", "properties": { "pt_id": " 12053", "trajectory_id": 12, "北京时间": "2026-05-11 16:00", "lon": 113.998, "lat": 30.125, "height": 2.0 }, "geometry": { "type": "Point", "coordinates": [ 113.998, 30.125 ] } },
{ "type": "Feature", "properties": { "pt_id": " 12054", "trajectory_id": 12, "北京时间": "2026-05-11 15:00", "lon": 114.07, "lat": 30.07, "height": 3.0 }, "geometry": { "type": "Point", "coordinates": [ 114.07, 30.07 ] } },
{ "type": "Feature", "properties": { "pt_id": " 12055", "trajectory_id": 12, "北京时间": "2026-05-11 14:00", "lon": 114.123, "lat": 30.019, "height": 6.0 }, "geometry": { "type": "Point", "coordinates": [ 114.123, 30.019 ] } },
{ "type": "Feature", "properties": { "pt_id": " 12056", "trajectory_id": 12, "北京时间": "2026-05-11 13:00", "lon": 114.159, "lat": 29.972, "height": 13.0 }, "geometry": { "type": "Point", "coordinates": [ 114.159, 29.972 ] } },
{ "type": "Feature", "properties": { "pt_id": " 12057", "trajectory_id": 12, "北京时间": "2026-05-11 12:00", "lon": 114.178, "lat": 29.928, "height": 23.0 }, "geometry": { "type": "Point", "coordinates": [ 114.178, 29.928 ] } },
{ "type": "Feature", "properties": { "pt_id": " 12058", "trajectory_id": 12, "北京时间": "2026-05-11 11:00", "lon": 114.179, "lat": 29.885, "height": 38.0 }, "geometry": { "type": "Point", "coordinates": [ 114.179, 29.885 ] } },
{ "type": "Feature", "properties": { "pt_id": " 12059", "trajectory_id": 12, "北京时间": "2026-05-11 10:00", "lon": 114.163, "lat": 29.847, "height": 58.0 }, "geometry": { "type": "Point", "coordinates": [ 114.163, 29.847 ] } },
{ "type": "Feature", "properties": { "pt_id": " 12060", "trajectory_id": 12, "北京时间": "2026-05-11 09:00", "lon": 114.139, "lat": 29.813, "height": 78.0 }, "geometry": { "type": "Point", "coordinates": [ 114.139, 29.813 ] } },
{ "type": "Feature", "properties": { "pt_id": " 12061", "trajectory_id": 12, "北京时间": "2026-05-11 08:00", "lon": 114.119, "lat": 29.783, "height": 97.0 }, "geometry": { "type": "Point", "coordinates": [ 114.119, 29.783 ] } },
{ "type": "Feature", "properties": { "pt_id": " 12062", "trajectory_id": 12, "北京时间": "2026-05-11 07:00", "lon": 114.106, "lat": 29.753, "height": 115.0 }, "geometry": { "type": "Point", "coordinates": [ 114.106, 29.753 ] } },
{ "type": "Feature", "properties": { "pt_id": " 12063", "trajectory_id": 12, "北京时间": "2026-05-11 06:00", "lon": 114.096, "lat": 29.722, "height": 131.0 }, "geometry": { "type": "Point", "coordinates": [ 114.096, 29.722 ] } },
{ "type": "Feature", "properties": { "pt_id": " 12064", "trajectory_id": 12, "北京时间": "2026-05-11 05:00", "lon": 114.082, "lat": 29.692, "height": 144.0 }, "geometry": { "type": "Point", "coordinates": [ 114.082, 29.692 ] } },
{ "type": "Feature", "properties": { "pt_id": " 12065", "trajectory_id": 12, "北京时间": "2026-05-11 04:00", "lon": 114.065, "lat": 29.663, "height": 153.0 }, "geometry": { "type": "Point", "coordinates": [ 114.065, 29.663 ] } },
{ "type": "Feature", "properties": { "pt_id": " 12066", "trajectory_id": 12, "北京时间": "2026-05-11 03:00", "lon": 114.049, "lat": 29.637, "height": 159.0 }, "geometry": { "type": "Point", "coordinates": [ 114.049, 29.637 ] } },
{ "type": "Feature", "properties": { "pt_id": " 12067", "trajectory_id": 12, "北京时间": "2026-05-11 02:00", "lon": 114.035, "lat": 29.616, "height": 162.0 }, "geometry": { "type": "Point", "coordinates": [ 114.035, 29.616 ] } },
{ "type": "Feature", "properties": { "pt_id": " 12068", "trajectory_id": 12, "北京时间": "2026-05-11 01:00", "lon": 114.025, "lat": 29.598, "height": 163.0 }, "geometry": { "type": "Point", "coordinates": [ 114.025, 29.598 ] } },
{ "type": "Feature", "properties": { "pt_id": " 12069", "trajectory_id": 12, "北京时间": "2026-05-11 00:00", "lon": 114.014, "lat": 29.583, "height": 164.0 }, "geometry": { "type": "Point", "coordinates": [ 114.014, 29.583 ] } },
{ "type": "Feature", "properties": { "pt_id": " 12070", "trajectory_id": 12, "北京时间": "2026-05-10 23:00", "lon": 113.997, "lat": 29.57, "height": 167.0 }, "geometry": { "type": "Point", "coordinates": [ 113.997, 29.57 ] } },
{ "type": "Feature", "properties": { "pt_id": " 12071", "trajectory_id": 12, "北京时间": "2026-05-10 22:00", "lon": 113.976, "lat": 29.561, "height": 172.0 }, "geometry": { "type": "Point", "coordinates": [ 113.976, 29.561 ] } },
{ "type": "Feature", "properties": { "pt_id": " 12072", "trajectory_id": 12, "北京时间": "2026-05-10 21:00", "lon": 113.957, "lat": 29.546, "height": 186.0 }, "geometry": { "type": "Point", "coordinates": [ 113.957, 29.546 ] } },
{ "type": "Feature", "properties": { "pt_id": " 12073", "trajectory_id": 12, "北京时间": "2026-05-10 20:00", "lon": 113.949, "lat": 29.515, "height": 221.0 }, "geometry": { "type": "Point", "coordinates": [ 113.949, 29.515 ] } },
{ "type": "Feature", "properties": { "pt_id": " 12074", "trajectory_id": 12, "北京时间": "2026-05-10 19:00", "lon": 113.956, "lat": 29.463, "height": 276.0 }, "geometry": { "type": "Point", "coordinates": [ 113.956, 29.463 ] } },
{ "type": "Feature", "properties": { "pt_id": " 12075", "trajectory_id": 12, "北京时间": "2026-05-10 18:00", "lon": 113.979, "lat": 29.394, "height": 359.0 }, "geometry": { "type": "Point", "coordinates": [ 113.979, 29.394 ] } },
{ "type": "Feature", "properties": { "pt_id": " 12076", "trajectory_id": 12, "北京时间": "2026-05-10 17:00", "lon": 114.028, "lat": 29.334, "height": 460.0 }, "geometry": { "type": "Point", "coordinates": [ 114.028, 29.334 ] } },
{ "type": "Feature", "properties": { "pt_id": " 12077", "trajectory_id": 12, "北京时间": "2026-05-10 16:00", "lon": 114.119, "lat": 29.302, "height": 602.0 }, "geometry": { "type": "Point", "coordinates": [ 114.119, 29.302 ] } },
{ "type": "Feature", "properties": { "pt_id": " 12078", "trajectory_id": 12, "北京时间": "2026-05-10 15:00", "lon": 114.249, "lat": 29.328, "height": 769.0 }, "geometry": { "type": "Point", "coordinates": [ 114.249, 29.328 ] } },
{ "type": "Feature", "properties": { "pt_id": " 12079", "trajectory_id": 12, "北京时间": "2026-05-10 14:00", "lon": 114.417, "lat": 29.398, "height": 881.0 }, "geometry": { "type": "Point", "coordinates": [ 114.417, 29.398 ] } },
{ "type": "Feature", "properties": { "pt_id": " 12080", "trajectory_id": 12, "北京时间": "2026-05-10 13:00", "lon": 114.651, "lat": 29.514, "height": 908.0 }, "geometry": { "type": "Point", "coordinates": [ 114.651, 29.514 ] } },
{ "type": "Feature", "properties": { "pt_id": " 12081", "trajectory_id": 12, "北京时间": "2026-05-10 12:00", "lon": 114.901, "lat": 29.63, "height": 901.0 }, "geometry": { "type": "Point", "coordinates": [ 114.901, 29.63 ] } },
{ "type": "Feature", "properties": { "pt_id": " 12082", "trajectory_id": 12, "北京时间": "2026-05-10 11:00", "lon": 115.163, "lat": 29.722, "height": 795.0 }, "geometry": { "type": "Point", "coordinates": [ 115.163, 29.722 ] } },
{ "type": "Feature", "properties": { "pt_id": " 12083", "trajectory_id": 12, "北京时间": "2026-05-10 10:00", "lon": 115.4, "lat": 29.818, "height": 702.0 }, "geometry": { "type": "Point", "coordinates": [ 115.4, 29.818 ] } },
{ "type": "Feature", "properties": { "pt_id": " 12084", "trajectory_id": 12, "北京时间": "2026-05-10 09:00", "lon": 115.624, "lat": 29.933, "height": 610.0 }, "geometry": { "type": "Point", "coordinates": [ 115.624, 29.933 ] } },
{ "type": "Feature", "properties": { "pt_id": " 12085", "trajectory_id": 12, "北京时间": "2026-05-10 08:00", "lon": 115.872, "lat": 30.1, "height": 691.0 }, "geometry": { "type": "Point", "coordinates": [ 115.872, 30.1 ] } },
{ "type": "Feature", "properties": { "pt_id": " 12086", "trajectory_id": 12, "北京时间": "2026-05-10 07:00", "lon": 116.116, "lat": 30.294, "height": 854.0 }, "geometry": { "type": "Point", "coordinates": [ 116.116, 30.294 ] } },
{ "type": "Feature", "properties": { "pt_id": " 12087", "trajectory_id": 12, "北京时间": "2026-05-10 06:00", "lon": 116.391, "lat": 30.506, "height": 984.0 }, "geometry": { "type": "Point", "coordinates": [ 116.391, 30.506 ] } },
{ "type": "Feature", "properties": { "pt_id": " 12088", "trajectory_id": 12, "北京时间": "2026-05-10 05:00", "lon": 116.714, "lat": 30.729, "height": 1076.0 }, "geometry": { "type": "Point", "coordinates": [ 116.714, 30.729 ] } },
{ "type": "Feature", "properties": { "pt_id": " 12089", "trajectory_id": 12, "北京时间": "2026-05-10 04:00", "lon": 117.058, "lat": 30.929, "height": 995.0 }, "geometry": { "type": "Point", "coordinates": [ 117.058, 30.929 ] } },
{ "type": "Feature", "properties": { "pt_id": " 12090", "trajectory_id": 12, "北京时间": "2026-05-10 03:00", "lon": 117.415, "lat": 31.09, "height": 908.0 }, "geometry": { "type": "Point", "coordinates": [ 117.415, 31.09 ] } },
{ "type": "Feature", "properties": { "pt_id": " 12091", "trajectory_id": 12, "北京时间": "2026-05-10 02:00", "lon": 117.77, "lat": 31.24, "height": 946.0 }, "geometry": { "type": "Point", "coordinates": [ 117.77, 31.24 ] } },
{ "type": "Feature", "properties": { "pt_id": " 12092", "trajectory_id": 12, "北京时间": "2026-05-10 01:00", "lon": 118.11, "lat": 31.408, "height": 971.0 }, "geometry": { "type": "Point", "coordinates": [ 118.11, 31.408 ] } },
{ "type": "Feature", "properties": { "pt_id": " 13000", "trajectory_id": 13, "北京时间": "2026-05-12 01:00", "lon": 113.942, "lat": 30.907, "height": 10.0 }, "geometry": { "type": "Point", "coordinates": [ 113.942, 30.907 ] } },
{ "type": "Feature", "properties": { "pt_id": " 13049", "trajectory_id": 13, "北京时间": "2026-05-12 00:00", "lon": 113.937, "lat": 30.802, "height": 5.0 }, "geometry": { "type": "Point", "coordinates": [ 113.937, 30.802 ] } },
{ "type": "Feature", "properties": { "pt_id": " 13050", "trajectory_id": 13, "北京时间": "2026-05-11 23:00", "lon": 113.931, "lat": 30.693, "height": 4.0 }, "geometry": { "type": "Point", "coordinates": [ 113.931, 30.693 ] } },
{ "type": "Feature", "properties": { "pt_id": " 13051", "trajectory_id": 13, "北京时间": "2026-05-11 22:00", "lon": 113.932, "lat": 30.59, "height": 4.0 }, "geometry": { "type": "Point", "coordinates": [ 113.932, 30.59 ] } },
{ "type": "Feature", "properties": { "pt_id": " 13052", "trajectory_id": 13, "北京时间": "2026-05-11 21:00", "lon": 113.944, "lat": 30.494, "height": 4.0 }, "geometry": { "type": "Point", "coordinates": [ 113.944, 30.494 ] } },
{ "type": "Feature", "properties": { "pt_id": " 13053", "trajectory_id": 13, "北京时间": "2026-05-11 20:00", "lon": 113.974, "lat": 30.406, "height": 4.0 }, "geometry": { "type": "Point", "coordinates": [ 113.974, 30.406 ] } },
{ "type": "Feature", "properties": { "pt_id": " 13054", "trajectory_id": 13, "北京时间": "2026-05-11 19:00", "lon": 114.014, "lat": 30.321, "height": 4.0 }, "geometry": { "type": "Point", "coordinates": [ 114.014, 30.321 ] } },
{ "type": "Feature", "properties": { "pt_id": " 13055", "trajectory_id": 13, "北京时间": "2026-05-11 18:00", "lon": 114.042, "lat": 30.231, "height": 2.0 }, "geometry": { "type": "Point", "coordinates": [ 114.042, 30.231 ] } },
{ "type": "Feature", "properties": { "pt_id": " 13056", "trajectory_id": 13, "北京时间": "2026-05-11 17:00", "lon": 114.051, "lat": 30.143, "height": 0.0 }, "geometry": { "type": "Point", "coordinates": [ 114.051, 30.143 ] } },
{ "type": "Feature", "properties": { "pt_id": " 13057", "trajectory_id": 13, "北京时间": "2026-05-11 16:00", "lon": 114.042, "lat": 30.07, "height": 0.0 }, "geometry": { "type": "Point", "coordinates": [ 114.042, 30.07 ] } },
{ "type": "Feature", "properties": { "pt_id": " 13058", "trajectory_id": 13, "北京时间": "2026-05-11 15:00", "lon": 114.022, "lat": 30.009, "height": 0.0 }, "geometry": { "type": "Point", "coordinates": [ 114.022, 30.009 ] } },
{ "type": "Feature", "properties": { "pt_id": " 13059", "trajectory_id": 13, "北京时间": "2026-05-11 14:00", "lon": 113.99, "lat": 29.954, "height": 1.0 }, "geometry": { "type": "Point", "coordinates": [ 113.99, 29.954 ] } },
{ "type": "Feature", "properties": { "pt_id": " 13060", "trajectory_id": 13, "北京时间": "2026-05-11 13:00", "lon": 113.952, "lat": 29.906, "height": 1.0 }, "geometry": { "type": "Point", "coordinates": [ 113.952, 29.906 ] } },
{ "type": "Feature", "properties": { "pt_id": " 13061", "trajectory_id": 13, "北京时间": "2026-05-11 12:00", "lon": 113.914, "lat": 29.862, "height": 2.0 }, "geometry": { "type": "Point", "coordinates": [ 113.914, 29.862 ] } },
{ "type": "Feature", "properties": { "pt_id": " 13062", "trajectory_id": 13, "北京时间": "2026-05-11 11:00", "lon": 113.88, "lat": 29.82, "height": 3.0 }, "geometry": { "type": "Point", "coordinates": [ 113.88, 29.82 ] } },
{ "type": "Feature", "properties": { "pt_id": " 13063", "trajectory_id": 13, "北京时间": "2026-05-11 10:00", "lon": 113.848, "lat": 29.783, "height": 5.0 }, "geometry": { "type": "Point", "coordinates": [ 113.848, 29.783 ] } },
{ "type": "Feature", "properties": { "pt_id": " 13064", "trajectory_id": 13, "北京时间": "2026-05-11 09:00", "lon": 113.816, "lat": 29.752, "height": 6.0 }, "geometry": { "type": "Point", "coordinates": [ 113.816, 29.752 ] } },
{ "type": "Feature", "properties": { "pt_id": " 13065", "trajectory_id": 13, "北京时间": "2026-05-11 08:00", "lon": 113.784, "lat": 29.724, "height": 6.0 }, "geometry": { "type": "Point", "coordinates": [ 113.784, 29.724 ] } },
{ "type": "Feature", "properties": { "pt_id": " 13066", "trajectory_id": 13, "北京时间": "2026-05-11 07:00", "lon": 113.756, "lat": 29.698, "height": 7.0 }, "geometry": { "type": "Point", "coordinates": [ 113.756, 29.698 ] } },
{ "type": "Feature", "properties": { "pt_id": " 13067", "trajectory_id": 13, "北京时间": "2026-05-11 06:00", "lon": 113.734, "lat": 29.673, "height": 8.0 }, "geometry": { "type": "Point", "coordinates": [ 113.734, 29.673 ] } },
{ "type": "Feature", "properties": { "pt_id": " 13068", "trajectory_id": 13, "北京时间": "2026-05-11 05:00", "lon": 113.717, "lat": 29.648, "height": 10.0 }, "geometry": { "type": "Point", "coordinates": [ 113.717, 29.648 ] } },
{ "type": "Feature", "properties": { "pt_id": " 13069", "trajectory_id": 13, "北京时间": "2026-05-11 04:00", "lon": 113.703, "lat": 29.622, "height": 12.0 }, "geometry": { "type": "Point", "coordinates": [ 113.703, 29.622 ] } },
{ "type": "Feature", "properties": { "pt_id": " 13070", "trajectory_id": 13, "北京时间": "2026-05-11 03:00", "lon": 113.688, "lat": 29.595, "height": 14.0 }, "geometry": { "type": "Point", "coordinates": [ 113.688, 29.595 ] } },
{ "type": "Feature", "properties": { "pt_id": " 13071", "trajectory_id": 13, "北京时间": "2026-05-11 02:00", "lon": 113.672, "lat": 29.57, "height": 14.0 }, "geometry": { "type": "Point", "coordinates": [ 113.672, 29.57 ] } },
{ "type": "Feature", "properties": { "pt_id": " 13072", "trajectory_id": 13, "北京时间": "2026-05-11 01:00", "lon": 113.663, "lat": 29.544, "height": 17.0 }, "geometry": { "type": "Point", "coordinates": [ 113.663, 29.544 ] } },
{ "type": "Feature", "properties": { "pt_id": " 13073", "trajectory_id": 13, "北京时间": "2026-05-11 00:00", "lon": 113.669, "lat": 29.514, "height": 28.0 }, "geometry": { "type": "Point", "coordinates": [ 113.669, 29.514 ] } },
{ "type": "Feature", "properties": { "pt_id": " 13074", "trajectory_id": 13, "北京时间": "2026-05-10 23:00", "lon": 113.693, "lat": 29.475, "height": 53.0 }, "geometry": { "type": "Point", "coordinates": [ 113.693, 29.475 ] } },
{ "type": "Feature", "properties": { "pt_id": " 13075", "trajectory_id": 13, "北京时间": "2026-05-10 22:00", "lon": 113.732, "lat": 29.43, "height": 86.0 }, "geometry": { "type": "Point", "coordinates": [ 113.732, 29.43 ] } },
{ "type": "Feature", "properties": { "pt_id": " 13076", "trajectory_id": 13, "北京时间": "2026-05-10 21:00", "lon": 113.775, "lat": 29.386, "height": 118.0 }, "geometry": { "type": "Point", "coordinates": [ 113.775, 29.386 ] } },
{ "type": "Feature", "properties": { "pt_id": " 13077", "trajectory_id": 13, "北京时间": "2026-05-10 20:00", "lon": 113.822, "lat": 29.346, "height": 154.0 }, "geometry": { "type": "Point", "coordinates": [ 113.822, 29.346 ] } },
{ "type": "Feature", "properties": { "pt_id": " 13078", "trajectory_id": 13, "北京时间": "2026-05-10 19:00", "lon": 113.87, "lat": 29.324, "height": 185.0 }, "geometry": { "type": "Point", "coordinates": [ 113.87, 29.324 ] } },
{ "type": "Feature", "properties": { "pt_id": " 13079", "trajectory_id": 13, "北京时间": "2026-05-10 18:00", "lon": 113.907, "lat": 29.331, "height": 197.0 }, "geometry": { "type": "Point", "coordinates": [ 113.907, 29.331 ] } },
{ "type": "Feature", "properties": { "pt_id": " 13080", "trajectory_id": 13, "北京时间": "2026-05-10 17:00", "lon": 113.928, "lat": 29.364, "height": 192.0 }, "geometry": { "type": "Point", "coordinates": [ 113.928, 29.364 ] } },
{ "type": "Feature", "properties": { "pt_id": " 13081", "trajectory_id": 13, "北京时间": "2026-05-10 16:00", "lon": 113.947, "lat": 29.408, "height": 182.0 }, "geometry": { "type": "Point", "coordinates": [ 113.947, 29.408 ] } },
{ "type": "Feature", "properties": { "pt_id": " 13082", "trajectory_id": 13, "北京时间": "2026-05-10 15:00", "lon": 113.979, "lat": 29.447, "height": 175.0 }, "geometry": { "type": "Point", "coordinates": [ 113.979, 29.447 ] } },
{ "type": "Feature", "properties": { "pt_id": " 13083", "trajectory_id": 13, "北京时间": "2026-05-10 14:00", "lon": 114.028, "lat": 29.484, "height": 169.0 }, "geometry": { "type": "Point", "coordinates": [ 114.028, 29.484 ] } },
{ "type": "Feature", "properties": { "pt_id": " 13084", "trajectory_id": 13, "北京时间": "2026-05-10 13:00", "lon": 114.102, "lat": 29.522, "height": 168.0 }, "geometry": { "type": "Point", "coordinates": [ 114.102, 29.522 ] } },
{ "type": "Feature", "properties": { "pt_id": " 13085", "trajectory_id": 13, "北京时间": "2026-05-10 12:00", "lon": 114.201, "lat": 29.555, "height": 171.0 }, "geometry": { "type": "Point", "coordinates": [ 114.201, 29.555 ] } },
{ "type": "Feature", "properties": { "pt_id": " 13086", "trajectory_id": 13, "北京时间": "2026-05-10 11:00", "lon": 114.331, "lat": 29.575, "height": 182.0 }, "geometry": { "type": "Point", "coordinates": [ 114.331, 29.575 ] } },
{ "type": "Feature", "properties": { "pt_id": " 13087", "trajectory_id": 13, "北京时间": "2026-05-10 10:00", "lon": 114.473, "lat": 29.584, "height": 200.0 }, "geometry": { "type": "Point", "coordinates": [ 114.473, 29.584 ] } },
{ "type": "Feature", "properties": { "pt_id": " 13088", "trajectory_id": 13, "北京时间": "2026-05-10 09:00", "lon": 114.609, "lat": 29.589, "height": 206.0 }, "geometry": { "type": "Point", "coordinates": [ 114.609, 29.589 ] } },
{ "type": "Feature", "properties": { "pt_id": " 13089", "trajectory_id": 13, "北京时间": "2026-05-10 08:00", "lon": 114.74, "lat": 29.581, "height": 252.0 }, "geometry": { "type": "Point", "coordinates": [ 114.74, 29.581 ] } },
{ "type": "Feature", "properties": { "pt_id": " 13090", "trajectory_id": 13, "北京时间": "2026-05-10 07:00", "lon": 114.883, "lat": 29.571, "height": 311.0 }, "geometry": { "type": "Point", "coordinates": [ 114.883, 29.571 ] } },
{ "type": "Feature", "properties": { "pt_id": " 13091", "trajectory_id": 13, "北京时间": "2026-05-10 06:00", "lon": 115.019, "lat": 29.574, "height": 268.0 }, "geometry": { "type": "Point", "coordinates": [ 115.019, 29.574 ] } },
{ "type": "Feature", "properties": { "pt_id": " 13092", "trajectory_id": 13, "北京时间": "2026-05-10 05:00", "lon": 115.156, "lat": 29.587, "height": 208.0 }, "geometry": { "type": "Point", "coordinates": [ 115.156, 29.587 ] } },
{ "type": "Feature", "properties": { "pt_id": " 13093", "trajectory_id": 13, "北京时间": "2026-05-10 04:00", "lon": 115.328, "lat": 29.63, "height": 164.0 }, "geometry": { "type": "Point", "coordinates": [ 115.328, 29.63 ] } },
{ "type": "Feature", "properties": { "pt_id": " 13094", "trajectory_id": 13, "北京时间": "2026-05-10 03:00", "lon": 115.524, "lat": 29.716, "height": 83.0 }, "geometry": { "type": "Point", "coordinates": [ 115.524, 29.716 ] } },
{ "type": "Feature", "properties": { "pt_id": " 13095", "trajectory_id": 13, "北京时间": "2026-05-10 02:00", "lon": 115.685, "lat": 29.812, "height": 6.0 }, "geometry": { "type": "Point", "coordinates": [ 115.685, 29.812 ] } },
{ "type": "Feature", "properties": { "pt_id": " 13096", "trajectory_id": 13, "北京时间": "2026-05-10 01:00", "lon": 115.808, "lat": 29.902, "height": 0.0 }, "geometry": { "type": "Point", "coordinates": [ 115.808, 29.902 ] } },
{ "type": "Feature", "properties": { "pt_id": " 14000", "trajectory_id": 14, "北京时间": "2026-05-12 01:00", "lon": 113.942, "lat": 30.907, "height": 10.0 }, "geometry": { "type": "Point", "coordinates": [ 113.942, 30.907 ] } },
{ "type": "Feature", "properties": { "pt_id": " 14053", "trajectory_id": 14, "北京时间": "2026-05-12 00:00", "lon": 113.916, "lat": 30.816, "height": 4.0 }, "geometry": { "type": "Point", "coordinates": [ 113.916, 30.816 ] } },
{ "type": "Feature", "properties": { "pt_id": " 14054", "trajectory_id": 14, "北京时间": "2026-05-11 23:00", "lon": 113.878, "lat": 30.723, "height": 3.0 }, "geometry": { "type": "Point", "coordinates": [ 113.878, 30.723 ] } },
{ "type": "Feature", "properties": { "pt_id": " 14055", "trajectory_id": 14, "北京时间": "2026-05-11 22:00", "lon": 113.831, "lat": 30.629, "height": 2.0 }, "geometry": { "type": "Point", "coordinates": [ 113.831, 30.629 ] } },
{ "type": "Feature", "properties": { "pt_id": " 14056", "trajectory_id": 14, "北京时间": "2026-05-11 21:00", "lon": 113.773, "lat": 30.534, "height": 2.0 }, "geometry": { "type": "Point", "coordinates": [ 113.773, 30.534 ] } },
{ "type": "Feature", "properties": { "pt_id": " 14057", "trajectory_id": 14, "北京时间": "2026-05-11 20:00", "lon": 113.706, "lat": 30.442, "height": 2.0 }, "geometry": { "type": "Point", "coordinates": [ 113.706, 30.442 ] } },
{ "type": "Feature", "properties": { "pt_id": " 14058", "trajectory_id": 14, "北京时间": "2026-05-11 19:00", "lon": 113.636, "lat": 30.359, "height": 2.0 }, "geometry": { "type": "Point", "coordinates": [ 113.636, 30.359 ] } },
{ "type": "Feature", "properties": { "pt_id": " 14059", "trajectory_id": 14, "北京时间": "2026-05-11 18:00", "lon": 113.565, "lat": 30.285, "height": 2.0 }, "geometry": { "type": "Point", "coordinates": [ 113.565, 30.285 ] } },
{ "type": "Feature", "properties": { "pt_id": " 14060", "trajectory_id": 14, "北京时间": "2026-05-11 17:00", "lon": 113.496, "lat": 30.218, "height": 2.0 }, "geometry": { "type": "Point", "coordinates": [ 113.496, 30.218 ] } },
{ "type": "Feature", "properties": { "pt_id": " 14061", "trajectory_id": 14, "北京时间": "2026-05-11 16:00", "lon": 113.431, "lat": 30.157, "height": 2.0 }, "geometry": { "type": "Point", "coordinates": [ 113.431, 30.157 ] } },
{ "type": "Feature", "properties": { "pt_id": " 14062", "trajectory_id": 14, "北京时间": "2026-05-11 15:00", "lon": 113.367, "lat": 30.094, "height": 3.0 }, "geometry": { "type": "Point", "coordinates": [ 113.367, 30.094 ] } },
{ "type": "Feature", "properties": { "pt_id": " 14063", "trajectory_id": 14, "北京时间": "2026-05-11 14:00", "lon": 113.308, "lat": 30.033, "height": 3.0 }, "geometry": { "type": "Point", "coordinates": [ 113.308, 30.033 ] } },
{ "type": "Feature", "properties": { "pt_id": " 14064", "trajectory_id": 14, "北京时间": "2026-05-11 13:00", "lon": 113.256, "lat": 29.978, "height": 3.0 }, "geometry": { "type": "Point", "coordinates": [ 113.256, 29.978 ] } },
{ "type": "Feature", "properties": { "pt_id": " 14065", "trajectory_id": 14, "北京时间": "2026-05-11 12:00", "lon": 113.209, "lat": 29.93, "height": 3.0 }, "geometry": { "type": "Point", "coordinates": [ 113.209, 29.93 ] } },
{ "type": "Feature", "properties": { "pt_id": " 14066", "trajectory_id": 14, "北京时间": "2026-05-11 11:00", "lon": 113.163, "lat": 29.882, "height": 3.0 }, "geometry": { "type": "Point", "coordinates": [ 113.163, 29.882 ] } },
{ "type": "Feature", "properties": { "pt_id": " 14067", "trajectory_id": 14, "北京时间": "2026-05-11 10:00", "lon": 113.119, "lat": 29.833, "height": 3.0 }, "geometry": { "type": "Point", "coordinates": [ 113.119, 29.833 ] } },
{ "type": "Feature", "properties": { "pt_id": " 14068", "trajectory_id": 14, "北京时间": "2026-05-11 09:00", "lon": 113.079, "lat": 29.784, "height": 3.0 }, "geometry": { "type": "Point", "coordinates": [ 113.079, 29.784 ] } },
{ "type": "Feature", "properties": { "pt_id": " 14069", "trajectory_id": 14, "北京时间": "2026-05-11 08:00", "lon": 113.041, "lat": 29.737, "height": 2.0 }, "geometry": { "type": "Point", "coordinates": [ 113.041, 29.737 ] } },
{ "type": "Feature", "properties": { "pt_id": " 14070", "trajectory_id": 14, "北京时间": "2026-05-11 07:00", "lon": 112.995, "lat": 29.69, "height": 0.0 }, "geometry": { "type": "Point", "coordinates": [ 112.995, 29.69 ] } },
{ "type": "Feature", "properties": { "pt_id": " 14071", "trajectory_id": 14, "北京时间": "2026-05-11 06:00", "lon": 112.941, "lat": 29.642, "height": 0.0 }, "geometry": { "type": "Point", "coordinates": [ 112.941, 29.642 ] } },
{ "type": "Feature", "properties": { "pt_id": " 14072", "trajectory_id": 14, "北京时间": "2026-05-11 05:00", "lon": 112.89, "lat": 29.592, "height": 0.0 }, "geometry": { "type": "Point", "coordinates": [ 112.89, 29.592 ] } },
{ "type": "Feature", "properties": { "pt_id": " 14073", "trajectory_id": 14, "北京时间": "2026-05-11 04:00", "lon": 112.856, "lat": 29.535, "height": 0.0 }, "geometry": { "type": "Point", "coordinates": [ 112.856, 29.535 ] } },
{ "type": "Feature", "properties": { "pt_id": " 14074", "trajectory_id": 14, "北京时间": "2026-05-11 03:00", "lon": 112.842, "lat": 29.468, "height": 0.0 }, "geometry": { "type": "Point", "coordinates": [ 112.842, 29.468 ] } },
{ "type": "Feature", "properties": { "pt_id": " 14075", "trajectory_id": 14, "北京时间": "2026-05-11 02:00", "lon": 112.837, "lat": 29.408, "height": 1.0 }, "geometry": { "type": "Point", "coordinates": [ 112.837, 29.408 ] } },
{ "type": "Feature", "properties": { "pt_id": " 14076", "trajectory_id": 14, "北京时间": "2026-05-11 01:00", "lon": 112.831, "lat": 29.366, "height": 3.0 }, "geometry": { "type": "Point", "coordinates": [ 112.831, 29.366 ] } },
{ "type": "Feature", "properties": { "pt_id": " 14077", "trajectory_id": 14, "北京时间": "2026-05-11 00:00", "lon": 112.822, "lat": 29.345, "height": 5.0 }, "geometry": { "type": "Point", "coordinates": [ 112.822, 29.345 ] } },
{ "type": "Feature", "properties": { "pt_id": " 14078", "trajectory_id": 14, "北京时间": "2026-05-10 23:00", "lon": 112.806, "lat": 29.345, "height": 6.0 }, "geometry": { "type": "Point", "coordinates": [ 112.806, 29.345 ] } },
{ "type": "Feature", "properties": { "pt_id": " 14079", "trajectory_id": 14, "北京时间": "2026-05-10 22:00", "lon": 112.781, "lat": 29.368, "height": 7.0 }, "geometry": { "type": "Point", "coordinates": [ 112.781, 29.368 ] } },
{ "type": "Feature", "properties": { "pt_id": " 14080", "trajectory_id": 14, "北京时间": "2026-05-10 21:00", "lon": 112.747, "lat": 29.411, "height": 7.0 }, "geometry": { "type": "Point", "coordinates": [ 112.747, 29.411 ] } },
{ "type": "Feature", "properties": { "pt_id": " 14081", "trajectory_id": 14, "北京时间": "2026-05-10 20:00", "lon": 112.714, "lat": 29.473, "height": 9.0 }, "geometry": { "type": "Point", "coordinates": [ 112.714, 29.473 ] } },
{ "type": "Feature", "properties": { "pt_id": " 14082", "trajectory_id": 14, "北京时间": "2026-05-10 19:00", "lon": 112.696, "lat": 29.547, "height": 14.0 }, "geometry": { "type": "Point", "coordinates": [ 112.696, 29.547 ] } },
{ "type": "Feature", "properties": { "pt_id": " 14083", "trajectory_id": 14, "北京时间": "2026-05-10 18:00", "lon": 112.693, "lat": 29.633, "height": 20.0 }, "geometry": { "type": "Point", "coordinates": [ 112.693, 29.633 ] } },
{ "type": "Feature", "properties": { "pt_id": " 14084", "trajectory_id": 14, "北京时间": "2026-05-10 17:00", "lon": 112.708, "lat": 29.738, "height": 22.0 }, "geometry": { "type": "Point", "coordinates": [ 112.708, 29.738 ] } },
{ "type": "Feature", "properties": { "pt_id": " 14085", "trajectory_id": 14, "北京时间": "2026-05-10 16:00", "lon": 112.74, "lat": 29.856, "height": 17.0 }, "geometry": { "type": "Point", "coordinates": [ 112.74, 29.856 ] } },
{ "type": "Feature", "properties": { "pt_id": " 14086", "trajectory_id": 14, "北京时间": "2026-05-10 15:00", "lon": 112.784, "lat": 29.976, "height": 14.0 }, "geometry": { "type": "Point", "coordinates": [ 112.784, 29.976 ] } },
{ "type": "Feature", "properties": { "pt_id": " 14087", "trajectory_id": 14, "北京时间": "2026-05-10 14:00", "lon": 112.836, "lat": 30.1, "height": 14.0 }, "geometry": { "type": "Point", "coordinates": [ 112.836, 30.1 ] } },
{ "type": "Feature", "properties": { "pt_id": " 14088", "trajectory_id": 14, "北京时间": "2026-05-10 13:00", "lon": 112.885, "lat": 30.234, "height": 13.0 }, "geometry": { "type": "Point", "coordinates": [ 112.885, 30.234 ] } },
{ "type": "Feature", "properties": { "pt_id": " 14089", "trajectory_id": 14, "北京时间": "2026-05-10 12:00", "lon": 112.919, "lat": 30.375, "height": 12.0 }, "geometry": { "type": "Point", "coordinates": [ 112.919, 30.375 ] } },
{ "type": "Feature", "properties": { "pt_id": " 14090", "trajectory_id": 14, "北京时间": "2026-05-10 11:00", "lon": 112.945, "lat": 30.507, "height": 9.0 }, "geometry": { "type": "Point", "coordinates": [ 112.945, 30.507 ] } },
{ "type": "Feature", "properties": { "pt_id": " 14091", "trajectory_id": 14, "北京时间": "2026-05-10 10:00", "lon": 112.974, "lat": 30.628, "height": 14.0 }, "geometry": { "type": "Point", "coordinates": [ 112.974, 30.628 ] } },
{ "type": "Feature", "properties": { "pt_id": " 14092", "trajectory_id": 14, "北京时间": "2026-05-10 09:00", "lon": 113.009, "lat": 30.743, "height": 34.0 }, "geometry": { "type": "Point", "coordinates": [ 113.009, 30.743 ] } },
{ "type": "Feature", "properties": { "pt_id": " 14093", "trajectory_id": 14, "北京时间": "2026-05-10 08:00", "lon": 113.104, "lat": 30.901, "height": 76.0 }, "geometry": { "type": "Point", "coordinates": [ 113.104, 30.901 ] } },
{ "type": "Feature", "properties": { "pt_id": " 14094", "trajectory_id": 14, "北京时间": "2026-05-10 07:00", "lon": 113.282, "lat": 31.139, "height": 134.0 }, "geometry": { "type": "Point", "coordinates": [ 113.282, 31.139 ] } },
{ "type": "Feature", "properties": { "pt_id": " 14095", "trajectory_id": 14, "北京时间": "2026-05-10 06:00", "lon": 113.438, "lat": 31.351, "height": 107.0 }, "geometry": { "type": "Point", "coordinates": [ 113.438, 31.351 ] } },
{ "type": "Feature", "properties": { "pt_id": " 14096", "trajectory_id": 14, "北京时间": "2026-05-10 05:00", "lon": 113.57, "lat": 31.52, "height": 66.0 }, "geometry": { "type": "Point", "coordinates": [ 113.57, 31.52 ] } },
{ "type": "Feature", "properties": { "pt_id": " 14097", "trajectory_id": 14, "北京时间": "2026-05-10 04:00", "lon": 113.728, "lat": 31.68, "height": 101.0 }, "geometry": { "type": "Point", "coordinates": [ 113.728, 31.68 ] } },
{ "type": "Feature", "properties": { "pt_id": " 14098", "trajectory_id": 14, "北京时间": "2026-05-10 03:00", "lon": 114.031, "lat": 31.917, "height": 235.0 }, "geometry": { "type": "Point", "coordinates": [ 114.031, 31.917 ] } },
{ "type": "Feature", "properties": { "pt_id": " 14099", "trajectory_id": 14, "北京时间": "2026-05-10 02:00", "lon": 114.299, "lat": 32.143, "height": 100.0 }, "geometry": { "type": "Point", "coordinates": [ 114.299, 32.143 ] } },
{ "type": "Feature", "properties": { "pt_id": " 14100", "trajectory_id": 14, "北京时间": "2026-05-10 01:00", "lon": 114.497, "lat": 32.345, "height": 83.0 }, "geometry": { "type": "Point", "coordinates": [ 114.497, 32.345 ] } },
{ "type": "Feature", "properties": { "pt_id": " 15000", "trajectory_id": 15, "北京时间": "2026-05-12 01:00", "lon": 113.942, "lat": 30.907, "height": 10.0 }, "geometry": { "type": "Point", "coordinates": [ 113.942, 30.907 ] } },
{ "type": "Feature", "properties": { "pt_id": " 15057", "trajectory_id": 15, "北京时间": "2026-05-12 00:00", "lon": 113.864, "lat": 30.812, "height": 6.0 }, "geometry": { "type": "Point", "coordinates": [ 113.864, 30.812 ] } },
{ "type": "Feature", "properties": { "pt_id": " 15058", "trajectory_id": 15, "北京时间": "2026-05-11 23:00", "lon": 113.783, "lat": 30.725, "height": 6.0 }, "geometry": { "type": "Point", "coordinates": [ 113.783, 30.725 ] } },
{ "type": "Feature", "properties": { "pt_id": " 15059", "trajectory_id": 15, "北京时间": "2026-05-11 22:00", "lon": 113.7, "lat": 30.646, "height": 6.0 }, "geometry": { "type": "Point", "coordinates": [ 113.7, 30.646 ] } },
{ "type": "Feature", "properties": { "pt_id": " 15060", "trajectory_id": 15, "北京时间": "2026-05-11 21:00", "lon": 113.617, "lat": 30.576, "height": 6.0 }, "geometry": { "type": "Point", "coordinates": [ 113.617, 30.576 ] } },
{ "type": "Feature", "properties": { "pt_id": " 15061", "trajectory_id": 15, "北京时间": "2026-05-11 20:00", "lon": 113.54, "lat": 30.515, "height": 6.0 }, "geometry": { "type": "Point", "coordinates": [ 113.54, 30.515 ] } },
{ "type": "Feature", "properties": { "pt_id": " 15062", "trajectory_id": 15, "北京时间": "2026-05-11 19:00", "lon": 113.464, "lat": 30.461, "height": 6.0 }, "geometry": { "type": "Point", "coordinates": [ 113.464, 30.461 ] } },
{ "type": "Feature", "properties": { "pt_id": " 15063", "trajectory_id": 15, "北京时间": "2026-05-11 18:00", "lon": 113.393, "lat": 30.413, "height": 6.0 }, "geometry": { "type": "Point", "coordinates": [ 113.393, 30.413 ] } },
{ "type": "Feature", "properties": { "pt_id": " 15064", "trajectory_id": 15, "北京时间": "2026-05-11 17:00", "lon": 113.328, "lat": 30.368, "height": 6.0 }, "geometry": { "type": "Point", "coordinates": [ 113.328, 30.368 ] } },
{ "type": "Feature", "properties": { "pt_id": " 15065", "trajectory_id": 15, "北京时间": "2026-05-11 16:00", "lon": 113.271, "lat": 30.327, "height": 6.0 }, "geometry": { "type": "Point", "coordinates": [ 113.271, 30.327 ] } },
{ "type": "Feature", "properties": { "pt_id": " 15066", "trajectory_id": 15, "北京时间": "2026-05-11 15:00", "lon": 113.215, "lat": 30.289, "height": 6.0 }, "geometry": { "type": "Point", "coordinates": [ 113.215, 30.289 ] } },
{ "type": "Feature", "properties": { "pt_id": " 15067", "trajectory_id": 15, "北京时间": "2026-05-11 14:00", "lon": 113.152, "lat": 30.256, "height": 6.0 }, "geometry": { "type": "Point", "coordinates": [ 113.152, 30.256 ] } },
{ "type": "Feature", "properties": { "pt_id": " 15068", "trajectory_id": 15, "北京时间": "2026-05-11 13:00", "lon": 113.081, "lat": 30.223, "height": 6.0 }, "geometry": { "type": "Point", "coordinates": [ 113.081, 30.223 ] } },
{ "type": "Feature", "properties": { "pt_id": " 15069", "trajectory_id": 15, "北京时间": "2026-05-11 12:00", "lon": 113.007, "lat": 30.19, "height": 5.0 }, "geometry": { "type": "Point", "coordinates": [ 113.007, 30.19 ] } },
{ "type": "Feature", "properties": { "pt_id": " 15070", "trajectory_id": 15, "北京时间": "2026-05-11 11:00", "lon": 112.93, "lat": 30.158, "height": 3.0 }, "geometry": { "type": "Point", "coordinates": [ 112.93, 30.158 ] } },
{ "type": "Feature", "properties": { "pt_id": " 15071", "trajectory_id": 15, "北京时间": "2026-05-11 10:00", "lon": 112.848, "lat": 30.125, "height": 0.0 }, "geometry": { "type": "Point", "coordinates": [ 112.848, 30.125 ] } },
{ "type": "Feature", "properties": { "pt_id": " 15072", "trajectory_id": 15, "北京时间": "2026-05-11 09:00", "lon": 112.76, "lat": 30.094, "height": 0.0 }, "geometry": { "type": "Point", "coordinates": [ 112.76, 30.094 ] } },
{ "type": "Feature", "properties": { "pt_id": " 15073", "trajectory_id": 15, "北京时间": "2026-05-11 08:00", "lon": 112.671, "lat": 30.071, "height": 0.0 }, "geometry": { "type": "Point", "coordinates": [ 112.671, 30.071 ] } },
{ "type": "Feature", "properties": { "pt_id": " 15074", "trajectory_id": 15, "北京时间": "2026-05-11 07:00", "lon": 112.576, "lat": 30.059, "height": 4.0 }, "geometry": { "type": "Point", "coordinates": [ 112.576, 30.059 ] } },
{ "type": "Feature", "properties": { "pt_id": " 15075", "trajectory_id": 15, "北京时间": "2026-05-11 06:00", "lon": 112.477, "lat": 30.042, "height": 11.0 }, "geometry": { "type": "Point", "coordinates": [ 112.477, 30.042 ] } },
{ "type": "Feature", "properties": { "pt_id": " 15076", "trajectory_id": 15, "北京时间": "2026-05-11 05:00", "lon": 112.386, "lat": 29.997, "height": 15.0 }, "geometry": { "type": "Point", "coordinates": [ 112.386, 29.997 ] } },
{ "type": "Feature", "properties": { "pt_id": " 15077", "trajectory_id": 15, "北京时间": "2026-05-11 04:00", "lon": 112.325, "lat": 29.923, "height": 15.0 }, "geometry": { "type": "Point", "coordinates": [ 112.325, 29.923 ] } },
{ "type": "Feature", "properties": { "pt_id": " 15078", "trajectory_id": 15, "北京时间": "2026-05-11 03:00", "lon": 112.293, "lat": 29.854, "height": 15.0 }, "geometry": { "type": "Point", "coordinates": [ 112.293, 29.854 ] } },
{ "type": "Feature", "properties": { "pt_id": " 15079", "trajectory_id": 15, "北京时间": "2026-05-11 02:00", "lon": 112.263, "lat": 29.83, "height": 18.0 }, "geometry": { "type": "Point", "coordinates": [ 112.263, 29.83 ] } },
{ "type": "Feature", "properties": { "pt_id": " 15080", "trajectory_id": 15, "北京时间": "2026-05-11 01:00", "lon": 112.221, "lat": 29.856, "height": 24.0 }, "geometry": { "type": "Point", "coordinates": [ 112.221, 29.856 ] } },
{ "type": "Feature", "properties": { "pt_id": " 15081", "trajectory_id": 15, "北京时间": "2026-05-11 00:00", "lon": 112.17, "lat": 29.912, "height": 31.0 }, "geometry": { "type": "Point", "coordinates": [ 112.17, 29.912 ] } },
{ "type": "Feature", "properties": { "pt_id": " 15082", "trajectory_id": 15, "北京时间": "2026-05-10 23:00", "lon": 112.115, "lat": 29.995, "height": 35.0 }, "geometry": { "type": "Point", "coordinates": [ 112.115, 29.995 ] } },
{ "type": "Feature", "properties": { "pt_id": " 15083", "trajectory_id": 15, "北京时间": "2026-05-10 22:00", "lon": 112.057, "lat": 30.102, "height": 40.0 }, "geometry": { "type": "Point", "coordinates": [ 112.057, 30.102 ] } },
{ "type": "Feature", "properties": { "pt_id": " 15084", "trajectory_id": 15, "北京时间": "2026-05-10 21:00", "lon": 112.014, "lat": 30.21, "height": 52.0 }, "geometry": { "type": "Point", "coordinates": [ 112.014, 30.21 ] } },
{ "type": "Feature", "properties": { "pt_id": " 15085", "trajectory_id": 15, "北京时间": "2026-05-10 20:00", "lon": 112.013, "lat": 30.328, "height": 63.0 }, "geometry": { "type": "Point", "coordinates": [ 112.013, 30.328 ] } },
{ "type": "Feature", "properties": { "pt_id": " 15086", "trajectory_id": 15, "北京时间": "2026-05-10 19:00", "lon": 112.055, "lat": 30.474, "height": 76.0 }, "geometry": { "type": "Point", "coordinates": [ 112.055, 30.474 ] } },
{ "type": "Feature", "properties": { "pt_id": " 15087", "trajectory_id": 15, "北京时间": "2026-05-10 18:00", "lon": 112.126, "lat": 30.66, "height": 92.0 }, "geometry": { "type": "Point", "coordinates": [ 112.126, 30.66 ] } },
{ "type": "Feature", "properties": { "pt_id": " 15088", "trajectory_id": 15, "北京时间": "2026-05-10 17:00", "lon": 112.23, "lat": 30.885, "height": 124.0 }, "geometry": { "type": "Point", "coordinates": [ 112.23, 30.885 ] } },
{ "type": "Feature", "properties": { "pt_id": " 15089", "trajectory_id": 15, "北京时间": "2026-05-10 16:00", "lon": 112.352, "lat": 31.14, "height": 180.0 }, "geometry": { "type": "Point", "coordinates": [ 112.352, 31.14 ] } },
{ "type": "Feature", "properties": { "pt_id": " 15090", "trajectory_id": 15, "北京时间": "2026-05-10 15:00", "lon": 112.489, "lat": 31.372, "height": 204.0 }, "geometry": { "type": "Point", "coordinates": [ 112.489, 31.372 ] } },
{ "type": "Feature", "properties": { "pt_id": " 15091", "trajectory_id": 15, "北京时间": "2026-05-10 14:00", "lon": 112.695, "lat": 31.568, "height": 320.0 }, "geometry": { "type": "Point", "coordinates": [ 112.695, 31.568 ] } },
{ "type": "Feature", "properties": { "pt_id": " 15092", "trajectory_id": 15, "北京时间": "2026-05-10 13:00", "lon": 112.976, "lat": 31.758, "height": 422.0 }, "geometry": { "type": "Point", "coordinates": [ 112.976, 31.758 ] } },
{ "type": "Feature", "properties": { "pt_id": " 15093", "trajectory_id": 15, "北京时间": "2026-05-10 12:00", "lon": 113.265, "lat": 31.948, "height": 425.0 }, "geometry": { "type": "Point", "coordinates": [ 113.265, 31.948 ] } },
{ "type": "Feature", "properties": { "pt_id": " 15094", "trajectory_id": 15, "北京时间": "2026-05-10 11:00", "lon": 113.59, "lat": 32.165, "height": 542.0 }, "geometry": { "type": "Point", "coordinates": [ 113.59, 32.165 ] } },
{ "type": "Feature", "properties": { "pt_id": " 15095", "trajectory_id": 15, "北京时间": "2026-05-10 10:00", "lon": 113.924, "lat": 32.38, "height": 416.0 }, "geometry": { "type": "Point", "coordinates": [ 113.924, 32.38 ] } },
{ "type": "Feature", "properties": { "pt_id": " 15096", "trajectory_id": 15, "北京时间": "2026-05-10 09:00", "lon": 114.237, "lat": 32.603, "height": 410.0 }, "geometry": { "type": "Point", "coordinates": [ 114.237, 32.603 ] } },
{ "type": "Feature", "properties": { "pt_id": " 15097", "trajectory_id": 15, "北京时间": "2026-05-10 08:00", "lon": 114.549, "lat": 32.843, "height": 376.0 }, "geometry": { "type": "Point", "coordinates": [ 114.549, 32.843 ] } },
{ "type": "Feature", "properties": { "pt_id": " 15098", "trajectory_id": 15, "北京时间": "2026-05-10 07:00", "lon": 114.845, "lat": 33.094, "height": 412.0 }, "geometry": { "type": "Point", "coordinates": [ 114.845, 33.094 ] } },
{ "type": "Feature", "properties": { "pt_id": " 15099", "trajectory_id": 15, "北京时间": "2026-05-10 06:00", "lon": 115.124, "lat": 33.375, "height": 461.0 }, "geometry": { "type": "Point", "coordinates": [ 115.124, 33.375 ] } },
{ "type": "Feature", "properties": { "pt_id": " 15100", "trajectory_id": 15, "北京时间": "2026-05-10 05:00", "lon": 115.381, "lat": 33.677, "height": 522.0 }, "geometry": { "type": "Point", "coordinates": [ 115.381, 33.677 ] } },
{ "type": "Feature", "properties": { "pt_id": " 15101", "trajectory_id": 15, "北京时间": "2026-05-10 04:00", "lon": 115.62, "lat": 34.008, "height": 589.0 }, "geometry": { "type": "Point", "coordinates": [ 115.62, 34.008 ] } },
{ "type": "Feature", "properties": { "pt_id": " 15102", "trajectory_id": 15, "北京时间": "2026-05-10 03:00", "lon": 115.821, "lat": 34.367, "height": 672.0 }, "geometry": { "type": "Point", "coordinates": [ 115.821, 34.367 ] } },
{ "type": "Feature", "properties": { "pt_id": " 15103", "trajectory_id": 15, "北京时间": "2026-05-10 02:00", "lon": 115.966, "lat": 34.744, "height": 794.0 }, "geometry": { "type": "Point", "coordinates": [ 115.966, 34.744 ] } },
{ "type": "Feature", "properties": { "pt_id": " 15104", "trajectory_id": 15, "北京时间": "2026-05-10 01:00", "lon": 116.061, "lat": 35.131, "height": 934.0 }, "geometry": { "type": "Point", "coordinates": [ 116.061, 35.131 ] } },
{ "type": "Feature", "properties": { "pt_id": " 16000", "trajectory_id": 16, "北京时间": "2026-05-12 01:00", "lon": 113.942, "lat": 30.907, "height": 10.0 }, "geometry": { "type": "Point", "coordinates": [ 113.942, 30.907 ] } },
{ "type": "Feature", "properties": { "pt_id": " 16061", "trajectory_id": 16, "北京时间": "2026-05-12 00:00", "lon": 113.863, "lat": 30.831, "height": 10.0 }, "geometry": { "type": "Point", "coordinates": [ 113.863, 30.831 ] } },
{ "type": "Feature", "properties": { "pt_id": " 16062", "trajectory_id": 16, "北京时间": "2026-05-11 23:00", "lon": 113.787, "lat": 30.766, "height": 10.0 }, "geometry": { "type": "Point", "coordinates": [ 113.787, 30.766 ] } },
{ "type": "Feature", "properties": { "pt_id": " 16063", "trajectory_id": 16, "北京时间": "2026-05-11 22:00", "lon": 113.718, "lat": 30.711, "height": 10.0 }, "geometry": { "type": "Point", "coordinates": [ 113.718, 30.711 ] } },
{ "type": "Feature", "properties": { "pt_id": " 16064", "trajectory_id": 16, "北京时间": "2026-05-11 21:00", "lon": 113.659, "lat": 30.66, "height": 10.0 }, "geometry": { "type": "Point", "coordinates": [ 113.659, 30.66 ] } },
{ "type": "Feature", "properties": { "pt_id": " 16065", "trajectory_id": 16, "北京时间": "2026-05-11 20:00", "lon": 113.608, "lat": 30.614, "height": 10.0 }, "geometry": { "type": "Point", "coordinates": [ 113.608, 30.614 ] } },
{ "type": "Feature", "properties": { "pt_id": " 16066", "trajectory_id": 16, "北京时间": "2026-05-11 19:00", "lon": 113.555, "lat": 30.576, "height": 10.0 }, "geometry": { "type": "Point", "coordinates": [ 113.555, 30.576 ] } },
{ "type": "Feature", "properties": { "pt_id": " 16067", "trajectory_id": 16, "北京时间": "2026-05-11 18:00", "lon": 113.491, "lat": 30.548, "height": 10.0 }, "geometry": { "type": "Point", "coordinates": [ 113.491, 30.548 ] } },
{ "type": "Feature", "properties": { "pt_id": " 16068", "trajectory_id": 16, "北京时间": "2026-05-11 17:00", "lon": 113.416, "lat": 30.526, "height": 10.0 }, "geometry": { "type": "Point", "coordinates": [ 113.416, 30.526 ] } },
{ "type": "Feature", "properties": { "pt_id": " 16069", "trajectory_id": 16, "北京时间": "2026-05-11 16:00", "lon": 113.338, "lat": 30.508, "height": 10.0 }, "geometry": { "type": "Point", "coordinates": [ 113.338, 30.508 ] } },
{ "type": "Feature", "properties": { "pt_id": " 16070", "trajectory_id": 16, "北京时间": "2026-05-11 15:00", "lon": 113.258, "lat": 30.496, "height": 10.0 }, "geometry": { "type": "Point", "coordinates": [ 113.258, 30.496 ] } },
{ "type": "Feature", "properties": { "pt_id": " 16071", "trajectory_id": 16, "北京时间": "2026-05-11 14:00", "lon": 113.178, "lat": 30.493, "height": 10.0 }, "geometry": { "type": "Point", "coordinates": [ 113.178, 30.493 ] } },
{ "type": "Feature", "properties": { "pt_id": " 16072", "trajectory_id": 16, "北京时间": "2026-05-11 13:00", "lon": 113.097, "lat": 30.491, "height": 9.0 }, "geometry": { "type": "Point", "coordinates": [ 113.097, 30.491 ] } },
{ "type": "Feature", "properties": { "pt_id": " 16073", "trajectory_id": 16, "北京时间": "2026-05-11 12:00", "lon": 113.02, "lat": 30.483, "height": 6.0 }, "geometry": { "type": "Point", "coordinates": [ 113.02, 30.483 ] } },
{ "type": "Feature", "properties": { "pt_id": " 16074", "trajectory_id": 16, "北京时间": "2026-05-11 11:00", "lon": 112.944, "lat": 30.473, "height": 3.0 }, "geometry": { "type": "Point", "coordinates": [ 112.944, 30.473 ] } },
{ "type": "Feature", "properties": { "pt_id": " 16075", "trajectory_id": 16, "北京时间": "2026-05-11 10:00", "lon": 112.866, "lat": 30.457, "height": 2.0 }, "geometry": { "type": "Point", "coordinates": [ 112.866, 30.457 ] } },
{ "type": "Feature", "properties": { "pt_id": " 16076", "trajectory_id": 16, "北京时间": "2026-05-11 09:00", "lon": 112.791, "lat": 30.434, "height": 2.0 }, "geometry": { "type": "Point", "coordinates": [ 112.791, 30.434 ] } },
{ "type": "Feature", "properties": { "pt_id": " 16077", "trajectory_id": 16, "北京时间": "2026-05-11 08:00", "lon": 112.726, "lat": 30.403, "height": 1.0 }, "geometry": { "type": "Point", "coordinates": [ 112.726, 30.403 ] } },
{ "type": "Feature", "properties": { "pt_id": " 16078", "trajectory_id": 16, "北京时间": "2026-05-11 07:00", "lon": 112.675, "lat": 30.374, "height": 0.0 }, "geometry": { "type": "Point", "coordinates": [ 112.675, 30.374 ] } },
{ "type": "Feature", "properties": { "pt_id": " 16079", "trajectory_id": 16, "北京时间": "2026-05-11 06:00", "lon": 112.639, "lat": 30.356, "height": 0.0 }, "geometry": { "type": "Point", "coordinates": [ 112.639, 30.356 ] } },
{ "type": "Feature", "properties": { "pt_id": " 16080", "trajectory_id": 16, "北京时间": "2026-05-11 05:00", "lon": 112.614, "lat": 30.349, "height": 0.0 }, "geometry": { "type": "Point", "coordinates": [ 112.614, 30.349 ] } },
{ "type": "Feature", "properties": { "pt_id": " 16081", "trajectory_id": 16, "北京时间": "2026-05-11 04:00", "lon": 112.599, "lat": 30.359, "height": 0.0 }, "geometry": { "type": "Point", "coordinates": [ 112.599, 30.359 ] } },
{ "type": "Feature", "properties": { "pt_id": " 16082", "trajectory_id": 16, "北京时间": "2026-05-11 03:00", "lon": 112.595, "lat": 30.392, "height": 2.0 }, "geometry": { "type": "Point", "coordinates": [ 112.595, 30.392 ] } },
{ "type": "Feature", "properties": { "pt_id": " 16083", "trajectory_id": 16, "北京时间": "2026-05-11 02:00", "lon": 112.609, "lat": 30.443, "height": 4.0 }, "geometry": { "type": "Point", "coordinates": [ 112.609, 30.443 ] } },
{ "type": "Feature", "properties": { "pt_id": " 16084", "trajectory_id": 16, "北京时间": "2026-05-11 01:00", "lon": 112.648, "lat": 30.512, "height": 6.0 }, "geometry": { "type": "Point", "coordinates": [ 112.648, 30.512 ] } },
{ "type": "Feature", "properties": { "pt_id": " 16085", "trajectory_id": 16, "北京时间": "2026-05-11 00:00", "lon": 112.709, "lat": 30.6, "height": 8.0 }, "geometry": { "type": "Point", "coordinates": [ 112.709, 30.6 ] } },
{ "type": "Feature", "properties": { "pt_id": " 16086", "trajectory_id": 16, "北京时间": "2026-05-10 23:00", "lon": 112.767, "lat": 30.705, "height": 9.0 }, "geometry": { "type": "Point", "coordinates": [ 112.767, 30.705 ] } },
{ "type": "Feature", "properties": { "pt_id": " 16087", "trajectory_id": 16, "北京时间": "2026-05-10 22:00", "lon": 112.807, "lat": 30.825, "height": 18.0 }, "geometry": { "type": "Point", "coordinates": [ 112.807, 30.825 ] } },
{ "type": "Feature", "properties": { "pt_id": " 16088", "trajectory_id": 16, "北京时间": "2026-05-10 21:00", "lon": 112.86, "lat": 30.982, "height": 59.0 }, "geometry": { "type": "Point", "coordinates": [ 112.86, 30.982 ] } },
{ "type": "Feature", "properties": { "pt_id": " 16089", "trajectory_id": 16, "北京时间": "2026-05-10 20:00", "lon": 112.961, "lat": 31.19, "height": 179.0 }, "geometry": { "type": "Point", "coordinates": [ 112.961, 31.19 ] } },
{ "type": "Feature", "properties": { "pt_id": " 16090", "trajectory_id": 16, "北京时间": "2026-05-10 19:00", "lon": 113.167, "lat": 31.449, "height": 372.0 }, "geometry": { "type": "Point", "coordinates": [ 113.167, 31.449 ] } },
{ "type": "Feature", "properties": { "pt_id": " 16091", "trajectory_id": 16, "北京时间": "2026-05-10 18:00", "lon": 113.405, "lat": 31.696, "height": 349.0 }, "geometry": { "type": "Point", "coordinates": [ 113.405, 31.696 ] } },
{ "type": "Feature", "properties": { "pt_id": " 16092", "trajectory_id": 16, "北京时间": "2026-05-10 17:00", "lon": 113.701, "lat": 31.93, "height": 499.0 }, "geometry": { "type": "Point", "coordinates": [ 113.701, 31.93 ] } },
{ "type": "Feature", "properties": { "pt_id": " 16093", "trajectory_id": 16, "北京时间": "2026-05-10 16:00", "lon": 114.052, "lat": 32.159, "height": 528.0 }, "geometry": { "type": "Point", "coordinates": [ 114.052, 32.159 ] } },
{ "type": "Feature", "properties": { "pt_id": " 16094", "trajectory_id": 16, "北京时间": "2026-05-10 15:00", "lon": 114.379, "lat": 32.361, "height": 482.0 }, "geometry": { "type": "Point", "coordinates": [ 114.379, 32.361 ] } },
{ "type": "Feature", "properties": { "pt_id": " 16095", "trajectory_id": 16, "北京时间": "2026-05-10 14:00", "lon": 114.704, "lat": 32.597, "height": 428.0 }, "geometry": { "type": "Point", "coordinates": [ 114.704, 32.597 ] } },
{ "type": "Feature", "properties": { "pt_id": " 16096", "trajectory_id": 16, "北京时间": "2026-05-10 13:00", "lon": 115.041, "lat": 32.873, "height": 400.0 }, "geometry": { "type": "Point", "coordinates": [ 115.041, 32.873 ] } },
{ "type": "Feature", "properties": { "pt_id": " 16097", "trajectory_id": 16, "北京时间": "2026-05-10 12:00", "lon": 115.384, "lat": 33.147, "height": 434.0 }, "geometry": { "type": "Point", "coordinates": [ 115.384, 33.147 ] } },
{ "type": "Feature", "properties": { "pt_id": " 16098", "trajectory_id": 16, "北京时间": "2026-05-10 11:00", "lon": 115.667, "lat": 33.446, "height": 507.0 }, "geometry": { "type": "Point", "coordinates": [ 115.667, 33.446 ] } },
{ "type": "Feature", "properties": { "pt_id": " 16099", "trajectory_id": 16, "北京时间": "2026-05-10 10:00", "lon": 115.924, "lat": 33.795, "height": 538.0 }, "geometry": { "type": "Point", "coordinates": [ 115.924, 33.795 ] } },
{ "type": "Feature", "properties": { "pt_id": " 16100", "trajectory_id": 16, "北京时间": "2026-05-10 09:00", "lon": 116.161, "lat": 34.153, "height": 628.0 }, "geometry": { "type": "Point", "coordinates": [ 116.161, 34.153 ] } },
{ "type": "Feature", "properties": { "pt_id": " 16101", "trajectory_id": 16, "北京时间": "2026-05-10 08:00", "lon": 116.34, "lat": 34.499, "height": 840.0 }, "geometry": { "type": "Point", "coordinates": [ 116.34, 34.499 ] } },
{ "type": "Feature", "properties": { "pt_id": " 16102", "trajectory_id": 16, "北京时间": "2026-05-10 07:00", "lon": 116.485, "lat": 34.833, "height": 1022.0 }, "geometry": { "type": "Point", "coordinates": [ 116.485, 34.833 ] } },
{ "type": "Feature", "properties": { "pt_id": " 16103", "trajectory_id": 16, "北京时间": "2026-05-10 06:00", "lon": 116.589, "lat": 35.179, "height": 1142.0 }, "geometry": { "type": "Point", "coordinates": [ 116.589, 35.179 ] } },
{ "type": "Feature", "properties": { "pt_id": " 16104", "trajectory_id": 16, "北京时间": "2026-05-10 05:00", "lon": 116.658, "lat": 35.538, "height": 1288.0 }, "geometry": { "type": "Point", "coordinates": [ 116.658, 35.538 ] } },
{ "type": "Feature", "properties": { "pt_id": " 16105", "trajectory_id": 16, "北京时间": "2026-05-10 04:00", "lon": 116.699, "lat": 35.895, "height": 1482.0 }, "geometry": { "type": "Point", "coordinates": [ 116.699, 35.895 ] } },
{ "type": "Feature", "properties": { "pt_id": " 16106", "trajectory_id": 16, "北京时间": "2026-05-10 03:00", "lon": 116.72, "lat": 36.261, "height": 1652.0 }, "geometry": { "type": "Point", "coordinates": [ 116.72, 36.261 ] } },
{ "type": "Feature", "properties": { "pt_id": " 16107", "trajectory_id": 16, "北京时间": "2026-05-10 02:00", "lon": 116.74, "lat": 36.633, "height": 1708.0 }, "geometry": { "type": "Point", "coordinates": [ 116.74, 36.633 ] } },
{ "type": "Feature", "properties": { "pt_id": " 16108", "trajectory_id": 16, "北京时间": "2026-05-10 01:00", "lon": 116.75, "lat": 36.992, "height": 1755.0 }, "geometry": { "type": "Point", "coordinates": [ 116.75, 36.992 ] } },
{ "type": "Feature", "properties": { "pt_id": " 17000", "trajectory_id": 17, "北京时间": "2026-05-12 01:00", "lon": 113.942, "lat": 30.907, "height": 10.0 }, "geometry": { "type": "Point", "coordinates": [ 113.942, 30.907 ] } },
{ "type": "Feature", "properties": { "pt_id": " 17065", "trajectory_id": 17, "北京时间": "2026-05-12 00:00", "lon": 113.908, "lat": 30.84, "height": 10.0 }, "geometry": { "type": "Point", "coordinates": [ 113.908, 30.84 ] } },
{ "type": "Feature", "properties": { "pt_id": " 17066", "trajectory_id": 17, "北京时间": "2026-05-11 23:00", "lon": 113.873, "lat": 30.781, "height": 10.0 }, "geometry": { "type": "Point", "coordinates": [ 113.873, 30.781 ] } },
{ "type": "Feature", "properties": { "pt_id": " 17067", "trajectory_id": 17, "北京时间": "2026-05-11 22:00", "lon": 113.827, "lat": 30.733, "height": 10.0 }, "geometry": { "type": "Point", "coordinates": [ 113.827, 30.733 ] } },
{ "type": "Feature", "properties": { "pt_id": " 17068", "trajectory_id": 17, "北京时间": "2026-05-11 21:00", "lon": 113.772, "lat": 30.695, "height": 10.0 }, "geometry": { "type": "Point", "coordinates": [ 113.772, 30.695 ] } },
{ "type": "Feature", "properties": { "pt_id": " 17069", "trajectory_id": 17, "北京时间": "2026-05-11 20:00", "lon": 113.71, "lat": 30.661, "height": 10.0 }, "geometry": { "type": "Point", "coordinates": [ 113.71, 30.661 ] } },
{ "type": "Feature", "properties": { "pt_id": " 17070", "trajectory_id": 17, "北京时间": "2026-05-11 19:00", "lon": 113.639, "lat": 30.626, "height": 9.0 }, "geometry": { "type": "Point", "coordinates": [ 113.639, 30.626 ] } },
{ "type": "Feature", "properties": { "pt_id": " 17071", "trajectory_id": 17, "北京时间": "2026-05-11 18:00", "lon": 113.564, "lat": 30.592, "height": 8.0 }, "geometry": { "type": "Point", "coordinates": [ 113.564, 30.592 ] } },
{ "type": "Feature", "properties": { "pt_id": " 17072", "trajectory_id": 17, "北京时间": "2026-05-11 17:00", "lon": 113.488, "lat": 30.559, "height": 6.0 }, "geometry": { "type": "Point", "coordinates": [ 113.488, 30.559 ] } },
{ "type": "Feature", "properties": { "pt_id": " 17073", "trajectory_id": 17, "北京时间": "2026-05-11 16:00", "lon": 113.417, "lat": 30.524, "height": 4.0 }, "geometry": { "type": "Point", "coordinates": [ 113.417, 30.524 ] } },
{ "type": "Feature", "properties": { "pt_id": " 17074", "trajectory_id": 17, "北京时间": "2026-05-11 15:00", "lon": 113.352, "lat": 30.482, "height": 0.0 }, "geometry": { "type": "Point", "coordinates": [ 113.352, 30.482 ] } },
{ "type": "Feature", "properties": { "pt_id": " 17075", "trajectory_id": 17, "北京时间": "2026-05-11 14:00", "lon": 113.294, "lat": 30.439, "height": 0.0 }, "geometry": { "type": "Point", "coordinates": [ 113.294, 30.439 ] } },
{ "type": "Feature", "properties": { "pt_id": " 17076", "trajectory_id": 17, "北京时间": "2026-05-11 13:00", "lon": 113.246, "lat": 30.398, "height": 0.0 }, "geometry": { "type": "Point", "coordinates": [ 113.246, 30.398 ] } },
{ "type": "Feature", "properties": { "pt_id": " 17077", "trajectory_id": 17, "北京时间": "2026-05-11 12:00", "lon": 113.207, "lat": 30.359, "height": 0.0 }, "geometry": { "type": "Point", "coordinates": [ 113.207, 30.359 ] } },
{ "type": "Feature", "properties": { "pt_id": " 17078", "trajectory_id": 17, "北京时间": "2026-05-11 11:00", "lon": 113.18, "lat": 30.338, "height": 2.0 }, "geometry": { "type": "Point", "coordinates": [ 113.18, 30.338 ] } },
{ "type": "Feature", "properties": { "pt_id": " 17079", "trajectory_id": 17, "北京时间": "2026-05-11 10:00", "lon": 113.172, "lat": 30.347, "height": 4.0 }, "geometry": { "type": "Point", "coordinates": [ 113.172, 30.347 ] } },
{ "type": "Feature", "properties": { "pt_id": " 17080", "trajectory_id": 17, "北京时间": "2026-05-11 09:00", "lon": 113.185, "lat": 30.383, "height": 7.0 }, "geometry": { "type": "Point", "coordinates": [ 113.185, 30.383 ] } },
{ "type": "Feature", "properties": { "pt_id": " 17081", "trajectory_id": 17, "北京时间": "2026-05-11 08:00", "lon": 113.219, "lat": 30.439, "height": 10.0 }, "geometry": { "type": "Point", "coordinates": [ 113.219, 30.439 ] } },
{ "type": "Feature", "properties": { "pt_id": " 17082", "trajectory_id": 17, "北京时间": "2026-05-11 07:00", "lon": 113.274, "lat": 30.509, "height": 12.0 }, "geometry": { "type": "Point", "coordinates": [ 113.274, 30.509 ] } },
{ "type": "Feature", "properties": { "pt_id": " 17083", "trajectory_id": 17, "北京时间": "2026-05-11 06:00", "lon": 113.356, "lat": 30.601, "height": 12.0 }, "geometry": { "type": "Point", "coordinates": [ 113.356, 30.601 ] } },
{ "type": "Feature", "properties": { "pt_id": " 17084", "trajectory_id": 17, "北京时间": "2026-05-11 05:00", "lon": 113.463, "lat": 30.717, "height": 13.0 }, "geometry": { "type": "Point", "coordinates": [ 113.463, 30.717 ] } },
{ "type": "Feature", "properties": { "pt_id": " 17085", "trajectory_id": 17, "北京时间": "2026-05-11 04:00", "lon": 113.569, "lat": 30.865, "height": 15.0 }, "geometry": { "type": "Point", "coordinates": [ 113.569, 30.865 ] } },
{ "type": "Feature", "properties": { "pt_id": " 17086", "trajectory_id": 17, "北京时间": "2026-05-11 03:00", "lon": 113.645, "lat": 31.046, "height": 19.0 }, "geometry": { "type": "Point", "coordinates": [ 113.645, 31.046 ] } },
{ "type": "Feature", "properties": { "pt_id": " 17087", "trajectory_id": 17, "北京时间": "2026-05-11 02:00", "lon": 113.703, "lat": 31.239, "height": 40.0 }, "geometry": { "type": "Point", "coordinates": [ 113.703, 31.239 ] } },
{ "type": "Feature", "properties": { "pt_id": " 17088", "trajectory_id": 17, "北京时间": "2026-05-11 01:00", "lon": 113.752, "lat": 31.431, "height": 73.0 }, "geometry": { "type": "Point", "coordinates": [ 113.752, 31.431 ] } },
{ "type": "Feature", "properties": { "pt_id": " 17089", "trajectory_id": 17, "北京时间": "2026-05-11 00:00", "lon": 113.8, "lat": 31.614, "height": 125.0 }, "geometry": { "type": "Point", "coordinates": [ 113.8, 31.614 ] } },
{ "type": "Feature", "properties": { "pt_id": " 17090", "trajectory_id": 17, "北京时间": "2026-05-10 23:00", "lon": 113.906, "lat": 31.801, "height": 267.0 }, "geometry": { "type": "Point", "coordinates": [ 113.906, 31.801 ] } },
{ "type": "Feature", "properties": { "pt_id": " 17091", "trajectory_id": 17, "北京时间": "2026-05-10 22:00", "lon": 114.094, "lat": 31.992, "height": 232.0 }, "geometry": { "type": "Point", "coordinates": [ 114.094, 31.992 ] } },
{ "type": "Feature", "properties": { "pt_id": " 17092", "trajectory_id": 17, "北京时间": "2026-05-10 21:00", "lon": 114.248, "lat": 32.164, "height": 108.0 }, "geometry": { "type": "Point", "coordinates": [ 114.248, 32.164 ] } },
{ "type": "Feature", "properties": { "pt_id": " 17093", "trajectory_id": 17, "北京时间": "2026-05-10 20:00", "lon": 114.376, "lat": 32.337, "height": 77.0 }, "geometry": { "type": "Point", "coordinates": [ 114.376, 32.337 ] } },
{ "type": "Feature", "properties": { "pt_id": " 17094", "trajectory_id": 17, "北京时间": "2026-05-10 19:00", "lon": 114.508, "lat": 32.497, "height": 68.0 }, "geometry": { "type": "Point", "coordinates": [ 114.508, 32.497 ] } },
{ "type": "Feature", "properties": { "pt_id": " 17095", "trajectory_id": 17, "北京时间": "2026-05-10 18:00", "lon": 114.65, "lat": 32.662, "height": 57.0 }, "geometry": { "type": "Point", "coordinates": [ 114.65, 32.662 ] } },
{ "type": "Feature", "properties": { "pt_id": " 17096", "trajectory_id": 17, "北京时间": "2026-05-10 17:00", "lon": 114.796, "lat": 32.832, "height": 51.0 }, "geometry": { "type": "Point", "coordinates": [ 114.796, 32.832 ] } },
{ "type": "Feature", "properties": { "pt_id": " 17097", "trajectory_id": 17, "北京时间": "2026-05-10 16:00", "lon": 114.94, "lat": 32.999, "height": 51.0 }, "geometry": { "type": "Point", "coordinates": [ 114.94, 32.999 ] } },
{ "type": "Feature", "properties": { "pt_id": " 17098", "trajectory_id": 17, "北京时间": "2026-05-10 15:00", "lon": 115.071, "lat": 33.164, "height": 51.0 }, "geometry": { "type": "Point", "coordinates": [ 115.071, 33.164 ] } },
{ "type": "Feature", "properties": { "pt_id": " 17099", "trajectory_id": 17, "北京时间": "2026-05-10 14:00", "lon": 115.192, "lat": 33.338, "height": 51.0 }, "geometry": { "type": "Point", "coordinates": [ 115.192, 33.338 ] } },
{ "type": "Feature", "properties": { "pt_id": " 17100", "trajectory_id": 17, "北京时间": "2026-05-10 13:00", "lon": 115.3, "lat": 33.509, "height": 51.0 }, "geometry": { "type": "Point", "coordinates": [ 115.3, 33.509 ] } },
{ "type": "Feature", "properties": { "pt_id": " 17101", "trajectory_id": 17, "北京时间": "2026-05-10 12:00", "lon": 115.398, "lat": 33.676, "height": 51.0 }, "geometry": { "type": "Point", "coordinates": [ 115.398, 33.676 ] } },
{ "type": "Feature", "properties": { "pt_id": " 17102", "trajectory_id": 17, "北京时间": "2026-05-10 11:00", "lon": 115.485, "lat": 33.861, "height": 51.0 }, "geometry": { "type": "Point", "coordinates": [ 115.485, 33.861 ] } },
{ "type": "Feature", "properties": { "pt_id": " 17103", "trajectory_id": 17, "北京时间": "2026-05-10 10:00", "lon": 115.569, "lat": 34.094, "height": 51.0 }, "geometry": { "type": "Point", "coordinates": [ 115.569, 34.094 ] } },
{ "type": "Feature", "properties": { "pt_id": " 17104", "trajectory_id": 17, "北京时间": "2026-05-10 09:00", "lon": 115.647, "lat": 34.373, "height": 51.0 }, "geometry": { "type": "Point", "coordinates": [ 115.647, 34.373 ] } },
{ "type": "Feature", "properties": { "pt_id": " 17105", "trajectory_id": 17, "北京时间": "2026-05-10 08:00", "lon": 115.716, "lat": 34.676, "height": 51.0 }, "geometry": { "type": "Point", "coordinates": [ 115.716, 34.676 ] } },
{ "type": "Feature", "properties": { "pt_id": " 17106", "trajectory_id": 17, "北京时间": "2026-05-10 07:00", "lon": 115.77, "lat": 34.995, "height": 50.0 }, "geometry": { "type": "Point", "coordinates": [ 115.77, 34.995 ] } },
{ "type": "Feature", "properties": { "pt_id": " 17107", "trajectory_id": 17, "北京时间": "2026-05-10 06:00", "lon": 115.806, "lat": 35.349, "height": 50.0 }, "geometry": { "type": "Point", "coordinates": [ 115.806, 35.349 ] } },
{ "type": "Feature", "properties": { "pt_id": " 17108", "trajectory_id": 17, "北京时间": "2026-05-10 05:00", "lon": 115.837, "lat": 35.714, "height": 50.0 }, "geometry": { "type": "Point", "coordinates": [ 115.837, 35.714 ] } },
{ "type": "Feature", "properties": { "pt_id": " 17109", "trajectory_id": 17, "北京时间": "2026-05-10 04:00", "lon": 115.874, "lat": 36.059, "height": 47.0 }, "geometry": { "type": "Point", "coordinates": [ 115.874, 36.059 ] } },
{ "type": "Feature", "properties": { "pt_id": " 17110", "trajectory_id": 17, "北京时间": "2026-05-10 03:00", "lon": 115.918, "lat": 36.399, "height": 38.0 }, "geometry": { "type": "Point", "coordinates": [ 115.918, 36.399 ] } },
{ "type": "Feature", "properties": { "pt_id": " 17111", "trajectory_id": 17, "北京时间": "2026-05-10 02:00", "lon": 115.969, "lat": 36.732, "height": 32.0 }, "geometry": { "type": "Point", "coordinates": [ 115.969, 36.732 ] } },
{ "type": "Feature", "properties": { "pt_id": " 17112", "trajectory_id": 17, "北京时间": "2026-05-10 01:00", "lon": 116.019, "lat": 37.055, "height": 28.0 }, "geometry": { "type": "Point", "coordinates": [ 116.019, 37.055 ] } },
{ "type": "Feature", "properties": { "pt_id": " 18000", "trajectory_id": 18, "北京时间": "2026-05-12 01:00", "lon": 113.942, "lat": 30.907, "height": 10.0 }, "geometry": { "type": "Point", "coordinates": [ 113.942, 30.907 ] } },
{ "type": "Feature", "properties": { "pt_id": " 18069", "trajectory_id": 18, "北京时间": "2026-05-12 00:00", "lon": 113.89, "lat": 30.867, "height": 9.0 }, "geometry": { "type": "Point", "coordinates": [ 113.89, 30.867 ] } },
{ "type": "Feature", "properties": { "pt_id": " 18070", "trajectory_id": 18, "北京时间": "2026-05-11 23:00", "lon": 113.826, "lat": 30.821, "height": 7.0 }, "geometry": { "type": "Point", "coordinates": [ 113.826, 30.821 ] } },
{ "type": "Feature", "properties": { "pt_id": " 18071", "trajectory_id": 18, "北京时间": "2026-05-11 22:00", "lon": 113.752, "lat": 30.772, "height": 6.0 }, "geometry": { "type": "Point", "coordinates": [ 113.752, 30.772 ] } },
{ "type": "Feature", "properties": { "pt_id": " 18072", "trajectory_id": 18, "北京时间": "2026-05-11 21:00", "lon": 113.675, "lat": 30.726, "height": 6.0 }, "geometry": { "type": "Point", "coordinates": [ 113.675, 30.726 ] } },
{ "type": "Feature", "properties": { "pt_id": " 18073", "trajectory_id": 18, "北京时间": "2026-05-11 20:00", "lon": 113.601, "lat": 30.687, "height": 4.0 }, "geometry": { "type": "Point", "coordinates": [ 113.601, 30.687 ] } },
{ "type": "Feature", "properties": { "pt_id": " 18074", "trajectory_id": 18, "北京时间": "2026-05-11 19:00", "lon": 113.528, "lat": 30.649, "height": 1.0 }, "geometry": { "type": "Point", "coordinates": [ 113.528, 30.649 ] } },
{ "type": "Feature", "properties": { "pt_id": " 18075", "trajectory_id": 18, "北京时间": "2026-05-11 18:00", "lon": 113.463, "lat": 30.609, "height": 1.0 }, "geometry": { "type": "Point", "coordinates": [ 113.463, 30.609 ] } },
{ "type": "Feature", "properties": { "pt_id": " 18076", "trajectory_id": 18, "北京时间": "2026-05-11 17:00", "lon": 113.41, "lat": 30.567, "height": 2.0 }, "geometry": { "type": "Point", "coordinates": [ 113.41, 30.567 ] } },
{ "type": "Feature", "properties": { "pt_id": " 18077", "trajectory_id": 18, "北京时间": "2026-05-11 16:00", "lon": 113.368, "lat": 30.524, "height": 7.0 }, "geometry": { "type": "Point", "coordinates": [ 113.368, 30.524 ] } },
{ "type": "Feature", "properties": { "pt_id": " 18078", "trajectory_id": 18, "北京时间": "2026-05-11 15:00", "lon": 113.34, "lat": 30.496, "height": 12.0 }, "geometry": { "type": "Point", "coordinates": [ 113.34, 30.496 ] } },
{ "type": "Feature", "properties": { "pt_id": " 18079", "trajectory_id": 18, "北京时间": "2026-05-11 14:00", "lon": 113.33, "lat": 30.501, "height": 16.0 }, "geometry": { "type": "Point", "coordinates": [ 113.33, 30.501 ] } },
{ "type": "Feature", "properties": { "pt_id": " 18080", "trajectory_id": 18, "北京时间": "2026-05-11 13:00", "lon": 113.34, "lat": 30.539, "height": 22.0 }, "geometry": { "type": "Point", "coordinates": [ 113.34, 30.539 ] } },
{ "type": "Feature", "properties": { "pt_id": " 18081", "trajectory_id": 18, "北京时间": "2026-05-11 12:00", "lon": 113.376, "lat": 30.603, "height": 30.0 }, "geometry": { "type": "Point", "coordinates": [ 113.376, 30.603 ] } },
{ "type": "Feature", "properties": { "pt_id": " 18082", "trajectory_id": 18, "北京时间": "2026-05-11 11:00", "lon": 113.45, "lat": 30.687, "height": 36.0 }, "geometry": { "type": "Point", "coordinates": [ 113.45, 30.687 ] } },
{ "type": "Feature", "properties": { "pt_id": " 18083", "trajectory_id": 18, "北京时间": "2026-05-11 10:00", "lon": 113.572, "lat": 30.795, "height": 40.0 }, "geometry": { "type": "Point", "coordinates": [ 113.572, 30.795 ] } },
{ "type": "Feature", "properties": { "pt_id": " 18084", "trajectory_id": 18, "北京时间": "2026-05-11 09:00", "lon": 113.697, "lat": 30.941, "height": 47.0 }, "geometry": { "type": "Point", "coordinates": [ 113.697, 30.941 ] } },
{ "type": "Feature", "properties": { "pt_id": " 18085", "trajectory_id": 18, "北京时间": "2026-05-11 08:00", "lon": 113.804, "lat": 31.112, "height": 55.0 }, "geometry": { "type": "Point", "coordinates": [ 113.804, 31.112 ] } },
{ "type": "Feature", "properties": { "pt_id": " 18086", "trajectory_id": 18, "北京时间": "2026-05-11 07:00", "lon": 113.896, "lat": 31.294, "height": 91.0 }, "geometry": { "type": "Point", "coordinates": [ 113.896, 31.294 ] } },
{ "type": "Feature", "properties": { "pt_id": " 18087", "trajectory_id": 18, "北京时间": "2026-05-11 06:00", "lon": 113.986, "lat": 31.479, "height": 156.0 }, "geometry": { "type": "Point", "coordinates": [ 113.986, 31.479 ] } },
{ "type": "Feature", "properties": { "pt_id": " 18088", "trajectory_id": 18, "北京时间": "2026-05-11 05:00", "lon": 114.078, "lat": 31.658, "height": 259.0 }, "geometry": { "type": "Point", "coordinates": [ 114.078, 31.658 ] } },
{ "type": "Feature", "properties": { "pt_id": " 18089", "trajectory_id": 18, "北京时间": "2026-05-11 04:00", "lon": 114.196, "lat": 31.836, "height": 391.0 }, "geometry": { "type": "Point", "coordinates": [ 114.196, 31.836 ] } },
{ "type": "Feature", "properties": { "pt_id": " 18090", "trajectory_id": 18, "北京时间": "2026-05-11 03:00", "lon": 114.39, "lat": 31.974, "height": 365.0 }, "geometry": { "type": "Point", "coordinates": [ 114.39, 31.974 ] } },
{ "type": "Feature", "properties": { "pt_id": " 18091", "trajectory_id": 18, "北京时间": "2026-05-11 02:00", "lon": 114.658, "lat": 32.075, "height": 281.0 }, "geometry": { "type": "Point", "coordinates": [ 114.658, 32.075 ] } },
{ "type": "Feature", "properties": { "pt_id": " 18092", "trajectory_id": 18, "北京时间": "2026-05-11 01:00", "lon": 114.985, "lat": 32.158, "height": 222.0 }, "geometry": { "type": "Point", "coordinates": [ 114.985, 32.158 ] } },
{ "type": "Feature", "properties": { "pt_id": " 18093", "trajectory_id": 18, "北京时间": "2026-05-11 00:00", "lon": 115.356, "lat": 32.231, "height": 198.0 }, "geometry": { "type": "Point", "coordinates": [ 115.356, 32.231 ] } },
{ "type": "Feature", "properties": { "pt_id": " 18094", "trajectory_id": 18, "北京时间": "2026-05-10 23:00", "lon": 115.685, "lat": 32.355, "height": 182.0 }, "geometry": { "type": "Point", "coordinates": [ 115.685, 32.355 ] } },
{ "type": "Feature", "properties": { "pt_id": " 18095", "trajectory_id": 18, "北京时间": "2026-05-10 22:00", "lon": 115.959, "lat": 32.539, "height": 176.0 }, "geometry": { "type": "Point", "coordinates": [ 115.959, 32.539 ] } },
{ "type": "Feature", "properties": { "pt_id": " 18096", "trajectory_id": 18, "北京时间": "2026-05-10 21:00", "lon": 116.25, "lat": 32.719, "height": 169.0 }, "geometry": { "type": "Point", "coordinates": [ 116.25, 32.719 ] } },
{ "type": "Feature", "properties": { "pt_id": " 18097", "trajectory_id": 18, "北京时间": "2026-05-10 20:00", "lon": 116.502, "lat": 32.923, "height": 154.0 }, "geometry": { "type": "Point", "coordinates": [ 116.502, 32.923 ] } },
{ "type": "Feature", "properties": { "pt_id": " 18098", "trajectory_id": 18, "北京时间": "2026-05-10 19:00", "lon": 116.653, "lat": 33.213, "height": 124.0 }, "geometry": { "type": "Point", "coordinates": [ 116.653, 33.213 ] } },
{ "type": "Feature", "properties": { "pt_id": " 18099", "trajectory_id": 18, "北京时间": "2026-05-10 18:00", "lon": 116.758, "lat": 33.53, "height": 96.0 }, "geometry": { "type": "Point", "coordinates": [ 116.758, 33.53 ] } },
{ "type": "Feature", "properties": { "pt_id": " 18100", "trajectory_id": 18, "北京时间": "2026-05-10 17:00", "lon": 116.836, "lat": 33.803, "height": 89.0 }, "geometry": { "type": "Point", "coordinates": [ 116.836, 33.803 ] } },
{ "type": "Feature", "properties": { "pt_id": " 18101", "trajectory_id": 18, "北京时间": "2026-05-10 16:00", "lon": 116.849, "lat": 34.08, "height": 94.0 }, "geometry": { "type": "Point", "coordinates": [ 116.849, 34.08 ] } },
{ "type": "Feature", "properties": { "pt_id": " 18102", "trajectory_id": 18, "北京时间": "2026-05-10 15:00", "lon": 116.82, "lat": 34.38, "height": 93.0 }, "geometry": { "type": "Point", "coordinates": [ 116.82, 34.38 ] } },
{ "type": "Feature", "properties": { "pt_id": " 18103", "trajectory_id": 18, "北京时间": "2026-05-10 14:00", "lon": 116.803, "lat": 34.694, "height": 94.0 }, "geometry": { "type": "Point", "coordinates": [ 116.803, 34.694 ] } },
{ "type": "Feature", "properties": { "pt_id": " 18104", "trajectory_id": 18, "北京时间": "2026-05-10 13:00", "lon": 116.795, "lat": 35.02, "height": 105.0 }, "geometry": { "type": "Point", "coordinates": [ 116.795, 35.02 ] } },
{ "type": "Feature", "properties": { "pt_id": " 18105", "trajectory_id": 18, "北京时间": "2026-05-10 12:00", "lon": 116.789, "lat": 35.365, "height": 127.0 }, "geometry": { "type": "Point", "coordinates": [ 116.789, 35.365 ] } },
{ "type": "Feature", "properties": { "pt_id": " 18106", "trajectory_id": 18, "北京时间": "2026-05-10 11:00", "lon": 116.775, "lat": 35.729, "height": 158.0 }, "geometry": { "type": "Point", "coordinates": [ 116.775, 35.729 ] } },
{ "type": "Feature", "properties": { "pt_id": " 18107", "trajectory_id": 18, "北京时间": "2026-05-10 10:00", "lon": 116.75, "lat": 36.094, "height": 262.0 }, "geometry": { "type": "Point", "coordinates": [ 116.75, 36.094 ] } },
{ "type": "Feature", "properties": { "pt_id": " 18108", "trajectory_id": 18, "北京时间": "2026-05-10 09:00", "lon": 116.754, "lat": 36.476, "height": 292.0 }, "geometry": { "type": "Point", "coordinates": [ 116.754, 36.476 ] } },
{ "type": "Feature", "properties": { "pt_id": " 18109", "trajectory_id": 18, "北京时间": "2026-05-10 08:00", "lon": 116.775, "lat": 36.842, "height": 216.0 }, "geometry": { "type": "Point", "coordinates": [ 116.775, 36.842 ] } },
{ "type": "Feature", "properties": { "pt_id": " 18110", "trajectory_id": 18, "北京时间": "2026-05-10 07:00", "lon": 116.777, "lat": 37.215, "height": 209.0 }, "geometry": { "type": "Point", "coordinates": [ 116.777, 37.215 ] } },
{ "type": "Feature", "properties": { "pt_id": " 18111", "trajectory_id": 18, "北京时间": "2026-05-10 06:00", "lon": 116.794, "lat": 37.625, "height": 209.0 }, "geometry": { "type": "Point", "coordinates": [ 116.794, 37.625 ] } },
{ "type": "Feature", "properties": { "pt_id": " 18112", "trajectory_id": 18, "北京时间": "2026-05-10 05:00", "lon": 116.768, "lat": 38.066, "height": 209.0 }, "geometry": { "type": "Point", "coordinates": [ 116.768, 38.066 ] } },
{ "type": "Feature", "properties": { "pt_id": " 18113", "trajectory_id": 18, "北京时间": "2026-05-10 04:00", "lon": 116.676, "lat": 38.529, "height": 209.0 }, "geometry": { "type": "Point", "coordinates": [ 116.676, 38.529 ] } },
{ "type": "Feature", "properties": { "pt_id": " 18114", "trajectory_id": 18, "北京时间": "2026-05-10 03:00", "lon": 116.572, "lat": 39.003, "height": 214.0 }, "geometry": { "type": "Point", "coordinates": [ 116.572, 39.003 ] } },
{ "type": "Feature", "properties": { "pt_id": " 18115", "trajectory_id": 18, "北京时间": "2026-05-10 02:00", "lon": 116.451, "lat": 39.435, "height": 224.0 }, "geometry": { "type": "Point", "coordinates": [ 116.451, 39.435 ] } },
{ "type": "Feature", "properties": { "pt_id": " 18116", "trajectory_id": 18, "北京时间": "2026-05-10 01:00", "lon": 116.252, "lat": 39.834, "height": 247.0 }, "geometry": { "type": "Point", "coordinates": [ 116.252, 39.834 ] } },
{ "type": "Feature", "properties": { "pt_id": " 19000", "trajectory_id": 19, "北京时间": "2026-05-12 01:00", "lon": 113.942, "lat": 30.907, "height": 10.0 }, "geometry": { "type": "Point", "coordinates": [ 113.942, 30.907 ] } },
{ "type": "Feature", "properties": { "pt_id": " 19073", "trajectory_id": 19, "北京时间": "2026-05-12 00:00", "lon": 113.867, "lat": 30.868, "height": 5.0 }, "geometry": { "type": "Point", "coordinates": [ 113.867, 30.868 ] } },
{ "type": "Feature", "properties": { "pt_id": " 19074", "trajectory_id": 19, "北京时间": "2026-05-11 23:00", "lon": 113.792, "lat": 30.842, "height": 5.0 }, "geometry": { "type": "Point", "coordinates": [ 113.792, 30.842 ] } },
{ "type": "Feature", "properties": { "pt_id": " 19075", "trajectory_id": 19, "北京时间": "2026-05-11 22:00", "lon": 113.722, "lat": 30.825, "height": 5.0 }, "geometry": { "type": "Point", "coordinates": [ 113.722, 30.825 ] } },
{ "type": "Feature", "properties": { "pt_id": " 19076", "trajectory_id": 19, "北京时间": "2026-05-11 21:00", "lon": 113.661, "lat": 30.808, "height": 5.0 }, "geometry": { "type": "Point", "coordinates": [ 113.661, 30.808 ] } },
{ "type": "Feature", "properties": { "pt_id": " 19077", "trajectory_id": 19, "北京时间": "2026-05-11 20:00", "lon": 113.614, "lat": 30.788, "height": 4.0 }, "geometry": { "type": "Point", "coordinates": [ 113.614, 30.788 ] } },
{ "type": "Feature", "properties": { "pt_id": " 19078", "trajectory_id": 19, "北京时间": "2026-05-11 19:00", "lon": 113.584, "lat": 30.772, "height": 5.0 }, "geometry": { "type": "Point", "coordinates": [ 113.584, 30.772 ] } },
{ "type": "Feature", "properties": { "pt_id": " 19079", "trajectory_id": 19, "北京时间": "2026-05-11 18:00", "lon": 113.575, "lat": 30.773, "height": 6.0 }, "geometry": { "type": "Point", "coordinates": [ 113.575, 30.773 ] } },
{ "type": "Feature", "properties": { "pt_id": " 19080", "trajectory_id": 19, "北京时间": "2026-05-11 17:00", "lon": 113.588, "lat": 30.793, "height": 9.0 }, "geometry": { "type": "Point", "coordinates": [ 113.588, 30.793 ] } },
{ "type": "Feature", "properties": { "pt_id": " 19081", "trajectory_id": 19, "北京时间": "2026-05-11 16:00", "lon": 113.626, "lat": 30.835, "height": 12.0 }, "geometry": { "type": "Point", "coordinates": [ 113.626, 30.835 ] } },
{ "type": "Feature", "properties": { "pt_id": " 19082", "trajectory_id": 19, "北京时间": "2026-05-11 15:00", "lon": 113.696, "lat": 30.91, "height": 17.0 }, "geometry": { "type": "Point", "coordinates": [ 113.696, 30.91 ] } },
{ "type": "Feature", "properties": { "pt_id": " 19083", "trajectory_id": 19, "北京时间": "2026-05-11 14:00", "lon": 113.805, "lat": 31.019, "height": 20.0 }, "geometry": { "type": "Point", "coordinates": [ 113.805, 31.019 ] } },
{ "type": "Feature", "properties": { "pt_id": " 19084", "trajectory_id": 19, "北京时间": "2026-05-11 13:00", "lon": 113.918, "lat": 31.14, "height": 36.0 }, "geometry": { "type": "Point", "coordinates": [ 113.918, 31.14 ] } },
{ "type": "Feature", "properties": { "pt_id": " 19085", "trajectory_id": 19, "北京时间": "2026-05-11 12:00", "lon": 114.021, "lat": 31.286, "height": 79.0 }, "geometry": { "type": "Point", "coordinates": [ 114.021, 31.286 ] } },
{ "type": "Feature", "properties": { "pt_id": " 19086", "trajectory_id": 19, "北京时间": "2026-05-11 11:00", "lon": 114.118, "lat": 31.45, "height": 132.0 }, "geometry": { "type": "Point", "coordinates": [ 114.118, 31.45 ] } },
{ "type": "Feature", "properties": { "pt_id": " 19087", "trajectory_id": 19, "北京时间": "2026-05-11 10:00", "lon": 114.203, "lat": 31.619, "height": 187.0 }, "geometry": { "type": "Point", "coordinates": [ 114.203, 31.619 ] } },
{ "type": "Feature", "properties": { "pt_id": " 19088", "trajectory_id": 19, "北京时间": "2026-05-11 09:00", "lon": 114.287, "lat": 31.781, "height": 258.0 }, "geometry": { "type": "Point", "coordinates": [ 114.287, 31.781 ] } },
{ "type": "Feature", "properties": { "pt_id": " 19089", "trajectory_id": 19, "北京时间": "2026-05-11 08:00", "lon": 114.398, "lat": 31.91, "height": 264.0 }, "geometry": { "type": "Point", "coordinates": [ 114.398, 31.91 ] } },
{ "type": "Feature", "properties": { "pt_id": " 19090", "trajectory_id": 19, "北京时间": "2026-05-11 07:00", "lon": 114.545, "lat": 32.016, "height": 195.0 }, "geometry": { "type": "Point", "coordinates": [ 114.545, 32.016 ] } },
{ "type": "Feature", "properties": { "pt_id": " 19091", "trajectory_id": 19, "北京时间": "2026-05-11 06:00", "lon": 114.727, "lat": 32.129, "height": 129.0 }, "geometry": { "type": "Point", "coordinates": [ 114.727, 32.129 ] } },
{ "type": "Feature", "properties": { "pt_id": " 19092", "trajectory_id": 19, "北京时间": "2026-05-11 05:00", "lon": 114.935, "lat": 32.247, "height": 92.0 }, "geometry": { "type": "Point", "coordinates": [ 114.935, 32.247 ] } },
{ "type": "Feature", "properties": { "pt_id": " 19093", "trajectory_id": 19, "北京时间": "2026-05-11 04:00", "lon": 115.154, "lat": 32.357, "height": 76.0 }, "geometry": { "type": "Point", "coordinates": [ 115.154, 32.357 ] } },
{ "type": "Feature", "properties": { "pt_id": " 19094", "trajectory_id": 19, "北京时间": "2026-05-11 03:00", "lon": 115.357, "lat": 32.48, "height": 71.0 }, "geometry": { "type": "Point", "coordinates": [ 115.357, 32.48 ] } },
{ "type": "Feature", "properties": { "pt_id": " 19095", "trajectory_id": 19, "北京时间": "2026-05-11 02:00", "lon": 115.532, "lat": 32.652, "height": 70.0 }, "geometry": { "type": "Point", "coordinates": [ 115.532, 32.652 ] } },
{ "type": "Feature", "properties": { "pt_id": " 19096", "trajectory_id": 19, "北京时间": "2026-05-11 01:00", "lon": 115.69, "lat": 32.863, "height": 70.0 }, "geometry": { "type": "Point", "coordinates": [ 115.69, 32.863 ] } },
{ "type": "Feature", "properties": { "pt_id": " 19097", "trajectory_id": 19, "北京时间": "2026-05-11 00:00", "lon": 115.831, "lat": 33.09, "height": 69.0 }, "geometry": { "type": "Point", "coordinates": [ 115.831, 33.09 ] } },
{ "type": "Feature", "properties": { "pt_id": " 19098", "trajectory_id": 19, "北京时间": "2026-05-10 23:00", "lon": 115.927, "lat": 33.331, "height": 69.0 }, "geometry": { "type": "Point", "coordinates": [ 115.927, 33.331 ] } },
{ "type": "Feature", "properties": { "pt_id": " 19099", "trajectory_id": 19, "北京时间": "2026-05-10 22:00", "lon": 116.0, "lat": 33.583, "height": 70.0 }, "geometry": { "type": "Point", "coordinates": [ 116.0, 33.583 ] } },
{ "type": "Feature", "properties": { "pt_id": " 19100", "trajectory_id": 19, "北京时间": "2026-05-10 21:00", "lon": 116.078, "lat": 33.826, "height": 70.0 }, "geometry": { "type": "Point", "coordinates": [ 116.078, 33.826 ] } },
{ "type": "Feature", "properties": { "pt_id": " 19101", "trajectory_id": 19, "北京时间": "2026-05-10 20:00", "lon": 116.14, "lat": 34.066, "height": 70.0 }, "geometry": { "type": "Point", "coordinates": [ 116.14, 34.066 ] } },
{ "type": "Feature", "properties": { "pt_id": " 19102", "trajectory_id": 19, "北京时间": "2026-05-10 19:00", "lon": 116.184, "lat": 34.32, "height": 70.0 }, "geometry": { "type": "Point", "coordinates": [ 116.184, 34.32 ] } },
{ "type": "Feature", "properties": { "pt_id": " 19103", "trajectory_id": 19, "北京时间": "2026-05-10 18:00", "lon": 116.223, "lat": 34.607, "height": 71.0 }, "geometry": { "type": "Point", "coordinates": [ 116.223, 34.607 ] } },
{ "type": "Feature", "properties": { "pt_id": " 19104", "trajectory_id": 19, "北京时间": "2026-05-10 17:00", "lon": 116.258, "lat": 34.914, "height": 72.0 }, "geometry": { "type": "Point", "coordinates": [ 116.258, 34.914 ] } },
{ "type": "Feature", "properties": { "pt_id": " 19105", "trajectory_id": 19, "北京时间": "2026-05-10 16:00", "lon": 116.288, "lat": 35.229, "height": 72.0 }, "geometry": { "type": "Point", "coordinates": [ 116.288, 35.229 ] } },
{ "type": "Feature", "properties": { "pt_id": " 19106", "trajectory_id": 19, "北京时间": "2026-05-10 15:00", "lon": 116.308, "lat": 35.574, "height": 72.0 }, "geometry": { "type": "Point", "coordinates": [ 116.308, 35.574 ] } },
{ "type": "Feature", "properties": { "pt_id": " 19107", "trajectory_id": 19, "北京时间": "2026-05-10 14:00", "lon": 116.317, "lat": 35.926, "height": 96.0 }, "geometry": { "type": "Point", "coordinates": [ 116.317, 35.926 ] } },
{ "type": "Feature", "properties": { "pt_id": " 19108", "trajectory_id": 19, "北京时间": "2026-05-10 13:00", "lon": 116.34, "lat": 36.286, "height": 109.0 }, "geometry": { "type": "Point", "coordinates": [ 116.34, 36.286 ] } },
{ "type": "Feature", "properties": { "pt_id": " 19109", "trajectory_id": 19, "北京时间": "2026-05-10 12:00", "lon": 116.374, "lat": 36.641, "height": 72.0 }, "geometry": { "type": "Point", "coordinates": [ 116.374, 36.641 ] } },
{ "type": "Feature", "properties": { "pt_id": " 19110", "trajectory_id": 19, "北京时间": "2026-05-10 11:00", "lon": 116.401, "lat": 36.997, "height": 66.0 }, "geometry": { "type": "Point", "coordinates": [ 116.401, 36.997 ] } },
{ "type": "Feature", "properties": { "pt_id": " 19111", "trajectory_id": 19, "北京时间": "2026-05-10 10:00", "lon": 116.433, "lat": 37.363, "height": 63.0 }, "geometry": { "type": "Point", "coordinates": [ 116.433, 37.363 ] } },
{ "type": "Feature", "properties": { "pt_id": " 19112", "trajectory_id": 19, "北京时间": "2026-05-10 09:00", "lon": 116.441, "lat": 37.75, "height": 57.0 }, "geometry": { "type": "Point", "coordinates": [ 116.441, 37.75 ] } },
{ "type": "Feature", "properties": { "pt_id": " 19113", "trajectory_id": 19, "北京时间": "2026-05-10 08:00", "lon": 116.399, "lat": 38.156, "height": 55.0 }, "geometry": { "type": "Point", "coordinates": [ 116.399, 38.156 ] } },
{ "type": "Feature", "properties": { "pt_id": " 19114", "trajectory_id": 19, "北京时间": "2026-05-10 07:00", "lon": 116.314, "lat": 38.571, "height": 58.0 }, "geometry": { "type": "Point", "coordinates": [ 116.314, 38.571 ] } },
{ "type": "Feature", "properties": { "pt_id": " 19115", "trajectory_id": 19, "北京时间": "2026-05-10 06:00", "lon": 116.208, "lat": 38.96, "height": 60.0 }, "geometry": { "type": "Point", "coordinates": [ 116.208, 38.96 ] } },
{ "type": "Feature", "properties": { "pt_id": " 19116", "trajectory_id": 19, "北京时间": "2026-05-10 05:00", "lon": 116.077, "lat": 39.295, "height": 61.0 }, "geometry": { "type": "Point", "coordinates": [ 116.077, 39.295 ] } },
{ "type": "Feature", "properties": { "pt_id": " 19117", "trajectory_id": 19, "北京时间": "2026-05-10 04:00", "lon": 115.905, "lat": 39.616, "height": 208.0 }, "geometry": { "type": "Point", "coordinates": [ 115.905, 39.616 ] } },
{ "type": "Feature", "properties": { "pt_id": " 19118", "trajectory_id": 19, "北京时间": "2026-05-10 03:00", "lon": 115.552, "lat": 40.18, "height": 1213.0 }, "geometry": { "type": "Point", "coordinates": [ 115.552, 40.18 ] } },
{ "type": "Feature", "properties": { "pt_id": " 19119", "trajectory_id": 19, "北京时间": "2026-05-10 02:00", "lon": 115.278, "lat": 40.808, "height": 1566.0 }, "geometry": { "type": "Point", "coordinates": [ 115.278, 40.808 ] } },
{ "type": "Feature", "properties": { "pt_id": " 19120", "trajectory_id": 19, "北京时间": "2026-05-10 01:00", "lon": 114.943, "lat": 41.469, "height": 2065.0 }, "geometry": { "type": "Point", "coordinates": [ 114.943, 41.469 ] } },
{ "type": "Feature", "properties": { "pt_id": " 20000", "trajectory_id": 20, "北京时间": "2026-05-12 01:00", "lon": 113.942, "lat": 30.907, "height": 10.0 }, "geometry": { "type": "Point", "coordinates": [ 113.942, 30.907 ] } },
{ "type": "Feature", "properties": { "pt_id": " 20077", "trajectory_id": 20, "北京时间": "2026-05-12 00:00", "lon": 113.9, "lat": 30.909, "height": 8.0 }, "geometry": { "type": "Point", "coordinates": [ 113.9, 30.909 ] } },
{ "type": "Feature", "properties": { "pt_id": " 20078", "trajectory_id": 20, "北京时间": "2026-05-11 23:00", "lon": 113.877, "lat": 30.923, "height": 7.0 }, "geometry": { "type": "Point", "coordinates": [ 113.877, 30.923 ] } },
{ "type": "Feature", "properties": { "pt_id": " 20079", "trajectory_id": 20, "北京时间": "2026-05-11 22:00", "lon": 113.881, "lat": 30.953, "height": 8.0 }, "geometry": { "type": "Point", "coordinates": [ 113.881, 30.953 ] } },
{ "type": "Feature", "properties": { "pt_id": " 20080", "trajectory_id": 20, "北京时间": "2026-05-11 21:00", "lon": 113.918, "lat": 31.001, "height": 15.0 }, "geometry": { "type": "Point", "coordinates": [ 113.918, 31.001 ] } },
{ "type": "Feature", "properties": { "pt_id": " 20081", "trajectory_id": 20, "北京时间": "2026-05-11 20:00", "lon": 113.987, "lat": 31.072, "height": 29.0 }, "geometry": { "type": "Point", "coordinates": [ 113.987, 31.072 ] } },
{ "type": "Feature", "properties": { "pt_id": " 20082", "trajectory_id": 20, "北京时间": "2026-05-11 19:00", "lon": 114.081, "lat": 31.163, "height": 57.0 }, "geometry": { "type": "Point", "coordinates": [ 114.081, 31.163 ] } },
{ "type": "Feature", "properties": { "pt_id": " 20083", "trajectory_id": 20, "北京时间": "2026-05-11 18:00", "lon": 114.193, "lat": 31.279, "height": 83.0 }, "geometry": { "type": "Point", "coordinates": [ 114.193, 31.279 ] } },
{ "type": "Feature", "properties": { "pt_id": " 20084", "trajectory_id": 20, "北京时间": "2026-05-11 17:00", "lon": 114.308, "lat": 31.416, "height": 94.0 }, "geometry": { "type": "Point", "coordinates": [ 114.308, 31.416 ] } },
{ "type": "Feature", "properties": { "pt_id": " 20085", "trajectory_id": 20, "北京时间": "2026-05-11 16:00", "lon": 114.412, "lat": 31.566, "height": 133.0 }, "geometry": { "type": "Point", "coordinates": [ 114.412, 31.566 ] } },
{ "type": "Feature", "properties": { "pt_id": " 20086", "trajectory_id": 20, "北京时间": "2026-05-11 15:00", "lon": 114.501, "lat": 31.724, "height": 139.0 }, "geometry": { "type": "Point", "coordinates": [ 114.501, 31.724 ] } },
{ "type": "Feature", "properties": { "pt_id": " 20087", "trajectory_id": 20, "北京时间": "2026-05-11 14:00", "lon": 114.593, "lat": 31.862, "height": 86.0 }, "geometry": { "type": "Point", "coordinates": [ 114.593, 31.862 ] } },
{ "type": "Feature", "properties": { "pt_id": " 20088", "trajectory_id": 20, "北京时间": "2026-05-11 13:00", "lon": 114.708, "lat": 31.961, "height": 44.0 }, "geometry": { "type": "Point", "coordinates": [ 114.708, 31.961 ] } },
{ "type": "Feature", "properties": { "pt_id": " 20089", "trajectory_id": 20, "北京时间": "2026-05-11 12:00", "lon": 114.849, "lat": 32.029, "height": 21.0 }, "geometry": { "type": "Point", "coordinates": [ 114.849, 32.029 ] } },
{ "type": "Feature", "properties": { "pt_id": " 20090", "trajectory_id": 20, "北京时间": "2026-05-11 11:00", "lon": 115.004, "lat": 32.078, "height": 15.0 }, "geometry": { "type": "Point", "coordinates": [ 115.004, 32.078 ] } },
{ "type": "Feature", "properties": { "pt_id": " 20091", "trajectory_id": 20, "北京时间": "2026-05-11 10:00", "lon": 115.159, "lat": 32.128, "height": 9.0 }, "geometry": { "type": "Point", "coordinates": [ 115.159, 32.128 ] } },
{ "type": "Feature", "properties": { "pt_id": " 20092", "trajectory_id": 20, "北京时间": "2026-05-11 09:00", "lon": 115.313, "lat": 32.181, "height": 2.0 }, "geometry": { "type": "Point", "coordinates": [ 115.313, 32.181 ] } },
{ "type": "Feature", "properties": { "pt_id": " 20093", "trajectory_id": 20, "北京时间": "2026-05-11 08:00", "lon": 115.459, "lat": 32.235, "height": 0.0 }, "geometry": { "type": "Point", "coordinates": [ 115.459, 32.235 ] } },
{ "type": "Feature", "properties": { "pt_id": " 20094", "trajectory_id": 20, "北京时间": "2026-05-11 07:00", "lon": 115.585, "lat": 32.308, "height": 0.0 }, "geometry": { "type": "Point", "coordinates": [ 115.585, 32.308 ] } },
{ "type": "Feature", "properties": { "pt_id": " 20095", "trajectory_id": 20, "北京时间": "2026-05-11 06:00", "lon": 115.689, "lat": 32.415, "height": 0.0 }, "geometry": { "type": "Point", "coordinates": [ 115.689, 32.415 ] } },
{ "type": "Feature", "properties": { "pt_id": " 20096", "trajectory_id": 20, "北京时间": "2026-05-11 05:00", "lon": 115.778, "lat": 32.542, "height": 0.0 }, "geometry": { "type": "Point", "coordinates": [ 115.778, 32.542 ] } },
{ "type": "Feature", "properties": { "pt_id": " 20097", "trajectory_id": 20, "北京时间": "2026-05-11 04:00", "lon": 115.85, "lat": 32.672, "height": 0.0 }, "geometry": { "type": "Point", "coordinates": [ 115.85, 32.672 ] } },
{ "type": "Feature", "properties": { "pt_id": " 20098", "trajectory_id": 20, "北京时间": "2026-05-11 03:00", "lon": 115.895, "lat": 32.812, "height": 0.0 }, "geometry": { "type": "Point", "coordinates": [ 115.895, 32.812 ] } },
{ "type": "Feature", "properties": { "pt_id": " 20099", "trajectory_id": 20, "北京时间": "2026-05-11 02:00", "lon": 115.918, "lat": 32.958, "height": 0.0 }, "geometry": { "type": "Point", "coordinates": [ 115.918, 32.958 ] } },
{ "type": "Feature", "properties": { "pt_id": " 20100", "trajectory_id": 20, "北京时间": "2026-05-11 01:00", "lon": 115.933, "lat": 33.107, "height": 0.0 }, "geometry": { "type": "Point", "coordinates": [ 115.933, 33.107 ] } },
{ "type": "Feature", "properties": { "pt_id": " 20101", "trajectory_id": 20, "北京时间": "2026-05-11 00:00", "lon": 115.947, "lat": 33.259, "height": 0.0 }, "geometry": { "type": "Point", "coordinates": [ 115.947, 33.259 ] } },
{ "type": "Feature", "properties": { "pt_id": " 20102", "trajectory_id": 20, "北京时间": "2026-05-10 23:00", "lon": 115.966, "lat": 33.427, "height": 0.0 }, "geometry": { "type": "Point", "coordinates": [ 115.966, 33.427 ] } },
{ "type": "Feature", "properties": { "pt_id": " 20103", "trajectory_id": 20, "北京时间": "2026-05-10 22:00", "lon": 115.991, "lat": 33.621, "height": 0.0 }, "geometry": { "type": "Point", "coordinates": [ 115.991, 33.621 ] } },
{ "type": "Feature", "properties": { "pt_id": " 20104", "trajectory_id": 20, "北京时间": "2026-05-10 21:00", "lon": 116.02, "lat": 33.844, "height": 0.0 }, "geometry": { "type": "Point", "coordinates": [ 116.02, 33.844 ] } },
{ "type": "Feature", "properties": { "pt_id": " 20105", "trajectory_id": 20, "北京时间": "2026-05-10 20:00", "lon": 116.049, "lat": 34.096, "height": 0.0 }, "geometry": { "type": "Point", "coordinates": [ 116.049, 34.096 ] } },
{ "type": "Feature", "properties": { "pt_id": " 20106", "trajectory_id": 20, "北京时间": "2026-05-10 19:00", "lon": 116.071, "lat": 34.37, "height": 0.0 }, "geometry": { "type": "Point", "coordinates": [ 116.071, 34.37 ] } },
{ "type": "Feature", "properties": { "pt_id": " 20107", "trajectory_id": 20, "北京时间": "2026-05-10 18:00", "lon": 116.084, "lat": 34.661, "height": 0.0 }, "geometry": { "type": "Point", "coordinates": [ 116.084, 34.661 ] } },
{ "type": "Feature", "properties": { "pt_id": " 20108", "trajectory_id": 20, "北京时间": "2026-05-10 17:00", "lon": 116.099, "lat": 34.957, "height": 0.0 }, "geometry": { "type": "Point", "coordinates": [ 116.099, 34.957 ] } },
{ "type": "Feature", "properties": { "pt_id": " 20109", "trajectory_id": 20, "北京时间": "2026-05-10 16:00", "lon": 116.125, "lat": 35.262, "height": 0.0 }, "geometry": { "type": "Point", "coordinates": [ 116.125, 35.262 ] } },
{ "type": "Feature", "properties": { "pt_id": " 20110", "trajectory_id": 20, "北京时间": "2026-05-10 15:00", "lon": 116.151, "lat": 35.573, "height": 0.0 }, "geometry": { "type": "Point", "coordinates": [ 116.151, 35.573 ] } },
{ "type": "Feature", "properties": { "pt_id": " 20111", "trajectory_id": 20, "北京时间": "2026-05-10 14:00", "lon": 116.178, "lat": 35.881, "height": 7.0 }, "geometry": { "type": "Point", "coordinates": [ 116.178, 35.881 ] } },
{ "type": "Feature", "properties": { "pt_id": " 20112", "trajectory_id": 20, "北京时间": "2026-05-10 13:00", "lon": 116.242, "lat": 36.208, "height": 44.0 }, "geometry": { "type": "Point", "coordinates": [ 116.242, 36.208 ] } },
{ "type": "Feature", "properties": { "pt_id": " 20113", "trajectory_id": 20, "北京时间": "2026-05-10 12:00", "lon": 116.337, "lat": 36.496, "height": 18.0 }, "geometry": { "type": "Point", "coordinates": [ 116.337, 36.496 ] } },
{ "type": "Feature", "properties": { "pt_id": " 20114", "trajectory_id": 20, "北京时间": "2026-05-10 11:00", "lon": 116.415, "lat": 36.742, "height": 8.0 }, "geometry": { "type": "Point", "coordinates": [ 116.415, 36.742 ] } },
{ "type": "Feature", "properties": { "pt_id": " 20115", "trajectory_id": 20, "北京时间": "2026-05-10 10:00", "lon": 116.471, "lat": 36.975, "height": 8.0 }, "geometry": { "type": "Point", "coordinates": [ 116.471, 36.975 ] } },
{ "type": "Feature", "properties": { "pt_id": " 20116", "trajectory_id": 20, "北京时间": "2026-05-10 09:00", "lon": 116.502, "lat": 37.17, "height": 8.0 }, "geometry": { "type": "Point", "coordinates": [ 116.502, 37.17 ] } },
{ "type": "Feature", "properties": { "pt_id": " 20117", "trajectory_id": 20, "北京时间": "2026-05-10 08:00", "lon": 116.529, "lat": 37.342, "height": 8.0 }, "geometry": { "type": "Point", "coordinates": [ 116.529, 37.342 ] } },
{ "type": "Feature", "properties": { "pt_id": " 20118", "trajectory_id": 20, "北京时间": "2026-05-10 07:00", "lon": 116.571, "lat": 37.526, "height": 8.0 }, "geometry": { "type": "Point", "coordinates": [ 116.571, 37.526 ] } },
{ "type": "Feature", "properties": { "pt_id": " 20119", "trajectory_id": 20, "北京时间": "2026-05-10 06:00", "lon": 116.629, "lat": 37.699, "height": 8.0 }, "geometry": { "type": "Point", "coordinates": [ 116.629, 37.699 ] } },
{ "type": "Feature", "properties": { "pt_id": " 20120", "trajectory_id": 20, "北京时间": "2026-05-10 05:00", "lon": 116.703, "lat": 37.833, "height": 8.0 }, "geometry": { "type": "Point", "coordinates": [ 116.703, 37.833 ] } },
{ "type": "Feature", "properties": { "pt_id": " 20121", "trajectory_id": 20, "北京时间": "2026-05-10 04:00", "lon": 116.799, "lat": 37.931, "height": 5.0 }, "geometry": { "type": "Point", "coordinates": [ 116.799, 37.931 ] } },
{ "type": "Feature", "properties": { "pt_id": " 20122", "trajectory_id": 20, "北京时间": "2026-05-10 03:00", "lon": 116.917, "lat": 38.006, "height": 0.0 }, "geometry": { "type": "Point", "coordinates": [ 116.917, 38.006 ] } },
{ "type": "Feature", "properties": { "pt_id": " 20123", "trajectory_id": 20, "北京时间": "2026-05-10 02:00", "lon": 117.075, "lat": 38.087, "height": 0.0 }, "geometry": { "type": "Point", "coordinates": [ 117.075, 38.087 ] } },
{ "type": "Feature", "properties": { "pt_id": " 20124", "trajectory_id": 20, "北京时间": "2026-05-10 01:00", "lon": 117.306, "lat": 38.206, "height": 0.0 }, "geometry": { "type": "Point", "coordinates": [ 117.306, 38.206 ] } }
]
}
