{
"type": "FeatureCollection",
"name": "东城轨迹和高度",
"crs": { "type": "name", "properties": { "name": "urn:ogc:def:crs:OGC:1.3:CRS84" } },
"features": [
{ "type": "Feature", "properties": { "pt_id": "  1000", "trajectory_id": 1, "北京时间": "2026-05-17 06:00", "lon": 113.942, "lat": 30.907, "height": 10.0 }, "geometry": { "type": "Point", "coordinates": [ 113.942, 30.907 ] } },
{ "type": "Feature", "properties": { "pt_id": "  1001", "trajectory_id": 1, "北京时间": "2026-05-17 05:00", "lon": 114.136, "lat": 30.82, "height": 8.0 }, "geometry": { "type": "Point", "coordinates": [ 114.136, 30.82 ] } },
{ "type": "Feature", "properties": { "pt_id": "  1002", "trajectory_id": 1, "北京时间": "2026-05-17 04:00", "lon": 114.334, "lat": 30.723, "height": 6.0 }, "geometry": { "type": "Point", "coordinates": [ 114.334, 30.723 ] } },
{ "type": "Feature", "properties": { "pt_id": "  1003", "trajectory_id": 1, "北京时间": "2026-05-17 03:00", "lon": 114.541, "lat": 30.626, "height": 6.0 }, "geometry": { "type": "Point", "coordinates": [ 114.541, 30.626 ] } },
{ "type": "Feature", "properties": { "pt_id": "  1004", "trajectory_id": 1, "北京时间": "2026-05-17 02:00", "lon": 114.746, "lat": 30.542, "height": 6.0 }, "geometry": { "type": "Point", "coordinates": [ 114.746, 30.542 ] } },
{ "type": "Feature", "properties": { "pt_id": "  1005", "trajectory_id": 1, "北京时间": "2026-05-17 01:00", "lon": 114.95, "lat": 30.459, "height": 6.0 }, "geometry": { "type": "Point", "coordinates": [ 114.95, 30.459 ] } },
{ "type": "Feature", "properties": { "pt_id": "  1006", "trajectory_id": 1, "北京时间": "2026-05-17 00:00", "lon": 115.118, "lat": 30.379, "height": 10.0 }, "geometry": { "type": "Point", "coordinates": [ 115.118, 30.379 ] } },
{ "type": "Feature", "properties": { "pt_id": "  1007", "trajectory_id": 1, "北京时间": "2026-05-16 23:00", "lon": 115.256, "lat": 30.308, "height": 20.0 }, "geometry": { "type": "Point", "coordinates": [ 115.256, 30.308 ] } },
{ "type": "Feature", "properties": { "pt_id": "  1008", "trajectory_id": 1, "北京时间": "2026-05-16 22:00", "lon": 115.393, "lat": 30.223, "height": 39.0 }, "geometry": { "type": "Point", "coordinates": [ 115.393, 30.223 ] } },
{ "type": "Feature", "properties": { "pt_id": "  1009", "trajectory_id": 1, "北京时间": "2026-05-16 21:00", "lon": 115.527, "lat": 30.122, "height": 51.0 }, "geometry": { "type": "Point", "coordinates": [ 115.527, 30.122 ] } },
{ "type": "Feature", "properties": { "pt_id": "  1010", "trajectory_id": 1, "北京时间": "2026-05-16 20:00", "lon": 115.652, "lat": 30.023, "height": 40.0 }, "geometry": { "type": "Point", "coordinates": [ 115.652, 30.023 ] } },
{ "type": "Feature", "properties": { "pt_id": "  1011", "trajectory_id": 1, "北京时间": "2026-05-16 19:00", "lon": 115.767, "lat": 29.953, "height": 8.0 }, "geometry": { "type": "Point", "coordinates": [ 115.767, 29.953 ] } },
{ "type": "Feature", "properties": { "pt_id": "  1012", "trajectory_id": 1, "北京时间": "2026-05-16 18:00", "lon": 115.882, "lat": 29.87, "height": 0.0 }, "geometry": { "type": "Point", "coordinates": [ 115.882, 29.87 ] } },
{ "type": "Feature", "properties": { "pt_id": "  1013", "trajectory_id": 1, "北京时间": "2026-05-16 17:00", "lon": 116.006, "lat": 29.741, "height": 55.0 }, "geometry": { "type": "Point", "coordinates": [ 116.006, 29.741 ] } },
{ "type": "Feature", "properties": { "pt_id": "  1014", "trajectory_id": 1, "北京时间": "2026-05-16 16:00", "lon": 116.148, "lat": 29.575, "height": 130.0 }, "geometry": { "type": "Point", "coordinates": [ 116.148, 29.575 ] } },
{ "type": "Feature", "properties": { "pt_id": "  1015", "trajectory_id": 1, "北京时间": "2026-05-16 15:00", "lon": 116.289, "lat": 29.419, "height": 135.0 }, "geometry": { "type": "Point", "coordinates": [ 116.289, 29.419 ] } },
{ "type": "Feature", "properties": { "pt_id": "  1016", "trajectory_id": 1, "北京时间": "2026-05-16 14:00", "lon": 116.476, "lat": 29.292, "height": 131.0 }, "geometry": { "type": "Point", "coordinates": [ 116.476, 29.292 ] } },
{ "type": "Feature", "properties": { "pt_id": "  1017", "trajectory_id": 1, "北京时间": "2026-05-16 13:00", "lon": 116.681, "lat": 29.189, "height": 132.0 }, "geometry": { "type": "Point", "coordinates": [ 116.681, 29.189 ] } },
{ "type": "Feature", "properties": { "pt_id": "  1018", "trajectory_id": 1, "北京时间": "2026-05-16 12:00", "lon": 116.872, "lat": 29.105, "height": 141.0 }, "geometry": { "type": "Point", "coordinates": [ 116.872, 29.105 ] } },
{ "type": "Feature", "properties": { "pt_id": "  1019", "trajectory_id": 1, "北京时间": "2026-05-16 11:00", "lon": 117.064, "lat": 29.054, "height": 182.0 }, "geometry": { "type": "Point", "coordinates": [ 117.064, 29.054 ] } },
{ "type": "Feature", "properties": { "pt_id": "  1020", "trajectory_id": 1, "北京时间": "2026-05-16 10:00", "lon": 117.252, "lat": 29.033, "height": 232.0 }, "geometry": { "type": "Point", "coordinates": [ 117.252, 29.033 ] } },
{ "type": "Feature", "properties": { "pt_id": "  1021", "trajectory_id": 1, "北京时间": "2026-05-16 09:00", "lon": 117.434, "lat": 29.036, "height": 277.0 }, "geometry": { "type": "Point", "coordinates": [ 117.434, 29.036 ] } },
{ "type": "Feature", "properties": { "pt_id": "  1022", "trajectory_id": 1, "北京时间": "2026-05-16 08:00", "lon": 117.608, "lat": 29.043, "height": 322.0 }, "geometry": { "type": "Point", "coordinates": [ 117.608, 29.043 ] } },
{ "type": "Feature", "properties": { "pt_id": "  1023", "trajectory_id": 1, "北京时间": "2026-05-16 07:00", "lon": 117.772, "lat": 29.0, "height": 373.0 }, "geometry": { "type": "Point", "coordinates": [ 117.772, 29.0 ] } },
{ "type": "Feature", "properties": { "pt_id": "  1024", "trajectory_id": 1, "北京时间": "2026-05-16 06:00", "lon": 117.931, "lat": 28.923, "height": 520.0 }, "geometry": { "type": "Point", "coordinates": [ 117.931, 28.923 ] } },
{ "type": "Feature", "properties": { "pt_id": "  1025", "trajectory_id": 1, "北京时间": "2026-05-16 05:00", "lon": 118.104, "lat": 28.832, "height": 696.0 }, "geometry": { "type": "Point", "coordinates": [ 118.104, 28.832 ] } },
{ "type": "Feature", "properties": { "pt_id": "  1026", "trajectory_id": 1, "北京时间": "2026-05-16 04:00", "lon": 118.253, "lat": 28.754, "height": 753.0 }, "geometry": { "type": "Point", "coordinates": [ 118.253, 28.754 ] } },
{ "type": "Feature", "properties": { "pt_id": "  1027", "trajectory_id": 1, "北京时间": "2026-05-16 03:00", "lon": 118.383, "lat": 28.698, "height": 735.0 }, "geometry": { "type": "Point", "coordinates": [ 118.383, 28.698 ] } },
{ "type": "Feature", "properties": { "pt_id": "  1028", "trajectory_id": 1, "北京时间": "2026-05-16 02:00", "lon": 118.527, "lat": 28.652, "height": 628.0 }, "geometry": { "type": "Point", "coordinates": [ 118.527, 28.652 ] } },
{ "type": "Feature", "properties": { "pt_id": "  1029", "trajectory_id": 1, "北京时间": "2026-05-16 01:00", "lon": 118.66, "lat": 28.614, "height": 563.0 }, "geometry": { "type": "Point", "coordinates": [ 118.66, 28.614 ] } },
{ "type": "Feature", "properties": { "pt_id": "  1030", "trajectory_id": 1, "北京时间": "2026-05-16 00:00", "lon": 118.781, "lat": 28.556, "height": 613.0 }, "geometry": { "type": "Point", "coordinates": [ 118.781, 28.556 ] } },
{ "type": "Feature", "properties": { "pt_id": "  1031", "trajectory_id": 1, "北京时间": "2026-05-15 23:00", "lon": 118.901, "lat": 28.451, "height": 746.0 }, "geometry": { "type": "Point", "coordinates": [ 118.901, 28.451 ] } },
{ "type": "Feature", "properties": { "pt_id": "  1032", "trajectory_id": 1, "北京时间": "2026-05-15 22:00", "lon": 119.083, "lat": 28.254, "height": 948.0 }, "geometry": { "type": "Point", "coordinates": [ 119.083, 28.254 ] } },
{ "type": "Feature", "properties": { "pt_id": "  1033", "trajectory_id": 1, "北京时间": "2026-05-15 21:00", "lon": 119.33, "lat": 28.038, "height": 1058.0 }, "geometry": { "type": "Point", "coordinates": [ 119.33, 28.038 ] } },
{ "type": "Feature", "properties": { "pt_id": "  1034", "trajectory_id": 1, "北京时间": "2026-05-15 20:00", "lon": 119.641, "lat": 27.831, "height": 1169.0 }, "geometry": { "type": "Point", "coordinates": [ 119.641, 27.831 ] } },
{ "type": "Feature", "properties": { "pt_id": "  1035", "trajectory_id": 1, "北京时间": "2026-05-15 19:00", "lon": 120.031, "lat": 27.675, "height": 1139.0 }, "geometry": { "type": "Point", "coordinates": [ 120.031, 27.675 ] } },
{ "type": "Feature", "properties": { "pt_id": "  1036", "trajectory_id": 1, "北京时间": "2026-05-15 18:00", "lon": 120.409, "lat": 27.607, "height": 1058.0 }, "geometry": { "type": "Point", "coordinates": [ 120.409, 27.607 ] } },
{ "type": "Feature", "properties": { "pt_id": "  1037", "trajectory_id": 1, "北京时间": "2026-05-15 17:00", "lon": 120.71, "lat": 27.597, "height": 907.0 }, "geometry": { "type": "Point", "coordinates": [ 120.71, 27.597 ] } },
{ "type": "Feature", "properties": { "pt_id": "  1038", "trajectory_id": 1, "北京时间": "2026-05-15 16:00", "lon": 120.99, "lat": 27.59, "height": 817.0 }, "geometry": { "type": "Point", "coordinates": [ 120.99, 27.59 ] } },
{ "type": "Feature", "properties": { "pt_id": "  1039", "trajectory_id": 1, "北京时间": "2026-05-15 15:00", "lon": 121.3, "lat": 27.55, "height": 761.0 }, "geometry": { "type": "Point", "coordinates": [ 121.3, 27.55 ] } },
{ "type": "Feature", "properties": { "pt_id": "  1040", "trajectory_id": 1, "北京时间": "2026-05-15 14:00", "lon": 121.642, "lat": 27.467, "height": 730.0 }, "geometry": { "type": "Point", "coordinates": [ 121.642, 27.467 ] } },
{ "type": "Feature", "properties": { "pt_id": "  1041", "trajectory_id": 1, "北京时间": "2026-05-15 13:00", "lon": 122.016, "lat": 27.369, "height": 677.0 }, "geometry": { "type": "Point", "coordinates": [ 122.016, 27.369 ] } },
{ "type": "Feature", "properties": { "pt_id": "  1042", "trajectory_id": 1, "北京时间": "2026-05-15 12:00", "lon": 122.416, "lat": 27.275, "height": 663.0 }, "geometry": { "type": "Point", "coordinates": [ 122.416, 27.275 ] } },
{ "type": "Feature", "properties": { "pt_id": "  1043", "trajectory_id": 1, "北京时间": "2026-05-15 11:00", "lon": 122.839, "lat": 27.189, "height": 619.0 }, "geometry": { "type": "Point", "coordinates": [ 122.839, 27.189 ] } },
{ "type": "Feature", "properties": { "pt_id": "  1044", "trajectory_id": 1, "北京时间": "2026-05-15 10:00", "lon": 123.265, "lat": 27.11, "height": 600.0 }, "geometry": { "type": "Point", "coordinates": [ 123.265, 27.11 ] } },
{ "type": "Feature", "properties": { "pt_id": "  1045", "trajectory_id": 1, "北京时间": "2026-05-15 09:00", "lon": 123.672, "lat": 27.04, "height": 613.0 }, "geometry": { "type": "Point", "coordinates": [ 123.672, 27.04 ] } },
{ "type": "Feature", "properties": { "pt_id": "  1046", "trajectory_id": 1, "北京时间": "2026-05-15 08:00", "lon": 124.08, "lat": 26.98, "height": 595.0 }, "geometry": { "type": "Point", "coordinates": [ 124.08, 26.98 ] } },
{ "type": "Feature", "properties": { "pt_id": "  1047", "trajectory_id": 1, "北京时间": "2026-05-15 07:00", "lon": 124.475, "lat": 26.926, "height": 566.0 }, "geometry": { "type": "Point", "coordinates": [ 124.475, 26.926 ] } },
{ "type": "Feature", "properties": { "pt_id": "  1048", "trajectory_id": 1, "北京时间": "2026-05-15 06:00", "lon": 124.848, "lat": 26.884, "height": 572.0 }, "geometry": { "type": "Point", "coordinates": [ 124.848, 26.884 ] } },
{ "type": "Feature", "properties": { "pt_id": "  2000", "trajectory_id": 2, "北京时间": "2026-05-17 06:00", "lon": 113.942, "lat": 30.907, "height": 10.0 }, "geometry": { "type": "Point", "coordinates": [ 113.942, 30.907 ] } },
{ "type": "Feature", "properties": { "pt_id": "  2005", "trajectory_id": 2, "北京时间": "2026-05-17 05:00", "lon": 114.116, "lat": 30.79, "height": 9.0 }, "geometry": { "type": "Point", "coordinates": [ 114.116, 30.79 ] } },
{ "type": "Feature", "properties": { "pt_id": "  2006", "trajectory_id": 2, "北京时间": "2026-05-17 04:00", "lon": 114.303, "lat": 30.659, "height": 9.0 }, "geometry": { "type": "Point", "coordinates": [ 114.303, 30.659 ] } },
{ "type": "Feature", "properties": { "pt_id": "  2007", "trajectory_id": 2, "北京时间": "2026-05-17 03:00", "lon": 114.492, "lat": 30.525, "height": 10.0 }, "geometry": { "type": "Point", "coordinates": [ 114.492, 30.525 ] } },
{ "type": "Feature", "properties": { "pt_id": "  2008", "trajectory_id": 2, "北京时间": "2026-05-17 02:00", "lon": 114.689, "lat": 30.393, "height": 15.0 }, "geometry": { "type": "Point", "coordinates": [ 114.689, 30.393 ] } },
{ "type": "Feature", "properties": { "pt_id": "  2009", "trajectory_id": 2, "北京时间": "2026-05-17 01:00", "lon": 114.898, "lat": 30.253, "height": 49.0 }, "geometry": { "type": "Point", "coordinates": [ 114.898, 30.253 ] } },
{ "type": "Feature", "properties": { "pt_id": "  2010", "trajectory_id": 2, "北京时间": "2026-05-17 00:00", "lon": 115.125, "lat": 30.053, "height": 111.0 }, "geometry": { "type": "Point", "coordinates": [ 115.125, 30.053 ] } },
{ "type": "Feature", "properties": { "pt_id": "  2011", "trajectory_id": 2, "北京时间": "2026-05-16 23:00", "lon": 115.36, "lat": 29.807, "height": 227.0 }, "geometry": { "type": "Point", "coordinates": [ 115.36, 29.807 ] } },
{ "type": "Feature", "properties": { "pt_id": "  2012", "trajectory_id": 2, "北京时间": "2026-05-16 22:00", "lon": 115.612, "lat": 29.538, "height": 379.0 }, "geometry": { "type": "Point", "coordinates": [ 115.612, 29.538 ] } },
{ "type": "Feature", "properties": { "pt_id": "  2013", "trajectory_id": 2, "北京时间": "2026-05-16 21:00", "lon": 115.836, "lat": 29.34, "height": 491.0 }, "geometry": { "type": "Point", "coordinates": [ 115.836, 29.34 ] } },
{ "type": "Feature", "properties": { "pt_id": "  2014", "trajectory_id": 2, "北京时间": "2026-05-16 20:00", "lon": 116.046, "lat": 29.169, "height": 524.0 }, "geometry": { "type": "Point", "coordinates": [ 116.046, 29.169 ] } },
{ "type": "Feature", "properties": { "pt_id": "  2015", "trajectory_id": 2, "北京时间": "2026-05-16 19:00", "lon": 116.258, "lat": 29.019, "height": 482.0 }, "geometry": { "type": "Point", "coordinates": [ 116.258, 29.019 ] } },
{ "type": "Feature", "properties": { "pt_id": "  2016", "trajectory_id": 2, "北京时间": "2026-05-16 18:00", "lon": 116.471, "lat": 28.884, "height": 378.0 }, "geometry": { "type": "Point", "coordinates": [ 116.471, 28.884 ] } },
{ "type": "Feature", "properties": { "pt_id": "  2017", "trajectory_id": 2, "北京时间": "2026-05-16 17:00", "lon": 116.707, "lat": 28.756, "height": 358.0 }, "geometry": { "type": "Point", "coordinates": [ 116.707, 28.756 ] } },
{ "type": "Feature", "properties": { "pt_id": "  2018", "trajectory_id": 2, "北京时间": "2026-05-16 16:00", "lon": 116.975, "lat": 28.642, "height": 413.0 }, "geometry": { "type": "Point", "coordinates": [ 116.975, 28.642 ] } },
{ "type": "Feature", "properties": { "pt_id": "  2019", "trajectory_id": 2, "北京时间": "2026-05-16 15:00", "lon": 117.272, "lat": 28.55, "height": 500.0 }, "geometry": { "type": "Point", "coordinates": [ 117.272, 28.55 ] } },
{ "type": "Feature", "properties": { "pt_id": "  2020", "trajectory_id": 2, "北京时间": "2026-05-16 14:00", "lon": 117.605, "lat": 28.47, "height": 649.0 }, "geometry": { "type": "Point", "coordinates": [ 117.605, 28.47 ] } },
{ "type": "Feature", "properties": { "pt_id": "  2021", "trajectory_id": 2, "北京时间": "2026-05-16 13:00", "lon": 117.896, "lat": 28.377, "height": 781.0 }, "geometry": { "type": "Point", "coordinates": [ 117.896, 28.377 ] } },
{ "type": "Feature", "properties": { "pt_id": "  2022", "trajectory_id": 2, "北京时间": "2026-05-16 12:00", "lon": 118.102, "lat": 28.23, "height": 807.0 }, "geometry": { "type": "Point", "coordinates": [ 118.102, 28.23 ] } },
{ "type": "Feature", "properties": { "pt_id": "  2023", "trajectory_id": 2, "北京时间": "2026-05-16 11:00", "lon": 118.283, "lat": 28.017, "height": 939.0 }, "geometry": { "type": "Point", "coordinates": [ 118.283, 28.017 ] } },
{ "type": "Feature", "properties": { "pt_id": "  2024", "trajectory_id": 2, "北京时间": "2026-05-16 10:00", "lon": 118.535, "lat": 27.802, "height": 1084.0 }, "geometry": { "type": "Point", "coordinates": [ 118.535, 27.802 ] } },
{ "type": "Feature", "properties": { "pt_id": "  2025", "trajectory_id": 2, "北京时间": "2026-05-16 09:00", "lon": 118.851, "lat": 27.61, "height": 1253.0 }, "geometry": { "type": "Point", "coordinates": [ 118.851, 27.61 ] } },
{ "type": "Feature", "properties": { "pt_id": "  2026", "trajectory_id": 2, "北京时间": "2026-05-16 08:00", "lon": 119.195, "lat": 27.421, "height": 1270.0 }, "geometry": { "type": "Point", "coordinates": [ 119.195, 27.421 ] } },
{ "type": "Feature", "properties": { "pt_id": "  2027", "trajectory_id": 2, "北京时间": "2026-05-16 07:00", "lon": 119.562, "lat": 27.268, "height": 1270.0 }, "geometry": { "type": "Point", "coordinates": [ 119.562, 27.268 ] } },
{ "type": "Feature", "properties": { "pt_id": "  2028", "trajectory_id": 2, "北京时间": "2026-05-16 06:00", "lon": 119.965, "lat": 27.196, "height": 1268.0 }, "geometry": { "type": "Point", "coordinates": [ 119.965, 27.196 ] } },
{ "type": "Feature", "properties": { "pt_id": "  2029", "trajectory_id": 2, "北京时间": "2026-05-16 05:00", "lon": 120.331, "lat": 27.18, "height": 1315.0 }, "geometry": { "type": "Point", "coordinates": [ 120.331, 27.18 ] } },
{ "type": "Feature", "properties": { "pt_id": "  2030", "trajectory_id": 2, "北京时间": "2026-05-16 04:00", "lon": 120.627, "lat": 27.188, "height": 1247.0 }, "geometry": { "type": "Point", "coordinates": [ 120.627, 27.188 ] } },
{ "type": "Feature", "properties": { "pt_id": "  2031", "trajectory_id": 2, "北京时间": "2026-05-16 03:00", "lon": 120.922, "lat": 27.174, "height": 1162.0 }, "geometry": { "type": "Point", "coordinates": [ 120.922, 27.174 ] } },
{ "type": "Feature", "properties": { "pt_id": "  2032", "trajectory_id": 2, "北京时间": "2026-05-16 02:00", "lon": 121.249, "lat": 27.13, "height": 1113.0 }, "geometry": { "type": "Point", "coordinates": [ 121.249, 27.13 ] } },
{ "type": "Feature", "properties": { "pt_id": "  2033", "trajectory_id": 2, "北京时间": "2026-05-16 01:00", "lon": 121.594, "lat": 27.074, "height": 1136.0 }, "geometry": { "type": "Point", "coordinates": [ 121.594, 27.074 ] } },
{ "type": "Feature", "properties": { "pt_id": "  2034", "trajectory_id": 2, "北京时间": "2026-05-16 00:00", "lon": 121.948, "lat": 27.005, "height": 1167.0 }, "geometry": { "type": "Point", "coordinates": [ 121.948, 27.005 ] } },
{ "type": "Feature", "properties": { "pt_id": "  2035", "trajectory_id": 2, "北京时间": "2026-05-15 23:00", "lon": 122.301, "lat": 26.93, "height": 1168.0 }, "geometry": { "type": "Point", "coordinates": [ 122.301, 26.93 ] } },
{ "type": "Feature", "properties": { "pt_id": "  2036", "trajectory_id": 2, "北京时间": "2026-05-15 22:00", "lon": 122.651, "lat": 26.849, "height": 1189.0 }, "geometry": { "type": "Point", "coordinates": [ 122.651, 26.849 ] } },
{ "type": "Feature", "properties": { "pt_id": "  2037", "trajectory_id": 2, "北京时间": "2026-05-15 21:00", "lon": 122.999, "lat": 26.759, "height": 1228.0 }, "geometry": { "type": "Point", "coordinates": [ 122.999, 26.759 ] } },
{ "type": "Feature", "properties": { "pt_id": "  2038", "trajectory_id": 2, "北京时间": "2026-05-15 20:00", "lon": 123.34, "lat": 26.664, "height": 1255.0 }, "geometry": { "type": "Point", "coordinates": [ 123.34, 26.664 ] } },
{ "type": "Feature", "properties": { "pt_id": "  2039", "trajectory_id": 2, "北京时间": "2026-05-15 19:00", "lon": 123.675, "lat": 26.572, "height": 1220.0 }, "geometry": { "type": "Point", "coordinates": [ 123.675, 26.572 ] } },
{ "type": "Feature", "properties": { "pt_id": "  2040", "trajectory_id": 2, "北京时间": "2026-05-15 18:00", "lon": 124.03, "lat": 26.486, "height": 1120.0 }, "geometry": { "type": "Point", "coordinates": [ 124.03, 26.486 ] } },
{ "type": "Feature", "properties": { "pt_id": "  2041", "trajectory_id": 2, "北京时间": "2026-05-15 17:00", "lon": 124.407, "lat": 26.414, "height": 1113.0 }, "geometry": { "type": "Point", "coordinates": [ 124.407, 26.414 ] } },
{ "type": "Feature", "properties": { "pt_id": "  2042", "trajectory_id": 2, "北京时间": "2026-05-15 16:00", "lon": 124.781, "lat": 26.357, "height": 1154.0 }, "geometry": { "type": "Point", "coordinates": [ 124.781, 26.357 ] } },
{ "type": "Feature", "properties": { "pt_id": "  2043", "trajectory_id": 2, "北京时间": "2026-05-15 15:00", "lon": 125.155, "lat": 26.31, "height": 1218.0 }, "geometry": { "type": "Point", "coordinates": [ 125.155, 26.31 ] } },
{ "type": "Feature", "properties": { "pt_id": "  2044", "trajectory_id": 2, "北京时间": "2026-05-15 14:00", "lon": 125.524, "lat": 26.274, "height": 1208.0 }, "geometry": { "type": "Point", "coordinates": [ 125.524, 26.274 ] } },
{ "type": "Feature", "properties": { "pt_id": "  2045", "trajectory_id": 2, "北京时间": "2026-05-15 13:00", "lon": 125.893, "lat": 26.25, "height": 1151.0 }, "geometry": { "type": "Point", "coordinates": [ 125.893, 26.25 ] } },
{ "type": "Feature", "properties": { "pt_id": "  2046", "trajectory_id": 2, "北京时间": "2026-05-15 12:00", "lon": 126.258, "lat": 26.221, "height": 1104.0 }, "geometry": { "type": "Point", "coordinates": [ 126.258, 26.221 ] } },
{ "type": "Feature", "properties": { "pt_id": "  2047", "trajectory_id": 2, "北京时间": "2026-05-15 11:00", "lon": 126.612, "lat": 26.199, "height": 1060.0 }, "geometry": { "type": "Point", "coordinates": [ 126.612, 26.199 ] } },
{ "type": "Feature", "properties": { "pt_id": "  2048", "trajectory_id": 2, "北京时间": "2026-05-15 10:00", "lon": 126.95, "lat": 26.203, "height": 1117.0 }, "geometry": { "type": "Point", "coordinates": [ 126.95, 26.203 ] } },
{ "type": "Feature", "properties": { "pt_id": "  2049", "trajectory_id": 2, "北京时间": "2026-05-15 09:00", "lon": 127.269, "lat": 26.226, "height": 1215.0 }, "geometry": { "type": "Point", "coordinates": [ 127.269, 26.226 ] } },
{ "type": "Feature", "properties": { "pt_id": "  2050", "trajectory_id": 2, "北京时间": "2026-05-15 08:00", "lon": 127.574, "lat": 26.254, "height": 1228.0 }, "geometry": { "type": "Point", "coordinates": [ 127.574, 26.254 ] } },
{ "type": "Feature", "properties": { "pt_id": "  2051", "trajectory_id": 2, "北京时间": "2026-05-15 07:00", "lon": 127.864, "lat": 26.286, "height": 1243.0 }, "geometry": { "type": "Point", "coordinates": [ 127.864, 26.286 ] } },
{ "type": "Feature", "properties": { "pt_id": "  2052", "trajectory_id": 2, "北京时间": "2026-05-15 06:00", "lon": 128.111, "lat": 26.329, "height": 1392.0 }, "geometry": { "type": "Point", "coordinates": [ 128.111, 26.329 ] } },
{ "type": "Feature", "properties": { "pt_id": "  3000", "trajectory_id": 3, "北京时间": "2026-05-17 06:00", "lon": 113.942, "lat": 30.907, "height": 10.0 }, "geometry": { "type": "Point", "coordinates": [ 113.942, 30.907 ] } },
{ "type": "Feature", "properties": { "pt_id": "  3009", "trajectory_id": 3, "北京时间": "2026-05-17 05:00", "lon": 114.148, "lat": 30.769, "height": 8.0 }, "geometry": { "type": "Point", "coordinates": [ 114.148, 30.769 ] } },
{ "type": "Feature", "properties": { "pt_id": "  3010", "trajectory_id": 3, "北京时间": "2026-05-17 04:00", "lon": 114.372, "lat": 30.623, "height": 10.0 }, "geometry": { "type": "Point", "coordinates": [ 114.372, 30.623 ] } },
{ "type": "Feature", "properties": { "pt_id": "  3011", "trajectory_id": 3, "北京时间": "2026-05-17 03:00", "lon": 114.596, "lat": 30.482, "height": 12.0 }, "geometry": { "type": "Point", "coordinates": [ 114.596, 30.482 ] } },
{ "type": "Feature", "properties": { "pt_id": "  3012", "trajectory_id": 3, "北京时间": "2026-05-17 02:00", "lon": 114.827, "lat": 30.323, "height": 34.0 }, "geometry": { "type": "Point", "coordinates": [ 114.827, 30.323 ] } },
{ "type": "Feature", "properties": { "pt_id": "  3013", "trajectory_id": 3, "北京时间": "2026-05-17 01:00", "lon": 115.07, "lat": 30.094, "height": 113.0 }, "geometry": { "type": "Point", "coordinates": [ 115.07, 30.094 ] } },
{ "type": "Feature", "properties": { "pt_id": "  3014", "trajectory_id": 3, "北京时间": "2026-05-17 00:00", "lon": 115.307, "lat": 29.833, "height": 216.0 }, "geometry": { "type": "Point", "coordinates": [ 115.307, 29.833 ] } },
{ "type": "Feature", "properties": { "pt_id": "  3015", "trajectory_id": 3, "北京时间": "2026-05-16 23:00", "lon": 115.54, "lat": 29.568, "height": 396.0 }, "geometry": { "type": "Point", "coordinates": [ 115.54, 29.568 ] } },
{ "type": "Feature", "properties": { "pt_id": "  3016", "trajectory_id": 3, "北京时间": "2026-05-16 22:00", "lon": 115.772, "lat": 29.358, "height": 523.0 }, "geometry": { "type": "Point", "coordinates": [ 115.772, 29.358 ] } },
{ "type": "Feature", "properties": { "pt_id": "  3017", "trajectory_id": 3, "北京时间": "2026-05-16 21:00", "lon": 115.985, "lat": 29.205, "height": 600.0 }, "geometry": { "type": "Point", "coordinates": [ 115.985, 29.205 ] } },
{ "type": "Feature", "properties": { "pt_id": "  3018", "trajectory_id": 3, "北京时间": "2026-05-16 20:00", "lon": 116.194, "lat": 29.07, "height": 600.0 }, "geometry": { "type": "Point", "coordinates": [ 116.194, 29.07 ] } },
{ "type": "Feature", "properties": { "pt_id": "  3019", "trajectory_id": 3, "北京时间": "2026-05-16 19:00", "lon": 116.405, "lat": 28.945, "height": 569.0 }, "geometry": { "type": "Point", "coordinates": [ 116.405, 28.945 ] } },
{ "type": "Feature", "properties": { "pt_id": "  3020", "trajectory_id": 3, "北京时间": "2026-05-16 18:00", "lon": 116.625, "lat": 28.836, "height": 507.0 }, "geometry": { "type": "Point", "coordinates": [ 116.625, 28.836 ] } },
{ "type": "Feature", "properties": { "pt_id": "  3021", "trajectory_id": 3, "北京时间": "2026-05-16 17:00", "lon": 116.885, "lat": 28.721, "height": 464.0 }, "geometry": { "type": "Point", "coordinates": [ 116.885, 28.721 ] } },
{ "type": "Feature", "properties": { "pt_id": "  3022", "trajectory_id": 3, "北京时间": "2026-05-16 16:00", "lon": 117.19, "lat": 28.587, "height": 497.0 }, "geometry": { "type": "Point", "coordinates": [ 117.19, 28.587 ] } },
{ "type": "Feature", "properties": { "pt_id": "  3023", "trajectory_id": 3, "北京时间": "2026-05-16 15:00", "lon": 117.539, "lat": 28.446, "height": 538.0 }, "geometry": { "type": "Point", "coordinates": [ 117.539, 28.446 ] } },
{ "type": "Feature", "properties": { "pt_id": "  3024", "trajectory_id": 3, "北京时间": "2026-05-16 14:00", "lon": 117.816, "lat": 28.326, "height": 622.0 }, "geometry": { "type": "Point", "coordinates": [ 117.816, 28.326 ] } },
{ "type": "Feature", "properties": { "pt_id": "  3025", "trajectory_id": 3, "北京时间": "2026-05-16 13:00", "lon": 118.001, "lat": 28.17, "height": 676.0 }, "geometry": { "type": "Point", "coordinates": [ 118.001, 28.17 ] } },
{ "type": "Feature", "properties": { "pt_id": "  3026", "trajectory_id": 3, "北京时间": "2026-05-16 12:00", "lon": 118.163, "lat": 27.964, "height": 873.0 }, "geometry": { "type": "Point", "coordinates": [ 118.163, 27.964 ] } },
{ "type": "Feature", "properties": { "pt_id": "  3027", "trajectory_id": 3, "北京时间": "2026-05-16 11:00", "lon": 118.406, "lat": 27.75, "height": 1002.0 }, "geometry": { "type": "Point", "coordinates": [ 118.406, 27.75 ] } },
{ "type": "Feature", "properties": { "pt_id": "  3028", "trajectory_id": 3, "北京时间": "2026-05-16 10:00", "lon": 118.734, "lat": 27.579, "height": 1155.0 }, "geometry": { "type": "Point", "coordinates": [ 118.734, 27.579 ] } },
{ "type": "Feature", "properties": { "pt_id": "  3029", "trajectory_id": 3, "北京时间": "2026-05-16 09:00", "lon": 119.109, "lat": 27.404, "height": 1283.0 }, "geometry": { "type": "Point", "coordinates": [ 119.109, 27.404 ] } },
{ "type": "Feature", "properties": { "pt_id": "  3030", "trajectory_id": 3, "北京时间": "2026-05-16 08:00", "lon": 119.477, "lat": 27.253, "height": 1355.0 }, "geometry": { "type": "Point", "coordinates": [ 119.477, 27.253 ] } },
{ "type": "Feature", "properties": { "pt_id": "  3031", "trajectory_id": 3, "北京时间": "2026-05-16 07:00", "lon": 119.878, "lat": 27.151, "height": 1343.0 }, "geometry": { "type": "Point", "coordinates": [ 119.878, 27.151 ] } },
{ "type": "Feature", "properties": { "pt_id": "  3032", "trajectory_id": 3, "北京时间": "2026-05-16 06:00", "lon": 120.261, "lat": 27.114, "height": 1324.0 }, "geometry": { "type": "Point", "coordinates": [ 120.261, 27.114 ] } },
{ "type": "Feature", "properties": { "pt_id": "  3033", "trajectory_id": 3, "北京时间": "2026-05-16 05:00", "lon": 120.594, "lat": 27.122, "height": 1152.0 }, "geometry": { "type": "Point", "coordinates": [ 120.594, 27.122 ] } },
{ "type": "Feature", "properties": { "pt_id": "  3034", "trajectory_id": 3, "北京时间": "2026-05-16 04:00", "lon": 120.922, "lat": 27.11, "height": 1077.0 }, "geometry": { "type": "Point", "coordinates": [ 120.922, 27.11 ] } },
{ "type": "Feature", "properties": { "pt_id": "  3035", "trajectory_id": 3, "北京时间": "2026-05-16 03:00", "lon": 121.27, "lat": 27.078, "height": 976.0 }, "geometry": { "type": "Point", "coordinates": [ 121.27, 27.078 ] } },
{ "type": "Feature", "properties": { "pt_id": "  3036", "trajectory_id": 3, "北京时间": "2026-05-16 02:00", "lon": 121.633, "lat": 27.027, "height": 910.0 }, "geometry": { "type": "Point", "coordinates": [ 121.633, 27.027 ] } },
{ "type": "Feature", "properties": { "pt_id": "  3037", "trajectory_id": 3, "北京时间": "2026-05-16 01:00", "lon": 121.998, "lat": 26.95, "height": 887.0 }, "geometry": { "type": "Point", "coordinates": [ 121.998, 26.95 ] } },
{ "type": "Feature", "properties": { "pt_id": "  3038", "trajectory_id": 3, "北京时间": "2026-05-16 00:00", "lon": 122.366, "lat": 26.863, "height": 886.0 }, "geometry": { "type": "Point", "coordinates": [ 122.366, 26.863 ] } },
{ "type": "Feature", "properties": { "pt_id": "  3039", "trajectory_id": 3, "北京时间": "2026-05-15 23:00", "lon": 122.743, "lat": 26.765, "height": 885.0 }, "geometry": { "type": "Point", "coordinates": [ 122.743, 26.765 ] } },
{ "type": "Feature", "properties": { "pt_id": "  3040", "trajectory_id": 3, "北京时间": "2026-05-15 22:00", "lon": 123.115, "lat": 26.663, "height": 809.0 }, "geometry": { "type": "Point", "coordinates": [ 123.115, 26.663 ] } },
{ "type": "Feature", "properties": { "pt_id": "  3041", "trajectory_id": 3, "北京时间": "2026-05-15 21:00", "lon": 123.498, "lat": 26.573, "height": 729.0 }, "geometry": { "type": "Point", "coordinates": [ 123.498, 26.573 ] } },
{ "type": "Feature", "properties": { "pt_id": "  3042", "trajectory_id": 3, "北京时间": "2026-05-15 20:00", "lon": 123.901, "lat": 26.507, "height": 640.0 }, "geometry": { "type": "Point", "coordinates": [ 123.901, 26.507 ] } },
{ "type": "Feature", "properties": { "pt_id": "  3043", "trajectory_id": 3, "北京时间": "2026-05-15 19:00", "lon": 124.322, "lat": 26.454, "height": 617.0 }, "geometry": { "type": "Point", "coordinates": [ 124.322, 26.454 ] } },
{ "type": "Feature", "properties": { "pt_id": "  3044", "trajectory_id": 3, "北京时间": "2026-05-15 18:00", "lon": 124.73, "lat": 26.409, "height": 620.0 }, "geometry": { "type": "Point", "coordinates": [ 124.73, 26.409 ] } },
{ "type": "Feature", "properties": { "pt_id": "  3045", "trajectory_id": 3, "北京时间": "2026-05-15 17:00", "lon": 125.117, "lat": 26.371, "height": 599.0 }, "geometry": { "type": "Point", "coordinates": [ 125.117, 26.371 ] } },
{ "type": "Feature", "properties": { "pt_id": "  3046", "trajectory_id": 3, "北京时间": "2026-05-15 16:00", "lon": 125.496, "lat": 26.337, "height": 534.0 }, "geometry": { "type": "Point", "coordinates": [ 125.496, 26.337 ] } },
{ "type": "Feature", "properties": { "pt_id": "  3047", "trajectory_id": 3, "北京时间": "2026-05-15 15:00", "lon": 125.876, "lat": 26.31, "height": 476.0 }, "geometry": { "type": "Point", "coordinates": [ 125.876, 26.31 ] } },
{ "type": "Feature", "properties": { "pt_id": "  3048", "trajectory_id": 3, "北京时间": "2026-05-15 14:00", "lon": 126.243, "lat": 26.299, "height": 470.0 }, "geometry": { "type": "Point", "coordinates": [ 126.243, 26.299 ] } },
{ "type": "Feature", "properties": { "pt_id": "  3049", "trajectory_id": 3, "北京时间": "2026-05-15 13:00", "lon": 126.605, "lat": 26.311, "height": 491.0 }, "geometry": { "type": "Point", "coordinates": [ 126.605, 26.311 ] } },
{ "type": "Feature", "properties": { "pt_id": "  3050", "trajectory_id": 3, "北京时间": "2026-05-15 12:00", "lon": 126.947, "lat": 26.338, "height": 548.0 }, "geometry": { "type": "Point", "coordinates": [ 126.947, 26.338 ] } },
{ "type": "Feature", "properties": { "pt_id": "  3051", "trajectory_id": 3, "北京时间": "2026-05-15 11:00", "lon": 127.265, "lat": 26.352, "height": 623.0 }, "geometry": { "type": "Point", "coordinates": [ 127.265, 26.352 ] } },
{ "type": "Feature", "properties": { "pt_id": "  3052", "trajectory_id": 3, "北京时间": "2026-05-15 10:00", "lon": 127.588, "lat": 26.349, "height": 704.0 }, "geometry": { "type": "Point", "coordinates": [ 127.588, 26.349 ] } },
{ "type": "Feature", "properties": { "pt_id": "  3053", "trajectory_id": 3, "北京时间": "2026-05-15 09:00", "lon": 127.903, "lat": 26.359, "height": 808.0 }, "geometry": { "type": "Point", "coordinates": [ 127.903, 26.359 ] } },
{ "type": "Feature", "properties": { "pt_id": "  3054", "trajectory_id": 3, "北京时间": "2026-05-15 08:00", "lon": 128.174, "lat": 26.385, "height": 902.0 }, "geometry": { "type": "Point", "coordinates": [ 128.174, 26.385 ] } },
{ "type": "Feature", "properties": { "pt_id": "  3055", "trajectory_id": 3, "北京时间": "2026-05-15 07:00", "lon": 128.424, "lat": 26.426, "height": 898.0 }, "geometry": { "type": "Point", "coordinates": [ 128.424, 26.426 ] } },
{ "type": "Feature", "properties": { "pt_id": "  3056", "trajectory_id": 3, "北京时间": "2026-05-15 06:00", "lon": 128.671, "lat": 26.468, "height": 919.0 }, "geometry": { "type": "Point", "coordinates": [ 128.671, 26.468 ] } },
{ "type": "Feature", "properties": { "pt_id": "  4000", "trajectory_id": 4, "北京时间": "2026-05-17 06:00", "lon": 113.942, "lat": 30.907, "height": 10.0 }, "geometry": { "type": "Point", "coordinates": [ 113.942, 30.907 ] } },
{ "type": "Feature", "properties": { "pt_id": "  4013", "trajectory_id": 4, "北京时间": "2026-05-17 05:00", "lon": 114.175, "lat": 30.753, "height": 6.0 }, "geometry": { "type": "Point", "coordinates": [ 114.175, 30.753 ] } },
{ "type": "Feature", "properties": { "pt_id": "  4014", "trajectory_id": 4, "北京时间": "2026-05-17 04:00", "lon": 114.411, "lat": 30.588, "height": 3.0 }, "geometry": { "type": "Point", "coordinates": [ 114.411, 30.588 ] } },
{ "type": "Feature", "properties": { "pt_id": "  4015", "trajectory_id": 4, "北京时间": "2026-05-17 03:00", "lon": 114.642, "lat": 30.412, "height": 1.0 }, "geometry": { "type": "Point", "coordinates": [ 114.642, 30.412 ] } },
{ "type": "Feature", "properties": { "pt_id": "  4016", "trajectory_id": 4, "北京时间": "2026-05-17 02:00", "lon": 114.895, "lat": 30.223, "height": 33.0 }, "geometry": { "type": "Point", "coordinates": [ 114.895, 30.223 ] } },
{ "type": "Feature", "properties": { "pt_id": "  4017", "trajectory_id": 4, "北京时间": "2026-05-17 01:00", "lon": 115.176, "lat": 30.014, "height": 46.0 }, "geometry": { "type": "Point", "coordinates": [ 115.176, 30.014 ] } },
{ "type": "Feature", "properties": { "pt_id": "  4018", "trajectory_id": 4, "北京时间": "2026-05-17 00:00", "lon": 115.407, "lat": 29.824, "height": 77.0 }, "geometry": { "type": "Point", "coordinates": [ 115.407, 29.824 ] } },
{ "type": "Feature", "properties": { "pt_id": "  4019", "trajectory_id": 4, "北京时间": "2026-05-16 23:00", "lon": 115.597, "lat": 29.639, "height": 125.0 }, "geometry": { "type": "Point", "coordinates": [ 115.597, 29.639 ] } },
{ "type": "Feature", "properties": { "pt_id": "  4020", "trajectory_id": 4, "北京时间": "2026-05-16 22:00", "lon": 115.759, "lat": 29.486, "height": 112.0 }, "geometry": { "type": "Point", "coordinates": [ 115.759, 29.486 ] } },
{ "type": "Feature", "properties": { "pt_id": "  4021", "trajectory_id": 4, "北京时间": "2026-05-16 21:00", "lon": 115.893, "lat": 29.368, "height": 97.0 }, "geometry": { "type": "Point", "coordinates": [ 115.893, 29.368 ] } },
{ "type": "Feature", "properties": { "pt_id": "  4022", "trajectory_id": 4, "北京时间": "2026-05-16 20:00", "lon": 116.021, "lat": 29.299, "height": 70.0 }, "geometry": { "type": "Point", "coordinates": [ 116.021, 29.299 ] } },
{ "type": "Feature", "properties": { "pt_id": "  4023", "trajectory_id": 4, "北京时间": "2026-05-16 19:00", "lon": 116.17, "lat": 29.255, "height": 51.0 }, "geometry": { "type": "Point", "coordinates": [ 116.17, 29.255 ] } },
{ "type": "Feature", "properties": { "pt_id": "  4024", "trajectory_id": 4, "北京时间": "2026-05-16 18:00", "lon": 116.329, "lat": 29.216, "height": 49.0 }, "geometry": { "type": "Point", "coordinates": [ 116.329, 29.216 ] } },
{ "type": "Feature", "properties": { "pt_id": "  4025", "trajectory_id": 4, "北京时间": "2026-05-16 17:00", "lon": 116.475, "lat": 29.18, "height": 48.0 }, "geometry": { "type": "Point", "coordinates": [ 116.475, 29.18 ] } },
{ "type": "Feature", "properties": { "pt_id": "  4026", "trajectory_id": 4, "北京时间": "2026-05-16 16:00", "lon": 116.631, "lat": 29.155, "height": 52.0 }, "geometry": { "type": "Point", "coordinates": [ 116.631, 29.155 ] } },
{ "type": "Feature", "properties": { "pt_id": "  4027", "trajectory_id": 4, "北京时间": "2026-05-16 15:00", "lon": 116.828, "lat": 29.154, "height": 67.0 }, "geometry": { "type": "Point", "coordinates": [ 116.828, 29.154 ] } },
{ "type": "Feature", "properties": { "pt_id": "  4028", "trajectory_id": 4, "北京时间": "2026-05-16 14:00", "lon": 117.074, "lat": 29.178, "height": 111.0 }, "geometry": { "type": "Point", "coordinates": [ 117.074, 29.178 ] } },
{ "type": "Feature", "properties": { "pt_id": "  4029", "trajectory_id": 4, "北京时间": "2026-05-16 13:00", "lon": 117.348, "lat": 29.193, "height": 178.0 }, "geometry": { "type": "Point", "coordinates": [ 117.348, 29.193 ] } },
{ "type": "Feature", "properties": { "pt_id": "  4030", "trajectory_id": 4, "北京时间": "2026-05-16 12:00", "lon": 117.668, "lat": 29.188, "height": 220.0 }, "geometry": { "type": "Point", "coordinates": [ 117.668, 29.188 ] } },
{ "type": "Feature", "properties": { "pt_id": "  4031", "trajectory_id": 4, "北京时间": "2026-05-16 11:00", "lon": 117.961, "lat": 29.157, "height": 332.0 }, "geometry": { "type": "Point", "coordinates": [ 117.961, 29.157 ] } },
{ "type": "Feature", "properties": { "pt_id": "  4032", "trajectory_id": 4, "北京时间": "2026-05-16 10:00", "lon": 118.23, "lat": 29.093, "height": 503.0 }, "geometry": { "type": "Point", "coordinates": [ 118.23, 29.093 ] } },
{ "type": "Feature", "properties": { "pt_id": "  4033", "trajectory_id": 4, "北京时间": "2026-05-16 09:00", "lon": 118.512, "lat": 29.079, "height": 477.0 }, "geometry": { "type": "Point", "coordinates": [ 118.512, 29.079 ] } },
{ "type": "Feature", "properties": { "pt_id": "  4034", "trajectory_id": 4, "北京时间": "2026-05-16 08:00", "lon": 118.793, "lat": 29.076, "height": 538.0 }, "geometry": { "type": "Point", "coordinates": [ 118.793, 29.076 ] } },
{ "type": "Feature", "properties": { "pt_id": "  4035", "trajectory_id": 4, "北京时间": "2026-05-16 07:00", "lon": 119.052, "lat": 29.016, "height": 558.0 }, "geometry": { "type": "Point", "coordinates": [ 119.052, 29.016 ] } },
{ "type": "Feature", "properties": { "pt_id": "  4036", "trajectory_id": 4, "北京时间": "2026-05-16 06:00", "lon": 119.238, "lat": 28.913, "height": 614.0 }, "geometry": { "type": "Point", "coordinates": [ 119.238, 28.913 ] } },
{ "type": "Feature", "properties": { "pt_id": "  4037", "trajectory_id": 4, "北京时间": "2026-05-16 05:00", "lon": 119.417, "lat": 28.727, "height": 784.0 }, "geometry": { "type": "Point", "coordinates": [ 119.417, 28.727 ] } },
{ "type": "Feature", "properties": { "pt_id": "  4038", "trajectory_id": 4, "北京时间": "2026-05-16 04:00", "lon": 119.616, "lat": 28.525, "height": 899.0 }, "geometry": { "type": "Point", "coordinates": [ 119.616, 28.525 ] } },
{ "type": "Feature", "properties": { "pt_id": "  4039", "trajectory_id": 4, "北京时间": "2026-05-16 03:00", "lon": 119.826, "lat": 28.36, "height": 936.0 }, "geometry": { "type": "Point", "coordinates": [ 119.826, 28.36 ] } },
{ "type": "Feature", "properties": { "pt_id": "  4040", "trajectory_id": 4, "北京时间": "2026-05-16 02:00", "lon": 120.142, "lat": 28.182, "height": 1102.0 }, "geometry": { "type": "Point", "coordinates": [ 120.142, 28.182 ] } },
{ "type": "Feature", "properties": { "pt_id": "  4041", "trajectory_id": 4, "北京时间": "2026-05-16 01:00", "lon": 120.546, "lat": 28.04, "height": 1098.0 }, "geometry": { "type": "Point", "coordinates": [ 120.546, 28.04 ] } },
{ "type": "Feature", "properties": { "pt_id": "  4042", "trajectory_id": 4, "北京时间": "2026-05-16 00:00", "lon": 120.935, "lat": 28.001, "height": 931.0 }, "geometry": { "type": "Point", "coordinates": [ 120.935, 28.001 ] } },
{ "type": "Feature", "properties": { "pt_id": "  4043", "trajectory_id": 4, "北京时间": "2026-05-15 23:00", "lon": 121.341, "lat": 27.988, "height": 836.0 }, "geometry": { "type": "Point", "coordinates": [ 121.341, 27.988 ] } },
{ "type": "Feature", "properties": { "pt_id": "  4044", "trajectory_id": 4, "北京时间": "2026-05-15 22:00", "lon": 121.741, "lat": 27.964, "height": 791.0 }, "geometry": { "type": "Point", "coordinates": [ 121.741, 27.964 ] } },
{ "type": "Feature", "properties": { "pt_id": "  4045", "trajectory_id": 4, "北京时间": "2026-05-15 21:00", "lon": 122.136, "lat": 27.931, "height": 724.0 }, "geometry": { "type": "Point", "coordinates": [ 122.136, 27.931 ] } },
{ "type": "Feature", "properties": { "pt_id": "  4046", "trajectory_id": 4, "北京时间": "2026-05-15 20:00", "lon": 122.549, "lat": 27.888, "height": 675.0 }, "geometry": { "type": "Point", "coordinates": [ 122.549, 27.888 ] } },
{ "type": "Feature", "properties": { "pt_id": "  4047", "trajectory_id": 4, "北京时间": "2026-05-15 19:00", "lon": 122.958, "lat": 27.841, "height": 634.0 }, "geometry": { "type": "Point", "coordinates": [ 122.958, 27.841 ] } },
{ "type": "Feature", "properties": { "pt_id": "  4048", "trajectory_id": 4, "北京时间": "2026-05-15 18:00", "lon": 123.36, "lat": 27.797, "height": 598.0 }, "geometry": { "type": "Point", "coordinates": [ 123.36, 27.797 ] } },
{ "type": "Feature", "properties": { "pt_id": "  4049", "trajectory_id": 4, "北京时间": "2026-05-15 17:00", "lon": 123.761, "lat": 27.754, "height": 536.0 }, "geometry": { "type": "Point", "coordinates": [ 123.761, 27.754 ] } },
{ "type": "Feature", "properties": { "pt_id": "  4050", "trajectory_id": 4, "北京时间": "2026-05-15 16:00", "lon": 124.142, "lat": 27.721, "height": 517.0 }, "geometry": { "type": "Point", "coordinates": [ 124.142, 27.721 ] } },
{ "type": "Feature", "properties": { "pt_id": "  4051", "trajectory_id": 4, "北京时间": "2026-05-15 15:00", "lon": 124.476, "lat": 27.681, "height": 515.0 }, "geometry": { "type": "Point", "coordinates": [ 124.476, 27.681 ] } },
{ "type": "Feature", "properties": { "pt_id": "  4052", "trajectory_id": 4, "北京时间": "2026-05-15 14:00", "lon": 124.776, "lat": 27.631, "height": 526.0 }, "geometry": { "type": "Point", "coordinates": [ 124.776, 27.631 ] } },
{ "type": "Feature", "properties": { "pt_id": "  4053", "trajectory_id": 4, "北京时间": "2026-05-15 13:00", "lon": 125.068, "lat": 27.587, "height": 474.0 }, "geometry": { "type": "Point", "coordinates": [ 125.068, 27.587 ] } },
{ "type": "Feature", "properties": { "pt_id": "  4054", "trajectory_id": 4, "北京时间": "2026-05-15 12:00", "lon": 125.357, "lat": 27.567, "height": 419.0 }, "geometry": { "type": "Point", "coordinates": [ 125.357, 27.567 ] } },
{ "type": "Feature", "properties": { "pt_id": "  4055", "trajectory_id": 4, "北京时间": "2026-05-15 11:00", "lon": 125.622, "lat": 27.553, "height": 434.0 }, "geometry": { "type": "Point", "coordinates": [ 125.622, 27.553 ] } },
{ "type": "Feature", "properties": { "pt_id": "  4056", "trajectory_id": 4, "北京时间": "2026-05-15 10:00", "lon": 125.837, "lat": 27.537, "height": 425.0 }, "geometry": { "type": "Point", "coordinates": [ 125.837, 27.537 ] } },
{ "type": "Feature", "properties": { "pt_id": "  4057", "trajectory_id": 4, "北京时间": "2026-05-15 09:00", "lon": 126.034, "lat": 27.53, "height": 414.0 }, "geometry": { "type": "Point", "coordinates": [ 126.034, 27.53 ] } },
{ "type": "Feature", "properties": { "pt_id": "  4058", "trajectory_id": 4, "北京时间": "2026-05-15 08:00", "lon": 126.208, "lat": 27.527, "height": 405.0 }, "geometry": { "type": "Point", "coordinates": [ 126.208, 27.527 ] } },
{ "type": "Feature", "properties": { "pt_id": "  4059", "trajectory_id": 4, "北京时间": "2026-05-15 07:00", "lon": 126.374, "lat": 27.517, "height": 369.0 }, "geometry": { "type": "Point", "coordinates": [ 126.374, 27.517 ] } },
{ "type": "Feature", "properties": { "pt_id": "  4060", "trajectory_id": 4, "北京时间": "2026-05-15 06:00", "lon": 126.545, "lat": 27.495, "height": 308.0 }, "geometry": { "type": "Point", "coordinates": [ 126.545, 27.495 ] } },
{ "type": "Feature", "properties": { "pt_id": "  5000", "trajectory_id": 5, "北京时间": "2026-05-17 06:00", "lon": 113.942, "lat": 30.907, "height": 10.0 }, "geometry": { "type": "Point", "coordinates": [ 113.942, 30.907 ] } },
{ "type": "Feature", "properties": { "pt_id": "  5017", "trajectory_id": 5, "北京时间": "2026-05-17 05:00", "lon": 114.16, "lat": 30.766, "height": 5.0 }, "geometry": { "type": "Point", "coordinates": [ 114.16, 30.766 ] } },
{ "type": "Feature", "properties": { "pt_id": "  5018", "trajectory_id": 5, "北京时间": "2026-05-17 04:00", "lon": 114.393, "lat": 30.609, "height": 2.0 }, "geometry": { "type": "Point", "coordinates": [ 114.393, 30.609 ] } },
{ "type": "Feature", "properties": { "pt_id": "  5019", "trajectory_id": 5, "北京时间": "2026-05-17 03:00", "lon": 114.632, "lat": 30.448, "height": 3.0 }, "geometry": { "type": "Point", "coordinates": [ 114.632, 30.448 ] } },
{ "type": "Feature", "properties": { "pt_id": "  5020", "trajectory_id": 5, "北京时间": "2026-05-17 02:00", "lon": 114.885, "lat": 30.295, "height": 20.0 }, "geometry": { "type": "Point", "coordinates": [ 114.885, 30.295 ] } },
{ "type": "Feature", "properties": { "pt_id": "  5021", "trajectory_id": 5, "北京时间": "2026-05-17 01:00", "lon": 115.141, "lat": 30.141, "height": 44.0 }, "geometry": { "type": "Point", "coordinates": [ 115.141, 30.141 ] } },
{ "type": "Feature", "properties": { "pt_id": "  5022", "trajectory_id": 5, "北京时间": "2026-05-17 00:00", "lon": 115.364, "lat": 30.013, "height": 49.0 }, "geometry": { "type": "Point", "coordinates": [ 115.364, 30.013 ] } },
{ "type": "Feature", "properties": { "pt_id": "  5023", "trajectory_id": 5, "北京时间": "2026-05-16 23:00", "lon": 115.585, "lat": 29.928, "height": 53.0 }, "geometry": { "type": "Point", "coordinates": [ 115.585, 29.928 ] } },
{ "type": "Feature", "properties": { "pt_id": "  5024", "trajectory_id": 5, "北京时间": "2026-05-16 22:00", "lon": 115.787, "lat": 29.889, "height": 56.0 }, "geometry": { "type": "Point", "coordinates": [ 115.787, 29.889 ] } },
{ "type": "Feature", "properties": { "pt_id": "  5025", "trajectory_id": 5, "北京时间": "2026-05-16 21:00", "lon": 115.975, "lat": 29.847, "height": 83.0 }, "geometry": { "type": "Point", "coordinates": [ 115.975, 29.847 ] } },
{ "type": "Feature", "properties": { "pt_id": "  5026", "trajectory_id": 5, "北京时间": "2026-05-16 20:00", "lon": 116.149, "lat": 29.745, "height": 146.0 }, "geometry": { "type": "Point", "coordinates": [ 116.149, 29.745 ] } },
{ "type": "Feature", "properties": { "pt_id": "  5027", "trajectory_id": 5, "北京时间": "2026-05-16 19:00", "lon": 116.357, "lat": 29.618, "height": 188.0 }, "geometry": { "type": "Point", "coordinates": [ 116.357, 29.618 ] } },
{ "type": "Feature", "properties": { "pt_id": "  5028", "trajectory_id": 5, "北京时间": "2026-05-16 18:00", "lon": 116.656, "lat": 29.519, "height": 190.0 }, "geometry": { "type": "Point", "coordinates": [ 116.656, 29.519 ] } },
{ "type": "Feature", "properties": { "pt_id": "  5029", "trajectory_id": 5, "北京时间": "2026-05-16 17:00", "lon": 116.987, "lat": 29.469, "height": 248.0 }, "geometry": { "type": "Point", "coordinates": [ 116.987, 29.469 ] } },
{ "type": "Feature", "properties": { "pt_id": "  5030", "trajectory_id": 5, "北京时间": "2026-05-16 16:00", "lon": 117.312, "lat": 29.416, "height": 351.0 }, "geometry": { "type": "Point", "coordinates": [ 117.312, 29.416 ] } },
{ "type": "Feature", "properties": { "pt_id": "  5031", "trajectory_id": 5, "北京时间": "2026-05-16 15:00", "lon": 117.636, "lat": 29.355, "height": 421.0 }, "geometry": { "type": "Point", "coordinates": [ 117.636, 29.355 ] } },
{ "type": "Feature", "properties": { "pt_id": "  5032", "trajectory_id": 5, "北京时间": "2026-05-16 14:00", "lon": 117.98, "lat": 29.269, "height": 580.0 }, "geometry": { "type": "Point", "coordinates": [ 117.98, 29.269 ] } },
{ "type": "Feature", "properties": { "pt_id": "  5033", "trajectory_id": 5, "北京时间": "2026-05-16 13:00", "lon": 118.295, "lat": 29.136, "height": 731.0 }, "geometry": { "type": "Point", "coordinates": [ 118.295, 29.136 ] } },
{ "type": "Feature", "properties": { "pt_id": "  5034", "trajectory_id": 5, "北京时间": "2026-05-16 12:00", "lon": 118.594, "lat": 29.043, "height": 757.0 }, "geometry": { "type": "Point", "coordinates": [ 118.594, 29.043 ] } },
{ "type": "Feature", "properties": { "pt_id": "  5035", "trajectory_id": 5, "北京时间": "2026-05-16 11:00", "lon": 118.88, "lat": 28.968, "height": 840.0 }, "geometry": { "type": "Point", "coordinates": [ 118.88, 28.968 ] } },
{ "type": "Feature", "properties": { "pt_id": "  5036", "trajectory_id": 5, "北京时间": "2026-05-16 10:00", "lon": 119.123, "lat": 28.77, "height": 1034.0 }, "geometry": { "type": "Point", "coordinates": [ 119.123, 28.77 ] } },
{ "type": "Feature", "properties": { "pt_id": "  5037", "trajectory_id": 5, "北京时间": "2026-05-16 09:00", "lon": 119.358, "lat": 28.484, "height": 1288.0 }, "geometry": { "type": "Point", "coordinates": [ 119.358, 28.484 ] } },
{ "type": "Feature", "properties": { "pt_id": "  5038", "trajectory_id": 5, "北京时间": "2026-05-16 08:00", "lon": 119.608, "lat": 28.233, "height": 1382.0 }, "geometry": { "type": "Point", "coordinates": [ 119.608, 28.233 ] } },
{ "type": "Feature", "properties": { "pt_id": "  5039", "trajectory_id": 5, "北京时间": "2026-05-16 07:00", "lon": 119.86, "lat": 28.018, "height": 1477.0 }, "geometry": { "type": "Point", "coordinates": [ 119.86, 28.018 ] } },
{ "type": "Feature", "properties": { "pt_id": "  5040", "trajectory_id": 5, "北京时间": "2026-05-16 06:00", "lon": 120.101, "lat": 27.85, "height": 1547.0 }, "geometry": { "type": "Point", "coordinates": [ 120.101, 27.85 ] } },
{ "type": "Feature", "properties": { "pt_id": "  5041", "trajectory_id": 5, "北京时间": "2026-05-16 05:00", "lon": 120.412, "lat": 27.724, "height": 1583.0 }, "geometry": { "type": "Point", "coordinates": [ 120.412, 27.724 ] } },
{ "type": "Feature", "properties": { "pt_id": "  5042", "trajectory_id": 5, "北京时间": "2026-05-16 04:00", "lon": 120.797, "lat": 27.651, "height": 1426.0 }, "geometry": { "type": "Point", "coordinates": [ 120.797, 27.651 ] } },
{ "type": "Feature", "properties": { "pt_id": "  5043", "trajectory_id": 5, "北京时间": "2026-05-16 03:00", "lon": 121.2, "lat": 27.593, "height": 1273.0 }, "geometry": { "type": "Point", "coordinates": [ 121.2, 27.593 ] } },
{ "type": "Feature", "properties": { "pt_id": "  5044", "trajectory_id": 5, "北京时间": "2026-05-16 02:00", "lon": 121.627, "lat": 27.525, "height": 1162.0 }, "geometry": { "type": "Point", "coordinates": [ 121.627, 27.525 ] } },
{ "type": "Feature", "properties": { "pt_id": "  5045", "trajectory_id": 5, "北京时间": "2026-05-16 01:00", "lon": 122.069, "lat": 27.458, "height": 1082.0 }, "geometry": { "type": "Point", "coordinates": [ 122.069, 27.458 ] } },
{ "type": "Feature", "properties": { "pt_id": "  5046", "trajectory_id": 5, "北京时间": "2026-05-16 00:00", "lon": 122.499, "lat": 27.383, "height": 1054.0 }, "geometry": { "type": "Point", "coordinates": [ 122.499, 27.383 ] } },
{ "type": "Feature", "properties": { "pt_id": "  5047", "trajectory_id": 5, "北京时间": "2026-05-15 23:00", "lon": 122.915, "lat": 27.3, "height": 908.0 }, "geometry": { "type": "Point", "coordinates": [ 122.915, 27.3 ] } },
{ "type": "Feature", "properties": { "pt_id": "  5048", "trajectory_id": 5, "北京时间": "2026-05-15 22:00", "lon": 123.327, "lat": 27.209, "height": 841.0 }, "geometry": { "type": "Point", "coordinates": [ 123.327, 27.209 ] } },
{ "type": "Feature", "properties": { "pt_id": "  5049", "trajectory_id": 5, "北京时间": "2026-05-15 21:00", "lon": 123.716, "lat": 27.12, "height": 816.0 }, "geometry": { "type": "Point", "coordinates": [ 123.716, 27.12 ] } },
{ "type": "Feature", "properties": { "pt_id": "  5050", "trajectory_id": 5, "北京时间": "2026-05-15 20:00", "lon": 124.079, "lat": 27.041, "height": 725.0 }, "geometry": { "type": "Point", "coordinates": [ 124.079, 27.041 ] } },
{ "type": "Feature", "properties": { "pt_id": "  5051", "trajectory_id": 5, "北京时间": "2026-05-15 19:00", "lon": 124.414, "lat": 26.962, "height": 668.0 }, "geometry": { "type": "Point", "coordinates": [ 124.414, 26.962 ] } },
{ "type": "Feature", "properties": { "pt_id": "  5052", "trajectory_id": 5, "北京时间": "2026-05-15 18:00", "lon": 124.73, "lat": 26.885, "height": 620.0 }, "geometry": { "type": "Point", "coordinates": [ 124.73, 26.885 ] } },
{ "type": "Feature", "properties": { "pt_id": "  5053", "trajectory_id": 5, "北京时间": "2026-05-15 17:00", "lon": 125.038, "lat": 26.827, "height": 595.0 }, "geometry": { "type": "Point", "coordinates": [ 125.038, 26.827 ] } },
{ "type": "Feature", "properties": { "pt_id": "  5054", "trajectory_id": 5, "北京时间": "2026-05-15 16:00", "lon": 125.322, "lat": 26.814, "height": 667.0 }, "geometry": { "type": "Point", "coordinates": [ 125.322, 26.814 ] } },
{ "type": "Feature", "properties": { "pt_id": "  5055", "trajectory_id": 5, "北京时间": "2026-05-15 15:00", "lon": 125.568, "lat": 26.839, "height": 736.0 }, "geometry": { "type": "Point", "coordinates": [ 125.568, 26.839 ] } },
{ "type": "Feature", "properties": { "pt_id": "  5056", "trajectory_id": 5, "北京时间": "2026-05-15 14:00", "lon": 125.79, "lat": 26.876, "height": 745.0 }, "geometry": { "type": "Point", "coordinates": [ 125.79, 26.876 ] } },
{ "type": "Feature", "properties": { "pt_id": "  5057", "trajectory_id": 5, "北京时间": "2026-05-15 13:00", "lon": 126.0, "lat": 26.907, "height": 755.0 }, "geometry": { "type": "Point", "coordinates": [ 126.0, 26.907 ] } },
{ "type": "Feature", "properties": { "pt_id": "  5058", "trajectory_id": 5, "北京时间": "2026-05-15 12:00", "lon": 126.197, "lat": 26.931, "height": 758.0 }, "geometry": { "type": "Point", "coordinates": [ 126.197, 26.931 ] } },
{ "type": "Feature", "properties": { "pt_id": "  5059", "trajectory_id": 5, "北京时间": "2026-05-15 11:00", "lon": 126.387, "lat": 26.935, "height": 735.0 }, "geometry": { "type": "Point", "coordinates": [ 126.387, 26.935 ] } },
{ "type": "Feature", "properties": { "pt_id": "  5060", "trajectory_id": 5, "北京时间": "2026-05-15 10:00", "lon": 126.576, "lat": 26.908, "height": 710.0 }, "geometry": { "type": "Point", "coordinates": [ 126.576, 26.908 ] } },
{ "type": "Feature", "properties": { "pt_id": "  5061", "trajectory_id": 5, "北京时间": "2026-05-15 09:00", "lon": 126.756, "lat": 26.86, "height": 698.0 }, "geometry": { "type": "Point", "coordinates": [ 126.756, 26.86 ] } },
{ "type": "Feature", "properties": { "pt_id": "  5062", "trajectory_id": 5, "北京时间": "2026-05-15 08:00", "lon": 126.925, "lat": 26.807, "height": 655.0 }, "geometry": { "type": "Point", "coordinates": [ 126.925, 26.807 ] } },
{ "type": "Feature", "properties": { "pt_id": "  5063", "trajectory_id": 5, "北京时间": "2026-05-15 07:00", "lon": 127.095, "lat": 26.76, "height": 591.0 }, "geometry": { "type": "Point", "coordinates": [ 127.095, 26.76 ] } },
{ "type": "Feature", "properties": { "pt_id": "  5064", "trajectory_id": 5, "北京时间": "2026-05-15 06:00", "lon": 127.274, "lat": 26.721, "height": 572.0 }, "geometry": { "type": "Point", "coordinates": [ 127.274, 26.721 ] } },
{ "type": "Feature", "properties": { "pt_id": "  6000", "trajectory_id": 6, "北京时间": "2026-05-17 06:00", "lon": 113.942, "lat": 30.907, "height": 10.0 }, "geometry": { "type": "Point", "coordinates": [ 113.942, 30.907 ] } },
{ "type": "Feature", "properties": { "pt_id": "  6021", "trajectory_id": 6, "北京时间": "2026-05-17 05:00", "lon": 114.188, "lat": 30.794, "height": 9.0 }, "geometry": { "type": "Point", "coordinates": [ 114.188, 30.794 ] } },
{ "type": "Feature", "properties": { "pt_id": "  6022", "trajectory_id": 6, "北京时间": "2026-05-17 04:00", "lon": 114.449, "lat": 30.682, "height": 10.0 }, "geometry": { "type": "Point", "coordinates": [ 114.449, 30.682 ] } },
{ "type": "Feature", "properties": { "pt_id": "  6023", "trajectory_id": 6, "北京时间": "2026-05-17 03:00", "lon": 114.7, "lat": 30.58, "height": 13.0 }, "geometry": { "type": "Point", "coordinates": [ 114.7, 30.58 ] } },
{ "type": "Feature", "properties": { "pt_id": "  6024", "trajectory_id": 6, "北京时间": "2026-05-17 02:00", "lon": 114.929, "lat": 30.487, "height": 14.0 }, "geometry": { "type": "Point", "coordinates": [ 114.929, 30.487 ] } },
{ "type": "Feature", "properties": { "pt_id": "  6025", "trajectory_id": 6, "北京时间": "2026-05-17 01:00", "lon": 115.112, "lat": 30.415, "height": 15.0 }, "geometry": { "type": "Point", "coordinates": [ 115.112, 30.415 ] } },
{ "type": "Feature", "properties": { "pt_id": "  6026", "trajectory_id": 6, "北京时间": "2026-05-17 00:00", "lon": 115.271, "lat": 30.355, "height": 19.0 }, "geometry": { "type": "Point", "coordinates": [ 115.271, 30.355 ] } },
{ "type": "Feature", "properties": { "pt_id": "  6027", "trajectory_id": 6, "北京时间": "2026-05-16 23:00", "lon": 115.43, "lat": 30.308, "height": 48.0 }, "geometry": { "type": "Point", "coordinates": [ 115.43, 30.308 ] } },
{ "type": "Feature", "properties": { "pt_id": "  6028", "trajectory_id": 6, "北京时间": "2026-05-16 22:00", "lon": 115.601, "lat": 30.284, "height": 121.0 }, "geometry": { "type": "Point", "coordinates": [ 115.601, 30.284 ] } },
{ "type": "Feature", "properties": { "pt_id": "  6029", "trajectory_id": 6, "北京时间": "2026-05-16 21:00", "lon": 115.79, "lat": 30.237, "height": 244.0 }, "geometry": { "type": "Point", "coordinates": [ 115.79, 30.237 ] } },
{ "type": "Feature", "properties": { "pt_id": "  6030", "trajectory_id": 6, "北京时间": "2026-05-16 20:00", "lon": 115.996, "lat": 30.141, "height": 213.0 }, "geometry": { "type": "Point", "coordinates": [ 115.996, 30.141 ] } },
{ "type": "Feature", "properties": { "pt_id": "  6031", "trajectory_id": 6, "北京时间": "2026-05-16 19:00", "lon": 116.202, "lat": 30.032, "height": 115.0 }, "geometry": { "type": "Point", "coordinates": [ 116.202, 30.032 ] } },
{ "type": "Feature", "properties": { "pt_id": "  6032", "trajectory_id": 6, "北京时间": "2026-05-16 18:00", "lon": 116.438, "lat": 29.914, "height": 114.0 }, "geometry": { "type": "Point", "coordinates": [ 116.438, 29.914 ] } },
{ "type": "Feature", "properties": { "pt_id": "  6033", "trajectory_id": 6, "北京时间": "2026-05-16 17:00", "lon": 116.725, "lat": 29.837, "height": 223.0 }, "geometry": { "type": "Point", "coordinates": [ 116.725, 29.837 ] } },
{ "type": "Feature", "properties": { "pt_id": "  6034", "trajectory_id": 6, "北京时间": "2026-05-16 16:00", "lon": 117.073, "lat": 29.81, "height": 427.0 }, "geometry": { "type": "Point", "coordinates": [ 117.073, 29.81 ] } },
{ "type": "Feature", "properties": { "pt_id": "  6035", "trajectory_id": 6, "北京时间": "2026-05-16 15:00", "lon": 117.359, "lat": 29.787, "height": 520.0 }, "geometry": { "type": "Point", "coordinates": [ 117.359, 29.787 ] } },
{ "type": "Feature", "properties": { "pt_id": "  6036", "trajectory_id": 6, "北京时间": "2026-05-16 14:00", "lon": 117.627, "lat": 29.759, "height": 630.0 }, "geometry": { "type": "Point", "coordinates": [ 117.627, 29.759 ] } },
{ "type": "Feature", "properties": { "pt_id": "  6037", "trajectory_id": 6, "北京时间": "2026-05-16 13:00", "lon": 117.884, "lat": 29.688, "height": 749.0 }, "geometry": { "type": "Point", "coordinates": [ 117.884, 29.688 ] } },
{ "type": "Feature", "properties": { "pt_id": "  6038", "trajectory_id": 6, "北京时间": "2026-05-16 12:00", "lon": 118.09, "lat": 29.614, "height": 849.0 }, "geometry": { "type": "Point", "coordinates": [ 118.09, 29.614 ] } },
{ "type": "Feature", "properties": { "pt_id": "  6039", "trajectory_id": 6, "北京时间": "2026-05-16 11:00", "lon": 118.28, "lat": 29.5, "height": 993.0 }, "geometry": { "type": "Point", "coordinates": [ 118.28, 29.5 ] } },
{ "type": "Feature", "properties": { "pt_id": "  6040", "trajectory_id": 6, "北京时间": "2026-05-16 10:00", "lon": 118.463, "lat": 29.344, "height": 1101.0 }, "geometry": { "type": "Point", "coordinates": [ 118.463, 29.344 ] } },
{ "type": "Feature", "properties": { "pt_id": "  6041", "trajectory_id": 6, "北京时间": "2026-05-16 09:00", "lon": 118.618, "lat": 29.203, "height": 1184.0 }, "geometry": { "type": "Point", "coordinates": [ 118.618, 29.203 ] } },
{ "type": "Feature", "properties": { "pt_id": "  6042", "trajectory_id": 6, "北京时间": "2026-05-16 08:00", "lon": 118.776, "lat": 29.063, "height": 1303.0 }, "geometry": { "type": "Point", "coordinates": [ 118.776, 29.063 ] } },
{ "type": "Feature", "properties": { "pt_id": "  6043", "trajectory_id": 6, "北京时间": "2026-05-16 07:00", "lon": 118.94, "lat": 28.902, "height": 1376.0 }, "geometry": { "type": "Point", "coordinates": [ 118.94, 28.902 ] } },
{ "type": "Feature", "properties": { "pt_id": "  6044", "trajectory_id": 6, "北京时间": "2026-05-16 06:00", "lon": 119.037, "lat": 28.715, "height": 1438.0 }, "geometry": { "type": "Point", "coordinates": [ 119.037, 28.715 ] } },
{ "type": "Feature", "properties": { "pt_id": "  6045", "trajectory_id": 6, "北京时间": "2026-05-16 05:00", "lon": 119.068, "lat": 28.553, "height": 1433.0 }, "geometry": { "type": "Point", "coordinates": [ 119.068, 28.553 ] } },
{ "type": "Feature", "properties": { "pt_id": "  6046", "trajectory_id": 6, "北京时间": "2026-05-16 04:00", "lon": 119.073, "lat": 28.413, "height": 1354.0 }, "geometry": { "type": "Point", "coordinates": [ 119.073, 28.413 ] } },
{ "type": "Feature", "properties": { "pt_id": "  6047", "trajectory_id": 6, "北京时间": "2026-05-16 03:00", "lon": 119.049, "lat": 28.282, "height": 1299.0 }, "geometry": { "type": "Point", "coordinates": [ 119.049, 28.282 ] } },
{ "type": "Feature", "properties": { "pt_id": "  6048", "trajectory_id": 6, "北京时间": "2026-05-16 02:00", "lon": 118.986, "lat": 28.152, "height": 1307.0 }, "geometry": { "type": "Point", "coordinates": [ 118.986, 28.152 ] } },
{ "type": "Feature", "properties": { "pt_id": "  6049", "trajectory_id": 6, "北京时间": "2026-05-16 01:00", "lon": 118.907, "lat": 28.038, "height": 1379.0 }, "geometry": { "type": "Point", "coordinates": [ 118.907, 28.038 ] } },
{ "type": "Feature", "properties": { "pt_id": "  6050", "trajectory_id": 6, "北京时间": "2026-05-16 00:00", "lon": 118.813, "lat": 27.927, "height": 1461.0 }, "geometry": { "type": "Point", "coordinates": [ 118.813, 27.927 ] } },
{ "type": "Feature", "properties": { "pt_id": "  6051", "trajectory_id": 6, "北京时间": "2026-05-15 23:00", "lon": 118.724, "lat": 27.79, "height": 1473.0 }, "geometry": { "type": "Point", "coordinates": [ 118.724, 27.79 ] } },
{ "type": "Feature", "properties": { "pt_id": "  6052", "trajectory_id": 6, "北京时间": "2026-05-15 22:00", "lon": 118.669, "lat": 27.624, "height": 1437.0 }, "geometry": { "type": "Point", "coordinates": [ 118.669, 27.624 ] } },
{ "type": "Feature", "properties": { "pt_id": "  6053", "trajectory_id": 6, "北京时间": "2026-05-15 21:00", "lon": 118.647, "lat": 27.456, "height": 1385.0 }, "geometry": { "type": "Point", "coordinates": [ 118.647, 27.456 ] } },
{ "type": "Feature", "properties": { "pt_id": "  6054", "trajectory_id": 6, "北京时间": "2026-05-15 20:00", "lon": 118.654, "lat": 27.298, "height": 1348.0 }, "geometry": { "type": "Point", "coordinates": [ 118.654, 27.298 ] } },
{ "type": "Feature", "properties": { "pt_id": "  6055", "trajectory_id": 6, "北京时间": "2026-05-15 19:00", "lon": 118.683, "lat": 27.141, "height": 1319.0 }, "geometry": { "type": "Point", "coordinates": [ 118.683, 27.141 ] } },
{ "type": "Feature", "properties": { "pt_id": "  6056", "trajectory_id": 6, "北京时间": "2026-05-15 18:00", "lon": 118.718, "lat": 26.978, "height": 1290.0 }, "geometry": { "type": "Point", "coordinates": [ 118.718, 26.978 ] } },
{ "type": "Feature", "properties": { "pt_id": "  6057", "trajectory_id": 6, "北京时间": "2026-05-15 17:00", "lon": 118.729, "lat": 26.837, "height": 1234.0 }, "geometry": { "type": "Point", "coordinates": [ 118.729, 26.837 ] } },
{ "type": "Feature", "properties": { "pt_id": "  6058", "trajectory_id": 6, "北京时间": "2026-05-15 16:00", "lon": 118.74, "lat": 26.712, "height": 1128.0 }, "geometry": { "type": "Point", "coordinates": [ 118.74, 26.712 ] } },
{ "type": "Feature", "properties": { "pt_id": "  6059", "trajectory_id": 6, "北京时间": "2026-05-15 15:00", "lon": 118.754, "lat": 26.598, "height": 1036.0 }, "geometry": { "type": "Point", "coordinates": [ 118.754, 26.598 ] } },
{ "type": "Feature", "properties": { "pt_id": "  6060", "trajectory_id": 6, "北京时间": "2026-05-15 14:00", "lon": 118.763, "lat": 26.497, "height": 943.0 }, "geometry": { "type": "Point", "coordinates": [ 118.763, 26.497 ] } },
{ "type": "Feature", "properties": { "pt_id": "  6061", "trajectory_id": 6, "北京时间": "2026-05-15 13:00", "lon": 118.771, "lat": 26.41, "height": 850.0 }, "geometry": { "type": "Point", "coordinates": [ 118.771, 26.41 ] } },
{ "type": "Feature", "properties": { "pt_id": "  6062", "trajectory_id": 6, "北京时间": "2026-05-15 12:00", "lon": 118.77, "lat": 26.33, "height": 793.0 }, "geometry": { "type": "Point", "coordinates": [ 118.77, 26.33 ] } },
{ "type": "Feature", "properties": { "pt_id": "  6063", "trajectory_id": 6, "北京时间": "2026-05-15 11:00", "lon": 118.77, "lat": 26.252, "height": 750.0 }, "geometry": { "type": "Point", "coordinates": [ 118.77, 26.252 ] } },
{ "type": "Feature", "properties": { "pt_id": "  6064", "trajectory_id": 6, "北京时间": "2026-05-15 10:00", "lon": 118.775, "lat": 26.181, "height": 664.0 }, "geometry": { "type": "Point", "coordinates": [ 118.775, 26.181 ] } },
{ "type": "Feature", "properties": { "pt_id": "  6065", "trajectory_id": 6, "北京时间": "2026-05-15 09:00", "lon": 118.785, "lat": 26.11, "height": 556.0 }, "geometry": { "type": "Point", "coordinates": [ 118.785, 26.11 ] } },
{ "type": "Feature", "properties": { "pt_id": "  6066", "trajectory_id": 6, "北京时间": "2026-05-15 08:00", "lon": 118.802, "lat": 26.028, "height": 466.0 }, "geometry": { "type": "Point", "coordinates": [ 118.802, 26.028 ] } },
{ "type": "Feature", "properties": { "pt_id": "  6067", "trajectory_id": 6, "北京时间": "2026-05-15 07:00", "lon": 118.825, "lat": 25.939, "height": 395.0 }, "geometry": { "type": "Point", "coordinates": [ 118.825, 25.939 ] } },
{ "type": "Feature", "properties": { "pt_id": "  6068", "trajectory_id": 6, "北京时间": "2026-05-15 06:00", "lon": 118.838, "lat": 25.836, "height": 362.0 }, "geometry": { "type": "Point", "coordinates": [ 118.838, 25.836 ] } },
{ "type": "Feature", "properties": { "pt_id": "  7000", "trajectory_id": 7, "北京时间": "2026-05-17 06:00", "lon": 113.942, "lat": 30.907, "height": 10.0 }, "geometry": { "type": "Point", "coordinates": [ 113.942, 30.907 ] } },
{ "type": "Feature", "properties": { "pt_id": "  7025", "trajectory_id": 7, "北京时间": "2026-05-17 05:00", "lon": 114.163, "lat": 30.846, "height": 10.0 }, "geometry": { "type": "Point", "coordinates": [ 114.163, 30.846 ] } },
{ "type": "Feature", "properties": { "pt_id": "  7026", "trajectory_id": 7, "北京时间": "2026-05-17 04:00", "lon": 114.375, "lat": 30.784, "height": 10.0 }, "geometry": { "type": "Point", "coordinates": [ 114.375, 30.784 ] } },
{ "type": "Feature", "properties": { "pt_id": "  7027", "trajectory_id": 7, "北京时间": "2026-05-17 03:00", "lon": 114.586, "lat": 30.708, "height": 10.0 }, "geometry": { "type": "Point", "coordinates": [ 114.586, 30.708 ] } },
{ "type": "Feature", "properties": { "pt_id": "  7028", "trajectory_id": 7, "北京时间": "2026-05-17 02:00", "lon": 114.792, "lat": 30.631, "height": 14.0 }, "geometry": { "type": "Point", "coordinates": [ 114.792, 30.631 ] } },
{ "type": "Feature", "properties": { "pt_id": "  7029", "trajectory_id": 7, "北京时间": "2026-05-17 01:00", "lon": 114.983, "lat": 30.566, "height": 31.0 }, "geometry": { "type": "Point", "coordinates": [ 114.983, 30.566 ] } },
{ "type": "Feature", "properties": { "pt_id": "  7030", "trajectory_id": 7, "北京时间": "2026-05-17 00:00", "lon": 115.158, "lat": 30.516, "height": 50.0 }, "geometry": { "type": "Point", "coordinates": [ 115.158, 30.516 ] } },
{ "type": "Feature", "properties": { "pt_id": "  7031", "trajectory_id": 7, "北京时间": "2026-05-16 23:00", "lon": 115.328, "lat": 30.465, "height": 83.0 }, "geometry": { "type": "Point", "coordinates": [ 115.328, 30.465 ] } },
{ "type": "Feature", "properties": { "pt_id": "  7032", "trajectory_id": 7, "北京时间": "2026-05-16 22:00", "lon": 115.5, "lat": 30.4, "height": 140.0 }, "geometry": { "type": "Point", "coordinates": [ 115.5, 30.4 ] } },
{ "type": "Feature", "properties": { "pt_id": "  7033", "trajectory_id": 7, "北京时间": "2026-05-16 21:00", "lon": 115.692, "lat": 30.342, "height": 220.0 }, "geometry": { "type": "Point", "coordinates": [ 115.692, 30.342 ] } },
{ "type": "Feature", "properties": { "pt_id": "  7034", "trajectory_id": 7, "北京时间": "2026-05-16 20:00", "lon": 115.916, "lat": 30.287, "height": 243.0 }, "geometry": { "type": "Point", "coordinates": [ 115.916, 30.287 ] } },
{ "type": "Feature", "properties": { "pt_id": "  7035", "trajectory_id": 7, "北京时间": "2026-05-16 19:00", "lon": 116.117, "lat": 30.227, "height": 86.0 }, "geometry": { "type": "Point", "coordinates": [ 116.117, 30.227 ] } },
{ "type": "Feature", "properties": { "pt_id": "  7036", "trajectory_id": 7, "北京时间": "2026-05-16 18:00", "lon": 116.264, "lat": 30.196, "height": 23.0 }, "geometry": { "type": "Point", "coordinates": [ 116.264, 30.196 ] } },
{ "type": "Feature", "properties": { "pt_id": "  7037", "trajectory_id": 7, "北京时间": "2026-05-16 17:00", "lon": 116.389, "lat": 30.189, "height": 4.0 }, "geometry": { "type": "Point", "coordinates": [ 116.389, 30.189 ] } },
{ "type": "Feature", "properties": { "pt_id": "  7038", "trajectory_id": 7, "北京时间": "2026-05-16 16:00", "lon": 116.501, "lat": 30.183, "height": 0.0 }, "geometry": { "type": "Point", "coordinates": [ 116.501, 30.183 ] } },
{ "type": "Feature", "properties": { "pt_id": "  7039", "trajectory_id": 7, "北京时间": "2026-05-16 15:00", "lon": 116.594, "lat": 30.171, "height": 4.0 }, "geometry": { "type": "Point", "coordinates": [ 116.594, 30.171 ] } },
{ "type": "Feature", "properties": { "pt_id": "  7040", "trajectory_id": 7, "北京时间": "2026-05-16 14:00", "lon": 116.675, "lat": 30.16, "height": 9.0 }, "geometry": { "type": "Point", "coordinates": [ 116.675, 30.16 ] } },
{ "type": "Feature", "properties": { "pt_id": "  7041", "trajectory_id": 7, "北京时间": "2026-05-16 13:00", "lon": 116.752, "lat": 30.16, "height": 16.0 }, "geometry": { "type": "Point", "coordinates": [ 116.752, 30.16 ] } },
{ "type": "Feature", "properties": { "pt_id": "  7042", "trajectory_id": 7, "北京时间": "2026-05-16 12:00", "lon": 116.827, "lat": 30.171, "height": 24.0 }, "geometry": { "type": "Point", "coordinates": [ 116.827, 30.171 ] } },
{ "type": "Feature", "properties": { "pt_id": "  7043", "trajectory_id": 7, "北京时间": "2026-05-16 11:00", "lon": 116.896, "lat": 30.187, "height": 31.0 }, "geometry": { "type": "Point", "coordinates": [ 116.896, 30.187 ] } },
{ "type": "Feature", "properties": { "pt_id": "  7044", "trajectory_id": 7, "北京时间": "2026-05-16 10:00", "lon": 116.958, "lat": 30.201, "height": 36.0 }, "geometry": { "type": "Point", "coordinates": [ 116.958, 30.201 ] } },
{ "type": "Feature", "properties": { "pt_id": "  7045", "trajectory_id": 7, "北京时间": "2026-05-16 09:00", "lon": 117.012, "lat": 30.208, "height": 41.0 }, "geometry": { "type": "Point", "coordinates": [ 117.012, 30.208 ] } },
{ "type": "Feature", "properties": { "pt_id": "  7046", "trajectory_id": 7, "北京时间": "2026-05-16 08:00", "lon": 117.067, "lat": 30.209, "height": 51.0 }, "geometry": { "type": "Point", "coordinates": [ 117.067, 30.209 ] } },
{ "type": "Feature", "properties": { "pt_id": "  7047", "trajectory_id": 7, "北京时间": "2026-05-16 07:00", "lon": 117.125, "lat": 30.202, "height": 72.0 }, "geometry": { "type": "Point", "coordinates": [ 117.125, 30.202 ] } },
{ "type": "Feature", "properties": { "pt_id": "  7048", "trajectory_id": 7, "北京时间": "2026-05-16 06:00", "lon": 117.19, "lat": 30.186, "height": 107.0 }, "geometry": { "type": "Point", "coordinates": [ 117.19, 30.186 ] } },
{ "type": "Feature", "properties": { "pt_id": "  7049", "trajectory_id": 7, "北京时间": "2026-05-16 05:00", "lon": 117.26, "lat": 30.162, "height": 158.0 }, "geometry": { "type": "Point", "coordinates": [ 117.26, 30.162 ] } },
{ "type": "Feature", "properties": { "pt_id": "  7050", "trajectory_id": 7, "北京时间": "2026-05-16 04:00", "lon": 117.34, "lat": 30.137, "height": 218.0 }, "geometry": { "type": "Point", "coordinates": [ 117.34, 30.137 ] } },
{ "type": "Feature", "properties": { "pt_id": "  7051", "trajectory_id": 7, "北京时间": "2026-05-16 03:00", "lon": 117.437, "lat": 30.115, "height": 294.0 }, "geometry": { "type": "Point", "coordinates": [ 117.437, 30.115 ] } },
{ "type": "Feature", "properties": { "pt_id": "  7052", "trajectory_id": 7, "北京时间": "2026-05-16 02:00", "lon": 117.562, "lat": 30.088, "height": 414.0 }, "geometry": { "type": "Point", "coordinates": [ 117.562, 30.088 ] } },
{ "type": "Feature", "properties": { "pt_id": "  7053", "trajectory_id": 7, "北京时间": "2026-05-16 01:00", "lon": 117.733, "lat": 30.03, "height": 542.0 }, "geometry": { "type": "Point", "coordinates": [ 117.733, 30.03 ] } },
{ "type": "Feature", "properties": { "pt_id": "  7054", "trajectory_id": 7, "北京时间": "2026-05-16 00:00", "lon": 117.997, "lat": 29.918, "height": 634.0 }, "geometry": { "type": "Point", "coordinates": [ 117.997, 29.918 ] } },
{ "type": "Feature", "properties": { "pt_id": "  7055", "trajectory_id": 7, "北京时间": "2026-05-15 23:00", "lon": 118.254, "lat": 29.796, "height": 678.0 }, "geometry": { "type": "Point", "coordinates": [ 118.254, 29.796 ] } },
{ "type": "Feature", "properties": { "pt_id": "  7056", "trajectory_id": 7, "北京时间": "2026-05-15 22:00", "lon": 118.555, "lat": 29.638, "height": 778.0 }, "geometry": { "type": "Point", "coordinates": [ 118.555, 29.638 ] } },
{ "type": "Feature", "properties": { "pt_id": "  7057", "trajectory_id": 7, "北京时间": "2026-05-15 21:00", "lon": 118.868, "lat": 29.472, "height": 746.0 }, "geometry": { "type": "Point", "coordinates": [ 118.868, 29.472 ] } },
{ "type": "Feature", "properties": { "pt_id": "  7058", "trajectory_id": 7, "北京时间": "2026-05-15 20:00", "lon": 119.189, "lat": 29.339, "height": 562.0 }, "geometry": { "type": "Point", "coordinates": [ 119.189, 29.339 ] } },
{ "type": "Feature", "properties": { "pt_id": "  7059", "trajectory_id": 7, "北京时间": "2026-05-15 19:00", "lon": 119.489, "lat": 29.239, "height": 494.0 }, "geometry": { "type": "Point", "coordinates": [ 119.489, 29.239 ] } },
{ "type": "Feature", "properties": { "pt_id": "  7060", "trajectory_id": 7, "北京时间": "2026-05-15 18:00", "lon": 119.717, "lat": 29.145, "height": 472.0 }, "geometry": { "type": "Point", "coordinates": [ 119.717, 29.145 ] } },
{ "type": "Feature", "properties": { "pt_id": "  7061", "trajectory_id": 7, "北京时间": "2026-05-15 17:00", "lon": 119.915, "lat": 29.097, "height": 350.0 }, "geometry": { "type": "Point", "coordinates": [ 119.915, 29.097 ] } },
{ "type": "Feature", "properties": { "pt_id": "  7062", "trajectory_id": 7, "北京时间": "2026-05-15 16:00", "lon": 120.094, "lat": 29.067, "height": 272.0 }, "geometry": { "type": "Point", "coordinates": [ 120.094, 29.067 ] } },
{ "type": "Feature", "properties": { "pt_id": "  7063", "trajectory_id": 7, "北京时间": "2026-05-15 15:00", "lon": 120.22, "lat": 29.059, "height": 243.0 }, "geometry": { "type": "Point", "coordinates": [ 120.22, 29.059 ] } },
{ "type": "Feature", "properties": { "pt_id": "  7064", "trajectory_id": 7, "北京时间": "2026-05-15 14:00", "lon": 120.285, "lat": 29.076, "height": 162.0 }, "geometry": { "type": "Point", "coordinates": [ 120.285, 29.076 ] } },
{ "type": "Feature", "properties": { "pt_id": "  7065", "trajectory_id": 7, "北京时间": "2026-05-15 13:00", "lon": 120.338, "lat": 29.107, "height": 124.0 }, "geometry": { "type": "Point", "coordinates": [ 120.338, 29.107 ] } },
{ "type": "Feature", "properties": { "pt_id": "  7066", "trajectory_id": 7, "北京时间": "2026-05-15 12:00", "lon": 120.42, "lat": 29.135, "height": 137.0 }, "geometry": { "type": "Point", "coordinates": [ 120.42, 29.135 ] } },
{ "type": "Feature", "properties": { "pt_id": "  7067", "trajectory_id": 7, "北京时间": "2026-05-15 11:00", "lon": 120.552, "lat": 29.142, "height": 190.0 }, "geometry": { "type": "Point", "coordinates": [ 120.552, 29.142 ] } },
{ "type": "Feature", "properties": { "pt_id": "  7068", "trajectory_id": 7, "北京时间": "2026-05-15 10:00", "lon": 120.706, "lat": 29.113, "height": 192.0 }, "geometry": { "type": "Point", "coordinates": [ 120.706, 29.113 ] } },
{ "type": "Feature", "properties": { "pt_id": "  7069", "trajectory_id": 7, "北京时间": "2026-05-15 09:00", "lon": 120.823, "lat": 29.077, "height": 127.0 }, "geometry": { "type": "Point", "coordinates": [ 120.823, 29.077 ] } },
{ "type": "Feature", "properties": { "pt_id": "  7070", "trajectory_id": 7, "北京时间": "2026-05-15 08:00", "lon": 120.911, "lat": 29.041, "height": 75.0 }, "geometry": { "type": "Point", "coordinates": [ 120.911, 29.041 ] } },
{ "type": "Feature", "properties": { "pt_id": "  7071", "trajectory_id": 7, "北京时间": "2026-05-15 07:00", "lon": 120.982, "lat": 29.008, "height": 34.0 }, "geometry": { "type": "Point", "coordinates": [ 120.982, 29.008 ] } },
{ "type": "Feature", "properties": { "pt_id": "  7072", "trajectory_id": 7, "北京时间": "2026-05-15 06:00", "lon": 121.032, "lat": 28.98, "height": 11.0 }, "geometry": { "type": "Point", "coordinates": [ 121.032, 28.98 ] } },
{ "type": "Feature", "properties": { "pt_id": "  8000", "trajectory_id": 8, "北京时间": "2026-05-17 06:00", "lon": 113.942, "lat": 30.907, "height": 10.0 }, "geometry": { "type": "Point", "coordinates": [ 113.942, 30.907 ] } },
{ "type": "Feature", "properties": { "pt_id": "  8029", "trajectory_id": 8, "北京时间": "2026-05-17 05:00", "lon": 114.14, "lat": 30.856, "height": 10.0 }, "geometry": { "type": "Point", "coordinates": [ 114.14, 30.856 ] } },
{ "type": "Feature", "properties": { "pt_id": "  8030", "trajectory_id": 8, "北京时间": "2026-05-17 04:00", "lon": 114.33, "lat": 30.794, "height": 9.0 }, "geometry": { "type": "Point", "coordinates": [ 114.33, 30.794 ] } },
{ "type": "Feature", "properties": { "pt_id": "  8031", "trajectory_id": 8, "北京时间": "2026-05-17 03:00", "lon": 114.496, "lat": 30.733, "height": 9.0 }, "geometry": { "type": "Point", "coordinates": [ 114.496, 30.733 ] } },
{ "type": "Feature", "properties": { "pt_id": "  8032", "trajectory_id": 8, "北京时间": "2026-05-17 02:00", "lon": 114.643, "lat": 30.684, "height": 9.0 }, "geometry": { "type": "Point", "coordinates": [ 114.643, 30.684 ] } },
{ "type": "Feature", "properties": { "pt_id": "  8033", "trajectory_id": 8, "北京时间": "2026-05-17 01:00", "lon": 114.786, "lat": 30.643, "height": 10.0 }, "geometry": { "type": "Point", "coordinates": [ 114.786, 30.643 ] } },
{ "type": "Feature", "properties": { "pt_id": "  8034", "trajectory_id": 8, "北京时间": "2026-05-17 00:00", "lon": 114.926, "lat": 30.609, "height": 19.0 }, "geometry": { "type": "Point", "coordinates": [ 114.926, 30.609 ] } },
{ "type": "Feature", "properties": { "pt_id": "  8035", "trajectory_id": 8, "北京时间": "2026-05-16 23:00", "lon": 115.079, "lat": 30.564, "height": 34.0 }, "geometry": { "type": "Point", "coordinates": [ 115.079, 30.564 ] } },
{ "type": "Feature", "properties": { "pt_id": "  8036", "trajectory_id": 8, "北京时间": "2026-05-16 22:00", "lon": 115.239, "lat": 30.495, "height": 42.0 }, "geometry": { "type": "Point", "coordinates": [ 115.239, 30.495 ] } },
{ "type": "Feature", "properties": { "pt_id": "  8037", "trajectory_id": 8, "北京时间": "2026-05-16 21:00", "lon": 115.412, "lat": 30.411, "height": 72.0 }, "geometry": { "type": "Point", "coordinates": [ 115.412, 30.411 ] } },
{ "type": "Feature", "properties": { "pt_id": "  8038", "trajectory_id": 8, "北京时间": "2026-05-16 20:00", "lon": 115.62, "lat": 30.315, "height": 138.0 }, "geometry": { "type": "Point", "coordinates": [ 115.62, 30.315 ] } },
{ "type": "Feature", "properties": { "pt_id": "  8039", "trajectory_id": 8, "北京时间": "2026-05-16 19:00", "lon": 115.839, "lat": 30.244, "height": 209.0 }, "geometry": { "type": "Point", "coordinates": [ 115.839, 30.244 ] } },
{ "type": "Feature", "properties": { "pt_id": "  8040", "trajectory_id": 8, "北京时间": "2026-05-16 18:00", "lon": 116.031, "lat": 30.206, "height": 157.0 }, "geometry": { "type": "Point", "coordinates": [ 116.031, 30.206 ] } },
{ "type": "Feature", "properties": { "pt_id": "  8041", "trajectory_id": 8, "北京时间": "2026-05-16 17:00", "lon": 116.198, "lat": 30.189, "height": 84.0 }, "geometry": { "type": "Point", "coordinates": [ 116.198, 30.189 ] } },
{ "type": "Feature", "properties": { "pt_id": "  8042", "trajectory_id": 8, "北京时间": "2026-05-16 16:00", "lon": 116.344, "lat": 30.202, "height": 54.0 }, "geometry": { "type": "Point", "coordinates": [ 116.344, 30.202 ] } },
{ "type": "Feature", "properties": { "pt_id": "  8043", "trajectory_id": 8, "北京时间": "2026-05-16 15:00", "lon": 116.466, "lat": 30.247, "height": 46.0 }, "geometry": { "type": "Point", "coordinates": [ 116.466, 30.247 ] } },
{ "type": "Feature", "properties": { "pt_id": "  8044", "trajectory_id": 8, "北京时间": "2026-05-16 14:00", "lon": 116.568, "lat": 30.308, "height": 46.0 }, "geometry": { "type": "Point", "coordinates": [ 116.568, 30.308 ] } },
{ "type": "Feature", "properties": { "pt_id": "  8045", "trajectory_id": 8, "北京时间": "2026-05-16 13:00", "lon": 116.657, "lat": 30.366, "height": 39.0 }, "geometry": { "type": "Point", "coordinates": [ 116.657, 30.366 ] } },
{ "type": "Feature", "properties": { "pt_id": "  8046", "trajectory_id": 8, "北京时间": "2026-05-16 12:00", "lon": 116.724, "lat": 30.428, "height": 32.0 }, "geometry": { "type": "Point", "coordinates": [ 116.724, 30.428 ] } },
{ "type": "Feature", "properties": { "pt_id": "  8047", "trajectory_id": 8, "北京时间": "2026-05-16 11:00", "lon": 116.779, "lat": 30.496, "height": 33.0 }, "geometry": { "type": "Point", "coordinates": [ 116.779, 30.496 ] } },
{ "type": "Feature", "properties": { "pt_id": "  8048", "trajectory_id": 8, "北京时间": "2026-05-16 10:00", "lon": 116.847, "lat": 30.567, "height": 38.0 }, "geometry": { "type": "Point", "coordinates": [ 116.847, 30.567 ] } },
{ "type": "Feature", "properties": { "pt_id": "  8049", "trajectory_id": 8, "北京时间": "2026-05-16 09:00", "lon": 116.921, "lat": 30.635, "height": 32.0 }, "geometry": { "type": "Point", "coordinates": [ 116.921, 30.635 ] } },
{ "type": "Feature", "properties": { "pt_id": "  8050", "trajectory_id": 8, "北京时间": "2026-05-16 08:00", "lon": 116.984, "lat": 30.702, "height": 20.0 }, "geometry": { "type": "Point", "coordinates": [ 116.984, 30.702 ] } },
{ "type": "Feature", "properties": { "pt_id": "  8051", "trajectory_id": 8, "北京时间": "2026-05-16 07:00", "lon": 117.034, "lat": 30.767, "height": 10.0 }, "geometry": { "type": "Point", "coordinates": [ 117.034, 30.767 ] } },
{ "type": "Feature", "properties": { "pt_id": "  8052", "trajectory_id": 8, "北京时间": "2026-05-16 06:00", "lon": 117.073, "lat": 30.835, "height": 13.0 }, "geometry": { "type": "Point", "coordinates": [ 117.073, 30.835 ] } },
{ "type": "Feature", "properties": { "pt_id": "  8053", "trajectory_id": 8, "北京时间": "2026-05-16 05:00", "lon": 117.115, "lat": 30.903, "height": 25.0 }, "geometry": { "type": "Point", "coordinates": [ 117.115, 30.903 ] } },
{ "type": "Feature", "properties": { "pt_id": "  8054", "trajectory_id": 8, "北京时间": "2026-05-16 04:00", "lon": 117.179, "lat": 30.962, "height": 37.0 }, "geometry": { "type": "Point", "coordinates": [ 117.179, 30.962 ] } },
{ "type": "Feature", "properties": { "pt_id": "  8055", "trajectory_id": 8, "北京时间": "2026-05-16 03:00", "lon": 117.285, "lat": 30.999, "height": 40.0 }, "geometry": { "type": "Point", "coordinates": [ 117.285, 30.999 ] } },
{ "type": "Feature", "properties": { "pt_id": "  8056", "trajectory_id": 8, "北京时间": "2026-05-16 02:00", "lon": 117.468, "lat": 31.016, "height": 48.0 }, "geometry": { "type": "Point", "coordinates": [ 117.468, 31.016 ] } },
{ "type": "Feature", "properties": { "pt_id": "  8057", "trajectory_id": 8, "北京时间": "2026-05-16 01:00", "lon": 117.751, "lat": 30.997, "height": 56.0 }, "geometry": { "type": "Point", "coordinates": [ 117.751, 30.997 ] } },
{ "type": "Feature", "properties": { "pt_id": "  8058", "trajectory_id": 8, "北京时间": "2026-05-16 00:00", "lon": 118.101, "lat": 30.923, "height": 124.0 }, "geometry": { "type": "Point", "coordinates": [ 118.101, 30.923 ] } },
{ "type": "Feature", "properties": { "pt_id": "  8059", "trajectory_id": 8, "北京时间": "2026-05-15 23:00", "lon": 118.416, "lat": 30.828, "height": 174.0 }, "geometry": { "type": "Point", "coordinates": [ 118.416, 30.828 ] } },
{ "type": "Feature", "properties": { "pt_id": "  8060", "trajectory_id": 8, "北京时间": "2026-05-15 22:00", "lon": 118.742, "lat": 30.675, "height": 403.0 }, "geometry": { "type": "Point", "coordinates": [ 118.742, 30.675 ] } },
{ "type": "Feature", "properties": { "pt_id": "  8061", "trajectory_id": 8, "北京时间": "2026-05-15 21:00", "lon": 119.051, "lat": 30.448, "height": 590.0 }, "geometry": { "type": "Point", "coordinates": [ 119.051, 30.448 ] } },
{ "type": "Feature", "properties": { "pt_id": "  8062", "trajectory_id": 8, "北京时间": "2026-05-15 20:00", "lon": 119.439, "lat": 30.236, "height": 625.0 }, "geometry": { "type": "Point", "coordinates": [ 119.439, 30.236 ] } },
{ "type": "Feature", "properties": { "pt_id": "  8063", "trajectory_id": 8, "北京时间": "2026-05-15 19:00", "lon": 119.809, "lat": 30.076, "height": 583.0 }, "geometry": { "type": "Point", "coordinates": [ 119.809, 30.076 ] } },
{ "type": "Feature", "properties": { "pt_id": "  8064", "trajectory_id": 8, "北京时间": "2026-05-15 18:00", "lon": 120.207, "lat": 29.898, "height": 628.0 }, "geometry": { "type": "Point", "coordinates": [ 120.207, 29.898 ] } },
{ "type": "Feature", "properties": { "pt_id": "  8065", "trajectory_id": 8, "北京时间": "2026-05-15 17:00", "lon": 120.651, "lat": 29.726, "height": 1148.0 }, "geometry": { "type": "Point", "coordinates": [ 120.651, 29.726 ] } },
{ "type": "Feature", "properties": { "pt_id": "  8066", "trajectory_id": 8, "北京时间": "2026-05-15 16:00", "lon": 121.017, "lat": 29.512, "height": 1523.0 }, "geometry": { "type": "Point", "coordinates": [ 121.017, 29.512 ] } },
{ "type": "Feature", "properties": { "pt_id": "  8067", "trajectory_id": 8, "北京时间": "2026-05-15 15:00", "lon": 121.324, "lat": 29.27, "height": 1678.0 }, "geometry": { "type": "Point", "coordinates": [ 121.324, 29.27 ] } },
{ "type": "Feature", "properties": { "pt_id": "  8068", "trajectory_id": 8, "北京时间": "2026-05-15 14:00", "lon": 121.591, "lat": 29.029, "height": 1529.0 }, "geometry": { "type": "Point", "coordinates": [ 121.591, 29.029 ] } },
{ "type": "Feature", "properties": { "pt_id": "  8069", "trajectory_id": 8, "北京时间": "2026-05-15 13:00", "lon": 121.803, "lat": 28.814, "height": 1447.0 }, "geometry": { "type": "Point", "coordinates": [ 121.803, 28.814 ] } },
{ "type": "Feature", "properties": { "pt_id": "  8070", "trajectory_id": 8, "北京时间": "2026-05-15 12:00", "lon": 122.011, "lat": 28.609, "height": 1382.0 }, "geometry": { "type": "Point", "coordinates": [ 122.011, 28.609 ] } },
{ "type": "Feature", "properties": { "pt_id": "  8071", "trajectory_id": 8, "北京时间": "2026-05-15 11:00", "lon": 122.223, "lat": 28.42, "height": 1348.0 }, "geometry": { "type": "Point", "coordinates": [ 122.223, 28.42 ] } },
{ "type": "Feature", "properties": { "pt_id": "  8072", "trajectory_id": 8, "北京时间": "2026-05-15 10:00", "lon": 122.41, "lat": 28.253, "height": 1404.0 }, "geometry": { "type": "Point", "coordinates": [ 122.41, 28.253 ] } },
{ "type": "Feature", "properties": { "pt_id": "  8073", "trajectory_id": 8, "北京时间": "2026-05-15 09:00", "lon": 122.574, "lat": 28.112, "height": 1608.0 }, "geometry": { "type": "Point", "coordinates": [ 122.574, 28.112 ] } },
{ "type": "Feature", "properties": { "pt_id": "  8074", "trajectory_id": 8, "北京时间": "2026-05-15 08:00", "lon": 122.717, "lat": 27.983, "height": 1775.0 }, "geometry": { "type": "Point", "coordinates": [ 122.717, 27.983 ] } },
{ "type": "Feature", "properties": { "pt_id": "  8075", "trajectory_id": 8, "北京时间": "2026-05-15 07:00", "lon": 122.851, "lat": 27.86, "height": 1874.0 }, "geometry": { "type": "Point", "coordinates": [ 122.851, 27.86 ] } },
{ "type": "Feature", "properties": { "pt_id": "  8076", "trajectory_id": 8, "北京时间": "2026-05-15 06:00", "lon": 122.978, "lat": 27.742, "height": 1922.0 }, "geometry": { "type": "Point", "coordinates": [ 122.978, 27.742 ] } },
{ "type": "Feature", "properties": { "pt_id": "  9000", "trajectory_id": 9, "北京时间": "2026-05-17 06:00", "lon": 113.942, "lat": 30.907, "height": 10.0 }, "geometry": { "type": "Point", "coordinates": [ 113.942, 30.907 ] } },
{ "type": "Feature", "properties": { "pt_id": "  9033", "trajectory_id": 9, "北京时间": "2026-05-17 05:00", "lon": 114.099, "lat": 30.887, "height": 11.0 }, "geometry": { "type": "Point", "coordinates": [ 114.099, 30.887 ] } },
{ "type": "Feature", "properties": { "pt_id": "  9034", "trajectory_id": 9, "北京时间": "2026-05-17 04:00", "lon": 114.256, "lat": 30.862, "height": 13.0 }, "geometry": { "type": "Point", "coordinates": [ 114.256, 30.862 ] } },
{ "type": "Feature", "properties": { "pt_id": "  9035", "trajectory_id": 9, "北京时间": "2026-05-17 03:00", "lon": 114.411, "lat": 30.82, "height": 12.0 }, "geometry": { "type": "Point", "coordinates": [ 114.411, 30.82 ] } },
{ "type": "Feature", "properties": { "pt_id": "  9036", "trajectory_id": 9, "北京时间": "2026-05-17 02:00", "lon": 114.563, "lat": 30.751, "height": 9.0 }, "geometry": { "type": "Point", "coordinates": [ 114.563, 30.751 ] } },
{ "type": "Feature", "properties": { "pt_id": "  9037", "trajectory_id": 9, "北京时间": "2026-05-17 01:00", "lon": 114.719, "lat": 30.658, "height": 9.0 }, "geometry": { "type": "Point", "coordinates": [ 114.719, 30.658 ] } },
{ "type": "Feature", "properties": { "pt_id": "  9038", "trajectory_id": 9, "北京时间": "2026-05-17 00:00", "lon": 114.879, "lat": 30.557, "height": 10.0 }, "geometry": { "type": "Point", "coordinates": [ 114.879, 30.557 ] } },
{ "type": "Feature", "properties": { "pt_id": "  9039", "trajectory_id": 9, "北京时间": "2026-05-16 23:00", "lon": 115.037, "lat": 30.463, "height": 13.0 }, "geometry": { "type": "Point", "coordinates": [ 115.037, 30.463 ] } },
{ "type": "Feature", "properties": { "pt_id": "  9040", "trajectory_id": 9, "北京时间": "2026-05-16 22:00", "lon": 115.197, "lat": 30.367, "height": 22.0 }, "geometry": { "type": "Point", "coordinates": [ 115.197, 30.367 ] } },
{ "type": "Feature", "properties": { "pt_id": "  9041", "trajectory_id": 9, "北京时间": "2026-05-16 21:00", "lon": 115.379, "lat": 30.247, "height": 36.0 }, "geometry": { "type": "Point", "coordinates": [ 115.379, 30.247 ] } },
{ "type": "Feature", "properties": { "pt_id": "  9042", "trajectory_id": 9, "北京时间": "2026-05-16 20:00", "lon": 115.581, "lat": 30.143, "height": 66.0 }, "geometry": { "type": "Point", "coordinates": [ 115.581, 30.143 ] } },
{ "type": "Feature", "properties": { "pt_id": "  9043", "trajectory_id": 9, "北京时间": "2026-05-16 19:00", "lon": 115.789, "lat": 30.09, "height": 88.0 }, "geometry": { "type": "Point", "coordinates": [ 115.789, 30.09 ] } },
{ "type": "Feature", "properties": { "pt_id": "  9044", "trajectory_id": 9, "北京时间": "2026-05-16 18:00", "lon": 115.98, "lat": 30.078, "height": 77.0 }, "geometry": { "type": "Point", "coordinates": [ 115.98, 30.078 ] } },
{ "type": "Feature", "properties": { "pt_id": "  9045", "trajectory_id": 9, "北京时间": "2026-05-16 17:00", "lon": 116.14, "lat": 30.101, "height": 50.0 }, "geometry": { "type": "Point", "coordinates": [ 116.14, 30.101 ] } },
{ "type": "Feature", "properties": { "pt_id": "  9046", "trajectory_id": 9, "北京时间": "2026-05-16 16:00", "lon": 116.275, "lat": 30.151, "height": 30.0 }, "geometry": { "type": "Point", "coordinates": [ 116.275, 30.151 ] } },
{ "type": "Feature", "properties": { "pt_id": "  9047", "trajectory_id": 9, "北京时间": "2026-05-16 15:00", "lon": 116.38, "lat": 30.211, "height": 18.0 }, "geometry": { "type": "Point", "coordinates": [ 116.38, 30.211 ] } },
{ "type": "Feature", "properties": { "pt_id": "  9048", "trajectory_id": 9, "北京时间": "2026-05-16 14:00", "lon": 116.462, "lat": 30.274, "height": 13.0 }, "geometry": { "type": "Point", "coordinates": [ 116.462, 30.274 ] } },
{ "type": "Feature", "properties": { "pt_id": "  9049", "trajectory_id": 9, "北京时间": "2026-05-16 13:00", "lon": 116.537, "lat": 30.333, "height": 4.0 }, "geometry": { "type": "Point", "coordinates": [ 116.537, 30.333 ] } },
{ "type": "Feature", "properties": { "pt_id": "  9050", "trajectory_id": 9, "北京时间": "2026-05-16 12:00", "lon": 116.611, "lat": 30.389, "height": 0.0 }, "geometry": { "type": "Point", "coordinates": [ 116.611, 30.389 ] } },
{ "type": "Feature", "properties": { "pt_id": "  9051", "trajectory_id": 9, "北京时间": "2026-05-16 11:00", "lon": 116.676, "lat": 30.448, "height": 0.0 }, "geometry": { "type": "Point", "coordinates": [ 116.676, 30.448 ] } },
{ "type": "Feature", "properties": { "pt_id": "  9052", "trajectory_id": 9, "北京时间": "2026-05-16 10:00", "lon": 116.733, "lat": 30.516, "height": 7.0 }, "geometry": { "type": "Point", "coordinates": [ 116.733, 30.516 ] } },
{ "type": "Feature", "properties": { "pt_id": "  9053", "trajectory_id": 9, "北京时间": "2026-05-16 09:00", "lon": 116.784, "lat": 30.585, "height": 16.0 }, "geometry": { "type": "Point", "coordinates": [ 116.784, 30.585 ] } },
{ "type": "Feature", "properties": { "pt_id": "  9054", "trajectory_id": 9, "北京时间": "2026-05-16 08:00", "lon": 116.835, "lat": 30.653, "height": 20.0 }, "geometry": { "type": "Point", "coordinates": [ 116.835, 30.653 ] } },
{ "type": "Feature", "properties": { "pt_id": "  9055", "trajectory_id": 9, "北京时间": "2026-05-16 07:00", "lon": 116.892, "lat": 30.722, "height": 24.0 }, "geometry": { "type": "Point", "coordinates": [ 116.892, 30.722 ] } },
{ "type": "Feature", "properties": { "pt_id": "  9056", "trajectory_id": 9, "北京时间": "2026-05-16 06:00", "lon": 116.966, "lat": 30.787, "height": 28.0 }, "geometry": { "type": "Point", "coordinates": [ 116.966, 30.787 ] } },
{ "type": "Feature", "properties": { "pt_id": "  9057", "trajectory_id": 9, "北京时间": "2026-05-16 05:00", "lon": 117.065, "lat": 30.831, "height": 31.0 }, "geometry": { "type": "Point", "coordinates": [ 117.065, 30.831 ] } },
{ "type": "Feature", "properties": { "pt_id": "  9058", "trajectory_id": 9, "北京时间": "2026-05-16 04:00", "lon": 117.21, "lat": 30.851, "height": 32.0 }, "geometry": { "type": "Point", "coordinates": [ 117.21, 30.851 ] } },
{ "type": "Feature", "properties": { "pt_id": "  9059", "trajectory_id": 9, "北京时间": "2026-05-16 03:00", "lon": 117.407, "lat": 30.855, "height": 37.0 }, "geometry": { "type": "Point", "coordinates": [ 117.407, 30.855 ] } },
{ "type": "Feature", "properties": { "pt_id": "  9060", "trajectory_id": 9, "北京时间": "2026-05-16 02:00", "lon": 117.633, "lat": 30.859, "height": 48.0 }, "geometry": { "type": "Point", "coordinates": [ 117.633, 30.859 ] } },
{ "type": "Feature", "properties": { "pt_id": "  9061", "trajectory_id": 9, "北京时间": "2026-05-16 01:00", "lon": 117.895, "lat": 30.85, "height": 73.0 }, "geometry": { "type": "Point", "coordinates": [ 117.895, 30.85 ] } },
{ "type": "Feature", "properties": { "pt_id": "  9062", "trajectory_id": 9, "北京时间": "2026-05-16 00:00", "lon": 118.183, "lat": 30.838, "height": 119.0 }, "geometry": { "type": "Point", "coordinates": [ 118.183, 30.838 ] } },
{ "type": "Feature", "properties": { "pt_id": "  9063", "trajectory_id": 9, "北京时间": "2026-05-15 23:00", "lon": 118.459, "lat": 30.818, "height": 136.0 }, "geometry": { "type": "Point", "coordinates": [ 118.459, 30.818 ] } },
{ "type": "Feature", "properties": { "pt_id": "  9064", "trajectory_id": 9, "北京时间": "2026-05-15 22:00", "lon": 118.741, "lat": 30.74, "height": 297.0 }, "geometry": { "type": "Point", "coordinates": [ 118.741, 30.74 ] } },
{ "type": "Feature", "properties": { "pt_id": "  9065", "trajectory_id": 9, "北京时间": "2026-05-15 21:00", "lon": 119.008, "lat": 30.602, "height": 451.0 }, "geometry": { "type": "Point", "coordinates": [ 119.008, 30.602 ] } },
{ "type": "Feature", "properties": { "pt_id": "  9066", "trajectory_id": 9, "北京时间": "2026-05-15 20:00", "lon": 119.278, "lat": 30.459, "height": 599.0 }, "geometry": { "type": "Point", "coordinates": [ 119.278, 30.459 ] } },
{ "type": "Feature", "properties": { "pt_id": "  9067", "trajectory_id": 9, "北京时间": "2026-05-15 19:00", "lon": 119.524, "lat": 30.31, "height": 576.0 }, "geometry": { "type": "Point", "coordinates": [ 119.524, 30.31 ] } },
{ "type": "Feature", "properties": { "pt_id": "  9068", "trajectory_id": 9, "北京时间": "2026-05-15 18:00", "lon": 119.702, "lat": 30.15, "height": 520.0 }, "geometry": { "type": "Point", "coordinates": [ 119.702, 30.15 ] } },
{ "type": "Feature", "properties": { "pt_id": "  9069", "trajectory_id": 9, "北京时间": "2026-05-15 17:00", "lon": 119.862, "lat": 29.973, "height": 611.0 }, "geometry": { "type": "Point", "coordinates": [ 119.862, 29.973 ] } },
{ "type": "Feature", "properties": { "pt_id": "  9070", "trajectory_id": 9, "北京时间": "2026-05-15 16:00", "lon": 120.076, "lat": 29.682, "height": 750.0 }, "geometry": { "type": "Point", "coordinates": [ 120.076, 29.682 ] } },
{ "type": "Feature", "properties": { "pt_id": "  9071", "trajectory_id": 9, "北京时间": "2026-05-15 15:00", "lon": 120.296, "lat": 29.376, "height": 921.0 }, "geometry": { "type": "Point", "coordinates": [ 120.296, 29.376 ] } },
{ "type": "Feature", "properties": { "pt_id": "  9072", "trajectory_id": 9, "北京时间": "2026-05-15 14:00", "lon": 120.522, "lat": 29.036, "height": 1167.0 }, "geometry": { "type": "Point", "coordinates": [ 120.522, 29.036 ] } },
{ "type": "Feature", "properties": { "pt_id": "  9073", "trajectory_id": 9, "北京时间": "2026-05-15 13:00", "lon": 120.655, "lat": 28.717, "height": 1440.0 }, "geometry": { "type": "Point", "coordinates": [ 120.655, 28.717 ] } },
{ "type": "Feature", "properties": { "pt_id": "  9074", "trajectory_id": 9, "北京时间": "2026-05-15 12:00", "lon": 120.749, "lat": 28.428, "height": 1495.0 }, "geometry": { "type": "Point", "coordinates": [ 120.749, 28.428 ] } },
{ "type": "Feature", "properties": { "pt_id": "  9075", "trajectory_id": 9, "北京时间": "2026-05-15 11:00", "lon": 120.856, "lat": 28.156, "height": 1578.0 }, "geometry": { "type": "Point", "coordinates": [ 120.856, 28.156 ] } },
{ "type": "Feature", "properties": { "pt_id": "  9076", "trajectory_id": 9, "北京时间": "2026-05-15 10:00", "lon": 121.0, "lat": 27.902, "height": 1676.0 }, "geometry": { "type": "Point", "coordinates": [ 121.0, 27.902 ] } },
{ "type": "Feature", "properties": { "pt_id": "  9077", "trajectory_id": 9, "北京时间": "2026-05-15 09:00", "lon": 121.172, "lat": 27.66, "height": 1758.0 }, "geometry": { "type": "Point", "coordinates": [ 121.172, 27.66 ] } },
{ "type": "Feature", "properties": { "pt_id": "  9078", "trajectory_id": 9, "北京时间": "2026-05-15 08:00", "lon": 121.304, "lat": 27.437, "height": 1950.0 }, "geometry": { "type": "Point", "coordinates": [ 121.304, 27.437 ] } },
{ "type": "Feature", "properties": { "pt_id": "  9079", "trajectory_id": 9, "北京时间": "2026-05-15 07:00", "lon": 121.309, "lat": 27.265, "height": 2156.0 }, "geometry": { "type": "Point", "coordinates": [ 121.309, 27.265 ] } },
{ "type": "Feature", "properties": { "pt_id": "  9080", "trajectory_id": 9, "北京时间": "2026-05-15 06:00", "lon": 121.177, "lat": 27.146, "height": 2400.0 }, "geometry": { "type": "Point", "coordinates": [ 121.177, 27.146 ] } },
{ "type": "Feature", "properties": { "pt_id": " 10000", "trajectory_id": 10, "北京时间": "2026-05-17 06:00", "lon": 113.942, "lat": 30.907, "height": 10.0 }, "geometry": { "type": "Point", "coordinates": [ 113.942, 30.907 ] } },
{ "type": "Feature", "properties": { "pt_id": " 10037", "trajectory_id": 10, "北京时间": "2026-05-17 05:00", "lon": 114.099, "lat": 30.862, "height": 9.0 }, "geometry": { "type": "Point", "coordinates": [ 114.099, 30.862 ] } },
{ "type": "Feature", "properties": { "pt_id": " 10038", "trajectory_id": 10, "北京时间": "2026-05-17 04:00", "lon": 114.267, "lat": 30.8, "height": 6.0 }, "geometry": { "type": "Point", "coordinates": [ 114.267, 30.8 ] } },
{ "type": "Feature", "properties": { "pt_id": " 10039", "trajectory_id": 10, "北京时间": "2026-05-17 03:00", "lon": 114.443, "lat": 30.737, "height": 11.0 }, "geometry": { "type": "Point", "coordinates": [ 114.443, 30.737 ] } },
{ "type": "Feature", "properties": { "pt_id": " 10040", "trajectory_id": 10, "北京时间": "2026-05-17 02:00", "lon": 114.618, "lat": 30.672, "height": 22.0 }, "geometry": { "type": "Point", "coordinates": [ 114.618, 30.672 ] } },
{ "type": "Feature", "properties": { "pt_id": " 10041", "trajectory_id": 10, "北京时间": "2026-05-17 01:00", "lon": 114.787, "lat": 30.597, "height": 26.0 }, "geometry": { "type": "Point", "coordinates": [ 114.787, 30.597 ] } },
{ "type": "Feature", "properties": { "pt_id": " 10042", "trajectory_id": 10, "北京时间": "2026-05-17 00:00", "lon": 114.949, "lat": 30.502, "height": 25.0 }, "geometry": { "type": "Point", "coordinates": [ 114.949, 30.502 ] } },
{ "type": "Feature", "properties": { "pt_id": " 10043", "trajectory_id": 10, "北京时间": "2026-05-16 23:00", "lon": 115.105, "lat": 30.379, "height": 32.0 }, "geometry": { "type": "Point", "coordinates": [ 115.105, 30.379 ] } },
{ "type": "Feature", "properties": { "pt_id": " 10044", "trajectory_id": 10, "北京时间": "2026-05-16 22:00", "lon": 115.27, "lat": 30.246, "height": 40.0 }, "geometry": { "type": "Point", "coordinates": [ 115.27, 30.246 ] } },
{ "type": "Feature", "properties": { "pt_id": " 10045", "trajectory_id": 10, "北京时间": "2026-05-16 21:00", "lon": 115.426, "lat": 30.136, "height": 44.0 }, "geometry": { "type": "Point", "coordinates": [ 115.426, 30.136 ] } },
{ "type": "Feature", "properties": { "pt_id": " 10046", "trajectory_id": 10, "北京时间": "2026-05-16 20:00", "lon": 115.588, "lat": 30.063, "height": 37.0 }, "geometry": { "type": "Point", "coordinates": [ 115.588, 30.063 ] } },
{ "type": "Feature", "properties": { "pt_id": " 10047", "trajectory_id": 10, "北京时间": "2026-05-16 19:00", "lon": 115.758, "lat": 30.035, "height": 34.0 }, "geometry": { "type": "Point", "coordinates": [ 115.758, 30.035 ] } },
{ "type": "Feature", "properties": { "pt_id": " 10048", "trajectory_id": 10, "北京时间": "2026-05-16 18:00", "lon": 115.91, "lat": 30.055, "height": 35.0 }, "geometry": { "type": "Point", "coordinates": [ 115.91, 30.055 ] } },
{ "type": "Feature", "properties": { "pt_id": " 10049", "trajectory_id": 10, "北京时间": "2026-05-16 17:00", "lon": 116.041, "lat": 30.114, "height": 33.0 }, "geometry": { "type": "Point", "coordinates": [ 116.041, 30.114 ] } },
{ "type": "Feature", "properties": { "pt_id": " 10050", "trajectory_id": 10, "北京时间": "2026-05-16 16:00", "lon": 116.143, "lat": 30.175, "height": 28.0 }, "geometry": { "type": "Point", "coordinates": [ 116.143, 30.175 ] } },
{ "type": "Feature", "properties": { "pt_id": " 10051", "trajectory_id": 10, "北京时间": "2026-05-16 15:00", "lon": 116.22, "lat": 30.237, "height": 21.0 }, "geometry": { "type": "Point", "coordinates": [ 116.22, 30.237 ] } },
{ "type": "Feature", "properties": { "pt_id": " 10052", "trajectory_id": 10, "北京时间": "2026-05-16 14:00", "lon": 116.28, "lat": 30.3, "height": 16.0 }, "geometry": { "type": "Point", "coordinates": [ 116.28, 30.3 ] } },
{ "type": "Feature", "properties": { "pt_id": " 10053", "trajectory_id": 10, "北京时间": "2026-05-16 13:00", "lon": 116.327, "lat": 30.352, "height": 18.0 }, "geometry": { "type": "Point", "coordinates": [ 116.327, 30.352 ] } },
{ "type": "Feature", "properties": { "pt_id": " 10054", "trajectory_id": 10, "北京时间": "2026-05-16 12:00", "lon": 116.37, "lat": 30.398, "height": 24.0 }, "geometry": { "type": "Point", "coordinates": [ 116.37, 30.398 ] } },
{ "type": "Feature", "properties": { "pt_id": " 10055", "trajectory_id": 10, "北京时间": "2026-05-16 11:00", "lon": 116.414, "lat": 30.449, "height": 31.0 }, "geometry": { "type": "Point", "coordinates": [ 116.414, 30.449 ] } },
{ "type": "Feature", "properties": { "pt_id": " 10056", "trajectory_id": 10, "北京时间": "2026-05-16 10:00", "lon": 116.473, "lat": 30.514, "height": 33.0 }, "geometry": { "type": "Point", "coordinates": [ 116.473, 30.514 ] } },
{ "type": "Feature", "properties": { "pt_id": " 10057", "trajectory_id": 10, "北京时间": "2026-05-16 09:00", "lon": 116.537, "lat": 30.583, "height": 41.0 }, "geometry": { "type": "Point", "coordinates": [ 116.537, 30.583 ] } },
{ "type": "Feature", "properties": { "pt_id": " 10058", "trajectory_id": 10, "北京时间": "2026-05-16 08:00", "lon": 116.601, "lat": 30.65, "height": 60.0 }, "geometry": { "type": "Point", "coordinates": [ 116.601, 30.65 ] } },
{ "type": "Feature", "properties": { "pt_id": " 10059", "trajectory_id": 10, "北京时间": "2026-05-16 07:00", "lon": 116.684, "lat": 30.733, "height": 68.0 }, "geometry": { "type": "Point", "coordinates": [ 116.684, 30.733 ] } },
{ "type": "Feature", "properties": { "pt_id": " 10060", "trajectory_id": 10, "北京时间": "2026-05-16 06:00", "lon": 116.778, "lat": 30.829, "height": 59.0 }, "geometry": { "type": "Point", "coordinates": [ 116.778, 30.829 ] } },
{ "type": "Feature", "properties": { "pt_id": " 10061", "trajectory_id": 10, "北京时间": "2026-05-16 05:00", "lon": 116.871, "lat": 30.903, "height": 45.0 }, "geometry": { "type": "Point", "coordinates": [ 116.871, 30.903 ] } },
{ "type": "Feature", "properties": { "pt_id": " 10062", "trajectory_id": 10, "北京时间": "2026-05-16 04:00", "lon": 116.976, "lat": 30.964, "height": 24.0 }, "geometry": { "type": "Point", "coordinates": [ 116.976, 30.964 ] } },
{ "type": "Feature", "properties": { "pt_id": " 10063", "trajectory_id": 10, "北京时间": "2026-05-16 03:00", "lon": 117.089, "lat": 31.009, "height": 14.0 }, "geometry": { "type": "Point", "coordinates": [ 117.089, 31.009 ] } },
{ "type": "Feature", "properties": { "pt_id": " 10064", "trajectory_id": 10, "北京时间": "2026-05-16 02:00", "lon": 117.202, "lat": 31.034, "height": 20.0 }, "geometry": { "type": "Point", "coordinates": [ 117.202, 31.034 ] } },
{ "type": "Feature", "properties": { "pt_id": " 10065", "trajectory_id": 10, "北京时间": "2026-05-16 01:00", "lon": 117.345, "lat": 31.035, "height": 35.0 }, "geometry": { "type": "Point", "coordinates": [ 117.345, 31.035 ] } },
{ "type": "Feature", "properties": { "pt_id": " 10066", "trajectory_id": 10, "北京时间": "2026-05-16 00:00", "lon": 117.554, "lat": 31.008, "height": 60.0 }, "geometry": { "type": "Point", "coordinates": [ 117.554, 31.008 ] } },
{ "type": "Feature", "properties": { "pt_id": " 10067", "trajectory_id": 10, "北京时间": "2026-05-15 23:00", "lon": 117.778, "lat": 30.972, "height": 76.0 }, "geometry": { "type": "Point", "coordinates": [ 117.778, 30.972 ] } },
{ "type": "Feature", "properties": { "pt_id": " 10068", "trajectory_id": 10, "北京时间": "2026-05-15 22:00", "lon": 117.968, "lat": 30.931, "height": 107.0 }, "geometry": { "type": "Point", "coordinates": [ 117.968, 30.931 ] } },
{ "type": "Feature", "properties": { "pt_id": " 10069", "trajectory_id": 10, "北京时间": "2026-05-15 21:00", "lon": 118.15, "lat": 30.87, "height": 134.0 }, "geometry": { "type": "Point", "coordinates": [ 118.15, 30.87 ] } },
{ "type": "Feature", "properties": { "pt_id": " 10070", "trajectory_id": 10, "北京时间": "2026-05-15 20:00", "lon": 118.289, "lat": 30.796, "height": 124.0 }, "geometry": { "type": "Point", "coordinates": [ 118.289, 30.796 ] } },
{ "type": "Feature", "properties": { "pt_id": " 10071", "trajectory_id": 10, "北京时间": "2026-05-15 19:00", "lon": 118.396, "lat": 30.711, "height": 159.0 }, "geometry": { "type": "Point", "coordinates": [ 118.396, 30.711 ] } },
{ "type": "Feature", "properties": { "pt_id": " 10072", "trajectory_id": 10, "北京时间": "2026-05-15 18:00", "lon": 118.531, "lat": 30.621, "height": 322.0 }, "geometry": { "type": "Point", "coordinates": [ 118.531, 30.621 ] } },
{ "type": "Feature", "properties": { "pt_id": " 10073", "trajectory_id": 10, "北京时间": "2026-05-15 17:00", "lon": 118.759, "lat": 30.521, "height": 570.0 }, "geometry": { "type": "Point", "coordinates": [ 118.759, 30.521 ] } },
{ "type": "Feature", "properties": { "pt_id": " 10074", "trajectory_id": 10, "北京时间": "2026-05-15 16:00", "lon": 118.976, "lat": 30.396, "height": 713.0 }, "geometry": { "type": "Point", "coordinates": [ 118.976, 30.396 ] } },
{ "type": "Feature", "properties": { "pt_id": " 10075", "trajectory_id": 10, "北京时间": "2026-05-15 15:00", "lon": 119.153, "lat": 30.193, "height": 771.0 }, "geometry": { "type": "Point", "coordinates": [ 119.153, 30.193 ] } },
{ "type": "Feature", "properties": { "pt_id": " 10076", "trajectory_id": 10, "北京时间": "2026-05-15 14:00", "lon": 119.333, "lat": 29.968, "height": 676.0 }, "geometry": { "type": "Point", "coordinates": [ 119.333, 29.968 ] } },
{ "type": "Feature", "properties": { "pt_id": " 10077", "trajectory_id": 10, "北京时间": "2026-05-15 13:00", "lon": 119.501, "lat": 29.76, "height": 605.0 }, "geometry": { "type": "Point", "coordinates": [ 119.501, 29.76 ] } },
{ "type": "Feature", "properties": { "pt_id": " 10078", "trajectory_id": 10, "北京时间": "2026-05-15 12:00", "lon": 119.653, "lat": 29.551, "height": 571.0 }, "geometry": { "type": "Point", "coordinates": [ 119.653, 29.551 ] } },
{ "type": "Feature", "properties": { "pt_id": " 10079", "trajectory_id": 10, "北京时间": "2026-05-15 11:00", "lon": 119.82, "lat": 29.334, "height": 552.0 }, "geometry": { "type": "Point", "coordinates": [ 119.82, 29.334 ] } },
{ "type": "Feature", "properties": { "pt_id": " 10080", "trajectory_id": 10, "北京时间": "2026-05-15 10:00", "lon": 119.954, "lat": 29.15, "height": 518.0 }, "geometry": { "type": "Point", "coordinates": [ 119.954, 29.15 ] } },
{ "type": "Feature", "properties": { "pt_id": " 10081", "trajectory_id": 10, "北京时间": "2026-05-15 09:00", "lon": 120.067, "lat": 28.945, "height": 550.0 }, "geometry": { "type": "Point", "coordinates": [ 120.067, 28.945 ] } },
{ "type": "Feature", "properties": { "pt_id": " 10082", "trajectory_id": 10, "北京时间": "2026-05-15 08:00", "lon": 120.179, "lat": 28.746, "height": 717.0 }, "geometry": { "type": "Point", "coordinates": [ 120.179, 28.746 ] } },
{ "type": "Feature", "properties": { "pt_id": " 10083", "trajectory_id": 10, "北京时间": "2026-05-15 07:00", "lon": 120.282, "lat": 28.505, "height": 921.0 }, "geometry": { "type": "Point", "coordinates": [ 120.282, 28.505 ] } },
{ "type": "Feature", "properties": { "pt_id": " 10084", "trajectory_id": 10, "北京时间": "2026-05-15 06:00", "lon": 120.386, "lat": 28.249, "height": 1024.0 }, "geometry": { "type": "Point", "coordinates": [ 120.386, 28.249 ] } },
{ "type": "Feature", "properties": { "pt_id": " 11000", "trajectory_id": 11, "北京时间": "2026-05-17 06:00", "lon": 113.942, "lat": 30.907, "height": 10.0 }, "geometry": { "type": "Point", "coordinates": [ 113.942, 30.907 ] } },
{ "type": "Feature", "properties": { "pt_id": " 11041", "trajectory_id": 11, "北京时间": "2026-05-17 05:00", "lon": 114.051, "lat": 30.932, "height": 12.0 }, "geometry": { "type": "Point", "coordinates": [ 114.051, 30.932 ] } },
{ "type": "Feature", "properties": { "pt_id": " 11042", "trajectory_id": 11, "北京时间": "2026-05-17 04:00", "lon": 114.156, "lat": 30.944, "height": 16.0 }, "geometry": { "type": "Point", "coordinates": [ 114.156, 30.944 ] } },
{ "type": "Feature", "properties": { "pt_id": " 11043", "trajectory_id": 11, "北京时间": "2026-05-17 03:00", "lon": 114.258, "lat": 30.948, "height": 20.0 }, "geometry": { "type": "Point", "coordinates": [ 114.258, 30.948 ] } },
{ "type": "Feature", "properties": { "pt_id": " 11044", "trajectory_id": 11, "北京时间": "2026-05-17 02:00", "lon": 114.352, "lat": 30.946, "height": 22.0 }, "geometry": { "type": "Point", "coordinates": [ 114.352, 30.946 ] } },
{ "type": "Feature", "properties": { "pt_id": " 11045", "trajectory_id": 11, "北京时间": "2026-05-17 01:00", "lon": 114.441, "lat": 30.946, "height": 21.0 }, "geometry": { "type": "Point", "coordinates": [ 114.441, 30.946 ] } },
{ "type": "Feature", "properties": { "pt_id": " 11046", "trajectory_id": 11, "北京时间": "2026-05-17 00:00", "lon": 114.524, "lat": 30.958, "height": 20.0 }, "geometry": { "type": "Point", "coordinates": [ 114.524, 30.958 ] } },
{ "type": "Feature", "properties": { "pt_id": " 11047", "trajectory_id": 11, "北京时间": "2026-05-16 23:00", "lon": 114.592, "lat": 30.985, "height": 19.0 }, "geometry": { "type": "Point", "coordinates": [ 114.592, 30.985 ] } },
{ "type": "Feature", "properties": { "pt_id": " 11048", "trajectory_id": 11, "北京时间": "2026-05-16 22:00", "lon": 114.645, "lat": 31.025, "height": 19.0 }, "geometry": { "type": "Point", "coordinates": [ 114.645, 31.025 ] } },
{ "type": "Feature", "properties": { "pt_id": " 11049", "trajectory_id": 11, "北京时间": "2026-05-16 21:00", "lon": 114.687, "lat": 31.078, "height": 19.0 }, "geometry": { "type": "Point", "coordinates": [ 114.687, 31.078 ] } },
{ "type": "Feature", "properties": { "pt_id": " 11050", "trajectory_id": 11, "北京时间": "2026-05-16 20:00", "lon": 114.721, "lat": 31.13, "height": 21.0 }, "geometry": { "type": "Point", "coordinates": [ 114.721, 31.13 ] } },
{ "type": "Feature", "properties": { "pt_id": " 11051", "trajectory_id": 11, "北京时间": "2026-05-16 19:00", "lon": 114.746, "lat": 31.175, "height": 24.0 }, "geometry": { "type": "Point", "coordinates": [ 114.746, 31.175 ] } },
{ "type": "Feature", "properties": { "pt_id": " 11052", "trajectory_id": 11, "北京时间": "2026-05-16 18:00", "lon": 114.763, "lat": 31.216, "height": 30.0 }, "geometry": { "type": "Point", "coordinates": [ 114.763, 31.216 ] } },
{ "type": "Feature", "properties": { "pt_id": " 11053", "trajectory_id": 11, "北京时间": "2026-05-16 17:00", "lon": 114.778, "lat": 31.252, "height": 37.0 }, "geometry": { "type": "Point", "coordinates": [ 114.778, 31.252 ] } },
{ "type": "Feature", "properties": { "pt_id": " 11054", "trajectory_id": 11, "北京时间": "2026-05-16 16:00", "lon": 114.799, "lat": 31.287, "height": 48.0 }, "geometry": { "type": "Point", "coordinates": [ 114.799, 31.287 ] } },
{ "type": "Feature", "properties": { "pt_id": " 11055", "trajectory_id": 11, "北京时间": "2026-05-16 15:00", "lon": 114.83, "lat": 31.32, "height": 65.0 }, "geometry": { "type": "Point", "coordinates": [ 114.83, 31.32 ] } },
{ "type": "Feature", "properties": { "pt_id": " 11056", "trajectory_id": 11, "北京时间": "2026-05-16 14:00", "lon": 114.883, "lat": 31.347, "height": 86.0 }, "geometry": { "type": "Point", "coordinates": [ 114.883, 31.347 ] } },
{ "type": "Feature", "properties": { "pt_id": " 11057", "trajectory_id": 11, "北京时间": "2026-05-16 13:00", "lon": 114.974, "lat": 31.362, "height": 120.0 }, "geometry": { "type": "Point", "coordinates": [ 114.974, 31.362 ] } },
{ "type": "Feature", "properties": { "pt_id": " 11058", "trajectory_id": 11, "北京时间": "2026-05-16 12:00", "lon": 115.111, "lat": 31.353, "height": 175.0 }, "geometry": { "type": "Point", "coordinates": [ 115.111, 31.353 ] } },
{ "type": "Feature", "properties": { "pt_id": " 11059", "trajectory_id": 11, "北京时间": "2026-05-16 11:00", "lon": 115.3, "lat": 31.337, "height": 274.0 }, "geometry": { "type": "Point", "coordinates": [ 115.3, 31.337 ] } },
{ "type": "Feature", "properties": { "pt_id": " 11060", "trajectory_id": 11, "北京时间": "2026-05-16 10:00", "lon": 115.54, "lat": 31.329, "height": 437.0 }, "geometry": { "type": "Point", "coordinates": [ 115.54, 31.329 ] } },
{ "type": "Feature", "properties": { "pt_id": " 11061", "trajectory_id": 11, "北京时间": "2026-05-16 09:00", "lon": 115.859, "lat": 31.309, "height": 693.0 }, "geometry": { "type": "Point", "coordinates": [ 115.859, 31.309 ] } },
{ "type": "Feature", "properties": { "pt_id": " 11062", "trajectory_id": 11, "北京时间": "2026-05-16 08:00", "lon": 116.236, "lat": 31.29, "height": 710.0 }, "geometry": { "type": "Point", "coordinates": [ 116.236, 31.29 ] } },
{ "type": "Feature", "properties": { "pt_id": " 11063", "trajectory_id": 11, "北京时间": "2026-05-16 07:00", "lon": 116.594, "lat": 31.231, "height": 722.0 }, "geometry": { "type": "Point", "coordinates": [ 116.594, 31.231 ] } },
{ "type": "Feature", "properties": { "pt_id": " 11064", "trajectory_id": 11, "北京时间": "2026-05-16 06:00", "lon": 116.956, "lat": 31.159, "height": 743.0 }, "geometry": { "type": "Point", "coordinates": [ 116.956, 31.159 ] } },
{ "type": "Feature", "properties": { "pt_id": " 11065", "trajectory_id": 11, "北京时间": "2026-05-16 05:00", "lon": 117.334, "lat": 31.103, "height": 704.0 }, "geometry": { "type": "Point", "coordinates": [ 117.334, 31.103 ] } },
{ "type": "Feature", "properties": { "pt_id": " 11066", "trajectory_id": 11, "北京时间": "2026-05-16 04:00", "lon": 117.814, "lat": 31.006, "height": 711.0 }, "geometry": { "type": "Point", "coordinates": [ 117.814, 31.006 ] } },
{ "type": "Feature", "properties": { "pt_id": " 11067", "trajectory_id": 11, "北京时间": "2026-05-16 03:00", "lon": 118.342, "lat": 30.879, "height": 757.0 }, "geometry": { "type": "Point", "coordinates": [ 118.342, 30.879 ] } },
{ "type": "Feature", "properties": { "pt_id": " 11068", "trajectory_id": 11, "北京时间": "2026-05-16 02:00", "lon": 118.863, "lat": 30.716, "height": 1102.0 }, "geometry": { "type": "Point", "coordinates": [ 118.863, 30.716 ] } },
{ "type": "Feature", "properties": { "pt_id": " 11069", "trajectory_id": 11, "北京时间": "2026-05-16 01:00", "lon": 119.362, "lat": 30.521, "height": 1606.0 }, "geometry": { "type": "Point", "coordinates": [ 119.362, 30.521 ] } },
{ "type": "Feature", "properties": { "pt_id": " 11070", "trajectory_id": 11, "北京时间": "2026-05-16 00:00", "lon": 119.778, "lat": 30.283, "height": 1597.0 }, "geometry": { "type": "Point", "coordinates": [ 119.778, 30.283 ] } },
{ "type": "Feature", "properties": { "pt_id": " 11071", "trajectory_id": 11, "北京时间": "2026-05-15 23:00", "lon": 120.085, "lat": 30.045, "height": 1673.0 }, "geometry": { "type": "Point", "coordinates": [ 120.085, 30.045 ] } },
{ "type": "Feature", "properties": { "pt_id": " 11072", "trajectory_id": 11, "北京时间": "2026-05-15 22:00", "lon": 120.339, "lat": 29.793, "height": 1693.0 }, "geometry": { "type": "Point", "coordinates": [ 120.339, 29.793 ] } },
{ "type": "Feature", "properties": { "pt_id": " 11073", "trajectory_id": 11, "北京时间": "2026-05-15 21:00", "lon": 120.549, "lat": 29.525, "height": 1606.0 }, "geometry": { "type": "Point", "coordinates": [ 120.549, 29.525 ] } },
{ "type": "Feature", "properties": { "pt_id": " 11074", "trajectory_id": 11, "北京时间": "2026-05-15 20:00", "lon": 120.738, "lat": 29.247, "height": 1667.0 }, "geometry": { "type": "Point", "coordinates": [ 120.738, 29.247 ] } },
{ "type": "Feature", "properties": { "pt_id": " 11075", "trajectory_id": 11, "北京时间": "2026-05-15 19:00", "lon": 120.921, "lat": 28.966, "height": 1912.0 }, "geometry": { "type": "Point", "coordinates": [ 120.921, 28.966 ] } },
{ "type": "Feature", "properties": { "pt_id": " 11076", "trajectory_id": 11, "北京时间": "2026-05-15 18:00", "lon": 121.094, "lat": 28.672, "height": 2150.0 }, "geometry": { "type": "Point", "coordinates": [ 121.094, 28.672 ] } },
{ "type": "Feature", "properties": { "pt_id": " 11077", "trajectory_id": 11, "北京时间": "2026-05-15 17:00", "lon": 121.245, "lat": 28.393, "height": 2249.0 }, "geometry": { "type": "Point", "coordinates": [ 121.245, 28.393 ] } },
{ "type": "Feature", "properties": { "pt_id": " 11078", "trajectory_id": 11, "北京时间": "2026-05-15 16:00", "lon": 121.411, "lat": 28.123, "height": 2279.0 }, "geometry": { "type": "Point", "coordinates": [ 121.411, 28.123 ] } },
{ "type": "Feature", "properties": { "pt_id": " 11079", "trajectory_id": 11, "北京时间": "2026-05-15 15:00", "lon": 121.58, "lat": 27.871, "height": 2135.0 }, "geometry": { "type": "Point", "coordinates": [ 121.58, 27.871 ] } },
{ "type": "Feature", "properties": { "pt_id": " 11080", "trajectory_id": 11, "北京时间": "2026-05-15 14:00", "lon": 121.757, "lat": 27.646, "height": 2157.0 }, "geometry": { "type": "Point", "coordinates": [ 121.757, 27.646 ] } },
{ "type": "Feature", "properties": { "pt_id": " 11081", "trajectory_id": 11, "北京时间": "2026-05-15 13:00", "lon": 121.943, "lat": 27.453, "height": 2220.0 }, "geometry": { "type": "Point", "coordinates": [ 121.943, 27.453 ] } },
{ "type": "Feature", "properties": { "pt_id": " 11082", "trajectory_id": 11, "北京时间": "2026-05-15 12:00", "lon": 122.148, "lat": 27.303, "height": 2188.0 }, "geometry": { "type": "Point", "coordinates": [ 122.148, 27.303 ] } },
{ "type": "Feature", "properties": { "pt_id": " 11083", "trajectory_id": 11, "北京时间": "2026-05-15 11:00", "lon": 122.318, "lat": 27.183, "height": 1953.0 }, "geometry": { "type": "Point", "coordinates": [ 122.318, 27.183 ] } },
{ "type": "Feature", "properties": { "pt_id": " 11084", "trajectory_id": 11, "北京时间": "2026-05-15 10:00", "lon": 122.42, "lat": 27.073, "height": 1747.0 }, "geometry": { "type": "Point", "coordinates": [ 122.42, 27.073 ] } },
{ "type": "Feature", "properties": { "pt_id": " 11085", "trajectory_id": 11, "北京时间": "2026-05-15 09:00", "lon": 122.473, "lat": 26.964, "height": 1586.0 }, "geometry": { "type": "Point", "coordinates": [ 122.473, 26.964 ] } },
{ "type": "Feature", "properties": { "pt_id": " 11086", "trajectory_id": 11, "北京时间": "2026-05-15 08:00", "lon": 122.486, "lat": 26.866, "height": 1443.0 }, "geometry": { "type": "Point", "coordinates": [ 122.486, 26.866 ] } },
{ "type": "Feature", "properties": { "pt_id": " 11087", "trajectory_id": 11, "北京时间": "2026-05-15 07:00", "lon": 122.481, "lat": 26.793, "height": 1316.0 }, "geometry": { "type": "Point", "coordinates": [ 122.481, 26.793 ] } },
{ "type": "Feature", "properties": { "pt_id": " 11088", "trajectory_id": 11, "北京时间": "2026-05-15 06:00", "lon": 122.486, "lat": 26.749, "height": 1208.0 }, "geometry": { "type": "Point", "coordinates": [ 122.486, 26.749 ] } },
{ "type": "Feature", "properties": { "pt_id": " 12000", "trajectory_id": 12, "北京时间": "2026-05-17 06:00", "lon": 113.942, "lat": 30.907, "height": 10.0 }, "geometry": { "type": "Point", "coordinates": [ 113.942, 30.907 ] } },
{ "type": "Feature", "properties": { "pt_id": " 12045", "trajectory_id": 12, "北京时间": "2026-05-17 05:00", "lon": 114.03, "lat": 30.926, "height": 12.0 }, "geometry": { "type": "Point", "coordinates": [ 114.03, 30.926 ] } },
{ "type": "Feature", "properties": { "pt_id": " 12046", "trajectory_id": 12, "北京时间": "2026-05-17 04:00", "lon": 114.115, "lat": 30.934, "height": 13.0 }, "geometry": { "type": "Point", "coordinates": [ 114.115, 30.934 ] } },
{ "type": "Feature", "properties": { "pt_id": " 12047", "trajectory_id": 12, "北京时间": "2026-05-17 03:00", "lon": 114.199, "lat": 30.941, "height": 14.0 }, "geometry": { "type": "Point", "coordinates": [ 114.199, 30.941 ] } },
{ "type": "Feature", "properties": { "pt_id": " 12048", "trajectory_id": 12, "北京时间": "2026-05-17 02:00", "lon": 114.278, "lat": 30.96, "height": 20.0 }, "geometry": { "type": "Point", "coordinates": [ 114.278, 30.96 ] } },
{ "type": "Feature", "properties": { "pt_id": " 12049", "trajectory_id": 12, "北京时间": "2026-05-17 01:00", "lon": 114.342, "lat": 30.999, "height": 32.0 }, "geometry": { "type": "Point", "coordinates": [ 114.342, 30.999 ] } },
{ "type": "Feature", "properties": { "pt_id": " 12050", "trajectory_id": 12, "北京时间": "2026-05-17 00:00", "lon": 114.392, "lat": 31.046, "height": 45.0 }, "geometry": { "type": "Point", "coordinates": [ 114.392, 31.046 ] } },
{ "type": "Feature", "properties": { "pt_id": " 12051", "trajectory_id": 12, "北京时间": "2026-05-16 23:00", "lon": 114.431, "lat": 31.084, "height": 47.0 }, "geometry": { "type": "Point", "coordinates": [ 114.431, 31.084 ] } },
{ "type": "Feature", "properties": { "pt_id": " 12052", "trajectory_id": 12, "北京时间": "2026-05-16 22:00", "lon": 114.462, "lat": 31.11, "height": 42.0 }, "geometry": { "type": "Point", "coordinates": [ 114.462, 31.11 ] } },
{ "type": "Feature", "properties": { "pt_id": " 12053", "trajectory_id": 12, "北京时间": "2026-05-16 21:00", "lon": 114.49, "lat": 31.129, "height": 36.0 }, "geometry": { "type": "Point", "coordinates": [ 114.49, 31.129 ] } },
{ "type": "Feature", "properties": { "pt_id": " 12054", "trajectory_id": 12, "北京时间": "2026-05-16 20:00", "lon": 114.525, "lat": 31.145, "height": 32.0 }, "geometry": { "type": "Point", "coordinates": [ 114.525, 31.145 ] } },
{ "type": "Feature", "properties": { "pt_id": " 12055", "trajectory_id": 12, "北京时间": "2026-05-16 19:00", "lon": 114.57, "lat": 31.157, "height": 33.0 }, "geometry": { "type": "Point", "coordinates": [ 114.57, 31.157 ] } },
{ "type": "Feature", "properties": { "pt_id": " 12056", "trajectory_id": 12, "北京时间": "2026-05-16 18:00", "lon": 114.63, "lat": 31.166, "height": 33.0 }, "geometry": { "type": "Point", "coordinates": [ 114.63, 31.166 ] } },
{ "type": "Feature", "properties": { "pt_id": " 12057", "trajectory_id": 12, "北京时间": "2026-05-16 17:00", "lon": 114.709, "lat": 31.163, "height": 33.0 }, "geometry": { "type": "Point", "coordinates": [ 114.709, 31.163 ] } },
{ "type": "Feature", "properties": { "pt_id": " 12058", "trajectory_id": 12, "北京时间": "2026-05-16 16:00", "lon": 114.797, "lat": 31.119, "height": 37.0 }, "geometry": { "type": "Point", "coordinates": [ 114.797, 31.119 ] } },
{ "type": "Feature", "properties": { "pt_id": " 12059", "trajectory_id": 12, "北京时间": "2026-05-16 15:00", "lon": 114.873, "lat": 31.058, "height": 54.0 }, "geometry": { "type": "Point", "coordinates": [ 114.873, 31.058 ] } },
{ "type": "Feature", "properties": { "pt_id": " 12060", "trajectory_id": 12, "北京时间": "2026-05-16 14:00", "lon": 114.929, "lat": 31.024, "height": 73.0 }, "geometry": { "type": "Point", "coordinates": [ 114.929, 31.024 ] } },
{ "type": "Feature", "properties": { "pt_id": " 12061", "trajectory_id": 12, "北京时间": "2026-05-16 13:00", "lon": 114.96, "lat": 31.026, "height": 76.0 }, "geometry": { "type": "Point", "coordinates": [ 114.96, 31.026 ] } },
{ "type": "Feature", "properties": { "pt_id": " 12062", "trajectory_id": 12, "北京时间": "2026-05-16 12:00", "lon": 114.989, "lat": 31.057, "height": 72.0 }, "geometry": { "type": "Point", "coordinates": [ 114.989, 31.057 ] } },
{ "type": "Feature", "properties": { "pt_id": " 12063", "trajectory_id": 12, "北京时间": "2026-05-16 11:00", "lon": 115.031, "lat": 31.114, "height": 75.0 }, "geometry": { "type": "Point", "coordinates": [ 115.031, 31.114 ] } },
{ "type": "Feature", "properties": { "pt_id": " 12064", "trajectory_id": 12, "北京时间": "2026-05-16 10:00", "lon": 115.095, "lat": 31.199, "height": 103.0 }, "geometry": { "type": "Point", "coordinates": [ 115.095, 31.199 ] } },
{ "type": "Feature", "properties": { "pt_id": " 12065", "trajectory_id": 12, "北京时间": "2026-05-16 09:00", "lon": 115.158, "lat": 31.279, "height": 143.0 }, "geometry": { "type": "Point", "coordinates": [ 115.158, 31.279 ] } },
{ "type": "Feature", "properties": { "pt_id": " 12066", "trajectory_id": 12, "北京时间": "2026-05-16 08:00", "lon": 115.205, "lat": 31.336, "height": 154.0 }, "geometry": { "type": "Point", "coordinates": [ 115.205, 31.336 ] } },
{ "type": "Feature", "properties": { "pt_id": " 12067", "trajectory_id": 12, "北京时间": "2026-05-16 07:00", "lon": 115.238, "lat": 31.373, "height": 154.0 }, "geometry": { "type": "Point", "coordinates": [ 115.238, 31.373 ] } },
{ "type": "Feature", "properties": { "pt_id": " 12068", "trajectory_id": 12, "北京时间": "2026-05-16 06:00", "lon": 115.267, "lat": 31.411, "height": 160.0 }, "geometry": { "type": "Point", "coordinates": [ 115.267, 31.411 ] } },
{ "type": "Feature", "properties": { "pt_id": " 12069", "trajectory_id": 12, "北京时间": "2026-05-16 05:00", "lon": 115.302, "lat": 31.468, "height": 175.0 }, "geometry": { "type": "Point", "coordinates": [ 115.302, 31.468 ] } },
{ "type": "Feature", "properties": { "pt_id": " 12070", "trajectory_id": 12, "北京时间": "2026-05-16 04:00", "lon": 115.337, "lat": 31.543, "height": 189.0 }, "geometry": { "type": "Point", "coordinates": [ 115.337, 31.543 ] } },
{ "type": "Feature", "properties": { "pt_id": " 12071", "trajectory_id": 12, "北京时间": "2026-05-16 03:00", "lon": 115.362, "lat": 31.612, "height": 189.0 }, "geometry": { "type": "Point", "coordinates": [ 115.362, 31.612 ] } },
{ "type": "Feature", "properties": { "pt_id": " 12072", "trajectory_id": 12, "北京时间": "2026-05-16 02:00", "lon": 115.389, "lat": 31.666, "height": 178.0 }, "geometry": { "type": "Point", "coordinates": [ 115.389, 31.666 ] } },
{ "type": "Feature", "properties": { "pt_id": " 12073", "trajectory_id": 12, "北京时间": "2026-05-16 01:00", "lon": 115.424, "lat": 31.712, "height": 157.0 }, "geometry": { "type": "Point", "coordinates": [ 115.424, 31.712 ] } },
{ "type": "Feature", "properties": { "pt_id": " 12074", "trajectory_id": 12, "北京时间": "2026-05-16 00:00", "lon": 115.457, "lat": 31.751, "height": 130.0 }, "geometry": { "type": "Point", "coordinates": [ 115.457, 31.751 ] } },
{ "type": "Feature", "properties": { "pt_id": " 12075", "trajectory_id": 12, "北京时间": "2026-05-15 23:00", "lon": 115.477, "lat": 31.784, "height": 102.0 }, "geometry": { "type": "Point", "coordinates": [ 115.477, 31.784 ] } },
{ "type": "Feature", "properties": { "pt_id": " 12076", "trajectory_id": 12, "北京时间": "2026-05-15 22:00", "lon": 115.483, "lat": 31.816, "height": 71.0 }, "geometry": { "type": "Point", "coordinates": [ 115.483, 31.816 ] } },
{ "type": "Feature", "properties": { "pt_id": " 12077", "trajectory_id": 12, "北京时间": "2026-05-15 21:00", "lon": 115.48, "lat": 31.838, "height": 49.0 }, "geometry": { "type": "Point", "coordinates": [ 115.48, 31.838 ] } },
{ "type": "Feature", "properties": { "pt_id": " 12078", "trajectory_id": 12, "北京时间": "2026-05-15 20:00", "lon": 115.47, "lat": 31.843, "height": 46.0 }, "geometry": { "type": "Point", "coordinates": [ 115.47, 31.843 ] } },
{ "type": "Feature", "properties": { "pt_id": " 12079", "trajectory_id": 12, "北京时间": "2026-05-15 19:00", "lon": 115.457, "lat": 31.834, "height": 57.0 }, "geometry": { "type": "Point", "coordinates": [ 115.457, 31.834 ] } },
{ "type": "Feature", "properties": { "pt_id": " 12080", "trajectory_id": 12, "北京时间": "2026-05-15 18:00", "lon": 115.449, "lat": 31.804, "height": 84.0 }, "geometry": { "type": "Point", "coordinates": [ 115.449, 31.804 ] } },
{ "type": "Feature", "properties": { "pt_id": " 12081", "trajectory_id": 12, "北京时间": "2026-05-15 17:00", "lon": 115.451, "lat": 31.754, "height": 135.0 }, "geometry": { "type": "Point", "coordinates": [ 115.451, 31.754 ] } },
{ "type": "Feature", "properties": { "pt_id": " 12082", "trajectory_id": 12, "北京时间": "2026-05-15 16:00", "lon": 115.451, "lat": 31.691, "height": 204.0 }, "geometry": { "type": "Point", "coordinates": [ 115.451, 31.691 ] } },
{ "type": "Feature", "properties": { "pt_id": " 12083", "trajectory_id": 12, "北京时间": "2026-05-15 15:00", "lon": 115.453, "lat": 31.627, "height": 300.0 }, "geometry": { "type": "Point", "coordinates": [ 115.453, 31.627 ] } },
{ "type": "Feature", "properties": { "pt_id": " 12084", "trajectory_id": 12, "北京时间": "2026-05-15 14:00", "lon": 115.465, "lat": 31.581, "height": 453.0 }, "geometry": { "type": "Point", "coordinates": [ 115.465, 31.581 ] } },
{ "type": "Feature", "properties": { "pt_id": " 12085", "trajectory_id": 12, "北京时间": "2026-05-15 13:00", "lon": 115.472, "lat": 31.543, "height": 652.0 }, "geometry": { "type": "Point", "coordinates": [ 115.472, 31.543 ] } },
{ "type": "Feature", "properties": { "pt_id": " 12086", "trajectory_id": 12, "北京时间": "2026-05-15 12:00", "lon": 115.478, "lat": 31.495, "height": 784.0 }, "geometry": { "type": "Point", "coordinates": [ 115.478, 31.495 ] } },
{ "type": "Feature", "properties": { "pt_id": " 12087", "trajectory_id": 12, "北京时间": "2026-05-15 11:00", "lon": 115.502, "lat": 31.436, "height": 796.0 }, "geometry": { "type": "Point", "coordinates": [ 115.502, 31.436 ] } },
{ "type": "Feature", "properties": { "pt_id": " 12088", "trajectory_id": 12, "北京时间": "2026-05-15 10:00", "lon": 115.559, "lat": 31.352, "height": 783.0 }, "geometry": { "type": "Point", "coordinates": [ 115.559, 31.352 ] } },
{ "type": "Feature", "properties": { "pt_id": " 12089", "trajectory_id": 12, "北京时间": "2026-05-15 09:00", "lon": 115.657, "lat": 31.248, "height": 814.0 }, "geometry": { "type": "Point", "coordinates": [ 115.657, 31.248 ] } },
{ "type": "Feature", "properties": { "pt_id": " 12090", "trajectory_id": 12, "北京时间": "2026-05-15 08:00", "lon": 115.765, "lat": 31.161, "height": 799.0 }, "geometry": { "type": "Point", "coordinates": [ 115.765, 31.161 ] } },
{ "type": "Feature", "properties": { "pt_id": " 12091", "trajectory_id": 12, "北京时间": "2026-05-15 07:00", "lon": 115.843, "lat": 31.096, "height": 713.0 }, "geometry": { "type": "Point", "coordinates": [ 115.843, 31.096 ] } },
{ "type": "Feature", "properties": { "pt_id": " 12092", "trajectory_id": 12, "北京时间": "2026-05-15 06:00", "lon": 115.903, "lat": 31.034, "height": 606.0 }, "geometry": { "type": "Point", "coordinates": [ 115.903, 31.034 ] } },
{ "type": "Feature", "properties": { "pt_id": " 13000", "trajectory_id": 13, "北京时间": "2026-05-17 06:00", "lon": 113.942, "lat": 30.907, "height": 10.0 }, "geometry": { "type": "Point", "coordinates": [ 113.942, 30.907 ] } },
{ "type": "Feature", "properties": { "pt_id": " 13049", "trajectory_id": 13, "北京时间": "2026-05-17 05:00", "lon": 114.009, "lat": 30.925, "height": 10.0 }, "geometry": { "type": "Point", "coordinates": [ 114.009, 30.925 ] } },
{ "type": "Feature", "properties": { "pt_id": " 13050", "trajectory_id": 13, "北京时间": "2026-05-17 04:00", "lon": 114.072, "lat": 30.944, "height": 12.0 }, "geometry": { "type": "Point", "coordinates": [ 114.072, 30.944 ] } },
{ "type": "Feature", "properties": { "pt_id": " 13051", "trajectory_id": 13, "北京时间": "2026-05-17 03:00", "lon": 114.131, "lat": 30.965, "height": 18.0 }, "geometry": { "type": "Point", "coordinates": [ 114.131, 30.965 ] } },
{ "type": "Feature", "properties": { "pt_id": " 13052", "trajectory_id": 13, "北京时间": "2026-05-17 02:00", "lon": 114.189, "lat": 30.986, "height": 26.0 }, "geometry": { "type": "Point", "coordinates": [ 114.189, 30.986 ] } },
{ "type": "Feature", "properties": { "pt_id": " 13053", "trajectory_id": 13, "北京时间": "2026-05-17 01:00", "lon": 114.251, "lat": 31.012, "height": 36.0 }, "geometry": { "type": "Point", "coordinates": [ 114.251, 31.012 ] } },
{ "type": "Feature", "properties": { "pt_id": " 13054", "trajectory_id": 13, "北京时间": "2026-05-17 00:00", "lon": 114.317, "lat": 31.039, "height": 53.0 }, "geometry": { "type": "Point", "coordinates": [ 114.317, 31.039 ] } },
{ "type": "Feature", "properties": { "pt_id": " 13055", "trajectory_id": 13, "北京时间": "2026-05-16 23:00", "lon": 114.384, "lat": 31.056, "height": 66.0 }, "geometry": { "type": "Point", "coordinates": [ 114.384, 31.056 ] } },
{ "type": "Feature", "properties": { "pt_id": " 13056", "trajectory_id": 13, "北京时间": "2026-05-16 22:00", "lon": 114.446, "lat": 31.062, "height": 60.0 }, "geometry": { "type": "Point", "coordinates": [ 114.446, 31.062 ] } },
{ "type": "Feature", "properties": { "pt_id": " 13057", "trajectory_id": 13, "北京时间": "2026-05-16 21:00", "lon": 114.504, "lat": 31.064, "height": 38.0 }, "geometry": { "type": "Point", "coordinates": [ 114.504, 31.064 ] } },
{ "type": "Feature", "properties": { "pt_id": " 13058", "trajectory_id": 13, "北京时间": "2026-05-16 20:00", "lon": 114.558, "lat": 31.056, "height": 20.0 }, "geometry": { "type": "Point", "coordinates": [ 114.558, 31.056 ] } },
{ "type": "Feature", "properties": { "pt_id": " 13059", "trajectory_id": 13, "北京时间": "2026-05-16 19:00", "lon": 114.609, "lat": 31.049, "height": 15.0 }, "geometry": { "type": "Point", "coordinates": [ 114.609, 31.049 ] } },
{ "type": "Feature", "properties": { "pt_id": " 13060", "trajectory_id": 13, "北京时间": "2026-05-16 18:00", "lon": 114.671, "lat": 31.078, "height": 23.0 }, "geometry": { "type": "Point", "coordinates": [ 114.671, 31.078 ] } },
{ "type": "Feature", "properties": { "pt_id": " 13061", "trajectory_id": 13, "北京时间": "2026-05-16 17:00", "lon": 114.762, "lat": 31.166, "height": 45.0 }, "geometry": { "type": "Point", "coordinates": [ 114.762, 31.166 ] } },
{ "type": "Feature", "properties": { "pt_id": " 13062", "trajectory_id": 13, "北京时间": "2026-05-16 16:00", "lon": 114.913, "lat": 31.288, "height": 93.0 }, "geometry": { "type": "Point", "coordinates": [ 114.913, 31.288 ] } },
{ "type": "Feature", "properties": { "pt_id": " 13063", "trajectory_id": 13, "北京时间": "2026-05-16 15:00", "lon": 115.086, "lat": 31.398, "height": 192.0 }, "geometry": { "type": "Point", "coordinates": [ 115.086, 31.398 ] } },
{ "type": "Feature", "properties": { "pt_id": " 13064", "trajectory_id": 13, "北京时间": "2026-05-16 14:00", "lon": 115.246, "lat": 31.502, "height": 268.0 }, "geometry": { "type": "Point", "coordinates": [ 115.246, 31.502 ] } },
{ "type": "Feature", "properties": { "pt_id": " 13065", "trajectory_id": 13, "北京时间": "2026-05-16 13:00", "lon": 115.378, "lat": 31.584, "height": 257.0 }, "geometry": { "type": "Point", "coordinates": [ 115.378, 31.584 ] } },
{ "type": "Feature", "properties": { "pt_id": " 13066", "trajectory_id": 13, "北京时间": "2026-05-16 12:00", "lon": 115.482, "lat": 31.621, "height": 256.0 }, "geometry": { "type": "Point", "coordinates": [ 115.482, 31.621 ] } },
{ "type": "Feature", "properties": { "pt_id": " 13067", "trajectory_id": 13, "北京时间": "2026-05-16 11:00", "lon": 115.557, "lat": 31.631, "height": 282.0 }, "geometry": { "type": "Point", "coordinates": [ 115.557, 31.631 ] } },
{ "type": "Feature", "properties": { "pt_id": " 13068", "trajectory_id": 13, "北京时间": "2026-05-16 10:00", "lon": 115.615, "lat": 31.635, "height": 309.0 }, "geometry": { "type": "Point", "coordinates": [ 115.615, 31.635 ] } },
{ "type": "Feature", "properties": { "pt_id": " 13069", "trajectory_id": 13, "北京时间": "2026-05-16 09:00", "lon": 115.667, "lat": 31.646, "height": 317.0 }, "geometry": { "type": "Point", "coordinates": [ 115.667, 31.646 ] } },
{ "type": "Feature", "properties": { "pt_id": " 13070", "trajectory_id": 13, "北京时间": "2026-05-16 08:00", "lon": 115.703, "lat": 31.666, "height": 310.0 }, "geometry": { "type": "Point", "coordinates": [ 115.703, 31.666 ] } },
{ "type": "Feature", "properties": { "pt_id": " 13071", "trajectory_id": 13, "北京时间": "2026-05-16 07:00", "lon": 115.73, "lat": 31.693, "height": 295.0 }, "geometry": { "type": "Point", "coordinates": [ 115.73, 31.693 ] } },
{ "type": "Feature", "properties": { "pt_id": " 13072", "trajectory_id": 13, "北京时间": "2026-05-16 06:00", "lon": 115.758, "lat": 31.726, "height": 271.0 }, "geometry": { "type": "Point", "coordinates": [ 115.758, 31.726 ] } },
{ "type": "Feature", "properties": { "pt_id": " 13073", "trajectory_id": 13, "北京时间": "2026-05-16 05:00", "lon": 115.783, "lat": 31.768, "height": 242.0 }, "geometry": { "type": "Point", "coordinates": [ 115.783, 31.768 ] } },
{ "type": "Feature", "properties": { "pt_id": " 13074", "trajectory_id": 13, "北京时间": "2026-05-16 04:00", "lon": 115.803, "lat": 31.81, "height": 211.0 }, "geometry": { "type": "Point", "coordinates": [ 115.803, 31.81 ] } },
{ "type": "Feature", "properties": { "pt_id": " 13075", "trajectory_id": 13, "北京时间": "2026-05-16 03:00", "lon": 115.814, "lat": 31.846, "height": 181.0 }, "geometry": { "type": "Point", "coordinates": [ 115.814, 31.846 ] } },
{ "type": "Feature", "properties": { "pt_id": " 13076", "trajectory_id": 13, "北京时间": "2026-05-16 02:00", "lon": 115.815, "lat": 31.874, "height": 152.0 }, "geometry": { "type": "Point", "coordinates": [ 115.815, 31.874 ] } },
{ "type": "Feature", "properties": { "pt_id": " 13077", "trajectory_id": 13, "北京时间": "2026-05-16 01:00", "lon": 115.813, "lat": 31.887, "height": 132.0 }, "geometry": { "type": "Point", "coordinates": [ 115.813, 31.887 ] } },
{ "type": "Feature", "properties": { "pt_id": " 13078", "trajectory_id": 13, "北京时间": "2026-05-16 00:00", "lon": 115.816, "lat": 31.873, "height": 128.0 }, "geometry": { "type": "Point", "coordinates": [ 115.816, 31.873 ] } },
{ "type": "Feature", "properties": { "pt_id": " 13079", "trajectory_id": 13, "北京时间": "2026-05-15 23:00", "lon": 115.829, "lat": 31.834, "height": 140.0 }, "geometry": { "type": "Point", "coordinates": [ 115.829, 31.834 ] } },
{ "type": "Feature", "properties": { "pt_id": " 13080", "trajectory_id": 13, "北京时间": "2026-05-15 22:00", "lon": 115.847, "lat": 31.785, "height": 168.0 }, "geometry": { "type": "Point", "coordinates": [ 115.847, 31.785 ] } },
{ "type": "Feature", "properties": { "pt_id": " 13081", "trajectory_id": 13, "北京时间": "2026-05-15 21:00", "lon": 115.861, "lat": 31.731, "height": 216.0 }, "geometry": { "type": "Point", "coordinates": [ 115.861, 31.731 ] } },
{ "type": "Feature", "properties": { "pt_id": " 13082", "trajectory_id": 13, "北京时间": "2026-05-15 20:00", "lon": 115.873, "lat": 31.667, "height": 264.0 }, "geometry": { "type": "Point", "coordinates": [ 115.873, 31.667 ] } },
{ "type": "Feature", "properties": { "pt_id": " 13083", "trajectory_id": 13, "北京时间": "2026-05-15 19:00", "lon": 115.874, "lat": 31.595, "height": 340.0 }, "geometry": { "type": "Point", "coordinates": [ 115.874, 31.595 ] } },
{ "type": "Feature", "properties": { "pt_id": " 13084", "trajectory_id": 13, "北京时间": "2026-05-15 18:00", "lon": 115.867, "lat": 31.521, "height": 468.0 }, "geometry": { "type": "Point", "coordinates": [ 115.867, 31.521 ] } },
{ "type": "Feature", "properties": { "pt_id": " 13085", "trajectory_id": 13, "北京时间": "2026-05-15 17:00", "lon": 115.869, "lat": 31.445, "height": 607.0 }, "geometry": { "type": "Point", "coordinates": [ 115.869, 31.445 ] } },
{ "type": "Feature", "properties": { "pt_id": " 13086", "trajectory_id": 13, "北京时间": "2026-05-15 16:00", "lon": 115.902, "lat": 31.373, "height": 637.0 }, "geometry": { "type": "Point", "coordinates": [ 115.902, 31.373 ] } },
{ "type": "Feature", "properties": { "pt_id": " 13087", "trajectory_id": 13, "北京时间": "2026-05-15 15:00", "lon": 115.944, "lat": 31.295, "height": 560.0 }, "geometry": { "type": "Point", "coordinates": [ 115.944, 31.295 ] } },
{ "type": "Feature", "properties": { "pt_id": " 13088", "trajectory_id": 13, "北京时间": "2026-05-15 14:00", "lon": 115.969, "lat": 31.196, "height": 535.0 }, "geometry": { "type": "Point", "coordinates": [ 115.969, 31.196 ] } },
{ "type": "Feature", "properties": { "pt_id": " 13089", "trajectory_id": 13, "北京时间": "2026-05-15 13:00", "lon": 116.015, "lat": 31.102, "height": 541.0 }, "geometry": { "type": "Point", "coordinates": [ 116.015, 31.102 ] } },
{ "type": "Feature", "properties": { "pt_id": " 13090", "trajectory_id": 13, "北京时间": "2026-05-15 12:00", "lon": 116.07, "lat": 31.019, "height": 505.0 }, "geometry": { "type": "Point", "coordinates": [ 116.07, 31.019 ] } },
{ "type": "Feature", "properties": { "pt_id": " 13091", "trajectory_id": 13, "北京时间": "2026-05-15 11:00", "lon": 116.114, "lat": 30.938, "height": 432.0 }, "geometry": { "type": "Point", "coordinates": [ 116.114, 30.938 ] } },
{ "type": "Feature", "properties": { "pt_id": " 13092", "trajectory_id": 13, "北京时间": "2026-05-15 10:00", "lon": 116.153, "lat": 30.868, "height": 391.0 }, "geometry": { "type": "Point", "coordinates": [ 116.153, 30.868 ] } },
{ "type": "Feature", "properties": { "pt_id": " 13093", "trajectory_id": 13, "北京时间": "2026-05-15 09:00", "lon": 116.19, "lat": 30.801, "height": 344.0 }, "geometry": { "type": "Point", "coordinates": [ 116.19, 30.801 ] } },
{ "type": "Feature", "properties": { "pt_id": " 13094", "trajectory_id": 13, "北京时间": "2026-05-15 08:00", "lon": 116.216, "lat": 30.724, "height": 209.0 }, "geometry": { "type": "Point", "coordinates": [ 116.216, 30.724 ] } },
{ "type": "Feature", "properties": { "pt_id": " 13095", "trajectory_id": 13, "北京时间": "2026-05-15 07:00", "lon": 116.207, "lat": 30.656, "height": 122.0 }, "geometry": { "type": "Point", "coordinates": [ 116.207, 30.656 ] } },
{ "type": "Feature", "properties": { "pt_id": " 13096", "trajectory_id": 13, "北京时间": "2026-05-15 06:00", "lon": 116.156, "lat": 30.623, "height": 125.0 }, "geometry": { "type": "Point", "coordinates": [ 116.156, 30.623 ] } },
{ "type": "Feature", "properties": { "pt_id": " 14000", "trajectory_id": 14, "北京时间": "2026-05-17 06:00", "lon": 113.942, "lat": 30.907, "height": 10.0 }, "geometry": { "type": "Point", "coordinates": [ 113.942, 30.907 ] } },
{ "type": "Feature", "properties": { "pt_id": " 14053", "trajectory_id": 14, "北京时间": "2026-05-17 05:00", "lon": 113.988, "lat": 30.935, "height": 17.0 }, "geometry": { "type": "Point", "coordinates": [ 113.988, 30.935 ] } },
{ "type": "Feature", "properties": { "pt_id": " 14054", "trajectory_id": 14, "北京时间": "2026-05-17 04:00", "lon": 114.047, "lat": 30.966, "height": 28.0 }, "geometry": { "type": "Point", "coordinates": [ 114.047, 30.966 ] } },
{ "type": "Feature", "properties": { "pt_id": " 14055", "trajectory_id": 14, "北京时间": "2026-05-17 03:00", "lon": 114.126, "lat": 31.008, "height": 48.0 }, "geometry": { "type": "Point", "coordinates": [ 114.126, 31.008 ] } },
{ "type": "Feature", "properties": { "pt_id": " 14056", "trajectory_id": 14, "北京时间": "2026-05-17 02:00", "lon": 114.204, "lat": 31.061, "height": 72.0 }, "geometry": { "type": "Point", "coordinates": [ 114.204, 31.061 ] } },
{ "type": "Feature", "properties": { "pt_id": " 14057", "trajectory_id": 14, "北京时间": "2026-05-17 01:00", "lon": 114.27, "lat": 31.125, "height": 78.0 }, "geometry": { "type": "Point", "coordinates": [ 114.27, 31.125 ] } },
{ "type": "Feature", "properties": { "pt_id": " 14058", "trajectory_id": 14, "北京时间": "2026-05-17 00:00", "lon": 114.358, "lat": 31.196, "height": 60.0 }, "geometry": { "type": "Point", "coordinates": [ 114.358, 31.196 ] } },
{ "type": "Feature", "properties": { "pt_id": " 14059", "trajectory_id": 14, "北京时间": "2026-05-16 23:00", "lon": 114.507, "lat": 31.295, "height": 42.0 }, "geometry": { "type": "Point", "coordinates": [ 114.507, 31.295 ] } },
{ "type": "Feature", "properties": { "pt_id": " 14060", "trajectory_id": 14, "北京时间": "2026-05-16 22:00", "lon": 114.673, "lat": 31.416, "height": 76.0 }, "geometry": { "type": "Point", "coordinates": [ 114.673, 31.416 ] } },
{ "type": "Feature", "properties": { "pt_id": " 14061", "trajectory_id": 14, "北京时间": "2026-05-16 21:00", "lon": 114.901, "lat": 31.536, "height": 176.0 }, "geometry": { "type": "Point", "coordinates": [ 114.901, 31.536 ] } },
{ "type": "Feature", "properties": { "pt_id": " 14062", "trajectory_id": 14, "北京时间": "2026-05-16 20:00", "lon": 115.181, "lat": 31.618, "height": 287.0 }, "geometry": { "type": "Point", "coordinates": [ 115.181, 31.618 ] } },
{ "type": "Feature", "properties": { "pt_id": " 14063", "trajectory_id": 14, "北京时间": "2026-05-16 19:00", "lon": 115.405, "lat": 31.671, "height": 341.0 }, "geometry": { "type": "Point", "coordinates": [ 115.405, 31.671 ] } },
{ "type": "Feature", "properties": { "pt_id": " 14064", "trajectory_id": 14, "北京时间": "2026-05-16 18:00", "lon": 115.606, "lat": 31.69, "height": 402.0 }, "geometry": { "type": "Point", "coordinates": [ 115.606, 31.69 ] } },
{ "type": "Feature", "properties": { "pt_id": " 14065", "trajectory_id": 14, "北京时间": "2026-05-16 17:00", "lon": 115.832, "lat": 31.669, "height": 452.0 }, "geometry": { "type": "Point", "coordinates": [ 115.832, 31.669 ] } },
{ "type": "Feature", "properties": { "pt_id": " 14066", "trajectory_id": 14, "北京时间": "2026-05-16 16:00", "lon": 116.067, "lat": 31.629, "height": 440.0 }, "geometry": { "type": "Point", "coordinates": [ 116.067, 31.629 ] } },
{ "type": "Feature", "properties": { "pt_id": " 14067", "trajectory_id": 14, "北京时间": "2026-05-16 15:00", "lon": 116.25, "lat": 31.595, "height": 380.0 }, "geometry": { "type": "Point", "coordinates": [ 116.25, 31.595 ] } },
{ "type": "Feature", "properties": { "pt_id": " 14068", "trajectory_id": 14, "北京时间": "2026-05-16 14:00", "lon": 116.379, "lat": 31.574, "height": 314.0 }, "geometry": { "type": "Point", "coordinates": [ 116.379, 31.574 ] } },
{ "type": "Feature", "properties": { "pt_id": " 14069", "trajectory_id": 14, "北京时间": "2026-05-16 13:00", "lon": 116.491, "lat": 31.56, "height": 253.0 }, "geometry": { "type": "Point", "coordinates": [ 116.491, 31.56 ] } },
{ "type": "Feature", "properties": { "pt_id": " 14070", "trajectory_id": 14, "北京时间": "2026-05-16 12:00", "lon": 116.56, "lat": 31.562, "height": 200.0 }, "geometry": { "type": "Point", "coordinates": [ 116.56, 31.562 ] } },
{ "type": "Feature", "properties": { "pt_id": " 14071", "trajectory_id": 14, "北京时间": "2026-05-16 11:00", "lon": 116.599, "lat": 31.57, "height": 160.0 }, "geometry": { "type": "Point", "coordinates": [ 116.599, 31.57 ] } },
{ "type": "Feature", "properties": { "pt_id": " 14072", "trajectory_id": 14, "北京时间": "2026-05-16 10:00", "lon": 116.635, "lat": 31.575, "height": 126.0 }, "geometry": { "type": "Point", "coordinates": [ 116.635, 31.575 ] } },
{ "type": "Feature", "properties": { "pt_id": " 14073", "trajectory_id": 14, "北京时间": "2026-05-16 09:00", "lon": 116.669, "lat": 31.579, "height": 96.0 }, "geometry": { "type": "Point", "coordinates": [ 116.669, 31.579 ] } },
{ "type": "Feature", "properties": { "pt_id": " 14074", "trajectory_id": 14, "北京时间": "2026-05-16 08:00", "lon": 116.717, "lat": 31.578, "height": 74.0 }, "geometry": { "type": "Point", "coordinates": [ 116.717, 31.578 ] } },
{ "type": "Feature", "properties": { "pt_id": " 14075", "trajectory_id": 14, "北京时间": "2026-05-16 07:00", "lon": 116.796, "lat": 31.57, "height": 57.0 }, "geometry": { "type": "Point", "coordinates": [ 116.796, 31.57 ] } },
{ "type": "Feature", "properties": { "pt_id": " 14076", "trajectory_id": 14, "北京时间": "2026-05-16 06:00", "lon": 116.888, "lat": 31.556, "height": 46.0 }, "geometry": { "type": "Point", "coordinates": [ 116.888, 31.556 ] } },
{ "type": "Feature", "properties": { "pt_id": " 14077", "trajectory_id": 14, "北京时间": "2026-05-16 05:00", "lon": 116.976, "lat": 31.535, "height": 40.0 }, "geometry": { "type": "Point", "coordinates": [ 116.976, 31.535 ] } },
{ "type": "Feature", "properties": { "pt_id": " 14078", "trajectory_id": 14, "北京时间": "2026-05-16 04:00", "lon": 117.065, "lat": 31.511, "height": 41.0 }, "geometry": { "type": "Point", "coordinates": [ 117.065, 31.511 ] } },
{ "type": "Feature", "properties": { "pt_id": " 14079", "trajectory_id": 14, "北京时间": "2026-05-16 03:00", "lon": 117.152, "lat": 31.49, "height": 50.0 }, "geometry": { "type": "Point", "coordinates": [ 117.152, 31.49 ] } },
{ "type": "Feature", "properties": { "pt_id": " 14080", "trajectory_id": 14, "北京时间": "2026-05-16 02:00", "lon": 117.212, "lat": 31.462, "height": 68.0 }, "geometry": { "type": "Point", "coordinates": [ 117.212, 31.462 ] } },
{ "type": "Feature", "properties": { "pt_id": " 14081", "trajectory_id": 14, "北京时间": "2026-05-16 01:00", "lon": 117.224, "lat": 31.417, "height": 88.0 }, "geometry": { "type": "Point", "coordinates": [ 117.224, 31.417 ] } },
{ "type": "Feature", "properties": { "pt_id": " 14082", "trajectory_id": 14, "北京时间": "2026-05-16 00:00", "lon": 117.194, "lat": 31.354, "height": 108.0 }, "geometry": { "type": "Point", "coordinates": [ 117.194, 31.354 ] } },
{ "type": "Feature", "properties": { "pt_id": " 14083", "trajectory_id": 14, "北京时间": "2026-05-15 23:00", "lon": 117.145, "lat": 31.267, "height": 163.0 }, "geometry": { "type": "Point", "coordinates": [ 117.145, 31.267 ] } },
{ "type": "Feature", "properties": { "pt_id": " 14084", "trajectory_id": 14, "北京时间": "2026-05-15 22:00", "lon": 117.089, "lat": 31.154, "height": 292.0 }, "geometry": { "type": "Point", "coordinates": [ 117.089, 31.154 ] } },
{ "type": "Feature", "properties": { "pt_id": " 14085", "trajectory_id": 14, "北京时间": "2026-05-15 21:00", "lon": 117.027, "lat": 31.029, "height": 472.0 }, "geometry": { "type": "Point", "coordinates": [ 117.027, 31.029 ] } },
{ "type": "Feature", "properties": { "pt_id": " 14086", "trajectory_id": 14, "北京时间": "2026-05-15 20:00", "lon": 116.948, "lat": 30.892, "height": 642.0 }, "geometry": { "type": "Point", "coordinates": [ 116.948, 30.892 ] } },
{ "type": "Feature", "properties": { "pt_id": " 14087", "trajectory_id": 14, "北京时间": "2026-05-15 19:00", "lon": 116.868, "lat": 30.741, "height": 749.0 }, "geometry": { "type": "Point", "coordinates": [ 116.868, 30.741 ] } },
{ "type": "Feature", "properties": { "pt_id": " 14088", "trajectory_id": 14, "北京时间": "2026-05-15 18:00", "lon": 116.796, "lat": 30.585, "height": 812.0 }, "geometry": { "type": "Point", "coordinates": [ 116.796, 30.585 ] } },
{ "type": "Feature", "properties": { "pt_id": " 14089", "trajectory_id": 14, "北京时间": "2026-05-15 17:00", "lon": 116.757, "lat": 30.417, "height": 832.0 }, "geometry": { "type": "Point", "coordinates": [ 116.757, 30.417 ] } },
{ "type": "Feature", "properties": { "pt_id": " 14090", "trajectory_id": 14, "北京时间": "2026-05-15 16:00", "lon": 116.747, "lat": 30.229, "height": 784.0 }, "geometry": { "type": "Point", "coordinates": [ 116.747, 30.229 ] } },
{ "type": "Feature", "properties": { "pt_id": " 14091", "trajectory_id": 14, "北京时间": "2026-05-15 15:00", "lon": 116.77, "lat": 30.001, "height": 805.0 }, "geometry": { "type": "Point", "coordinates": [ 116.77, 30.001 ] } },
{ "type": "Feature", "properties": { "pt_id": " 14092", "trajectory_id": 14, "北京时间": "2026-05-15 14:00", "lon": 116.843, "lat": 29.745, "height": 971.0 }, "geometry": { "type": "Point", "coordinates": [ 116.843, 29.745 ] } },
{ "type": "Feature", "properties": { "pt_id": " 14093", "trajectory_id": 14, "北京时间": "2026-05-15 13:00", "lon": 116.941, "lat": 29.528, "height": 1055.0 }, "geometry": { "type": "Point", "coordinates": [ 116.941, 29.528 ] } },
{ "type": "Feature", "properties": { "pt_id": " 14094", "trajectory_id": 14, "北京时间": "2026-05-15 12:00", "lon": 117.009, "lat": 29.368, "height": 1004.0 }, "geometry": { "type": "Point", "coordinates": [ 117.009, 29.368 ] } },
{ "type": "Feature", "properties": { "pt_id": " 14095", "trajectory_id": 14, "北京时间": "2026-05-15 11:00", "lon": 117.032, "lat": 29.238, "height": 951.0 }, "geometry": { "type": "Point", "coordinates": [ 117.032, 29.238 ] } },
{ "type": "Feature", "properties": { "pt_id": " 14096", "trajectory_id": 14, "北京时间": "2026-05-15 10:00", "lon": 117.017, "lat": 29.134, "height": 902.0 }, "geometry": { "type": "Point", "coordinates": [ 117.017, 29.134 ] } },
{ "type": "Feature", "properties": { "pt_id": " 14097", "trajectory_id": 14, "北京时间": "2026-05-15 09:00", "lon": 116.947, "lat": 29.041, "height": 822.0 }, "geometry": { "type": "Point", "coordinates": [ 116.947, 29.041 ] } },
{ "type": "Feature", "properties": { "pt_id": " 14098", "trajectory_id": 14, "北京时间": "2026-05-15 08:00", "lon": 116.851, "lat": 28.899, "height": 770.0 }, "geometry": { "type": "Point", "coordinates": [ 116.851, 28.899 ] } },
{ "type": "Feature", "properties": { "pt_id": " 14099", "trajectory_id": 14, "北京时间": "2026-05-15 07:00", "lon": 116.762, "lat": 28.708, "height": 680.0 }, "geometry": { "type": "Point", "coordinates": [ 116.762, 28.708 ] } },
{ "type": "Feature", "properties": { "pt_id": " 14100", "trajectory_id": 14, "北京时间": "2026-05-15 06:00", "lon": 116.682, "lat": 28.463, "height": 482.0 }, "geometry": { "type": "Point", "coordinates": [ 116.682, 28.463 ] } },
{ "type": "Feature", "properties": { "pt_id": " 15000", "trajectory_id": 15, "北京时间": "2026-05-17 06:00", "lon": 113.942, "lat": 30.907, "height": 10.0 }, "geometry": { "type": "Point", "coordinates": [ 113.942, 30.907 ] } },
{ "type": "Feature", "properties": { "pt_id": " 15057", "trajectory_id": 15, "北京时间": "2026-05-17 05:00", "lon": 113.948, "lat": 30.967, "height": 20.0 }, "geometry": { "type": "Point", "coordinates": [ 113.948, 30.967 ] } },
{ "type": "Feature", "properties": { "pt_id": " 15058", "trajectory_id": 15, "北京时间": "2026-05-17 04:00", "lon": 113.926, "lat": 31.034, "height": 31.0 }, "geometry": { "type": "Point", "coordinates": [ 113.926, 31.034 ] } },
{ "type": "Feature", "properties": { "pt_id": " 15059", "trajectory_id": 15, "北京时间": "2026-05-17 03:00", "lon": 113.915, "lat": 31.121, "height": 42.0 }, "geometry": { "type": "Point", "coordinates": [ 113.915, 31.121 ] } },
{ "type": "Feature", "properties": { "pt_id": " 15060", "trajectory_id": 15, "北京时间": "2026-05-17 02:00", "lon": 113.971, "lat": 31.232, "height": 61.0 }, "geometry": { "type": "Point", "coordinates": [ 113.971, 31.232 ] } },
{ "type": "Feature", "properties": { "pt_id": " 15061", "trajectory_id": 15, "北京时间": "2026-05-17 01:00", "lon": 114.127, "lat": 31.365, "height": 95.0 }, "geometry": { "type": "Point", "coordinates": [ 114.127, 31.365 ] } },
{ "type": "Feature", "properties": { "pt_id": " 15062", "trajectory_id": 15, "北京时间": "2026-05-17 00:00", "lon": 114.328, "lat": 31.524, "height": 110.0 }, "geometry": { "type": "Point", "coordinates": [ 114.328, 31.524 ] } },
{ "type": "Feature", "properties": { "pt_id": " 15063", "trajectory_id": 15, "北京时间": "2026-05-16 23:00", "lon": 114.488, "lat": 31.689, "height": 136.0 }, "geometry": { "type": "Point", "coordinates": [ 114.488, 31.689 ] } },
{ "type": "Feature", "properties": { "pt_id": " 15064", "trajectory_id": 15, "北京时间": "2026-05-16 22:00", "lon": 114.596, "lat": 31.841, "height": 98.0 }, "geometry": { "type": "Point", "coordinates": [ 114.596, 31.841 ] } },
{ "type": "Feature", "properties": { "pt_id": " 15065", "trajectory_id": 15, "北京时间": "2026-05-16 21:00", "lon": 114.668, "lat": 31.96, "height": 59.0 }, "geometry": { "type": "Point", "coordinates": [ 114.668, 31.96 ] } },
{ "type": "Feature", "properties": { "pt_id": " 15066", "trajectory_id": 15, "北京时间": "2026-05-16 20:00", "lon": 114.718, "lat": 32.063, "height": 37.0 }, "geometry": { "type": "Point", "coordinates": [ 114.718, 32.063 ] } },
{ "type": "Feature", "properties": { "pt_id": " 15067", "trajectory_id": 15, "北京时间": "2026-05-16 19:00", "lon": 114.755, "lat": 32.168, "height": 31.0 }, "geometry": { "type": "Point", "coordinates": [ 114.755, 32.168 ] } },
{ "type": "Feature", "properties": { "pt_id": " 15068", "trajectory_id": 15, "北京时间": "2026-05-16 18:00", "lon": 114.773, "lat": 32.28, "height": 40.0 }, "geometry": { "type": "Point", "coordinates": [ 114.773, 32.28 ] } },
{ "type": "Feature", "properties": { "pt_id": " 15069", "trajectory_id": 15, "北京时间": "2026-05-16 17:00", "lon": 114.773, "lat": 32.398, "height": 52.0 }, "geometry": { "type": "Point", "coordinates": [ 114.773, 32.398 ] } },
{ "type": "Feature", "properties": { "pt_id": " 15070", "trajectory_id": 15, "北京时间": "2026-05-16 16:00", "lon": 114.758, "lat": 32.526, "height": 57.0 }, "geometry": { "type": "Point", "coordinates": [ 114.758, 32.526 ] } },
{ "type": "Feature", "properties": { "pt_id": " 15071", "trajectory_id": 15, "北京时间": "2026-05-16 15:00", "lon": 114.716, "lat": 32.664, "height": 59.0 }, "geometry": { "type": "Point", "coordinates": [ 114.716, 32.664 ] } },
{ "type": "Feature", "properties": { "pt_id": " 15072", "trajectory_id": 15, "北京时间": "2026-05-16 14:00", "lon": 114.644, "lat": 32.807, "height": 63.0 }, "geometry": { "type": "Point", "coordinates": [ 114.644, 32.807 ] } },
{ "type": "Feature", "properties": { "pt_id": " 15073", "trajectory_id": 15, "北京时间": "2026-05-16 13:00", "lon": 114.55, "lat": 32.949, "height": 67.0 }, "geometry": { "type": "Point", "coordinates": [ 114.55, 32.949 ] } },
{ "type": "Feature", "properties": { "pt_id": " 15074", "trajectory_id": 15, "北京时间": "2026-05-16 12:00", "lon": 114.428, "lat": 33.094, "height": 68.0 }, "geometry": { "type": "Point", "coordinates": [ 114.428, 33.094 ] } },
{ "type": "Feature", "properties": { "pt_id": " 15075", "trajectory_id": 15, "北京时间": "2026-05-16 11:00", "lon": 114.286, "lat": 33.238, "height": 73.0 }, "geometry": { "type": "Point", "coordinates": [ 114.286, 33.238 ] } },
{ "type": "Feature", "properties": { "pt_id": " 15076", "trajectory_id": 15, "北京时间": "2026-05-16 10:00", "lon": 114.115, "lat": 33.388, "height": 80.0 }, "geometry": { "type": "Point", "coordinates": [ 114.115, 33.388 ] } },
{ "type": "Feature", "properties": { "pt_id": " 15077", "trajectory_id": 15, "北京时间": "2026-05-16 09:00", "lon": 113.911, "lat": 33.509, "height": 84.0 }, "geometry": { "type": "Point", "coordinates": [ 113.911, 33.509 ] } },
{ "type": "Feature", "properties": { "pt_id": " 15078", "trajectory_id": 15, "北京时间": "2026-05-16 08:00", "lon": 113.657, "lat": 33.581, "height": 105.0 }, "geometry": { "type": "Point", "coordinates": [ 113.657, 33.581 ] } },
{ "type": "Feature", "properties": { "pt_id": " 15079", "trajectory_id": 15, "北京时间": "2026-05-16 07:00", "lon": 113.397, "lat": 33.637, "height": 155.0 }, "geometry": { "type": "Point", "coordinates": [ 113.397, 33.637 ] } },
{ "type": "Feature", "properties": { "pt_id": " 15080", "trajectory_id": 15, "北京时间": "2026-05-16 06:00", "lon": 113.161, "lat": 33.715, "height": 191.0 }, "geometry": { "type": "Point", "coordinates": [ 113.161, 33.715 ] } },
{ "type": "Feature", "properties": { "pt_id": " 15081", "trajectory_id": 15, "北京时间": "2026-05-16 05:00", "lon": 112.937, "lat": 33.806, "height": 254.0 }, "geometry": { "type": "Point", "coordinates": [ 112.937, 33.806 ] } },
{ "type": "Feature", "properties": { "pt_id": " 15082", "trajectory_id": 15, "北京时间": "2026-05-16 04:00", "lon": 112.766, "lat": 33.857, "height": 420.0 }, "geometry": { "type": "Point", "coordinates": [ 112.766, 33.857 ] } },
{ "type": "Feature", "properties": { "pt_id": " 15083", "trajectory_id": 15, "北京时间": "2026-05-16 03:00", "lon": 112.728, "lat": 33.831, "height": 577.0 }, "geometry": { "type": "Point", "coordinates": [ 112.728, 33.831 ] } },
{ "type": "Feature", "properties": { "pt_id": " 15084", "trajectory_id": 15, "北京时间": "2026-05-16 02:00", "lon": 112.726, "lat": 33.763, "height": 607.0 }, "geometry": { "type": "Point", "coordinates": [ 112.726, 33.763 ] } },
{ "type": "Feature", "properties": { "pt_id": " 15085", "trajectory_id": 15, "北京时间": "2026-05-16 01:00", "lon": 112.7, "lat": 33.663, "height": 626.0 }, "geometry": { "type": "Point", "coordinates": [ 112.7, 33.663 ] } },
{ "type": "Feature", "properties": { "pt_id": " 15086", "trajectory_id": 15, "北京时间": "2026-05-16 00:00", "lon": 112.737, "lat": 33.514, "height": 902.0 }, "geometry": { "type": "Point", "coordinates": [ 112.737, 33.514 ] } },
{ "type": "Feature", "properties": { "pt_id": " 15087", "trajectory_id": 15, "北京时间": "2026-05-15 23:00", "lon": 112.928, "lat": 33.33, "height": 1243.0 }, "geometry": { "type": "Point", "coordinates": [ 112.928, 33.33 ] } },
{ "type": "Feature", "properties": { "pt_id": " 15088", "trajectory_id": 15, "北京时间": "2026-05-15 22:00", "lon": 113.131, "lat": 33.149, "height": 1317.0 }, "geometry": { "type": "Point", "coordinates": [ 113.131, 33.149 ] } },
{ "type": "Feature", "properties": { "pt_id": " 15089", "trajectory_id": 15, "北京时间": "2026-05-15 21:00", "lon": 113.312, "lat": 32.957, "height": 1442.0 }, "geometry": { "type": "Point", "coordinates": [ 113.312, 32.957 ] } },
{ "type": "Feature", "properties": { "pt_id": " 15090", "trajectory_id": 15, "北京时间": "2026-05-15 20:00", "lon": 113.464, "lat": 32.772, "height": 1511.0 }, "geometry": { "type": "Point", "coordinates": [ 113.464, 32.772 ] } },
{ "type": "Feature", "properties": { "pt_id": " 15091", "trajectory_id": 15, "北京时间": "2026-05-15 19:00", "lon": 113.581, "lat": 32.57, "height": 1546.0 }, "geometry": { "type": "Point", "coordinates": [ 113.581, 32.57 ] } },
{ "type": "Feature", "properties": { "pt_id": " 15092", "trajectory_id": 15, "北京时间": "2026-05-15 18:00", "lon": 113.713, "lat": 32.316, "height": 1545.0 }, "geometry": { "type": "Point", "coordinates": [ 113.713, 32.316 ] } },
{ "type": "Feature", "properties": { "pt_id": " 15093", "trajectory_id": 15, "北京时间": "2026-05-15 17:00", "lon": 113.878, "lat": 32.031, "height": 1493.0 }, "geometry": { "type": "Point", "coordinates": [ 113.878, 32.031 ] } },
{ "type": "Feature", "properties": { "pt_id": " 15094", "trajectory_id": 15, "北京时间": "2026-05-15 16:00", "lon": 114.079, "lat": 31.712, "height": 1440.0 }, "geometry": { "type": "Point", "coordinates": [ 114.079, 31.712 ] } },
{ "type": "Feature", "properties": { "pt_id": " 15095", "trajectory_id": 15, "北京时间": "2026-05-15 15:00", "lon": 114.32, "lat": 31.387, "height": 1368.0 }, "geometry": { "type": "Point", "coordinates": [ 114.32, 31.387 ] } },
{ "type": "Feature", "properties": { "pt_id": " 15096", "trajectory_id": 15, "北京时间": "2026-05-15 14:00", "lon": 114.543, "lat": 31.142, "height": 1306.0 }, "geometry": { "type": "Point", "coordinates": [ 114.543, 31.142 ] } },
{ "type": "Feature", "properties": { "pt_id": " 15097", "trajectory_id": 15, "北京时间": "2026-05-15 13:00", "lon": 114.726, "lat": 30.987, "height": 1160.0 }, "geometry": { "type": "Point", "coordinates": [ 114.726, 30.987 ] } },
{ "type": "Feature", "properties": { "pt_id": " 15098", "trajectory_id": 15, "北京时间": "2026-05-15 12:00", "lon": 114.725, "lat": 30.925, "height": 780.0 }, "geometry": { "type": "Point", "coordinates": [ 114.725, 30.925 ] } },
{ "type": "Feature", "properties": { "pt_id": " 15099", "trajectory_id": 15, "北京时间": "2026-05-15 11:00", "lon": 114.518, "lat": 30.859, "height": 614.0 }, "geometry": { "type": "Point", "coordinates": [ 114.518, 30.859 ] } },
{ "type": "Feature", "properties": { "pt_id": " 15100", "trajectory_id": 15, "北京时间": "2026-05-15 10:00", "lon": 114.231, "lat": 30.746, "height": 576.0 }, "geometry": { "type": "Point", "coordinates": [ 114.231, 30.746 ] } },
{ "type": "Feature", "properties": { "pt_id": " 15101", "trajectory_id": 15, "北京时间": "2026-05-15 09:00", "lon": 113.916, "lat": 30.581, "height": 553.0 }, "geometry": { "type": "Point", "coordinates": [ 113.916, 30.581 ] } },
{ "type": "Feature", "properties": { "pt_id": " 15102", "trajectory_id": 15, "北京时间": "2026-05-15 08:00", "lon": 113.674, "lat": 30.376, "height": 526.0 }, "geometry": { "type": "Point", "coordinates": [ 113.674, 30.376 ] } },
{ "type": "Feature", "properties": { "pt_id": " 15103", "trajectory_id": 15, "北京时间": "2026-05-15 07:00", "lon": 113.425, "lat": 30.128, "height": 524.0 }, "geometry": { "type": "Point", "coordinates": [ 113.425, 30.128 ] } },
{ "type": "Feature", "properties": { "pt_id": " 15104", "trajectory_id": 15, "北京时间": "2026-05-15 06:00", "lon": 113.224, "lat": 29.814, "height": 584.0 }, "geometry": { "type": "Point", "coordinates": [ 113.224, 29.814 ] } },
{ "type": "Feature", "properties": { "pt_id": " 16000", "trajectory_id": 16, "北京时间": "2026-05-17 06:00", "lon": 113.942, "lat": 30.907, "height": 10.0 }, "geometry": { "type": "Point", "coordinates": [ 113.942, 30.907 ] } },
{ "type": "Feature", "properties": { "pt_id": " 16061", "trajectory_id": 16, "北京时间": "2026-05-17 05:00", "lon": 113.989, "lat": 31.016, "height": 24.0 }, "geometry": { "type": "Point", "coordinates": [ 113.989, 31.016 ] } },
{ "type": "Feature", "properties": { "pt_id": " 16062", "trajectory_id": 16, "北京时间": "2026-05-17 04:00", "lon": 114.076, "lat": 31.134, "height": 52.0 }, "geometry": { "type": "Point", "coordinates": [ 114.076, 31.134 ] } },
{ "type": "Feature", "properties": { "pt_id": " 16063", "trajectory_id": 16, "北京时间": "2026-05-17 03:00", "lon": 114.179, "lat": 31.234, "height": 78.0 }, "geometry": { "type": "Point", "coordinates": [ 114.179, 31.234 ] } },
{ "type": "Feature", "properties": { "pt_id": " 16064", "trajectory_id": 16, "北京时间": "2026-05-17 02:00", "lon": 114.248, "lat": 31.322, "height": 86.0 }, "geometry": { "type": "Point", "coordinates": [ 114.248, 31.322 ] } },
{ "type": "Feature", "properties": { "pt_id": " 16065", "trajectory_id": 16, "北京时间": "2026-05-17 01:00", "lon": 114.306, "lat": 31.408, "height": 86.0 }, "geometry": { "type": "Point", "coordinates": [ 114.306, 31.408 ] } },
{ "type": "Feature", "properties": { "pt_id": " 16066", "trajectory_id": 16, "北京时间": "2026-05-17 00:00", "lon": 114.372, "lat": 31.493, "height": 90.0 }, "geometry": { "type": "Point", "coordinates": [ 114.372, 31.493 ] } },
{ "type": "Feature", "properties": { "pt_id": " 16067", "trajectory_id": 16, "北京时间": "2026-05-16 23:00", "lon": 114.417, "lat": 31.567, "height": 90.0 }, "geometry": { "type": "Point", "coordinates": [ 114.417, 31.567 ] } },
{ "type": "Feature", "properties": { "pt_id": " 16068", "trajectory_id": 16, "北京时间": "2026-05-16 22:00", "lon": 114.442, "lat": 31.637, "height": 80.0 }, "geometry": { "type": "Point", "coordinates": [ 114.442, 31.637 ] } },
{ "type": "Feature", "properties": { "pt_id": " 16069", "trajectory_id": 16, "北京时间": "2026-05-16 21:00", "lon": 114.461, "lat": 31.712, "height": 65.0 }, "geometry": { "type": "Point", "coordinates": [ 114.461, 31.712 ] } },
{ "type": "Feature", "properties": { "pt_id": " 16070", "trajectory_id": 16, "北京时间": "2026-05-16 20:00", "lon": 114.475, "lat": 31.782, "height": 45.0 }, "geometry": { "type": "Point", "coordinates": [ 114.475, 31.782 ] } },
{ "type": "Feature", "properties": { "pt_id": " 16071", "trajectory_id": 16, "北京时间": "2026-05-16 19:00", "lon": 114.485, "lat": 31.847, "height": 30.0 }, "geometry": { "type": "Point", "coordinates": [ 114.485, 31.847 ] } },
{ "type": "Feature", "properties": { "pt_id": " 16072", "trajectory_id": 16, "北京时间": "2026-05-16 18:00", "lon": 114.481, "lat": 31.903, "height": 17.0 }, "geometry": { "type": "Point", "coordinates": [ 114.481, 31.903 ] } },
{ "type": "Feature", "properties": { "pt_id": " 16073", "trajectory_id": 16, "北京时间": "2026-05-16 17:00", "lon": 114.46, "lat": 31.946, "height": 2.0 }, "geometry": { "type": "Point", "coordinates": [ 114.46, 31.946 ] } },
{ "type": "Feature", "properties": { "pt_id": " 16074", "trajectory_id": 16, "北京时间": "2026-05-16 16:00", "lon": 114.423, "lat": 31.977, "height": 0.0 }, "geometry": { "type": "Point", "coordinates": [ 114.423, 31.977 ] } },
{ "type": "Feature", "properties": { "pt_id": " 16075", "trajectory_id": 16, "北京时间": "2026-05-16 15:00", "lon": 114.374, "lat": 31.997, "height": 1.0 }, "geometry": { "type": "Point", "coordinates": [ 114.374, 31.997 ] } },
{ "type": "Feature", "properties": { "pt_id": " 16076", "trajectory_id": 16, "北京时间": "2026-05-16 14:00", "lon": 114.315, "lat": 32.007, "height": 16.0 }, "geometry": { "type": "Point", "coordinates": [ 114.315, 32.007 ] } },
{ "type": "Feature", "properties": { "pt_id": " 16077", "trajectory_id": 16, "北京时间": "2026-05-16 13:00", "lon": 114.248, "lat": 32.006, "height": 44.0 }, "geometry": { "type": "Point", "coordinates": [ 114.248, 32.006 ] } },
{ "type": "Feature", "properties": { "pt_id": " 16078", "trajectory_id": 16, "北京时间": "2026-05-16 12:00", "lon": 114.19, "lat": 31.988, "height": 70.0 }, "geometry": { "type": "Point", "coordinates": [ 114.19, 31.988 ] } },
{ "type": "Feature", "properties": { "pt_id": " 16079", "trajectory_id": 16, "北京时间": "2026-05-16 11:00", "lon": 114.148, "lat": 31.95, "height": 87.0 }, "geometry": { "type": "Point", "coordinates": [ 114.148, 31.95 ] } },
{ "type": "Feature", "properties": { "pt_id": " 16080", "trajectory_id": 16, "北京时间": "2026-05-16 10:00", "lon": 114.119, "lat": 31.885, "height": 106.0 }, "geometry": { "type": "Point", "coordinates": [ 114.119, 31.885 ] } },
{ "type": "Feature", "properties": { "pt_id": " 16081", "trajectory_id": 16, "北京时间": "2026-05-16 09:00", "lon": 114.106, "lat": 31.792, "height": 136.0 }, "geometry": { "type": "Point", "coordinates": [ 114.106, 31.792 ] } },
{ "type": "Feature", "properties": { "pt_id": " 16082", "trajectory_id": 16, "北京时间": "2026-05-16 08:00", "lon": 114.118, "lat": 31.673, "height": 164.0 }, "geometry": { "type": "Point", "coordinates": [ 114.118, 31.673 ] } },
{ "type": "Feature", "properties": { "pt_id": " 16083", "trajectory_id": 16, "北京时间": "2026-05-16 07:00", "lon": 114.175, "lat": 31.531, "height": 167.0 }, "geometry": { "type": "Point", "coordinates": [ 114.175, 31.531 ] } },
{ "type": "Feature", "properties": { "pt_id": " 16084", "trajectory_id": 16, "北京时间": "2026-05-16 06:00", "lon": 114.274, "lat": 31.358, "height": 148.0 }, "geometry": { "type": "Point", "coordinates": [ 114.274, 31.358 ] } },
{ "type": "Feature", "properties": { "pt_id": " 16085", "trajectory_id": 16, "北京时间": "2026-05-16 05:00", "lon": 114.393, "lat": 31.152, "height": 175.0 }, "geometry": { "type": "Point", "coordinates": [ 114.393, 31.152 ] } },
{ "type": "Feature", "properties": { "pt_id": " 16086", "trajectory_id": 16, "北京时间": "2026-05-16 04:00", "lon": 114.552, "lat": 30.949, "height": 209.0 }, "geometry": { "type": "Point", "coordinates": [ 114.552, 30.949 ] } },
{ "type": "Feature", "properties": { "pt_id": " 16087", "trajectory_id": 16, "北京时间": "2026-05-16 03:00", "lon": 114.734, "lat": 30.743, "height": 219.0 }, "geometry": { "type": "Point", "coordinates": [ 114.734, 30.743 ] } },
{ "type": "Feature", "properties": { "pt_id": " 16088", "trajectory_id": 16, "北京时间": "2026-05-16 02:00", "lon": 114.944, "lat": 30.509, "height": 261.0 }, "geometry": { "type": "Point", "coordinates": [ 114.944, 30.509 ] } },
{ "type": "Feature", "properties": { "pt_id": " 16089", "trajectory_id": 16, "北京时间": "2026-05-16 01:00", "lon": 115.16, "lat": 30.285, "height": 398.0 }, "geometry": { "type": "Point", "coordinates": [ 115.16, 30.285 ] } },
{ "type": "Feature", "properties": { "pt_id": " 16090", "trajectory_id": 16, "北京时间": "2026-05-16 00:00", "lon": 115.378, "lat": 30.084, "height": 445.0 }, "geometry": { "type": "Point", "coordinates": [ 115.378, 30.084 ] } },
{ "type": "Feature", "properties": { "pt_id": " 16091", "trajectory_id": 16, "北京时间": "2026-05-15 23:00", "lon": 115.559, "lat": 29.913, "height": 458.0 }, "geometry": { "type": "Point", "coordinates": [ 115.559, 29.913 ] } },
{ "type": "Feature", "properties": { "pt_id": " 16092", "trajectory_id": 16, "北京时间": "2026-05-15 22:00", "lon": 115.681, "lat": 29.731, "height": 475.0 }, "geometry": { "type": "Point", "coordinates": [ 115.681, 29.731 ] } },
{ "type": "Feature", "properties": { "pt_id": " 16093", "trajectory_id": 16, "北京时间": "2026-05-15 21:00", "lon": 115.798, "lat": 29.51, "height": 516.0 }, "geometry": { "type": "Point", "coordinates": [ 115.798, 29.51 ] } },
{ "type": "Feature", "properties": { "pt_id": " 16094", "trajectory_id": 16, "北京时间": "2026-05-15 20:00", "lon": 115.913, "lat": 29.267, "height": 566.0 }, "geometry": { "type": "Point", "coordinates": [ 115.913, 29.267 ] } },
{ "type": "Feature", "properties": { "pt_id": " 16095", "trajectory_id": 16, "北京时间": "2026-05-15 19:00", "lon": 115.985, "lat": 29.043, "height": 681.0 }, "geometry": { "type": "Point", "coordinates": [ 115.985, 29.043 ] } },
{ "type": "Feature", "properties": { "pt_id": " 16096", "trajectory_id": 16, "北京时间": "2026-05-15 18:00", "lon": 116.073, "lat": 28.821, "height": 1038.0 }, "geometry": { "type": "Point", "coordinates": [ 116.073, 28.821 ] } },
{ "type": "Feature", "properties": { "pt_id": " 16097", "trajectory_id": 16, "北京时间": "2026-05-15 17:00", "lon": 116.266, "lat": 28.604, "height": 1257.0 }, "geometry": { "type": "Point", "coordinates": [ 116.266, 28.604 ] } },
{ "type": "Feature", "properties": { "pt_id": " 16098", "trajectory_id": 16, "北京时间": "2026-05-15 16:00", "lon": 116.444, "lat": 28.403, "height": 1100.0 }, "geometry": { "type": "Point", "coordinates": [ 116.444, 28.403 ] } },
{ "type": "Feature", "properties": { "pt_id": " 16099", "trajectory_id": 16, "北京时间": "2026-05-15 15:00", "lon": 116.619, "lat": 28.22, "height": 1503.0 }, "geometry": { "type": "Point", "coordinates": [ 116.619, 28.22 ] } },
{ "type": "Feature", "properties": { "pt_id": " 16100", "trajectory_id": 16, "北京时间": "2026-05-15 14:00", "lon": 116.806, "lat": 28.141, "height": 2272.0 }, "geometry": { "type": "Point", "coordinates": [ 116.806, 28.141 ] } },
{ "type": "Feature", "properties": { "pt_id": " 16101", "trajectory_id": 16, "北京时间": "2026-05-15 13:00", "lon": 116.893, "lat": 28.127, "height": 3084.0 }, "geometry": { "type": "Point", "coordinates": [ 116.893, 28.127 ] } },
{ "type": "Feature", "properties": { "pt_id": " 16102", "trajectory_id": 16, "北京时间": "2026-05-15 12:00", "lon": 116.804, "lat": 28.121, "height": 3813.0 }, "geometry": { "type": "Point", "coordinates": [ 116.804, 28.121 ] } },
{ "type": "Feature", "properties": { "pt_id": " 16103", "trajectory_id": 16, "北京时间": "2026-05-15 11:00", "lon": 116.434, "lat": 28.106, "height": 4071.0 }, "geometry": { "type": "Point", "coordinates": [ 116.434, 28.106 ] } },
{ "type": "Feature", "properties": { "pt_id": " 16104", "trajectory_id": 16, "北京时间": "2026-05-15 10:00", "lon": 116.157, "lat": 28.143, "height": 3780.0 }, "geometry": { "type": "Point", "coordinates": [ 116.157, 28.143 ] } },
{ "type": "Feature", "properties": { "pt_id": " 16105", "trajectory_id": 16, "北京时间": "2026-05-15 09:00", "lon": 116.04, "lat": 28.19, "height": 3871.0 }, "geometry": { "type": "Point", "coordinates": [ 116.04, 28.19 ] } },
{ "type": "Feature", "properties": { "pt_id": " 16106", "trajectory_id": 16, "北京时间": "2026-05-15 08:00", "lon": 115.872, "lat": 28.182, "height": 4012.0 }, "geometry": { "type": "Point", "coordinates": [ 115.872, 28.182 ] } },
{ "type": "Feature", "properties": { "pt_id": " 16107", "trajectory_id": 16, "北京时间": "2026-05-15 07:00", "lon": 115.642, "lat": 28.152, "height": 3978.0 }, "geometry": { "type": "Point", "coordinates": [ 115.642, 28.152 ] } },
{ "type": "Feature", "properties": { "pt_id": " 16108", "trajectory_id": 16, "北京时间": "2026-05-15 06:00", "lon": 115.432, "lat": 28.114, "height": 4166.0 }, "geometry": { "type": "Point", "coordinates": [ 115.432, 28.114 ] } },
{ "type": "Feature", "properties": { "pt_id": " 17000", "trajectory_id": 17, "北京时间": "2026-05-17 06:00", "lon": 113.942, "lat": 30.907, "height": 10.0 }, "geometry": { "type": "Point", "coordinates": [ 113.942, 30.907 ] } },
{ "type": "Feature", "properties": { "pt_id": " 17065", "trajectory_id": 17, "北京时间": "2026-05-17 05:00", "lon": 114.029, "lat": 30.931, "height": 19.0 }, "geometry": { "type": "Point", "coordinates": [ 114.029, 30.931 ] } },
{ "type": "Feature", "properties": { "pt_id": " 17066", "trajectory_id": 17, "北京时间": "2026-05-17 04:00", "lon": 114.095, "lat": 30.94, "height": 28.0 }, "geometry": { "type": "Point", "coordinates": [ 114.095, 30.94 ] } },
{ "type": "Feature", "properties": { "pt_id": " 17067", "trajectory_id": 17, "北京时间": "2026-05-17 03:00", "lon": 114.148, "lat": 30.936, "height": 34.0 }, "geometry": { "type": "Point", "coordinates": [ 114.148, 30.936 ] } },
{ "type": "Feature", "properties": { "pt_id": " 17068", "trajectory_id": 17, "北京时间": "2026-05-17 02:00", "lon": 114.203, "lat": 30.924, "height": 37.0 }, "geometry": { "type": "Point", "coordinates": [ 114.203, 30.924 ] } },
{ "type": "Feature", "properties": { "pt_id": " 17069", "trajectory_id": 17, "北京时间": "2026-05-17 01:00", "lon": 114.269, "lat": 30.913, "height": 39.0 }, "geometry": { "type": "Point", "coordinates": [ 114.269, 30.913 ] } },
{ "type": "Feature", "properties": { "pt_id": " 17070", "trajectory_id": 17, "北京时间": "2026-05-17 00:00", "lon": 114.336, "lat": 30.914, "height": 40.0 }, "geometry": { "type": "Point", "coordinates": [ 114.336, 30.914 ] } },
{ "type": "Feature", "properties": { "pt_id": " 17071", "trajectory_id": 17, "北京时间": "2026-05-16 23:00", "lon": 114.4, "lat": 30.928, "height": 43.0 }, "geometry": { "type": "Point", "coordinates": [ 114.4, 30.928 ] } },
{ "type": "Feature", "properties": { "pt_id": " 17072", "trajectory_id": 17, "北京时间": "2026-05-16 22:00", "lon": 114.454, "lat": 30.949, "height": 44.0 }, "geometry": { "type": "Point", "coordinates": [ 114.454, 30.949 ] } },
{ "type": "Feature", "properties": { "pt_id": " 17073", "trajectory_id": 17, "北京时间": "2026-05-16 21:00", "lon": 114.495, "lat": 30.977, "height": 45.0 }, "geometry": { "type": "Point", "coordinates": [ 114.495, 30.977 ] } },
{ "type": "Feature", "properties": { "pt_id": " 17074", "trajectory_id": 17, "北京时间": "2026-05-16 20:00", "lon": 114.519, "lat": 31.008, "height": 46.0 }, "geometry": { "type": "Point", "coordinates": [ 114.519, 31.008 ] } },
{ "type": "Feature", "properties": { "pt_id": " 17075", "trajectory_id": 17, "北京时间": "2026-05-16 19:00", "lon": 114.535, "lat": 31.032, "height": 49.0 }, "geometry": { "type": "Point", "coordinates": [ 114.535, 31.032 ] } },
{ "type": "Feature", "properties": { "pt_id": " 17076", "trajectory_id": 17, "北京时间": "2026-05-16 18:00", "lon": 114.547, "lat": 31.047, "height": 56.0 }, "geometry": { "type": "Point", "coordinates": [ 114.547, 31.047 ] } },
{ "type": "Feature", "properties": { "pt_id": " 17077", "trajectory_id": 17, "北京时间": "2026-05-16 17:00", "lon": 114.559, "lat": 31.049, "height": 63.0 }, "geometry": { "type": "Point", "coordinates": [ 114.559, 31.049 ] } },
{ "type": "Feature", "properties": { "pt_id": " 17078", "trajectory_id": 17, "北京时间": "2026-05-16 16:00", "lon": 114.575, "lat": 31.029, "height": 64.0 }, "geometry": { "type": "Point", "coordinates": [ 114.575, 31.029 ] } },
{ "type": "Feature", "properties": { "pt_id": " 17079", "trajectory_id": 17, "北京时间": "2026-05-16 15:00", "lon": 114.599, "lat": 30.987, "height": 56.0 }, "geometry": { "type": "Point", "coordinates": [ 114.599, 30.987 ] } },
{ "type": "Feature", "properties": { "pt_id": " 17080", "trajectory_id": 17, "北京时间": "2026-05-16 14:00", "lon": 114.639, "lat": 30.921, "height": 47.0 }, "geometry": { "type": "Point", "coordinates": [ 114.639, 30.921 ] } },
{ "type": "Feature", "properties": { "pt_id": " 17081", "trajectory_id": 17, "北京时间": "2026-05-16 13:00", "lon": 114.697, "lat": 30.831, "height": 47.0 }, "geometry": { "type": "Point", "coordinates": [ 114.697, 30.831 ] } },
{ "type": "Feature", "properties": { "pt_id": " 17082", "trajectory_id": 17, "北京时间": "2026-05-16 12:00", "lon": 114.782, "lat": 30.714, "height": 61.0 }, "geometry": { "type": "Point", "coordinates": [ 114.782, 30.714 ] } },
{ "type": "Feature", "properties": { "pt_id": " 17083", "trajectory_id": 17, "北京时间": "2026-05-16 11:00", "lon": 114.899, "lat": 30.588, "height": 76.0 }, "geometry": { "type": "Point", "coordinates": [ 114.899, 30.588 ] } },
{ "type": "Feature", "properties": { "pt_id": " 17084", "trajectory_id": 17, "北京时间": "2026-05-16 10:00", "lon": 115.044, "lat": 30.446, "height": 99.0 }, "geometry": { "type": "Point", "coordinates": [ 115.044, 30.446 ] } },
{ "type": "Feature", "properties": { "pt_id": " 17085", "trajectory_id": 17, "北京时间": "2026-05-16 09:00", "lon": 115.194, "lat": 30.308, "height": 153.0 }, "geometry": { "type": "Point", "coordinates": [ 115.194, 30.308 ] } },
{ "type": "Feature", "properties": { "pt_id": " 17086", "trajectory_id": 17, "北京时间": "2026-05-16 08:00", "lon": 115.358, "lat": 30.182, "height": 238.0 }, "geometry": { "type": "Point", "coordinates": [ 115.358, 30.182 ] } },
{ "type": "Feature", "properties": { "pt_id": " 17087", "trajectory_id": 17, "北京时间": "2026-05-16 07:00", "lon": 115.542, "lat": 30.081, "height": 298.0 }, "geometry": { "type": "Point", "coordinates": [ 115.542, 30.081 ] } },
{ "type": "Feature", "properties": { "pt_id": " 17088", "trajectory_id": 17, "北京时间": "2026-05-16 06:00", "lon": 115.695, "lat": 30.009, "height": 351.0 }, "geometry": { "type": "Point", "coordinates": [ 115.695, 30.009 ] } },
{ "type": "Feature", "properties": { "pt_id": " 17089", "trajectory_id": 17, "北京时间": "2026-05-16 05:00", "lon": 115.809, "lat": 29.957, "height": 376.0 }, "geometry": { "type": "Point", "coordinates": [ 115.809, 29.957 ] } },
{ "type": "Feature", "properties": { "pt_id": " 17090", "trajectory_id": 17, "北京时间": "2026-05-16 04:00", "lon": 115.914, "lat": 29.843, "height": 378.0 }, "geometry": { "type": "Point", "coordinates": [ 115.914, 29.843 ] } },
{ "type": "Feature", "properties": { "pt_id": " 17091", "trajectory_id": 17, "北京时间": "2026-05-16 03:00", "lon": 115.987, "lat": 29.679, "height": 371.0 }, "geometry": { "type": "Point", "coordinates": [ 115.987, 29.679 ] } },
{ "type": "Feature", "properties": { "pt_id": " 17092", "trajectory_id": 17, "北京时间": "2026-05-16 02:00", "lon": 116.03, "lat": 29.512, "height": 396.0 }, "geometry": { "type": "Point", "coordinates": [ 116.03, 29.512 ] } },
{ "type": "Feature", "properties": { "pt_id": " 17093", "trajectory_id": 17, "北京时间": "2026-05-16 01:00", "lon": 116.068, "lat": 29.337, "height": 406.0 }, "geometry": { "type": "Point", "coordinates": [ 116.068, 29.337 ] } },
{ "type": "Feature", "properties": { "pt_id": " 17094", "trajectory_id": 17, "北京时间": "2026-05-16 00:00", "lon": 116.092, "lat": 29.167, "height": 362.0 }, "geometry": { "type": "Point", "coordinates": [ 116.092, 29.167 ] } },
{ "type": "Feature", "properties": { "pt_id": " 17095", "trajectory_id": 17, "北京时间": "2026-05-15 23:00", "lon": 116.088, "lat": 29.008, "height": 398.0 }, "geometry": { "type": "Point", "coordinates": [ 116.088, 29.008 ] } },
{ "type": "Feature", "properties": { "pt_id": " 17096", "trajectory_id": 17, "北京时间": "2026-05-15 22:00", "lon": 116.077, "lat": 28.849, "height": 568.0 }, "geometry": { "type": "Point", "coordinates": [ 116.077, 28.849 ] } },
{ "type": "Feature", "properties": { "pt_id": " 17097", "trajectory_id": 17, "北京时间": "2026-05-15 21:00", "lon": 116.098, "lat": 28.678, "height": 788.0 }, "geometry": { "type": "Point", "coordinates": [ 116.098, 28.678 ] } },
{ "type": "Feature", "properties": { "pt_id": " 17098", "trajectory_id": 17, "北京时间": "2026-05-15 20:00", "lon": 116.16, "lat": 28.496, "height": 798.0 }, "geometry": { "type": "Point", "coordinates": [ 116.16, 28.496 ] } },
{ "type": "Feature", "properties": { "pt_id": " 17099", "trajectory_id": 17, "北京时间": "2026-05-15 19:00", "lon": 116.26, "lat": 28.242, "height": 906.0 }, "geometry": { "type": "Point", "coordinates": [ 116.26, 28.242 ] } },
{ "type": "Feature", "properties": { "pt_id": " 17100", "trajectory_id": 17, "北京时间": "2026-05-15 18:00", "lon": 116.402, "lat": 27.983, "height": 1472.0 }, "geometry": { "type": "Point", "coordinates": [ 116.402, 27.983 ] } },
{ "type": "Feature", "properties": { "pt_id": " 17101", "trajectory_id": 17, "北京时间": "2026-05-15 17:00", "lon": 116.549, "lat": 27.783, "height": 2025.0 }, "geometry": { "type": "Point", "coordinates": [ 116.549, 27.783 ] } },
{ "type": "Feature", "properties": { "pt_id": " 17102", "trajectory_id": 17, "北京时间": "2026-05-15 16:00", "lon": 116.686, "lat": 27.605, "height": 2351.0 }, "geometry": { "type": "Point", "coordinates": [ 116.686, 27.605 ] } },
{ "type": "Feature", "properties": { "pt_id": " 17103", "trajectory_id": 17, "北京时间": "2026-05-15 15:00", "lon": 116.754, "lat": 27.456, "height": 2714.0 }, "geometry": { "type": "Point", "coordinates": [ 116.754, 27.456 ] } },
{ "type": "Feature", "properties": { "pt_id": " 17104", "trajectory_id": 17, "北京时间": "2026-05-15 14:00", "lon": 116.658, "lat": 27.409, "height": 3020.0 }, "geometry": { "type": "Point", "coordinates": [ 116.658, 27.409 ] } },
{ "type": "Feature", "properties": { "pt_id": " 17105", "trajectory_id": 17, "北京时间": "2026-05-15 13:00", "lon": 116.413, "lat": 27.383, "height": 3218.0 }, "geometry": { "type": "Point", "coordinates": [ 116.413, 27.383 ] } },
{ "type": "Feature", "properties": { "pt_id": " 17106", "trajectory_id": 17, "北京时间": "2026-05-15 12:00", "lon": 115.941, "lat": 27.277, "height": 3156.0 }, "geometry": { "type": "Point", "coordinates": [ 115.941, 27.277 ] } },
{ "type": "Feature", "properties": { "pt_id": " 17107", "trajectory_id": 17, "北京时间": "2026-05-15 11:00", "lon": 115.642, "lat": 27.14, "height": 3183.0 }, "geometry": { "type": "Point", "coordinates": [ 115.642, 27.14 ] } },
{ "type": "Feature", "properties": { "pt_id": " 17108", "trajectory_id": 17, "北京时间": "2026-05-15 10:00", "lon": 115.481, "lat": 27.053, "height": 3334.0 }, "geometry": { "type": "Point", "coordinates": [ 115.481, 27.053 ] } },
{ "type": "Feature", "properties": { "pt_id": " 17109", "trajectory_id": 17, "北京时间": "2026-05-15 09:00", "lon": 115.345, "lat": 26.98, "height": 3507.0 }, "geometry": { "type": "Point", "coordinates": [ 115.345, 26.98 ] } },
{ "type": "Feature", "properties": { "pt_id": " 17110", "trajectory_id": 17, "北京时间": "2026-05-15 08:00", "lon": 115.179, "lat": 26.891, "height": 3458.0 }, "geometry": { "type": "Point", "coordinates": [ 115.179, 26.891 ] } },
{ "type": "Feature", "properties": { "pt_id": " 17111", "trajectory_id": 17, "北京时间": "2026-05-15 07:00", "lon": 115.014, "lat": 26.838, "height": 3469.0 }, "geometry": { "type": "Point", "coordinates": [ 115.014, 26.838 ] } },
{ "type": "Feature", "properties": { "pt_id": " 17112", "trajectory_id": 17, "北京时间": "2026-05-15 06:00", "lon": 114.86, "lat": 26.813, "height": 3500.0 }, "geometry": { "type": "Point", "coordinates": [ 114.86, 26.813 ] } },
{ "type": "Feature", "properties": { "pt_id": " 18000", "trajectory_id": 18, "北京时间": "2026-05-17 06:00", "lon": 113.942, "lat": 30.907, "height": 10.0 }, "geometry": { "type": "Point", "coordinates": [ 113.942, 30.907 ] } },
{ "type": "Feature", "properties": { "pt_id": " 18069", "trajectory_id": 18, "北京时间": "2026-05-17 05:00", "lon": 114.0, "lat": 30.903, "height": 11.0 }, "geometry": { "type": "Point", "coordinates": [ 114.0, 30.903 ] } },
{ "type": "Feature", "properties": { "pt_id": " 18070", "trajectory_id": 18, "北京时间": "2026-05-17 04:00", "lon": 114.068, "lat": 30.896, "height": 13.0 }, "geometry": { "type": "Point", "coordinates": [ 114.068, 30.896 ] } },
{ "type": "Feature", "properties": { "pt_id": " 18071", "trajectory_id": 18, "北京时间": "2026-05-17 03:00", "lon": 114.143, "lat": 30.892, "height": 15.0 }, "geometry": { "type": "Point", "coordinates": [ 114.143, 30.892 ] } },
{ "type": "Feature", "properties": { "pt_id": " 18072", "trajectory_id": 18, "北京时间": "2026-05-17 02:00", "lon": 114.221, "lat": 30.893, "height": 17.0 }, "geometry": { "type": "Point", "coordinates": [ 114.221, 30.893 ] } },
{ "type": "Feature", "properties": { "pt_id": " 18073", "trajectory_id": 18, "北京时间": "2026-05-17 01:00", "lon": 114.296, "lat": 30.897, "height": 18.0 }, "geometry": { "type": "Point", "coordinates": [ 114.296, 30.897 ] } },
{ "type": "Feature", "properties": { "pt_id": " 18074", "trajectory_id": 18, "北京时间": "2026-05-17 00:00", "lon": 114.364, "lat": 30.902, "height": 18.0 }, "geometry": { "type": "Point", "coordinates": [ 114.364, 30.902 ] } },
{ "type": "Feature", "properties": { "pt_id": " 18075", "trajectory_id": 18, "北京时间": "2026-05-16 23:00", "lon": 114.426, "lat": 30.904, "height": 18.0 }, "geometry": { "type": "Point", "coordinates": [ 114.426, 30.904 ] } },
{ "type": "Feature", "properties": { "pt_id": " 18076", "trajectory_id": 18, "北京时间": "2026-05-16 22:00", "lon": 114.48, "lat": 30.899, "height": 18.0 }, "geometry": { "type": "Point", "coordinates": [ 114.48, 30.899 ] } },
{ "type": "Feature", "properties": { "pt_id": " 18077", "trajectory_id": 18, "北京时间": "2026-05-16 21:00", "lon": 114.529, "lat": 30.881, "height": 18.0 }, "geometry": { "type": "Point", "coordinates": [ 114.529, 30.881 ] } },
{ "type": "Feature", "properties": { "pt_id": " 18078", "trajectory_id": 18, "北京时间": "2026-05-16 20:00", "lon": 114.585, "lat": 30.845, "height": 18.0 }, "geometry": { "type": "Point", "coordinates": [ 114.585, 30.845 ] } },
{ "type": "Feature", "properties": { "pt_id": " 18079", "trajectory_id": 18, "北京时间": "2026-05-16 19:00", "lon": 114.651, "lat": 30.791, "height": 16.0 }, "geometry": { "type": "Point", "coordinates": [ 114.651, 30.791 ] } },
{ "type": "Feature", "properties": { "pt_id": " 18080", "trajectory_id": 18, "北京时间": "2026-05-16 18:00", "lon": 114.73, "lat": 30.719, "height": 17.0 }, "geometry": { "type": "Point", "coordinates": [ 114.73, 30.719 ] } },
{ "type": "Feature", "properties": { "pt_id": " 18081", "trajectory_id": 18, "北京时间": "2026-05-16 17:00", "lon": 114.819, "lat": 30.64, "height": 22.0 }, "geometry": { "type": "Point", "coordinates": [ 114.819, 30.64 ] } },
{ "type": "Feature", "properties": { "pt_id": " 18082", "trajectory_id": 18, "北京时间": "2026-05-16 16:00", "lon": 114.919, "lat": 30.552, "height": 29.0 }, "geometry": { "type": "Point", "coordinates": [ 114.919, 30.552 ] } },
{ "type": "Feature", "properties": { "pt_id": " 18083", "trajectory_id": 18, "北京时间": "2026-05-16 15:00", "lon": 115.033, "lat": 30.446, "height": 34.0 }, "geometry": { "type": "Point", "coordinates": [ 115.033, 30.446 ] } },
{ "type": "Feature", "properties": { "pt_id": " 18084", "trajectory_id": 18, "北京时间": "2026-05-16 14:00", "lon": 115.152, "lat": 30.342, "height": 48.0 }, "geometry": { "type": "Point", "coordinates": [ 115.152, 30.342 ] } },
{ "type": "Feature", "properties": { "pt_id": " 18085", "trajectory_id": 18, "北京时间": "2026-05-16 13:00", "lon": 115.282, "lat": 30.235, "height": 72.0 }, "geometry": { "type": "Point", "coordinates": [ 115.282, 30.235 ] } },
{ "type": "Feature", "properties": { "pt_id": " 18086", "trajectory_id": 18, "北京时间": "2026-05-16 12:00", "lon": 115.426, "lat": 30.142, "height": 94.0 }, "geometry": { "type": "Point", "coordinates": [ 115.426, 30.142 ] } },
{ "type": "Feature", "properties": { "pt_id": " 18087", "trajectory_id": 18, "北京时间": "2026-05-16 11:00", "lon": 115.583, "lat": 30.062, "height": 113.0 }, "geometry": { "type": "Point", "coordinates": [ 115.583, 30.062 ] } },
{ "type": "Feature", "properties": { "pt_id": " 18088", "trajectory_id": 18, "北京时间": "2026-05-16 10:00", "lon": 115.724, "lat": 30.005, "height": 127.0 }, "geometry": { "type": "Point", "coordinates": [ 115.724, 30.005 ] } },
{ "type": "Feature", "properties": { "pt_id": " 18089", "trajectory_id": 18, "北京时间": "2026-05-16 09:00", "lon": 115.836, "lat": 29.945, "height": 124.0 }, "geometry": { "type": "Point", "coordinates": [ 115.836, 29.945 ] } },
{ "type": "Feature", "properties": { "pt_id": " 18090", "trajectory_id": 18, "北京时间": "2026-05-16 08:00", "lon": 115.942, "lat": 29.831, "height": 133.0 }, "geometry": { "type": "Point", "coordinates": [ 115.942, 29.831 ] } },
{ "type": "Feature", "properties": { "pt_id": " 18091", "trajectory_id": 18, "北京时间": "2026-05-16 07:00", "lon": 116.025, "lat": 29.681, "height": 166.0 }, "geometry": { "type": "Point", "coordinates": [ 116.025, 29.681 ] } },
{ "type": "Feature", "properties": { "pt_id": " 18092", "trajectory_id": 18, "北京时间": "2026-05-16 06:00", "lon": 116.074, "lat": 29.552, "height": 204.0 }, "geometry": { "type": "Point", "coordinates": [ 116.074, 29.552 ] } },
{ "type": "Feature", "properties": { "pt_id": " 18093", "trajectory_id": 18, "北京时间": "2026-05-16 05:00", "lon": 116.092, "lat": 29.438, "height": 242.0 }, "geometry": { "type": "Point", "coordinates": [ 116.092, 29.438 ] } },
{ "type": "Feature", "properties": { "pt_id": " 18094", "trajectory_id": 18, "北京时间": "2026-05-16 04:00", "lon": 116.088, "lat": 29.326, "height": 246.0 }, "geometry": { "type": "Point", "coordinates": [ 116.088, 29.326 ] } },
{ "type": "Feature", "properties": { "pt_id": " 18095", "trajectory_id": 18, "北京时间": "2026-05-16 03:00", "lon": 116.031, "lat": 29.212, "height": 236.0 }, "geometry": { "type": "Point", "coordinates": [ 116.031, 29.212 ] } },
{ "type": "Feature", "properties": { "pt_id": " 18096", "trajectory_id": 18, "北京时间": "2026-05-16 02:00", "lon": 115.94, "lat": 29.092, "height": 280.0 }, "geometry": { "type": "Point", "coordinates": [ 115.94, 29.092 ] } },
{ "type": "Feature", "properties": { "pt_id": " 18097", "trajectory_id": 18, "北京时间": "2026-05-16 01:00", "lon": 115.867, "lat": 28.97, "height": 443.0 }, "geometry": { "type": "Point", "coordinates": [ 115.867, 28.97 ] } },
{ "type": "Feature", "properties": { "pt_id": " 18098", "trajectory_id": 18, "北京时间": "2026-05-16 00:00", "lon": 115.86, "lat": 28.788, "height": 715.0 }, "geometry": { "type": "Point", "coordinates": [ 115.86, 28.788 ] } },
{ "type": "Feature", "properties": { "pt_id": " 18099", "trajectory_id": 18, "北京时间": "2026-05-15 23:00", "lon": 115.964, "lat": 28.575, "height": 968.0 }, "geometry": { "type": "Point", "coordinates": [ 115.964, 28.575 ] } },
{ "type": "Feature", "properties": { "pt_id": " 18100", "trajectory_id": 18, "北京时间": "2026-05-15 22:00", "lon": 116.121, "lat": 28.355, "height": 1157.0 }, "geometry": { "type": "Point", "coordinates": [ 116.121, 28.355 ] } },
{ "type": "Feature", "properties": { "pt_id": " 18101", "trajectory_id": 18, "北京时间": "2026-05-15 21:00", "lon": 116.282, "lat": 28.131, "height": 1451.0 }, "geometry": { "type": "Point", "coordinates": [ 116.282, 28.131 ] } },
{ "type": "Feature", "properties": { "pt_id": " 18102", "trajectory_id": 18, "北京时间": "2026-05-15 20:00", "lon": 116.446, "lat": 27.943, "height": 1863.0 }, "geometry": { "type": "Point", "coordinates": [ 116.446, 27.943 ] } },
{ "type": "Feature", "properties": { "pt_id": " 18103", "trajectory_id": 18, "北京时间": "2026-05-15 19:00", "lon": 116.613, "lat": 27.783, "height": 2225.0 }, "geometry": { "type": "Point", "coordinates": [ 116.613, 27.783 ] } },
{ "type": "Feature", "properties": { "pt_id": " 18104", "trajectory_id": 18, "北京时间": "2026-05-15 18:00", "lon": 116.688, "lat": 27.745, "height": 2780.0 }, "geometry": { "type": "Point", "coordinates": [ 116.688, 27.745 ] } },
{ "type": "Feature", "properties": { "pt_id": " 18105", "trajectory_id": 18, "北京时间": "2026-05-15 17:00", "lon": 116.602, "lat": 27.806, "height": 3249.0 }, "geometry": { "type": "Point", "coordinates": [ 116.602, 27.806 ] } },
{ "type": "Feature", "properties": { "pt_id": " 18106", "trajectory_id": 18, "北京时间": "2026-05-15 16:00", "lon": 116.428, "lat": 27.914, "height": 3778.0 }, "geometry": { "type": "Point", "coordinates": [ 116.428, 27.914 ] } },
{ "type": "Feature", "properties": { "pt_id": " 18107", "trajectory_id": 18, "北京时间": "2026-05-15 15:00", "lon": 116.122, "lat": 27.949, "height": 4038.0 }, "geometry": { "type": "Point", "coordinates": [ 116.122, 27.949 ] } },
{ "type": "Feature", "properties": { "pt_id": " 18108", "trajectory_id": 18, "北京时间": "2026-05-15 14:00", "lon": 115.866, "lat": 27.944, "height": 4263.0 }, "geometry": { "type": "Point", "coordinates": [ 115.866, 27.944 ] } },
{ "type": "Feature", "properties": { "pt_id": " 18109", "trajectory_id": 18, "北京时间": "2026-05-15 13:00", "lon": 115.718, "lat": 27.918, "height": 4365.0 }, "geometry": { "type": "Point", "coordinates": [ 115.718, 27.918 ] } },
{ "type": "Feature", "properties": { "pt_id": " 18110", "trajectory_id": 18, "北京时间": "2026-05-15 12:00", "lon": 115.493, "lat": 27.854, "height": 4461.0 }, "geometry": { "type": "Point", "coordinates": [ 115.493, 27.854 ] } },
{ "type": "Feature", "properties": { "pt_id": " 18111", "trajectory_id": 18, "北京时间": "2026-05-15 11:00", "lon": 115.17, "lat": 27.772, "height": 4652.0 }, "geometry": { "type": "Point", "coordinates": [ 115.17, 27.772 ] } },
{ "type": "Feature", "properties": { "pt_id": " 18112", "trajectory_id": 18, "北京时间": "2026-05-15 10:00", "lon": 114.713, "lat": 27.635, "height": 4628.0 }, "geometry": { "type": "Point", "coordinates": [ 114.713, 27.635 ] } },
{ "type": "Feature", "properties": { "pt_id": " 18113", "trajectory_id": 18, "北京时间": "2026-05-15 09:00", "lon": 114.182, "lat": 27.477, "height": 4473.0 }, "geometry": { "type": "Point", "coordinates": [ 114.182, 27.477 ] } },
{ "type": "Feature", "properties": { "pt_id": " 18114", "trajectory_id": 18, "北京时间": "2026-05-15 08:00", "lon": 113.738, "lat": 27.29, "height": 4187.0 }, "geometry": { "type": "Point", "coordinates": [ 113.738, 27.29 ] } },
{ "type": "Feature", "properties": { "pt_id": " 18115", "trajectory_id": 18, "北京时间": "2026-05-15 07:00", "lon": 113.388, "lat": 27.108, "height": 3948.0 }, "geometry": { "type": "Point", "coordinates": [ 113.388, 27.108 ] } },
{ "type": "Feature", "properties": { "pt_id": " 18116", "trajectory_id": 18, "北京时间": "2026-05-15 06:00", "lon": 113.175, "lat": 26.972, "height": 3746.0 }, "geometry": { "type": "Point", "coordinates": [ 113.175, 26.972 ] } },
{ "type": "Feature", "properties": { "pt_id": " 19000", "trajectory_id": 19, "北京时间": "2026-05-17 06:00", "lon": 113.942, "lat": 30.907, "height": 10.0 }, "geometry": { "type": "Point", "coordinates": [ 113.942, 30.907 ] } },
{ "type": "Feature", "properties": { "pt_id": " 19073", "trajectory_id": 19, "北京时间": "2026-05-17 05:00", "lon": 114.024, "lat": 30.922, "height": 10.0 }, "geometry": { "type": "Point", "coordinates": [ 114.024, 30.922 ] } },
{ "type": "Feature", "properties": { "pt_id": " 19074", "trajectory_id": 19, "北京时间": "2026-05-17 04:00", "lon": 114.106, "lat": 30.934, "height": 10.0 }, "geometry": { "type": "Point", "coordinates": [ 114.106, 30.934 ] } },
{ "type": "Feature", "properties": { "pt_id": " 19075", "trajectory_id": 19, "北京时间": "2026-05-17 03:00", "lon": 114.185, "lat": 30.941, "height": 10.0 }, "geometry": { "type": "Point", "coordinates": [ 114.185, 30.941 ] } },
{ "type": "Feature", "properties": { "pt_id": " 19076", "trajectory_id": 19, "北京时间": "2026-05-17 02:00", "lon": 114.268, "lat": 30.942, "height": 9.0 }, "geometry": { "type": "Point", "coordinates": [ 114.268, 30.942 ] } },
{ "type": "Feature", "properties": { "pt_id": " 19077", "trajectory_id": 19, "北京时间": "2026-05-17 01:00", "lon": 114.343, "lat": 30.933, "height": 9.0 }, "geometry": { "type": "Point", "coordinates": [ 114.343, 30.933 ] } },
{ "type": "Feature", "properties": { "pt_id": " 19078", "trajectory_id": 19, "北京时间": "2026-05-17 00:00", "lon": 114.406, "lat": 30.911, "height": 9.0 }, "geometry": { "type": "Point", "coordinates": [ 114.406, 30.911 ] } },
{ "type": "Feature", "properties": { "pt_id": " 19079", "trajectory_id": 19, "北京时间": "2026-05-16 23:00", "lon": 114.465, "lat": 30.869, "height": 9.0 }, "geometry": { "type": "Point", "coordinates": [ 114.465, 30.869 ] } },
{ "type": "Feature", "properties": { "pt_id": " 19080", "trajectory_id": 19, "北京时间": "2026-05-16 22:00", "lon": 114.533, "lat": 30.809, "height": 10.0 }, "geometry": { "type": "Point", "coordinates": [ 114.533, 30.809 ] } },
{ "type": "Feature", "properties": { "pt_id": " 19081", "trajectory_id": 19, "北京时间": "2026-05-16 21:00", "lon": 114.616, "lat": 30.737, "height": 12.0 }, "geometry": { "type": "Point", "coordinates": [ 114.616, 30.737 ] } },
{ "type": "Feature", "properties": { "pt_id": " 19082", "trajectory_id": 19, "北京时间": "2026-05-16 20:00", "lon": 114.708, "lat": 30.655, "height": 18.0 }, "geometry": { "type": "Point", "coordinates": [ 114.708, 30.655 ] } },
{ "type": "Feature", "properties": { "pt_id": " 19083", "trajectory_id": 19, "北京时间": "2026-05-16 19:00", "lon": 114.823, "lat": 30.561, "height": 29.0 }, "geometry": { "type": "Point", "coordinates": [ 114.823, 30.561 ] } },
{ "type": "Feature", "properties": { "pt_id": " 19084", "trajectory_id": 19, "北京时间": "2026-05-16 18:00", "lon": 114.959, "lat": 30.453, "height": 40.0 }, "geometry": { "type": "Point", "coordinates": [ 114.959, 30.453 ] } },
{ "type": "Feature", "properties": { "pt_id": " 19085", "trajectory_id": 19, "北京时间": "2026-05-16 17:00", "lon": 115.105, "lat": 30.334, "height": 59.0 }, "geometry": { "type": "Point", "coordinates": [ 115.105, 30.334 ] } },
{ "type": "Feature", "properties": { "pt_id": " 19086", "trajectory_id": 19, "北京时间": "2026-05-16 16:00", "lon": 115.261, "lat": 30.213, "height": 91.0 }, "geometry": { "type": "Point", "coordinates": [ 115.261, 30.213 ] } },
{ "type": "Feature", "properties": { "pt_id": " 19087", "trajectory_id": 19, "北京时间": "2026-05-16 15:00", "lon": 115.432, "lat": 30.101, "height": 119.0 }, "geometry": { "type": "Point", "coordinates": [ 115.432, 30.101 ] } },
{ "type": "Feature", "properties": { "pt_id": " 19088", "trajectory_id": 19, "北京时间": "2026-05-16 14:00", "lon": 115.603, "lat": 30.006, "height": 145.0 }, "geometry": { "type": "Point", "coordinates": [ 115.603, 30.006 ] } },
{ "type": "Feature", "properties": { "pt_id": " 19089", "trajectory_id": 19, "北京时间": "2026-05-16 13:00", "lon": 115.736, "lat": 29.936, "height": 151.0 }, "geometry": { "type": "Point", "coordinates": [ 115.736, 29.936 ] } },
{ "type": "Feature", "properties": { "pt_id": " 19090", "trajectory_id": 19, "北京时间": "2026-05-16 12:00", "lon": 115.842, "lat": 29.854, "height": 148.0 }, "geometry": { "type": "Point", "coordinates": [ 115.842, 29.854 ] } },
{ "type": "Feature", "properties": { "pt_id": " 19091", "trajectory_id": 19, "北京时间": "2026-05-16 11:00", "lon": 115.924, "lat": 29.724, "height": 165.0 }, "geometry": { "type": "Point", "coordinates": [ 115.924, 29.724 ] } },
{ "type": "Feature", "properties": { "pt_id": " 19092", "trajectory_id": 19, "北京时间": "2026-05-16 10:00", "lon": 115.976, "lat": 29.592, "height": 197.0 }, "geometry": { "type": "Point", "coordinates": [ 115.976, 29.592 ] } },
{ "type": "Feature", "properties": { "pt_id": " 19093", "trajectory_id": 19, "北京时间": "2026-05-16 09:00", "lon": 116.0, "lat": 29.485, "height": 246.0 }, "geometry": { "type": "Point", "coordinates": [ 116.0, 29.485 ] } },
{ "type": "Feature", "properties": { "pt_id": " 19094", "trajectory_id": 19, "北京时间": "2026-05-16 08:00", "lon": 116.008, "lat": 29.374, "height": 285.0 }, "geometry": { "type": "Point", "coordinates": [ 116.008, 29.374 ] } },
{ "type": "Feature", "properties": { "pt_id": " 19095", "trajectory_id": 19, "北京时间": "2026-05-16 07:00", "lon": 115.97, "lat": 29.241, "height": 300.0 }, "geometry": { "type": "Point", "coordinates": [ 115.97, 29.241 ] } },
{ "type": "Feature", "properties": { "pt_id": " 19096", "trajectory_id": 19, "北京时间": "2026-05-16 06:00", "lon": 115.901, "lat": 29.097, "height": 363.0 }, "geometry": { "type": "Point", "coordinates": [ 115.901, 29.097 ] } },
{ "type": "Feature", "properties": { "pt_id": " 19097", "trajectory_id": 19, "北京时间": "2026-05-16 05:00", "lon": 115.868, "lat": 28.941, "height": 575.0 }, "geometry": { "type": "Point", "coordinates": [ 115.868, 28.941 ] } },
{ "type": "Feature", "properties": { "pt_id": " 19098", "trajectory_id": 19, "北京时间": "2026-05-16 04:00", "lon": 115.934, "lat": 28.732, "height": 921.0 }, "geometry": { "type": "Point", "coordinates": [ 115.934, 28.732 ] } },
{ "type": "Feature", "properties": { "pt_id": " 19099", "trajectory_id": 19, "北京时间": "2026-05-16 03:00", "lon": 116.099, "lat": 28.524, "height": 1116.0 }, "geometry": { "type": "Point", "coordinates": [ 116.099, 28.524 ] } },
{ "type": "Feature", "properties": { "pt_id": " 19100", "trajectory_id": 19, "北京时间": "2026-05-16 02:00", "lon": 116.283, "lat": 28.298, "height": 1291.0 }, "geometry": { "type": "Point", "coordinates": [ 116.283, 28.298 ] } },
{ "type": "Feature", "properties": { "pt_id": " 19101", "trajectory_id": 19, "北京时间": "2026-05-16 01:00", "lon": 116.484, "lat": 28.137, "height": 1808.0 }, "geometry": { "type": "Point", "coordinates": [ 116.484, 28.137 ] } },
{ "type": "Feature", "properties": { "pt_id": " 19102", "trajectory_id": 19, "北京时间": "2026-05-16 00:00", "lon": 116.664, "lat": 28.084, "height": 2399.0 }, "geometry": { "type": "Point", "coordinates": [ 116.664, 28.084 ] } },
{ "type": "Feature", "properties": { "pt_id": " 19103", "trajectory_id": 19, "北京时间": "2026-05-15 23:00", "lon": 116.75, "lat": 28.126, "height": 3017.0 }, "geometry": { "type": "Point", "coordinates": [ 116.75, 28.126 ] } },
{ "type": "Feature", "properties": { "pt_id": " 19104", "trajectory_id": 19, "北京时间": "2026-05-15 22:00", "lon": 116.701, "lat": 28.189, "height": 3786.0 }, "geometry": { "type": "Point", "coordinates": [ 116.701, 28.189 ] } },
{ "type": "Feature", "properties": { "pt_id": " 19105", "trajectory_id": 19, "北京时间": "2026-05-15 21:00", "lon": 116.675, "lat": 28.286, "height": 4329.0 }, "geometry": { "type": "Point", "coordinates": [ 116.675, 28.286 ] } },
{ "type": "Feature", "properties": { "pt_id": " 19106", "trajectory_id": 19, "北京时间": "2026-05-15 20:00", "lon": 116.577, "lat": 28.45, "height": 5080.0 }, "geometry": { "type": "Point", "coordinates": [ 116.577, 28.45 ] } },
{ "type": "Feature", "properties": { "pt_id": " 19107", "trajectory_id": 19, "北京时间": "2026-05-15 19:00", "lon": 116.128, "lat": 28.522, "height": 5624.0 }, "geometry": { "type": "Point", "coordinates": [ 116.128, 28.522 ] } },
{ "type": "Feature", "properties": { "pt_id": " 19108", "trajectory_id": 19, "北京时间": "2026-05-15 18:00", "lon": 115.656, "lat": 28.528, "height": 5410.0 }, "geometry": { "type": "Point", "coordinates": [ 115.656, 28.528 ] } },
{ "type": "Feature", "properties": { "pt_id": " 19109", "trajectory_id": 19, "北京时间": "2026-05-15 17:00", "lon": 115.286, "lat": 28.489, "height": 5160.0 }, "geometry": { "type": "Point", "coordinates": [ 115.286, 28.489 ] } },
{ "type": "Feature", "properties": { "pt_id": " 19110", "trajectory_id": 19, "北京时间": "2026-05-15 16:00", "lon": 114.917, "lat": 28.374, "height": 4871.0 }, "geometry": { "type": "Point", "coordinates": [ 114.917, 28.374 ] } },
{ "type": "Feature", "properties": { "pt_id": " 19111", "trajectory_id": 19, "北京时间": "2026-05-15 15:00", "lon": 114.542, "lat": 28.28, "height": 4744.0 }, "geometry": { "type": "Point", "coordinates": [ 114.542, 28.28 ] } },
{ "type": "Feature", "properties": { "pt_id": " 19112", "trajectory_id": 19, "北京时间": "2026-05-15 14:00", "lon": 114.054, "lat": 28.108, "height": 4623.0 }, "geometry": { "type": "Point", "coordinates": [ 114.054, 28.108 ] } },
{ "type": "Feature", "properties": { "pt_id": " 19113", "trajectory_id": 19, "北京时间": "2026-05-15 13:00", "lon": 113.662, "lat": 27.876, "height": 4509.0 }, "geometry": { "type": "Point", "coordinates": [ 113.662, 27.876 ] } },
{ "type": "Feature", "properties": { "pt_id": " 19114", "trajectory_id": 19, "北京时间": "2026-05-15 12:00", "lon": 113.406, "lat": 27.656, "height": 4397.0 }, "geometry": { "type": "Point", "coordinates": [ 113.406, 27.656 ] } },
{ "type": "Feature", "properties": { "pt_id": " 19115", "trajectory_id": 19, "北京时间": "2026-05-15 11:00", "lon": 113.121, "lat": 27.457, "height": 4222.0 }, "geometry": { "type": "Point", "coordinates": [ 113.121, 27.457 ] } },
{ "type": "Feature", "properties": { "pt_id": " 19116", "trajectory_id": 19, "北京时间": "2026-05-15 10:00", "lon": 112.882, "lat": 27.295, "height": 4139.0 }, "geometry": { "type": "Point", "coordinates": [ 112.882, 27.295 ] } },
{ "type": "Feature", "properties": { "pt_id": " 19117", "trajectory_id": 19, "北京时间": "2026-05-15 09:00", "lon": 112.666, "lat": 27.143, "height": 4166.0 }, "geometry": { "type": "Point", "coordinates": [ 112.666, 27.143 ] } },
{ "type": "Feature", "properties": { "pt_id": " 19118", "trajectory_id": 19, "北京时间": "2026-05-15 08:00", "lon": 112.461, "lat": 27.04, "height": 4041.0 }, "geometry": { "type": "Point", "coordinates": [ 112.461, 27.04 ] } },
{ "type": "Feature", "properties": { "pt_id": " 19119", "trajectory_id": 19, "北京时间": "2026-05-15 07:00", "lon": 112.31, "lat": 26.98, "height": 3847.0 }, "geometry": { "type": "Point", "coordinates": [ 112.31, 26.98 ] } },
{ "type": "Feature", "properties": { "pt_id": " 19120", "trajectory_id": 19, "北京时间": "2026-05-15 06:00", "lon": 112.171, "lat": 26.95, "height": 3784.0 }, "geometry": { "type": "Point", "coordinates": [ 112.171, 26.95 ] } },
{ "type": "Feature", "properties": { "pt_id": " 20000", "trajectory_id": 20, "北京时间": "2026-05-17 06:00", "lon": 113.942, "lat": 30.907, "height": 10.0 }, "geometry": { "type": "Point", "coordinates": [ 113.942, 30.907 ] } },
{ "type": "Feature", "properties": { "pt_id": " 20077", "trajectory_id": 20, "北京时间": "2026-05-17 05:00", "lon": 114.006, "lat": 30.93, "height": 8.0 }, "geometry": { "type": "Point", "coordinates": [ 114.006, 30.93 ] } },
{ "type": "Feature", "properties": { "pt_id": " 20078", "trajectory_id": 20, "北京时间": "2026-05-17 04:00", "lon": 114.073, "lat": 30.949, "height": 5.0 }, "geometry": { "type": "Point", "coordinates": [ 114.073, 30.949 ] } },
{ "type": "Feature", "properties": { "pt_id": " 20079", "trajectory_id": 20, "北京时间": "2026-05-17 03:00", "lon": 114.142, "lat": 30.956, "height": 4.0 }, "geometry": { "type": "Point", "coordinates": [ 114.142, 30.956 ] } },
{ "type": "Feature", "properties": { "pt_id": " 20080", "trajectory_id": 20, "北京时间": "2026-05-17 02:00", "lon": 114.211, "lat": 30.939, "height": 2.0 }, "geometry": { "type": "Point", "coordinates": [ 114.211, 30.939 ] } },
{ "type": "Feature", "properties": { "pt_id": " 20081", "trajectory_id": 20, "北京时间": "2026-05-17 01:00", "lon": 114.284, "lat": 30.898, "height": 0.0 }, "geometry": { "type": "Point", "coordinates": [ 114.284, 30.898 ] } },
{ "type": "Feature", "properties": { "pt_id": " 20082", "trajectory_id": 20, "北京时间": "2026-05-17 00:00", "lon": 114.354, "lat": 30.842, "height": 0.0 }, "geometry": { "type": "Point", "coordinates": [ 114.354, 30.842 ] } },
{ "type": "Feature", "properties": { "pt_id": " 20083", "trajectory_id": 20, "北京时间": "2026-05-16 23:00", "lon": 114.439, "lat": 30.766, "height": 0.0 }, "geometry": { "type": "Point", "coordinates": [ 114.439, 30.766 ] } },
{ "type": "Feature", "properties": { "pt_id": " 20084", "trajectory_id": 20, "北京时间": "2026-05-16 22:00", "lon": 114.549, "lat": 30.665, "height": 2.0 }, "geometry": { "type": "Point", "coordinates": [ 114.549, 30.665 ] } },
{ "type": "Feature", "properties": { "pt_id": " 20085", "trajectory_id": 20, "北京时间": "2026-05-16 21:00", "lon": 114.659, "lat": 30.561, "height": 5.0 }, "geometry": { "type": "Point", "coordinates": [ 114.659, 30.561 ] } },
{ "type": "Feature", "properties": { "pt_id": " 20086", "trajectory_id": 20, "北京时间": "2026-05-16 20:00", "lon": 114.797, "lat": 30.464, "height": 9.0 }, "geometry": { "type": "Point", "coordinates": [ 114.797, 30.464 ] } },
{ "type": "Feature", "properties": { "pt_id": " 20087", "trajectory_id": 20, "北京时间": "2026-05-16 19:00", "lon": 114.938, "lat": 30.358, "height": 16.0 }, "geometry": { "type": "Point", "coordinates": [ 114.938, 30.358 ] } },
{ "type": "Feature", "properties": { "pt_id": " 20088", "trajectory_id": 20, "北京时间": "2026-05-16 18:00", "lon": 115.094, "lat": 30.251, "height": 23.0 }, "geometry": { "type": "Point", "coordinates": [ 115.094, 30.251 ] } },
{ "type": "Feature", "properties": { "pt_id": " 20089", "trajectory_id": 20, "北京时间": "2026-05-16 17:00", "lon": 115.263, "lat": 30.135, "height": 24.0 }, "geometry": { "type": "Point", "coordinates": [ 115.263, 30.135 ] } },
{ "type": "Feature", "properties": { "pt_id": " 20090", "trajectory_id": 20, "北京时间": "2026-05-16 16:00", "lon": 115.424, "lat": 30.015, "height": 15.0 }, "geometry": { "type": "Point", "coordinates": [ 115.424, 30.015 ] } },
{ "type": "Feature", "properties": { "pt_id": " 20091", "trajectory_id": 20, "北京时间": "2026-05-16 15:00", "lon": 115.567, "lat": 29.899, "height": 28.0 }, "geometry": { "type": "Point", "coordinates": [ 115.567, 29.899 ] } },
{ "type": "Feature", "properties": { "pt_id": " 20092", "trajectory_id": 20, "北京时间": "2026-05-16 14:00", "lon": 115.662, "lat": 29.781, "height": 61.0 }, "geometry": { "type": "Point", "coordinates": [ 115.662, 29.781 ] } },
{ "type": "Feature", "properties": { "pt_id": " 20093", "trajectory_id": 20, "北京时间": "2026-05-16 13:00", "lon": 115.719, "lat": 29.663, "height": 94.0 }, "geometry": { "type": "Point", "coordinates": [ 115.719, 29.663 ] } },
{ "type": "Feature", "properties": { "pt_id": " 20094", "trajectory_id": 20, "北京时间": "2026-05-16 12:00", "lon": 115.775, "lat": 29.544, "height": 109.0 }, "geometry": { "type": "Point", "coordinates": [ 115.775, 29.544 ] } },
{ "type": "Feature", "properties": { "pt_id": " 20095", "trajectory_id": 20, "北京时间": "2026-05-16 11:00", "lon": 115.803, "lat": 29.437, "height": 105.0 }, "geometry": { "type": "Point", "coordinates": [ 115.803, 29.437 ] } },
{ "type": "Feature", "properties": { "pt_id": " 20096", "trajectory_id": 20, "北京时间": "2026-05-16 10:00", "lon": 115.776, "lat": 29.338, "height": 101.0 }, "geometry": { "type": "Point", "coordinates": [ 115.776, 29.338 ] } },
{ "type": "Feature", "properties": { "pt_id": " 20097", "trajectory_id": 20, "北京时间": "2026-05-16 09:00", "lon": 115.702, "lat": 29.237, "height": 120.0 }, "geometry": { "type": "Point", "coordinates": [ 115.702, 29.237 ] } },
{ "type": "Feature", "properties": { "pt_id": " 20098", "trajectory_id": 20, "北京时间": "2026-05-16 08:00", "lon": 115.593, "lat": 29.152, "height": 198.0 }, "geometry": { "type": "Point", "coordinates": [ 115.593, 29.152 ] } },
{ "type": "Feature", "properties": { "pt_id": " 20099", "trajectory_id": 20, "北京时间": "2026-05-16 07:00", "lon": 115.467, "lat": 29.074, "height": 376.0 }, "geometry": { "type": "Point", "coordinates": [ 115.467, 29.074 ] } },
{ "type": "Feature", "properties": { "pt_id": " 20100", "trajectory_id": 20, "北京时间": "2026-05-16 06:00", "lon": 115.372, "lat": 28.952, "height": 673.0 }, "geometry": { "type": "Point", "coordinates": [ 115.372, 28.952 ] } },
{ "type": "Feature", "properties": { "pt_id": " 20101", "trajectory_id": 20, "北京时间": "2026-05-16 05:00", "lon": 115.401, "lat": 28.728, "height": 1060.0 }, "geometry": { "type": "Point", "coordinates": [ 115.401, 28.728 ] } },
{ "type": "Feature", "properties": { "pt_id": " 20102", "trajectory_id": 20, "北京时间": "2026-05-16 04:00", "lon": 115.537, "lat": 28.462, "height": 1402.0 }, "geometry": { "type": "Point", "coordinates": [ 115.537, 28.462 ] } },
{ "type": "Feature", "properties": { "pt_id": " 20103", "trajectory_id": 20, "北京时间": "2026-05-16 03:00", "lon": 115.741, "lat": 28.229, "height": 1596.0 }, "geometry": { "type": "Point", "coordinates": [ 115.741, 28.229 ] } },
{ "type": "Feature", "properties": { "pt_id": " 20104", "trajectory_id": 20, "北京时间": "2026-05-16 02:00", "lon": 115.987, "lat": 28.054, "height": 1846.0 }, "geometry": { "type": "Point", "coordinates": [ 115.987, 28.054 ] } },
{ "type": "Feature", "properties": { "pt_id": " 20105", "trajectory_id": 20, "北京时间": "2026-05-16 01:00", "lon": 116.243, "lat": 27.989, "height": 2102.0 }, "geometry": { "type": "Point", "coordinates": [ 116.243, 27.989 ] } },
{ "type": "Feature", "properties": { "pt_id": " 20106", "trajectory_id": 20, "北京时间": "2026-05-16 00:00", "lon": 116.511, "lat": 28.013, "height": 2501.0 }, "geometry": { "type": "Point", "coordinates": [ 116.511, 28.013 ] } },
{ "type": "Feature", "properties": { "pt_id": " 20107", "trajectory_id": 20, "北京时间": "2026-05-15 23:00", "lon": 116.765, "lat": 28.046, "height": 2956.0 }, "geometry": { "type": "Point", "coordinates": [ 116.765, 28.046 ] } },
{ "type": "Feature", "properties": { "pt_id": " 20108", "trajectory_id": 20, "北京时间": "2026-05-15 22:00", "lon": 116.943, "lat": 28.091, "height": 3350.0 }, "geometry": { "type": "Point", "coordinates": [ 116.943, 28.091 ] } },
{ "type": "Feature", "properties": { "pt_id": " 20109", "trajectory_id": 20, "北京时间": "2026-05-15 21:00", "lon": 117.059, "lat": 28.158, "height": 3565.0 }, "geometry": { "type": "Point", "coordinates": [ 117.059, 28.158 ] } },
{ "type": "Feature", "properties": { "pt_id": " 20110", "trajectory_id": 20, "北京时间": "2026-05-15 20:00", "lon": 117.14, "lat": 28.237, "height": 3579.0 }, "geometry": { "type": "Point", "coordinates": [ 117.14, 28.237 ] } },
{ "type": "Feature", "properties": { "pt_id": " 20111", "trajectory_id": 20, "北京时间": "2026-05-15 19:00", "lon": 117.206, "lat": 28.308, "height": 3536.0 }, "geometry": { "type": "Point", "coordinates": [ 117.206, 28.308 ] } },
{ "type": "Feature", "properties": { "pt_id": " 20112", "trajectory_id": 20, "北京时间": "2026-05-15 18:00", "lon": 117.257, "lat": 28.377, "height": 3542.0 }, "geometry": { "type": "Point", "coordinates": [ 117.257, 28.377 ] } },
{ "type": "Feature", "properties": { "pt_id": " 20113", "trajectory_id": 20, "北京时间": "2026-05-15 17:00", "lon": 117.275, "lat": 28.452, "height": 3655.0 }, "geometry": { "type": "Point", "coordinates": [ 117.275, 28.452 ] } },
{ "type": "Feature", "properties": { "pt_id": " 20114", "trajectory_id": 20, "北京时间": "2026-05-15 16:00", "lon": 117.24, "lat": 28.529, "height": 3819.0 }, "geometry": { "type": "Point", "coordinates": [ 117.24, 28.529 ] } },
{ "type": "Feature", "properties": { "pt_id": " 20115", "trajectory_id": 20, "北京时间": "2026-05-15 15:00", "lon": 117.168, "lat": 28.609, "height": 3910.0 }, "geometry": { "type": "Point", "coordinates": [ 117.168, 28.609 ] } },
{ "type": "Feature", "properties": { "pt_id": " 20116", "trajectory_id": 20, "北京时间": "2026-05-15 14:00", "lon": 117.093, "lat": 28.692, "height": 3945.0 }, "geometry": { "type": "Point", "coordinates": [ 117.093, 28.692 ] } },
{ "type": "Feature", "properties": { "pt_id": " 20117", "trajectory_id": 20, "北京时间": "2026-05-15 13:00", "lon": 117.022, "lat": 28.775, "height": 3983.0 }, "geometry": { "type": "Point", "coordinates": [ 117.022, 28.775 ] } },
{ "type": "Feature", "properties": { "pt_id": " 20118", "trajectory_id": 20, "北京时间": "2026-05-15 12:00", "lon": 116.953, "lat": 28.855, "height": 4046.0 }, "geometry": { "type": "Point", "coordinates": [ 116.953, 28.855 ] } },
{ "type": "Feature", "properties": { "pt_id": " 20119", "trajectory_id": 20, "北京时间": "2026-05-15 11:00", "lon": 116.881, "lat": 28.932, "height": 4136.0 }, "geometry": { "type": "Point", "coordinates": [ 116.881, 28.932 ] } },
{ "type": "Feature", "properties": { "pt_id": " 20120", "trajectory_id": 20, "北京时间": "2026-05-15 10:00", "lon": 116.809, "lat": 29.011, "height": 4235.0 }, "geometry": { "type": "Point", "coordinates": [ 116.809, 29.011 ] } },
{ "type": "Feature", "properties": { "pt_id": " 20121", "trajectory_id": 20, "北京时间": "2026-05-15 09:00", "lon": 116.741, "lat": 29.089, "height": 4284.0 }, "geometry": { "type": "Point", "coordinates": [ 116.741, 29.089 ] } },
{ "type": "Feature", "properties": { "pt_id": " 20122", "trajectory_id": 20, "北京时间": "2026-05-15 08:00", "lon": 116.687, "lat": 29.185, "height": 4264.0 }, "geometry": { "type": "Point", "coordinates": [ 116.687, 29.185 ] } },
{ "type": "Feature", "properties": { "pt_id": " 20123", "trajectory_id": 20, "北京时间": "2026-05-15 07:00", "lon": 116.642, "lat": 29.305, "height": 4218.0 }, "geometry": { "type": "Point", "coordinates": [ 116.642, 29.305 ] } },
{ "type": "Feature", "properties": { "pt_id": " 20124", "trajectory_id": 20, "北京时间": "2026-05-15 06:00", "lon": 116.606, "lat": 29.439, "height": 4170.0 }, "geometry": { "type": "Point", "coordinates": [ 116.606, 29.439 ] } }
]
}
