{
"type": "FeatureCollection",
"name": "东城轨迹和高度",
"crs": { "type": "name", "properties": { "name": "urn:ogc:def:crs:OGC:1.3:CRS84" } },
"features": [
{ "type": "Feature", "properties": { "pt_id": "  1000", "trajectory_id": 1, "北京时间": "2026-05-10 23:00", "lon": 113.942, "lat": 30.907, "height": 10.0 }, "geometry": { "type": "Point", "coordinates": [ 113.942, 30.907 ] } },
{ "type": "Feature", "properties": { "pt_id": "  1001", "trajectory_id": 1, "北京时间": "2026-05-10 22:00", "lon": 113.895, "lat": 30.786, "height": 15.0 }, "geometry": { "type": "Point", "coordinates": [ 113.895, 30.786 ] } },
{ "type": "Feature", "properties": { "pt_id": "  1002", "trajectory_id": 1, "北京时间": "2026-05-10 21:00", "lon": 113.841, "lat": 30.659, "height": 20.0 }, "geometry": { "type": "Point", "coordinates": [ 113.841, 30.659 ] } },
{ "type": "Feature", "properties": { "pt_id": "  1003", "trajectory_id": 1, "北京时间": "2026-05-10 20:00", "lon": 113.781, "lat": 30.522, "height": 21.0 }, "geometry": { "type": "Point", "coordinates": [ 113.781, 30.522 ] } },
{ "type": "Feature", "properties": { "pt_id": "  1004", "trajectory_id": 1, "北京时间": "2026-05-10 19:00", "lon": 113.709, "lat": 30.379, "height": 22.0 }, "geometry": { "type": "Point", "coordinates": [ 113.709, 30.379 ] } },
{ "type": "Feature", "properties": { "pt_id": "  1005", "trajectory_id": 1, "北京时间": "2026-05-10 18:00", "lon": 113.628, "lat": 30.233, "height": 26.0 }, "geometry": { "type": "Point", "coordinates": [ 113.628, 30.233 ] } },
{ "type": "Feature", "properties": { "pt_id": "  1006", "trajectory_id": 1, "北京时间": "2026-05-10 17:00", "lon": 113.545, "lat": 30.084, "height": 32.0 }, "geometry": { "type": "Point", "coordinates": [ 113.545, 30.084 ] } },
{ "type": "Feature", "properties": { "pt_id": "  1007", "trajectory_id": 1, "北京时间": "2026-05-10 16:00", "lon": 113.458, "lat": 29.933, "height": 40.0 }, "geometry": { "type": "Point", "coordinates": [ 113.458, 29.933 ] } },
{ "type": "Feature", "properties": { "pt_id": "  1008", "trajectory_id": 1, "北京时间": "2026-05-10 15:00", "lon": 113.374, "lat": 29.785, "height": 54.0 }, "geometry": { "type": "Point", "coordinates": [ 113.374, 29.785 ] } },
{ "type": "Feature", "properties": { "pt_id": "  1009", "trajectory_id": 1, "北京时间": "2026-05-10 14:00", "lon": 113.3, "lat": 29.64, "height": 70.0 }, "geometry": { "type": "Point", "coordinates": [ 113.3, 29.64 ] } },
{ "type": "Feature", "properties": { "pt_id": "  1010", "trajectory_id": 1, "北京时间": "2026-05-10 13:00", "lon": 113.237, "lat": 29.486, "height": 87.0 }, "geometry": { "type": "Point", "coordinates": [ 113.237, 29.486 ] } },
{ "type": "Feature", "properties": { "pt_id": "  1011", "trajectory_id": 1, "北京时间": "2026-05-10 12:00", "lon": 113.186, "lat": 29.318, "height": 98.0 }, "geometry": { "type": "Point", "coordinates": [ 113.186, 29.318 ] } },
{ "type": "Feature", "properties": { "pt_id": "  1012", "trajectory_id": 1, "北京时间": "2026-05-10 11:00", "lon": 113.149, "lat": 29.147, "height": 97.0 }, "geometry": { "type": "Point", "coordinates": [ 113.149, 29.147 ] } },
{ "type": "Feature", "properties": { "pt_id": "  1013", "trajectory_id": 1, "北京时间": "2026-05-10 10:00", "lon": 113.135, "lat": 28.977, "height": 106.0 }, "geometry": { "type": "Point", "coordinates": [ 113.135, 28.977 ] } },
{ "type": "Feature", "properties": { "pt_id": "  1014", "trajectory_id": 1, "北京时间": "2026-05-10 09:00", "lon": 113.145, "lat": 28.813, "height": 137.0 }, "geometry": { "type": "Point", "coordinates": [ 113.145, 28.813 ] } },
{ "type": "Feature", "properties": { "pt_id": "  1015", "trajectory_id": 1, "北京时间": "2026-05-10 08:00", "lon": 113.17, "lat": 28.66, "height": 184.0 }, "geometry": { "type": "Point", "coordinates": [ 113.17, 28.66 ] } },
{ "type": "Feature", "properties": { "pt_id": "  1016", "trajectory_id": 1, "北京时间": "2026-05-10 07:00", "lon": 113.187, "lat": 28.511, "height": 228.0 }, "geometry": { "type": "Point", "coordinates": [ 113.187, 28.511 ] } },
{ "type": "Feature", "properties": { "pt_id": "  1017", "trajectory_id": 1, "北京时间": "2026-05-10 06:00", "lon": 113.197, "lat": 28.354, "height": 248.0 }, "geometry": { "type": "Point", "coordinates": [ 113.197, 28.354 ] } },
{ "type": "Feature", "properties": { "pt_id": "  1018", "trajectory_id": 1, "北京时间": "2026-05-10 05:00", "lon": 113.215, "lat": 28.194, "height": 240.0 }, "geometry": { "type": "Point", "coordinates": [ 113.215, 28.194 ] } },
{ "type": "Feature", "properties": { "pt_id": "  1019", "trajectory_id": 1, "北京时间": "2026-05-10 04:00", "lon": 113.232, "lat": 28.044, "height": 240.0 }, "geometry": { "type": "Point", "coordinates": [ 113.232, 28.044 ] } },
{ "type": "Feature", "properties": { "pt_id": "  1020", "trajectory_id": 1, "北京时间": "2026-05-10 03:00", "lon": 113.234, "lat": 27.908, "height": 247.0 }, "geometry": { "type": "Point", "coordinates": [ 113.234, 27.908 ] } },
{ "type": "Feature", "properties": { "pt_id": "  1021", "trajectory_id": 1, "北京时间": "2026-05-10 02:00", "lon": 113.221, "lat": 27.787, "height": 241.0 }, "geometry": { "type": "Point", "coordinates": [ 113.221, 27.787 ] } },
{ "type": "Feature", "properties": { "pt_id": "  1022", "trajectory_id": 1, "北京时间": "2026-05-10 01:00", "lon": 113.201, "lat": 27.671, "height": 238.0 }, "geometry": { "type": "Point", "coordinates": [ 113.201, 27.671 ] } },
{ "type": "Feature", "properties": { "pt_id": "  1023", "trajectory_id": 1, "北京时间": "2026-05-10 00:00", "lon": 113.184, "lat": 27.558, "height": 261.0 }, "geometry": { "type": "Point", "coordinates": [ 113.184, 27.558 ] } },
{ "type": "Feature", "properties": { "pt_id": "  1024", "trajectory_id": 1, "北京时间": "2026-05-09 23:00", "lon": 113.172, "lat": 27.451, "height": 313.0 }, "geometry": { "type": "Point", "coordinates": [ 113.172, 27.451 ] } },
{ "type": "Feature", "properties": { "pt_id": "  1025", "trajectory_id": 1, "北京时间": "2026-05-09 22:00", "lon": 113.162, "lat": 27.353, "height": 362.0 }, "geometry": { "type": "Point", "coordinates": [ 113.162, 27.353 ] } },
{ "type": "Feature", "properties": { "pt_id": "  1026", "trajectory_id": 1, "北京时间": "2026-05-09 21:00", "lon": 113.156, "lat": 27.264, "height": 386.0 }, "geometry": { "type": "Point", "coordinates": [ 113.156, 27.264 ] } },
{ "type": "Feature", "properties": { "pt_id": "  1027", "trajectory_id": 1, "北京时间": "2026-05-09 20:00", "lon": 113.155, "lat": 27.189, "height": 390.0 }, "geometry": { "type": "Point", "coordinates": [ 113.155, 27.189 ] } },
{ "type": "Feature", "properties": { "pt_id": "  1028", "trajectory_id": 1, "北京时间": "2026-05-09 19:00", "lon": 113.155, "lat": 27.129, "height": 380.0 }, "geometry": { "type": "Point", "coordinates": [ 113.155, 27.129 ] } },
{ "type": "Feature", "properties": { "pt_id": "  1029", "trajectory_id": 1, "北京时间": "2026-05-09 18:00", "lon": 113.147, "lat": 27.079, "height": 357.0 }, "geometry": { "type": "Point", "coordinates": [ 113.147, 27.079 ] } },
{ "type": "Feature", "properties": { "pt_id": "  1030", "trajectory_id": 1, "北京时间": "2026-05-09 17:00", "lon": 113.128, "lat": 27.035, "height": 322.0 }, "geometry": { "type": "Point", "coordinates": [ 113.128, 27.035 ] } },
{ "type": "Feature", "properties": { "pt_id": "  1031", "trajectory_id": 1, "北京时间": "2026-05-09 16:00", "lon": 113.102, "lat": 26.993, "height": 292.0 }, "geometry": { "type": "Point", "coordinates": [ 113.102, 26.993 ] } },
{ "type": "Feature", "properties": { "pt_id": "  1032", "trajectory_id": 1, "北京时间": "2026-05-09 15:00", "lon": 113.077, "lat": 26.955, "height": 274.0 }, "geometry": { "type": "Point", "coordinates": [ 113.077, 26.955 ] } },
{ "type": "Feature", "properties": { "pt_id": "  1033", "trajectory_id": 1, "北京时间": "2026-05-09 14:00", "lon": 113.058, "lat": 26.924, "height": 261.0 }, "geometry": { "type": "Point", "coordinates": [ 113.058, 26.924 ] } },
{ "type": "Feature", "properties": { "pt_id": "  1034", "trajectory_id": 1, "北京时间": "2026-05-09 13:00", "lon": 113.04, "lat": 26.903, "height": 252.0 }, "geometry": { "type": "Point", "coordinates": [ 113.04, 26.903 ] } },
{ "type": "Feature", "properties": { "pt_id": "  1035", "trajectory_id": 1, "北京时间": "2026-05-09 12:00", "lon": 113.015, "lat": 26.894, "height": 245.0 }, "geometry": { "type": "Point", "coordinates": [ 113.015, 26.894 ] } },
{ "type": "Feature", "properties": { "pt_id": "  1036", "trajectory_id": 1, "北京时间": "2026-05-09 11:00", "lon": 112.982, "lat": 26.898, "height": 240.0 }, "geometry": { "type": "Point", "coordinates": [ 112.982, 26.898 ] } },
{ "type": "Feature", "properties": { "pt_id": "  1037", "trajectory_id": 1, "北京时间": "2026-05-09 10:00", "lon": 112.956, "lat": 26.913, "height": 238.0 }, "geometry": { "type": "Point", "coordinates": [ 112.956, 26.913 ] } },
{ "type": "Feature", "properties": { "pt_id": "  1038", "trajectory_id": 1, "北京时间": "2026-05-09 09:00", "lon": 112.949, "lat": 26.937, "height": 237.0 }, "geometry": { "type": "Point", "coordinates": [ 112.949, 26.937 ] } },
{ "type": "Feature", "properties": { "pt_id": "  1039", "trajectory_id": 1, "北京时间": "2026-05-09 08:00", "lon": 112.961, "lat": 26.972, "height": 236.0 }, "geometry": { "type": "Point", "coordinates": [ 112.961, 26.972 ] } },
{ "type": "Feature", "properties": { "pt_id": "  1040", "trajectory_id": 1, "北京时间": "2026-05-09 07:00", "lon": 112.983, "lat": 27.019, "height": 236.0 }, "geometry": { "type": "Point", "coordinates": [ 112.983, 27.019 ] } },
{ "type": "Feature", "properties": { "pt_id": "  1041", "trajectory_id": 1, "北京时间": "2026-05-09 06:00", "lon": 113.002, "lat": 27.076, "height": 236.0 }, "geometry": { "type": "Point", "coordinates": [ 113.002, 27.076 ] } },
{ "type": "Feature", "properties": { "pt_id": "  1042", "trajectory_id": 1, "北京时间": "2026-05-09 05:00", "lon": 113.016, "lat": 27.145, "height": 234.0 }, "geometry": { "type": "Point", "coordinates": [ 113.016, 27.145 ] } },
{ "type": "Feature", "properties": { "pt_id": "  1043", "trajectory_id": 1, "北京时间": "2026-05-09 04:00", "lon": 113.015, "lat": 27.223, "height": 230.0 }, "geometry": { "type": "Point", "coordinates": [ 113.015, 27.223 ] } },
{ "type": "Feature", "properties": { "pt_id": "  1044", "trajectory_id": 1, "北京时间": "2026-05-09 03:00", "lon": 112.987, "lat": 27.309, "height": 227.0 }, "geometry": { "type": "Point", "coordinates": [ 112.987, 27.309 ] } },
{ "type": "Feature", "properties": { "pt_id": "  1045", "trajectory_id": 1, "北京时间": "2026-05-09 02:00", "lon": 112.944, "lat": 27.388, "height": 230.0 }, "geometry": { "type": "Point", "coordinates": [ 112.944, 27.388 ] } },
{ "type": "Feature", "properties": { "pt_id": "  1046", "trajectory_id": 1, "北京时间": "2026-05-09 01:00", "lon": 112.908, "lat": 27.464, "height": 239.0 }, "geometry": { "type": "Point", "coordinates": [ 112.908, 27.464 ] } },
{ "type": "Feature", "properties": { "pt_id": "  1047", "trajectory_id": 1, "北京时间": "2026-05-09 00:00", "lon": 112.895, "lat": 27.546, "height": 256.0 }, "geometry": { "type": "Point", "coordinates": [ 112.895, 27.546 ] } },
{ "type": "Feature", "properties": { "pt_id": "  1048", "trajectory_id": 1, "北京时间": "2026-05-08 23:00", "lon": 112.91, "lat": 27.634, "height": 293.0 }, "geometry": { "type": "Point", "coordinates": [ 112.91, 27.634 ] } },
{ "type": "Feature", "properties": { "pt_id": "  2000", "trajectory_id": 2, "北京时间": "2026-05-10 23:00", "lon": 113.942, "lat": 30.907, "height": 10.0 }, "geometry": { "type": "Point", "coordinates": [ 113.942, 30.907 ] } },
{ "type": "Feature", "properties": { "pt_id": "  2005", "trajectory_id": 2, "北京时间": "2026-05-10 22:00", "lon": 113.88, "lat": 30.781, "height": 12.0 }, "geometry": { "type": "Point", "coordinates": [ 113.88, 30.781 ] } },
{ "type": "Feature", "properties": { "pt_id": "  2006", "trajectory_id": 2, "北京时间": "2026-05-10 21:00", "lon": 113.814, "lat": 30.647, "height": 16.0 }, "geometry": { "type": "Point", "coordinates": [ 113.814, 30.647 ] } },
{ "type": "Feature", "properties": { "pt_id": "  2007", "trajectory_id": 2, "北京时间": "2026-05-10 20:00", "lon": 113.739, "lat": 30.506, "height": 20.0 }, "geometry": { "type": "Point", "coordinates": [ 113.739, 30.506 ] } },
{ "type": "Feature", "properties": { "pt_id": "  2008", "trajectory_id": 2, "北京时间": "2026-05-10 19:00", "lon": 113.656, "lat": 30.364, "height": 22.0 }, "geometry": { "type": "Point", "coordinates": [ 113.656, 30.364 ] } },
{ "type": "Feature", "properties": { "pt_id": "  2009", "trajectory_id": 2, "北京时间": "2026-05-10 18:00", "lon": 113.57, "lat": 30.222, "height": 23.0 }, "geometry": { "type": "Point", "coordinates": [ 113.57, 30.222 ] } },
{ "type": "Feature", "properties": { "pt_id": "  2010", "trajectory_id": 2, "北京时间": "2026-05-10 17:00", "lon": 113.483, "lat": 30.08, "height": 22.0 }, "geometry": { "type": "Point", "coordinates": [ 113.483, 30.08 ] } },
{ "type": "Feature", "properties": { "pt_id": "  2011", "trajectory_id": 2, "北京时间": "2026-05-10 16:00", "lon": 113.4, "lat": 29.936, "height": 19.0 }, "geometry": { "type": "Point", "coordinates": [ 113.4, 29.936 ] } },
{ "type": "Feature", "properties": { "pt_id": "  2012", "trajectory_id": 2, "北京时间": "2026-05-10 15:00", "lon": 113.324, "lat": 29.792, "height": 16.0 }, "geometry": { "type": "Point", "coordinates": [ 113.324, 29.792 ] } },
{ "type": "Feature", "properties": { "pt_id": "  2013", "trajectory_id": 2, "北京时间": "2026-05-10 14:00", "lon": 113.263, "lat": 29.642, "height": 16.0 }, "geometry": { "type": "Point", "coordinates": [ 113.263, 29.642 ] } },
{ "type": "Feature", "properties": { "pt_id": "  2014", "trajectory_id": 2, "北京时间": "2026-05-10 13:00", "lon": 113.23, "lat": 29.487, "height": 21.0 }, "geometry": { "type": "Point", "coordinates": [ 113.23, 29.487 ] } },
{ "type": "Feature", "properties": { "pt_id": "  2015", "trajectory_id": 2, "北京时间": "2026-05-10 12:00", "lon": 113.23, "lat": 29.328, "height": 30.0 }, "geometry": { "type": "Point", "coordinates": [ 113.23, 29.328 ] } },
{ "type": "Feature", "properties": { "pt_id": "  2016", "trajectory_id": 2, "北京时间": "2026-05-10 11:00", "lon": 113.265, "lat": 29.178, "height": 40.0 }, "geometry": { "type": "Point", "coordinates": [ 113.265, 29.178 ] } },
{ "type": "Feature", "properties": { "pt_id": "  2017", "trajectory_id": 2, "北京时间": "2026-05-10 10:00", "lon": 113.323, "lat": 29.05, "height": 70.0 }, "geometry": { "type": "Point", "coordinates": [ 113.323, 29.05 ] } },
{ "type": "Feature", "properties": { "pt_id": "  2018", "trajectory_id": 2, "北京时间": "2026-05-10 09:00", "lon": 113.393, "lat": 28.924, "height": 127.0 }, "geometry": { "type": "Point", "coordinates": [ 113.393, 28.924 ] } },
{ "type": "Feature", "properties": { "pt_id": "  2019", "trajectory_id": 2, "北京时间": "2026-05-10 08:00", "lon": 113.445, "lat": 28.802, "height": 169.0 }, "geometry": { "type": "Point", "coordinates": [ 113.445, 28.802 ] } },
{ "type": "Feature", "properties": { "pt_id": "  2020", "trajectory_id": 2, "北京时间": "2026-05-10 07:00", "lon": 113.468, "lat": 28.687, "height": 180.0 }, "geometry": { "type": "Point", "coordinates": [ 113.468, 28.687 ] } },
{ "type": "Feature", "properties": { "pt_id": "  2021", "trajectory_id": 2, "北京时间": "2026-05-10 06:00", "lon": 113.468, "lat": 28.575, "height": 184.0 }, "geometry": { "type": "Point", "coordinates": [ 113.468, 28.575 ] } },
{ "type": "Feature", "properties": { "pt_id": "  2022", "trajectory_id": 2, "北京时间": "2026-05-10 05:00", "lon": 113.459, "lat": 28.463, "height": 189.0 }, "geometry": { "type": "Point", "coordinates": [ 113.459, 28.463 ] } },
{ "type": "Feature", "properties": { "pt_id": "  2023", "trajectory_id": 2, "北京时间": "2026-05-10 04:00", "lon": 113.459, "lat": 28.361, "height": 191.0 }, "geometry": { "type": "Point", "coordinates": [ 113.459, 28.361 ] } },
{ "type": "Feature", "properties": { "pt_id": "  2024", "trajectory_id": 2, "北京时间": "2026-05-10 03:00", "lon": 113.473, "lat": 28.275, "height": 189.0 }, "geometry": { "type": "Point", "coordinates": [ 113.473, 28.275 ] } },
{ "type": "Feature", "properties": { "pt_id": "  2025", "trajectory_id": 2, "北京时间": "2026-05-10 02:00", "lon": 113.497, "lat": 28.21, "height": 187.0 }, "geometry": { "type": "Point", "coordinates": [ 113.497, 28.21 ] } },
{ "type": "Feature", "properties": { "pt_id": "  2026", "trajectory_id": 2, "北京时间": "2026-05-10 01:00", "lon": 113.518, "lat": 28.146, "height": 191.0 }, "geometry": { "type": "Point", "coordinates": [ 113.518, 28.146 ] } },
{ "type": "Feature", "properties": { "pt_id": "  2027", "trajectory_id": 2, "北京时间": "2026-05-10 00:00", "lon": 113.536, "lat": 28.076, "height": 210.0 }, "geometry": { "type": "Point", "coordinates": [ 113.536, 28.076 ] } },
{ "type": "Feature", "properties": { "pt_id": "  2028", "trajectory_id": 2, "北京时间": "2026-05-09 23:00", "lon": 113.546, "lat": 28.004, "height": 246.0 }, "geometry": { "type": "Point", "coordinates": [ 113.546, 28.004 ] } },
{ "type": "Feature", "properties": { "pt_id": "  2029", "trajectory_id": 2, "北京时间": "2026-05-09 22:00", "lon": 113.544, "lat": 27.939, "height": 275.0 }, "geometry": { "type": "Point", "coordinates": [ 113.544, 27.939 ] } },
{ "type": "Feature", "properties": { "pt_id": "  2030", "trajectory_id": 2, "北京时间": "2026-05-09 21:00", "lon": 113.536, "lat": 27.882, "height": 284.0 }, "geometry": { "type": "Point", "coordinates": [ 113.536, 27.882 ] } },
{ "type": "Feature", "properties": { "pt_id": "  2031", "trajectory_id": 2, "北京时间": "2026-05-09 20:00", "lon": 113.527, "lat": 27.834, "height": 282.0 }, "geometry": { "type": "Point", "coordinates": [ 113.527, 27.834 ] } },
{ "type": "Feature", "properties": { "pt_id": "  2032", "trajectory_id": 2, "北京时间": "2026-05-09 19:00", "lon": 113.525, "lat": 27.796, "height": 281.0 }, "geometry": { "type": "Point", "coordinates": [ 113.525, 27.796 ] } },
{ "type": "Feature", "properties": { "pt_id": "  2033", "trajectory_id": 2, "北京时间": "2026-05-09 18:00", "lon": 113.53, "lat": 27.768, "height": 287.0 }, "geometry": { "type": "Point", "coordinates": [ 113.53, 27.768 ] } },
{ "type": "Feature", "properties": { "pt_id": "  2034", "trajectory_id": 2, "北京时间": "2026-05-09 17:00", "lon": 113.533, "lat": 27.746, "height": 298.0 }, "geometry": { "type": "Point", "coordinates": [ 113.533, 27.746 ] } },
{ "type": "Feature", "properties": { "pt_id": "  2035", "trajectory_id": 2, "北京时间": "2026-05-09 16:00", "lon": 113.527, "lat": 27.725, "height": 300.0 }, "geometry": { "type": "Point", "coordinates": [ 113.527, 27.725 ] } },
{ "type": "Feature", "properties": { "pt_id": "  2036", "trajectory_id": 2, "北京时间": "2026-05-09 15:00", "lon": 113.512, "lat": 27.706, "height": 291.0 }, "geometry": { "type": "Point", "coordinates": [ 113.512, 27.706 ] } },
{ "type": "Feature", "properties": { "pt_id": "  2037", "trajectory_id": 2, "北京时间": "2026-05-09 14:00", "lon": 113.494, "lat": 27.692, "height": 282.0 }, "geometry": { "type": "Point", "coordinates": [ 113.494, 27.692 ] } },
{ "type": "Feature", "properties": { "pt_id": "  2038", "trajectory_id": 2, "北京时间": "2026-05-09 13:00", "lon": 113.485, "lat": 27.687, "height": 278.0 }, "geometry": { "type": "Point", "coordinates": [ 113.485, 27.687 ] } },
{ "type": "Feature", "properties": { "pt_id": "  2039", "trajectory_id": 2, "北京时间": "2026-05-09 12:00", "lon": 113.484, "lat": 27.692, "height": 277.0 }, "geometry": { "type": "Point", "coordinates": [ 113.484, 27.692 ] } },
{ "type": "Feature", "properties": { "pt_id": "  2040", "trajectory_id": 2, "北京时间": "2026-05-09 11:00", "lon": 113.489, "lat": 27.702, "height": 270.0 }, "geometry": { "type": "Point", "coordinates": [ 113.489, 27.702 ] } },
{ "type": "Feature", "properties": { "pt_id": "  2041", "trajectory_id": 2, "北京时间": "2026-05-09 10:00", "lon": 113.493, "lat": 27.715, "height": 247.0 }, "geometry": { "type": "Point", "coordinates": [ 113.493, 27.715 ] } },
{ "type": "Feature", "properties": { "pt_id": "  2042", "trajectory_id": 2, "北京时间": "2026-05-09 09:00", "lon": 113.495, "lat": 27.73, "height": 207.0 }, "geometry": { "type": "Point", "coordinates": [ 113.495, 27.73 ] } },
{ "type": "Feature", "properties": { "pt_id": "  2043", "trajectory_id": 2, "北京时间": "2026-05-09 08:00", "lon": 113.498, "lat": 27.748, "height": 167.0 }, "geometry": { "type": "Point", "coordinates": [ 113.498, 27.748 ] } },
{ "type": "Feature", "properties": { "pt_id": "  2044", "trajectory_id": 2, "北京时间": "2026-05-09 07:00", "lon": 113.513, "lat": 27.773, "height": 143.0 }, "geometry": { "type": "Point", "coordinates": [ 113.513, 27.773 ] } },
{ "type": "Feature", "properties": { "pt_id": "  2045", "trajectory_id": 2, "北京时间": "2026-05-09 06:00", "lon": 113.548, "lat": 27.803, "height": 135.0 }, "geometry": { "type": "Point", "coordinates": [ 113.548, 27.803 ] } },
{ "type": "Feature", "properties": { "pt_id": "  2046", "trajectory_id": 2, "北京时间": "2026-05-09 05:00", "lon": 113.606, "lat": 27.832, "height": 139.0 }, "geometry": { "type": "Point", "coordinates": [ 113.606, 27.832 ] } },
{ "type": "Feature", "properties": { "pt_id": "  2047", "trajectory_id": 2, "北京时间": "2026-05-09 04:00", "lon": 113.685, "lat": 27.856, "height": 150.0 }, "geometry": { "type": "Point", "coordinates": [ 113.685, 27.856 ] } },
{ "type": "Feature", "properties": { "pt_id": "  2048", "trajectory_id": 2, "北京时间": "2026-05-09 03:00", "lon": 113.779, "lat": 27.877, "height": 171.0 }, "geometry": { "type": "Point", "coordinates": [ 113.779, 27.877 ] } },
{ "type": "Feature", "properties": { "pt_id": "  2049", "trajectory_id": 2, "北京时间": "2026-05-09 02:00", "lon": 113.878, "lat": 27.897, "height": 189.0 }, "geometry": { "type": "Point", "coordinates": [ 113.878, 27.897 ] } },
{ "type": "Feature", "properties": { "pt_id": "  2050", "trajectory_id": 2, "北京时间": "2026-05-09 01:00", "lon": 113.967, "lat": 27.919, "height": 184.0 }, "geometry": { "type": "Point", "coordinates": [ 113.967, 27.919 ] } },
{ "type": "Feature", "properties": { "pt_id": "  2051", "trajectory_id": 2, "北京时间": "2026-05-09 00:00", "lon": 114.041, "lat": 27.936, "height": 160.0 }, "geometry": { "type": "Point", "coordinates": [ 114.041, 27.936 ] } },
{ "type": "Feature", "properties": { "pt_id": "  2052", "trajectory_id": 2, "北京时间": "2026-05-08 23:00", "lon": 114.107, "lat": 27.942, "height": 131.0 }, "geometry": { "type": "Point", "coordinates": [ 114.107, 27.942 ] } },
{ "type": "Feature", "properties": { "pt_id": "  3000", "trajectory_id": 3, "北京时间": "2026-05-10 23:00", "lon": 113.942, "lat": 30.907, "height": 10.0 }, "geometry": { "type": "Point", "coordinates": [ 113.942, 30.907 ] } },
{ "type": "Feature", "properties": { "pt_id": "  3009", "trajectory_id": 3, "北京时间": "2026-05-10 22:00", "lon": 113.853, "lat": 30.775, "height": 6.0 }, "geometry": { "type": "Point", "coordinates": [ 113.853, 30.775 ] } },
{ "type": "Feature", "properties": { "pt_id": "  3010", "trajectory_id": 3, "北京时间": "2026-05-10 21:00", "lon": 113.766, "lat": 30.638, "height": 3.0 }, "geometry": { "type": "Point", "coordinates": [ 113.766, 30.638 ] } },
{ "type": "Feature", "properties": { "pt_id": "  3011", "trajectory_id": 3, "北京时间": "2026-05-10 20:00", "lon": 113.689, "lat": 30.5, "height": 0.0 }, "geometry": { "type": "Point", "coordinates": [ 113.689, 30.5 ] } },
{ "type": "Feature", "properties": { "pt_id": "  3012", "trajectory_id": 3, "北京时间": "2026-05-10 19:00", "lon": 113.618, "lat": 30.363, "height": 0.0 }, "geometry": { "type": "Point", "coordinates": [ 113.618, 30.363 ] } },
{ "type": "Feature", "properties": { "pt_id": "  3013", "trajectory_id": 3, "北京时间": "2026-05-10 18:00", "lon": 113.554, "lat": 30.223, "height": 0.0 }, "geometry": { "type": "Point", "coordinates": [ 113.554, 30.223 ] } },
{ "type": "Feature", "properties": { "pt_id": "  3014", "trajectory_id": 3, "北京时间": "2026-05-10 17:00", "lon": 113.499, "lat": 30.081, "height": 0.0 }, "geometry": { "type": "Point", "coordinates": [ 113.499, 30.081 ] } },
{ "type": "Feature", "properties": { "pt_id": "  3015", "trajectory_id": 3, "北京时间": "2026-05-10 16:00", "lon": 113.458, "lat": 29.941, "height": 0.0 }, "geometry": { "type": "Point", "coordinates": [ 113.458, 29.941 ] } },
{ "type": "Feature", "properties": { "pt_id": "  3016", "trajectory_id": 3, "北京时间": "2026-05-10 15:00", "lon": 113.435, "lat": 29.813, "height": 0.0 }, "geometry": { "type": "Point", "coordinates": [ 113.435, 29.813 ] } },
{ "type": "Feature", "properties": { "pt_id": "  3017", "trajectory_id": 3, "北京时间": "2026-05-10 14:00", "lon": 113.429, "lat": 29.698, "height": 6.0 }, "geometry": { "type": "Point", "coordinates": [ 113.429, 29.698 ] } },
{ "type": "Feature", "properties": { "pt_id": "  3018", "trajectory_id": 3, "北京时间": "2026-05-10 13:00", "lon": 113.441, "lat": 29.594, "height": 28.0 }, "geometry": { "type": "Point", "coordinates": [ 113.441, 29.594 ] } },
{ "type": "Feature", "properties": { "pt_id": "  3019", "trajectory_id": 3, "北京时间": "2026-05-10 12:00", "lon": 113.464, "lat": 29.47, "height": 95.0 }, "geometry": { "type": "Point", "coordinates": [ 113.464, 29.47 ] } },
{ "type": "Feature", "properties": { "pt_id": "  3020", "trajectory_id": 3, "北京时间": "2026-05-10 11:00", "lon": 113.469, "lat": 29.313, "height": 176.0 }, "geometry": { "type": "Point", "coordinates": [ 113.469, 29.313 ] } },
{ "type": "Feature", "properties": { "pt_id": "  3021", "trajectory_id": 3, "北京时间": "2026-05-10 10:00", "lon": 113.456, "lat": 29.143, "height": 225.0 }, "geometry": { "type": "Point", "coordinates": [ 113.456, 29.143 ] } },
{ "type": "Feature", "properties": { "pt_id": "  3022", "trajectory_id": 3, "北京时间": "2026-05-10 09:00", "lon": 113.436, "lat": 28.953, "height": 269.0 }, "geometry": { "type": "Point", "coordinates": [ 113.436, 28.953 ] } },
{ "type": "Feature", "properties": { "pt_id": "  3023", "trajectory_id": 3, "北京时间": "2026-05-10 08:00", "lon": 113.406, "lat": 28.757, "height": 297.0 }, "geometry": { "type": "Point", "coordinates": [ 113.406, 28.757 ] } },
{ "type": "Feature", "properties": { "pt_id": "  3024", "trajectory_id": 3, "北京时间": "2026-05-10 07:00", "lon": 113.376, "lat": 28.571, "height": 309.0 }, "geometry": { "type": "Point", "coordinates": [ 113.376, 28.571 ] } },
{ "type": "Feature", "properties": { "pt_id": "  3025", "trajectory_id": 3, "北京时间": "2026-05-10 06:00", "lon": 113.357, "lat": 28.406, "height": 331.0 }, "geometry": { "type": "Point", "coordinates": [ 113.357, 28.406 ] } },
{ "type": "Feature", "properties": { "pt_id": "  3026", "trajectory_id": 3, "北京时间": "2026-05-10 05:00", "lon": 113.354, "lat": 28.266, "height": 330.0 }, "geometry": { "type": "Point", "coordinates": [ 113.354, 28.266 ] } },
{ "type": "Feature", "properties": { "pt_id": "  3027", "trajectory_id": 3, "北京时间": "2026-05-10 04:00", "lon": 113.365, "lat": 28.144, "height": 335.0 }, "geometry": { "type": "Point", "coordinates": [ 113.365, 28.144 ] } },
{ "type": "Feature", "properties": { "pt_id": "  3028", "trajectory_id": 3, "北京时间": "2026-05-10 03:00", "lon": 113.38, "lat": 28.038, "height": 380.0 }, "geometry": { "type": "Point", "coordinates": [ 113.38, 28.038 ] } },
{ "type": "Feature", "properties": { "pt_id": "  3029", "trajectory_id": 3, "北京时间": "2026-05-10 02:00", "lon": 113.383, "lat": 27.955, "height": 456.0 }, "geometry": { "type": "Point", "coordinates": [ 113.383, 27.955 ] } },
{ "type": "Feature", "properties": { "pt_id": "  3030", "trajectory_id": 3, "北京时间": "2026-05-10 01:00", "lon": 113.376, "lat": 27.892, "height": 521.0 }, "geometry": { "type": "Point", "coordinates": [ 113.376, 27.892 ] } },
{ "type": "Feature", "properties": { "pt_id": "  3031", "trajectory_id": 3, "北京时间": "2026-05-10 00:00", "lon": 113.368, "lat": 27.844, "height": 568.0 }, "geometry": { "type": "Point", "coordinates": [ 113.368, 27.844 ] } },
{ "type": "Feature", "properties": { "pt_id": "  3032", "trajectory_id": 3, "北京时间": "2026-05-09 23:00", "lon": 113.366, "lat": 27.806, "height": 606.0 }, "geometry": { "type": "Point", "coordinates": [ 113.366, 27.806 ] } },
{ "type": "Feature", "properties": { "pt_id": "  3033", "trajectory_id": 3, "北京时间": "2026-05-09 22:00", "lon": 113.369, "lat": 27.778, "height": 648.0 }, "geometry": { "type": "Point", "coordinates": [ 113.369, 27.778 ] } },
{ "type": "Feature", "properties": { "pt_id": "  3034", "trajectory_id": 3, "北京时间": "2026-05-09 21:00", "lon": 113.383, "lat": 27.757, "height": 689.0 }, "geometry": { "type": "Point", "coordinates": [ 113.383, 27.757 ] } },
{ "type": "Feature", "properties": { "pt_id": "  3035", "trajectory_id": 3, "北京时间": "2026-05-09 20:00", "lon": 113.41, "lat": 27.738, "height": 720.0 }, "geometry": { "type": "Point", "coordinates": [ 113.41, 27.738 ] } },
{ "type": "Feature", "properties": { "pt_id": "  3036", "trajectory_id": 3, "北京时间": "2026-05-09 19:00", "lon": 113.451, "lat": 27.719, "height": 738.0 }, "geometry": { "type": "Point", "coordinates": [ 113.451, 27.719 ] } },
{ "type": "Feature", "properties": { "pt_id": "  3037", "trajectory_id": 3, "北京时间": "2026-05-09 18:00", "lon": 113.501, "lat": 27.706, "height": 751.0 }, "geometry": { "type": "Point", "coordinates": [ 113.501, 27.706 ] } },
{ "type": "Feature", "properties": { "pt_id": "  3038", "trajectory_id": 3, "北京时间": "2026-05-09 17:00", "lon": 113.563, "lat": 27.708, "height": 768.0 }, "geometry": { "type": "Point", "coordinates": [ 113.563, 27.708 ] } },
{ "type": "Feature", "properties": { "pt_id": "  3039", "trajectory_id": 3, "北京时间": "2026-05-09 16:00", "lon": 113.637, "lat": 27.723, "height": 787.0 }, "geometry": { "type": "Point", "coordinates": [ 113.637, 27.723 ] } },
{ "type": "Feature", "properties": { "pt_id": "  3040", "trajectory_id": 3, "北京时间": "2026-05-09 15:00", "lon": 113.713, "lat": 27.744, "height": 785.0 }, "geometry": { "type": "Point", "coordinates": [ 113.713, 27.744 ] } },
{ "type": "Feature", "properties": { "pt_id": "  3041", "trajectory_id": 3, "北京时间": "2026-05-09 14:00", "lon": 113.778, "lat": 27.766, "height": 742.0 }, "geometry": { "type": "Point", "coordinates": [ 113.778, 27.766 ] } },
{ "type": "Feature", "properties": { "pt_id": "  3042", "trajectory_id": 3, "北京时间": "2026-05-09 13:00", "lon": 113.835, "lat": 27.791, "height": 692.0 }, "geometry": { "type": "Point", "coordinates": [ 113.835, 27.791 ] } },
{ "type": "Feature", "properties": { "pt_id": "  3043", "trajectory_id": 3, "北京时间": "2026-05-09 12:00", "lon": 113.902, "lat": 27.807, "height": 666.0 }, "geometry": { "type": "Point", "coordinates": [ 113.902, 27.807 ] } },
{ "type": "Feature", "properties": { "pt_id": "  3044", "trajectory_id": 3, "北京时间": "2026-05-09 11:00", "lon": 113.989, "lat": 27.807, "height": 673.0 }, "geometry": { "type": "Point", "coordinates": [ 113.989, 27.807 ] } },
{ "type": "Feature", "properties": { "pt_id": "  3045", "trajectory_id": 3, "北京时间": "2026-05-09 10:00", "lon": 114.089, "lat": 27.793, "height": 691.0 }, "geometry": { "type": "Point", "coordinates": [ 114.089, 27.793 ] } },
{ "type": "Feature", "properties": { "pt_id": "  3046", "trajectory_id": 3, "北京时间": "2026-05-09 09:00", "lon": 114.214, "lat": 27.781, "height": 722.0 }, "geometry": { "type": "Point", "coordinates": [ 114.214, 27.781 ] } },
{ "type": "Feature", "properties": { "pt_id": "  3047", "trajectory_id": 3, "北京时间": "2026-05-09 08:00", "lon": 114.372, "lat": 27.809, "height": 784.0 }, "geometry": { "type": "Point", "coordinates": [ 114.372, 27.809 ] } },
{ "type": "Feature", "properties": { "pt_id": "  3048", "trajectory_id": 3, "北京时间": "2026-05-09 07:00", "lon": 114.55, "lat": 27.901, "height": 883.0 }, "geometry": { "type": "Point", "coordinates": [ 114.55, 27.901 ] } },
{ "type": "Feature", "properties": { "pt_id": "  3049", "trajectory_id": 3, "北京时间": "2026-05-09 06:00", "lon": 114.737, "lat": 28.041, "height": 952.0 }, "geometry": { "type": "Point", "coordinates": [ 114.737, 28.041 ] } },
{ "type": "Feature", "properties": { "pt_id": "  3050", "trajectory_id": 3, "北京时间": "2026-05-09 05:00", "lon": 114.894, "lat": 28.204, "height": 921.0 }, "geometry": { "type": "Point", "coordinates": [ 114.894, 28.204 ] } },
{ "type": "Feature", "properties": { "pt_id": "  3051", "trajectory_id": 3, "北京时间": "2026-05-09 04:00", "lon": 114.988, "lat": 28.368, "height": 812.0 }, "geometry": { "type": "Point", "coordinates": [ 114.988, 28.368 ] } },
{ "type": "Feature", "properties": { "pt_id": "  3052", "trajectory_id": 3, "北京时间": "2026-05-09 03:00", "lon": 115.023, "lat": 28.505, "height": 726.0 }, "geometry": { "type": "Point", "coordinates": [ 115.023, 28.505 ] } },
{ "type": "Feature", "properties": { "pt_id": "  3053", "trajectory_id": 3, "北京时间": "2026-05-09 02:00", "lon": 115.053, "lat": 28.633, "height": 702.0 }, "geometry": { "type": "Point", "coordinates": [ 115.053, 28.633 ] } },
{ "type": "Feature", "properties": { "pt_id": "  3054", "trajectory_id": 3, "北京时间": "2026-05-09 01:00", "lon": 115.121, "lat": 28.78, "height": 712.0 }, "geometry": { "type": "Point", "coordinates": [ 115.121, 28.78 ] } },
{ "type": "Feature", "properties": { "pt_id": "  3055", "trajectory_id": 3, "北京时间": "2026-05-09 00:00", "lon": 115.2, "lat": 28.927, "height": 746.0 }, "geometry": { "type": "Point", "coordinates": [ 115.2, 28.927 ] } },
{ "type": "Feature", "properties": { "pt_id": "  3056", "trajectory_id": 3, "北京时间": "2026-05-08 23:00", "lon": 115.309, "lat": 29.074, "height": 816.0 }, "geometry": { "type": "Point", "coordinates": [ 115.309, 29.074 ] } },
{ "type": "Feature", "properties": { "pt_id": "  4000", "trajectory_id": 4, "北京时间": "2026-05-10 23:00", "lon": 113.942, "lat": 30.907, "height": 10.0 }, "geometry": { "type": "Point", "coordinates": [ 113.942, 30.907 ] } },
{ "type": "Feature", "properties": { "pt_id": "  4013", "trajectory_id": 4, "北京时间": "2026-05-10 22:00", "lon": 113.883, "lat": 30.768, "height": 0.0 }, "geometry": { "type": "Point", "coordinates": [ 113.883, 30.768 ] } },
{ "type": "Feature", "properties": { "pt_id": "  4014", "trajectory_id": 4, "北京时间": "2026-05-10 21:00", "lon": 113.845, "lat": 30.632, "height": 0.0 }, "geometry": { "type": "Point", "coordinates": [ 113.845, 30.632 ] } },
{ "type": "Feature", "properties": { "pt_id": "  4015", "trajectory_id": 4, "北京时间": "2026-05-10 20:00", "lon": 113.834, "lat": 30.503, "height": 0.0 }, "geometry": { "type": "Point", "coordinates": [ 113.834, 30.503 ] } },
{ "type": "Feature", "properties": { "pt_id": "  4016", "trajectory_id": 4, "北京时间": "2026-05-10 19:00", "lon": 113.84, "lat": 30.391, "height": 0.0 }, "geometry": { "type": "Point", "coordinates": [ 113.84, 30.391 ] } },
{ "type": "Feature", "properties": { "pt_id": "  4017", "trajectory_id": 4, "北京时间": "2026-05-10 18:00", "lon": 113.844, "lat": 30.293, "height": 0.0 }, "geometry": { "type": "Point", "coordinates": [ 113.844, 30.293 ] } },
{ "type": "Feature", "properties": { "pt_id": "  4018", "trajectory_id": 4, "北京时间": "2026-05-10 17:00", "lon": 113.848, "lat": 30.201, "height": 0.0 }, "geometry": { "type": "Point", "coordinates": [ 113.848, 30.201 ] } },
{ "type": "Feature", "properties": { "pt_id": "  4019", "trajectory_id": 4, "北京时间": "2026-05-10 16:00", "lon": 113.845, "lat": 30.114, "height": 0.0 }, "geometry": { "type": "Point", "coordinates": [ 113.845, 30.114 ] } },
{ "type": "Feature", "properties": { "pt_id": "  4020", "trajectory_id": 4, "北京时间": "2026-05-10 15:00", "lon": 113.825, "lat": 30.034, "height": 0.0 }, "geometry": { "type": "Point", "coordinates": [ 113.825, 30.034 ] } },
{ "type": "Feature", "properties": { "pt_id": "  4021", "trajectory_id": 4, "北京时间": "2026-05-10 14:00", "lon": 113.79, "lat": 29.959, "height": 1.0 }, "geometry": { "type": "Point", "coordinates": [ 113.79, 29.959 ] } },
{ "type": "Feature", "properties": { "pt_id": "  4022", "trajectory_id": 4, "北京时间": "2026-05-10 13:00", "lon": 113.754, "lat": 29.887, "height": 3.0 }, "geometry": { "type": "Point", "coordinates": [ 113.754, 29.887 ] } },
{ "type": "Feature", "properties": { "pt_id": "  4023", "trajectory_id": 4, "北京时间": "2026-05-10 12:00", "lon": 113.729, "lat": 29.82, "height": 7.0 }, "geometry": { "type": "Point", "coordinates": [ 113.729, 29.82 ] } },
{ "type": "Feature", "properties": { "pt_id": "  4024", "trajectory_id": 4, "北京时间": "2026-05-10 11:00", "lon": 113.71, "lat": 29.754, "height": 11.0 }, "geometry": { "type": "Point", "coordinates": [ 113.71, 29.754 ] } },
{ "type": "Feature", "properties": { "pt_id": "  4025", "trajectory_id": 4, "北京时间": "2026-05-10 10:00", "lon": 113.683, "lat": 29.686, "height": 22.0 }, "geometry": { "type": "Point", "coordinates": [ 113.683, 29.686 ] } },
{ "type": "Feature", "properties": { "pt_id": "  4026", "trajectory_id": 4, "北京时间": "2026-05-10 09:00", "lon": 113.645, "lat": 29.614, "height": 41.0 }, "geometry": { "type": "Point", "coordinates": [ 113.645, 29.614 ] } },
{ "type": "Feature", "properties": { "pt_id": "  4027", "trajectory_id": 4, "北京时间": "2026-05-10 08:00", "lon": 113.598, "lat": 29.543, "height": 71.0 }, "geometry": { "type": "Point", "coordinates": [ 113.598, 29.543 ] } },
{ "type": "Feature", "properties": { "pt_id": "  4028", "trajectory_id": 4, "北京时间": "2026-05-10 07:00", "lon": 113.542, "lat": 29.472, "height": 105.0 }, "geometry": { "type": "Point", "coordinates": [ 113.542, 29.472 ] } },
{ "type": "Feature", "properties": { "pt_id": "  4029", "trajectory_id": 4, "北京时间": "2026-05-10 06:00", "lon": 113.477, "lat": 29.397, "height": 125.0 }, "geometry": { "type": "Point", "coordinates": [ 113.477, 29.397 ] } },
{ "type": "Feature", "properties": { "pt_id": "  4030", "trajectory_id": 4, "北京时间": "2026-05-10 05:00", "lon": 113.41, "lat": 29.323, "height": 132.0 }, "geometry": { "type": "Point", "coordinates": [ 113.41, 29.323 ] } },
{ "type": "Feature", "properties": { "pt_id": "  4031", "trajectory_id": 4, "北京时间": "2026-05-10 04:00", "lon": 113.345, "lat": 29.256, "height": 134.0 }, "geometry": { "type": "Point", "coordinates": [ 113.345, 29.256 ] } },
{ "type": "Feature", "properties": { "pt_id": "  4032", "trajectory_id": 4, "北京时间": "2026-05-10 03:00", "lon": 113.287, "lat": 29.202, "height": 136.0 }, "geometry": { "type": "Point", "coordinates": [ 113.287, 29.202 ] } },
{ "type": "Feature", "properties": { "pt_id": "  4033", "trajectory_id": 4, "北京时间": "2026-05-10 02:00", "lon": 113.237, "lat": 29.16, "height": 136.0 }, "geometry": { "type": "Point", "coordinates": [ 113.237, 29.16 ] } },
{ "type": "Feature", "properties": { "pt_id": "  4034", "trajectory_id": 4, "北京时间": "2026-05-10 01:00", "lon": 113.197, "lat": 29.125, "height": 140.0 }, "geometry": { "type": "Point", "coordinates": [ 113.197, 29.125 ] } },
{ "type": "Feature", "properties": { "pt_id": "  4035", "trajectory_id": 4, "北京时间": "2026-05-10 00:00", "lon": 113.167, "lat": 29.091, "height": 146.0 }, "geometry": { "type": "Point", "coordinates": [ 113.167, 29.091 ] } },
{ "type": "Feature", "properties": { "pt_id": "  4036", "trajectory_id": 4, "北京时间": "2026-05-09 23:00", "lon": 113.147, "lat": 29.059, "height": 152.0 }, "geometry": { "type": "Point", "coordinates": [ 113.147, 29.059 ] } },
{ "type": "Feature", "properties": { "pt_id": "  4037", "trajectory_id": 4, "北京时间": "2026-05-09 22:00", "lon": 113.134, "lat": 29.024, "height": 157.0 }, "geometry": { "type": "Point", "coordinates": [ 113.134, 29.024 ] } },
{ "type": "Feature", "properties": { "pt_id": "  4038", "trajectory_id": 4, "北京时间": "2026-05-09 21:00", "lon": 113.128, "lat": 28.982, "height": 159.0 }, "geometry": { "type": "Point", "coordinates": [ 113.128, 28.982 ] } },
{ "type": "Feature", "properties": { "pt_id": "  4039", "trajectory_id": 4, "北京时间": "2026-05-09 20:00", "lon": 113.127, "lat": 28.933, "height": 157.0 }, "geometry": { "type": "Point", "coordinates": [ 113.127, 28.933 ] } },
{ "type": "Feature", "properties": { "pt_id": "  4040", "trajectory_id": 4, "北京时间": "2026-05-09 19:00", "lon": 113.129, "lat": 28.882, "height": 156.0 }, "geometry": { "type": "Point", "coordinates": [ 113.129, 28.882 ] } },
{ "type": "Feature", "properties": { "pt_id": "  4041", "trajectory_id": 4, "北京时间": "2026-05-09 18:00", "lon": 113.128, "lat": 28.839, "height": 155.0 }, "geometry": { "type": "Point", "coordinates": [ 113.128, 28.839 ] } },
{ "type": "Feature", "properties": { "pt_id": "  4042", "trajectory_id": 4, "北京时间": "2026-05-09 17:00", "lon": 113.12, "lat": 28.805, "height": 154.0 }, "geometry": { "type": "Point", "coordinates": [ 113.12, 28.805 ] } },
{ "type": "Feature", "properties": { "pt_id": "  4043", "trajectory_id": 4, "北京时间": "2026-05-09 16:00", "lon": 113.106, "lat": 28.776, "height": 150.0 }, "geometry": { "type": "Point", "coordinates": [ 113.106, 28.776 ] } },
{ "type": "Feature", "properties": { "pt_id": "  4044", "trajectory_id": 4, "北京时间": "2026-05-09 15:00", "lon": 113.089, "lat": 28.748, "height": 136.0 }, "geometry": { "type": "Point", "coordinates": [ 113.089, 28.748 ] } },
{ "type": "Feature", "properties": { "pt_id": "  4045", "trajectory_id": 4, "北京时间": "2026-05-09 14:00", "lon": 113.07, "lat": 28.722, "height": 112.0 }, "geometry": { "type": "Point", "coordinates": [ 113.07, 28.722 ] } },
{ "type": "Feature", "properties": { "pt_id": "  4046", "trajectory_id": 4, "北京时间": "2026-05-09 13:00", "lon": 113.062, "lat": 28.69, "height": 95.0 }, "geometry": { "type": "Point", "coordinates": [ 113.062, 28.69 ] } },
{ "type": "Feature", "properties": { "pt_id": "  4047", "trajectory_id": 4, "北京时间": "2026-05-09 12:00", "lon": 113.091, "lat": 28.651, "height": 107.0 }, "geometry": { "type": "Point", "coordinates": [ 113.091, 28.651 ] } },
{ "type": "Feature", "properties": { "pt_id": "  4048", "trajectory_id": 4, "北京时间": "2026-05-09 11:00", "lon": 113.172, "lat": 28.617, "height": 139.0 }, "geometry": { "type": "Point", "coordinates": [ 113.172, 28.617 ] } },
{ "type": "Feature", "properties": { "pt_id": "  4049", "trajectory_id": 4, "北京时间": "2026-05-09 10:00", "lon": 113.281, "lat": 28.609, "height": 166.0 }, "geometry": { "type": "Point", "coordinates": [ 113.281, 28.609 ] } },
{ "type": "Feature", "properties": { "pt_id": "  4050", "trajectory_id": 4, "北京时间": "2026-05-09 09:00", "lon": 113.373, "lat": 28.63, "height": 179.0 }, "geometry": { "type": "Point", "coordinates": [ 113.373, 28.63 ] } },
{ "type": "Feature", "properties": { "pt_id": "  4051", "trajectory_id": 4, "北京时间": "2026-05-09 08:00", "lon": 113.446, "lat": 28.665, "height": 161.0 }, "geometry": { "type": "Point", "coordinates": [ 113.446, 28.665 ] } },
{ "type": "Feature", "properties": { "pt_id": "  4052", "trajectory_id": 4, "北京时间": "2026-05-09 07:00", "lon": 113.473, "lat": 28.696, "height": 134.0 }, "geometry": { "type": "Point", "coordinates": [ 113.473, 28.696 ] } },
{ "type": "Feature", "properties": { "pt_id": "  4053", "trajectory_id": 4, "北京时间": "2026-05-09 06:00", "lon": 113.45, "lat": 28.729, "height": 122.0 }, "geometry": { "type": "Point", "coordinates": [ 113.45, 28.729 ] } },
{ "type": "Feature", "properties": { "pt_id": "  4054", "trajectory_id": 4, "北京时间": "2026-05-09 05:00", "lon": 113.385, "lat": 28.776, "height": 120.0 }, "geometry": { "type": "Point", "coordinates": [ 113.385, 28.776 ] } },
{ "type": "Feature", "properties": { "pt_id": "  4055", "trajectory_id": 4, "北京时间": "2026-05-09 04:00", "lon": 113.322, "lat": 28.832, "height": 113.0 }, "geometry": { "type": "Point", "coordinates": [ 113.322, 28.832 ] } },
{ "type": "Feature", "properties": { "pt_id": "  4056", "trajectory_id": 4, "北京时间": "2026-05-09 03:00", "lon": 113.28, "lat": 28.883, "height": 98.0 }, "geometry": { "type": "Point", "coordinates": [ 113.28, 28.883 ] } },
{ "type": "Feature", "properties": { "pt_id": "  4057", "trajectory_id": 4, "北京时间": "2026-05-09 02:00", "lon": 113.25, "lat": 28.928, "height": 80.0 }, "geometry": { "type": "Point", "coordinates": [ 113.25, 28.928 ] } },
{ "type": "Feature", "properties": { "pt_id": "  4058", "trajectory_id": 4, "北京时间": "2026-05-09 01:00", "lon": 113.231, "lat": 28.985, "height": 67.0 }, "geometry": { "type": "Point", "coordinates": [ 113.231, 28.985 ] } },
{ "type": "Feature", "properties": { "pt_id": "  4059", "trajectory_id": 4, "北京时间": "2026-05-09 00:00", "lon": 113.234, "lat": 29.074, "height": 62.0 }, "geometry": { "type": "Point", "coordinates": [ 113.234, 29.074 ] } },
{ "type": "Feature", "properties": { "pt_id": "  4060", "trajectory_id": 4, "北京时间": "2026-05-08 23:00", "lon": 113.27, "lat": 29.199, "height": 72.0 }, "geometry": { "type": "Point", "coordinates": [ 113.27, 29.199 ] } },
{ "type": "Feature", "properties": { "pt_id": "  5000", "trajectory_id": 5, "北京时间": "2026-05-10 23:00", "lon": 113.942, "lat": 30.907, "height": 10.0 }, "geometry": { "type": "Point", "coordinates": [ 113.942, 30.907 ] } },
{ "type": "Feature", "properties": { "pt_id": "  5017", "trajectory_id": 5, "北京时间": "2026-05-10 22:00", "lon": 113.933, "lat": 30.793, "height": 1.0 }, "geometry": { "type": "Point", "coordinates": [ 113.933, 30.793 ] } },
{ "type": "Feature", "properties": { "pt_id": "  5018", "trajectory_id": 5, "北京时间": "2026-05-10 21:00", "lon": 113.923, "lat": 30.697, "height": 0.0 }, "geometry": { "type": "Point", "coordinates": [ 113.923, 30.697 ] } },
{ "type": "Feature", "properties": { "pt_id": "  5019", "trajectory_id": 5, "北京时间": "2026-05-10 20:00", "lon": 113.908, "lat": 30.606, "height": 0.0 }, "geometry": { "type": "Point", "coordinates": [ 113.908, 30.606 ] } },
{ "type": "Feature", "properties": { "pt_id": "  5020", "trajectory_id": 5, "北京时间": "2026-05-10 19:00", "lon": 113.889, "lat": 30.511, "height": 0.0 }, "geometry": { "type": "Point", "coordinates": [ 113.889, 30.511 ] } },
{ "type": "Feature", "properties": { "pt_id": "  5021", "trajectory_id": 5, "北京时间": "2026-05-10 18:00", "lon": 113.86, "lat": 30.414, "height": 0.0 }, "geometry": { "type": "Point", "coordinates": [ 113.86, 30.414 ] } },
{ "type": "Feature", "properties": { "pt_id": "  5022", "trajectory_id": 5, "北京时间": "2026-05-10 17:00", "lon": 113.826, "lat": 30.316, "height": 0.0 }, "geometry": { "type": "Point", "coordinates": [ 113.826, 30.316 ] } },
{ "type": "Feature", "properties": { "pt_id": "  5023", "trajectory_id": 5, "北京时间": "2026-05-10 16:00", "lon": 113.796, "lat": 30.222, "height": 0.0 }, "geometry": { "type": "Point", "coordinates": [ 113.796, 30.222 ] } },
{ "type": "Feature", "properties": { "pt_id": "  5024", "trajectory_id": 5, "北京时间": "2026-05-10 15:00", "lon": 113.773, "lat": 30.136, "height": 0.0 }, "geometry": { "type": "Point", "coordinates": [ 113.773, 30.136 ] } },
{ "type": "Feature", "properties": { "pt_id": "  5025", "trajectory_id": 5, "北京时间": "2026-05-10 14:00", "lon": 113.749, "lat": 30.055, "height": 0.0 }, "geometry": { "type": "Point", "coordinates": [ 113.749, 30.055 ] } },
{ "type": "Feature", "properties": { "pt_id": "  5026", "trajectory_id": 5, "北京时间": "2026-05-10 13:00", "lon": 113.717, "lat": 29.976, "height": 0.0 }, "geometry": { "type": "Point", "coordinates": [ 113.717, 29.976 ] } },
{ "type": "Feature", "properties": { "pt_id": "  5027", "trajectory_id": 5, "北京时间": "2026-05-10 12:00", "lon": 113.676, "lat": 29.897, "height": 1.0 }, "geometry": { "type": "Point", "coordinates": [ 113.676, 29.897 ] } },
{ "type": "Feature", "properties": { "pt_id": "  5028", "trajectory_id": 5, "北京时间": "2026-05-10 11:00", "lon": 113.625, "lat": 29.824, "height": 0.0 }, "geometry": { "type": "Point", "coordinates": [ 113.625, 29.824 ] } },
{ "type": "Feature", "properties": { "pt_id": "  5029", "trajectory_id": 5, "北京时间": "2026-05-10 10:00", "lon": 113.568, "lat": 29.756, "height": 0.0 }, "geometry": { "type": "Point", "coordinates": [ 113.568, 29.756 ] } },
{ "type": "Feature", "properties": { "pt_id": "  5030", "trajectory_id": 5, "北京时间": "2026-05-10 09:00", "lon": 113.51, "lat": 29.689, "height": 0.0 }, "geometry": { "type": "Point", "coordinates": [ 113.51, 29.689 ] } },
{ "type": "Feature", "properties": { "pt_id": "  5031", "trajectory_id": 5, "北京时间": "2026-05-10 08:00", "lon": 113.454, "lat": 29.627, "height": 0.0 }, "geometry": { "type": "Point", "coordinates": [ 113.454, 29.627 ] } },
{ "type": "Feature", "properties": { "pt_id": "  5032", "trajectory_id": 5, "北京时间": "2026-05-10 07:00", "lon": 113.396, "lat": 29.576, "height": 0.0 }, "geometry": { "type": "Point", "coordinates": [ 113.396, 29.576 ] } },
{ "type": "Feature", "properties": { "pt_id": "  5033", "trajectory_id": 5, "北京时间": "2026-05-10 06:00", "lon": 113.337, "lat": 29.531, "height": 0.0 }, "geometry": { "type": "Point", "coordinates": [ 113.337, 29.531 ] } },
{ "type": "Feature", "properties": { "pt_id": "  5034", "trajectory_id": 5, "北京时间": "2026-05-10 05:00", "lon": 113.283, "lat": 29.488, "height": 0.0 }, "geometry": { "type": "Point", "coordinates": [ 113.283, 29.488 ] } },
{ "type": "Feature", "properties": { "pt_id": "  5035", "trajectory_id": 5, "北京时间": "2026-05-10 04:00", "lon": 113.237, "lat": 29.443, "height": 0.0 }, "geometry": { "type": "Point", "coordinates": [ 113.237, 29.443 ] } },
{ "type": "Feature", "properties": { "pt_id": "  5036", "trajectory_id": 5, "北京时间": "2026-05-10 03:00", "lon": 113.201, "lat": 29.398, "height": 0.0 }, "geometry": { "type": "Point", "coordinates": [ 113.201, 29.398 ] } },
{ "type": "Feature", "properties": { "pt_id": "  5037", "trajectory_id": 5, "北京时间": "2026-05-10 02:00", "lon": 113.172, "lat": 29.355, "height": 0.0 }, "geometry": { "type": "Point", "coordinates": [ 113.172, 29.355 ] } },
{ "type": "Feature", "properties": { "pt_id": "  5038", "trajectory_id": 5, "北京时间": "2026-05-10 01:00", "lon": 113.149, "lat": 29.312, "height": 0.0 }, "geometry": { "type": "Point", "coordinates": [ 113.149, 29.312 ] } },
{ "type": "Feature", "properties": { "pt_id": "  5039", "trajectory_id": 5, "北京时间": "2026-05-10 00:00", "lon": 113.133, "lat": 29.269, "height": 0.0 }, "geometry": { "type": "Point", "coordinates": [ 113.133, 29.269 ] } },
{ "type": "Feature", "properties": { "pt_id": "  5040", "trajectory_id": 5, "北京时间": "2026-05-09 23:00", "lon": 113.12, "lat": 29.225, "height": 0.0 }, "geometry": { "type": "Point", "coordinates": [ 113.12, 29.225 ] } },
{ "type": "Feature", "properties": { "pt_id": "  5041", "trajectory_id": 5, "北京时间": "2026-05-09 22:00", "lon": 113.108, "lat": 29.18, "height": 0.0 }, "geometry": { "type": "Point", "coordinates": [ 113.108, 29.18 ] } },
{ "type": "Feature", "properties": { "pt_id": "  5042", "trajectory_id": 5, "北京时间": "2026-05-09 21:00", "lon": 113.099, "lat": 29.134, "height": 0.0 }, "geometry": { "type": "Point", "coordinates": [ 113.099, 29.134 ] } },
{ "type": "Feature", "properties": { "pt_id": "  5043", "trajectory_id": 5, "北京时间": "2026-05-09 20:00", "lon": 113.093, "lat": 29.091, "height": 0.0 }, "geometry": { "type": "Point", "coordinates": [ 113.093, 29.091 ] } },
{ "type": "Feature", "properties": { "pt_id": "  5044", "trajectory_id": 5, "北京时间": "2026-05-09 19:00", "lon": 113.087, "lat": 29.055, "height": 0.0 }, "geometry": { "type": "Point", "coordinates": [ 113.087, 29.055 ] } },
{ "type": "Feature", "properties": { "pt_id": "  5045", "trajectory_id": 5, "北京时间": "2026-05-09 18:00", "lon": 113.079, "lat": 29.024, "height": 0.0 }, "geometry": { "type": "Point", "coordinates": [ 113.079, 29.024 ] } },
{ "type": "Feature", "properties": { "pt_id": "  5046", "trajectory_id": 5, "北京时间": "2026-05-09 17:00", "lon": 113.074, "lat": 28.988, "height": 0.0 }, "geometry": { "type": "Point", "coordinates": [ 113.074, 28.988 ] } },
{ "type": "Feature", "properties": { "pt_id": "  5047", "trajectory_id": 5, "北京时间": "2026-05-09 16:00", "lon": 113.076, "lat": 28.939, "height": 4.0 }, "geometry": { "type": "Point", "coordinates": [ 113.076, 28.939 ] } },
{ "type": "Feature", "properties": { "pt_id": "  5048", "trajectory_id": 5, "北京时间": "2026-05-09 15:00", "lon": 113.088, "lat": 28.883, "height": 16.0 }, "geometry": { "type": "Point", "coordinates": [ 113.088, 28.883 ] } },
{ "type": "Feature", "properties": { "pt_id": "  5049", "trajectory_id": 5, "北京时间": "2026-05-09 14:00", "lon": 113.106, "lat": 28.836, "height": 32.0 }, "geometry": { "type": "Point", "coordinates": [ 113.106, 28.836 ] } },
{ "type": "Feature", "properties": { "pt_id": "  5050", "trajectory_id": 5, "北京时间": "2026-05-09 13:00", "lon": 113.114, "lat": 28.818, "height": 44.0 }, "geometry": { "type": "Point", "coordinates": [ 113.114, 28.818 ] } },
{ "type": "Feature", "properties": { "pt_id": "  5051", "trajectory_id": 5, "北京时间": "2026-05-09 12:00", "lon": 113.105, "lat": 28.829, "height": 50.0 }, "geometry": { "type": "Point", "coordinates": [ 113.105, 28.829 ] } },
{ "type": "Feature", "properties": { "pt_id": "  5052", "trajectory_id": 5, "北京时间": "2026-05-09 11:00", "lon": 113.085, "lat": 28.864, "height": 49.0 }, "geometry": { "type": "Point", "coordinates": [ 113.085, 28.864 ] } },
{ "type": "Feature", "properties": { "pt_id": "  5053", "trajectory_id": 5, "北京时间": "2026-05-09 10:00", "lon": 113.058, "lat": 28.919, "height": 45.0 }, "geometry": { "type": "Point", "coordinates": [ 113.058, 28.919 ] } },
{ "type": "Feature", "properties": { "pt_id": "  5054", "trajectory_id": 5, "北京时间": "2026-05-09 09:00", "lon": 113.024, "lat": 29.004, "height": 40.0 }, "geometry": { "type": "Point", "coordinates": [ 113.024, 29.004 ] } },
{ "type": "Feature", "properties": { "pt_id": "  5055", "trajectory_id": 5, "北京时间": "2026-05-09 08:00", "lon": 112.998, "lat": 29.114, "height": 39.0 }, "geometry": { "type": "Point", "coordinates": [ 112.998, 29.114 ] } },
{ "type": "Feature", "properties": { "pt_id": "  5056", "trajectory_id": 5, "北京时间": "2026-05-09 07:00", "lon": 112.992, "lat": 29.234, "height": 38.0 }, "geometry": { "type": "Point", "coordinates": [ 112.992, 29.234 ] } },
{ "type": "Feature", "properties": { "pt_id": "  5057", "trajectory_id": 5, "北京时间": "2026-05-09 06:00", "lon": 113.007, "lat": 29.364, "height": 38.0 }, "geometry": { "type": "Point", "coordinates": [ 113.007, 29.364 ] } },
{ "type": "Feature", "properties": { "pt_id": "  5058", "trajectory_id": 5, "北京时间": "2026-05-09 05:00", "lon": 113.044, "lat": 29.504, "height": 38.0 }, "geometry": { "type": "Point", "coordinates": [ 113.044, 29.504 ] } },
{ "type": "Feature", "properties": { "pt_id": "  5059", "trajectory_id": 5, "北京时间": "2026-05-09 04:00", "lon": 113.106, "lat": 29.651, "height": 35.0 }, "geometry": { "type": "Point", "coordinates": [ 113.106, 29.651 ] } },
{ "type": "Feature", "properties": { "pt_id": "  5060", "trajectory_id": 5, "北京时间": "2026-05-09 03:00", "lon": 113.184, "lat": 29.806, "height": 28.0 }, "geometry": { "type": "Point", "coordinates": [ 113.184, 29.806 ] } },
{ "type": "Feature", "properties": { "pt_id": "  5061", "trajectory_id": 5, "北京时间": "2026-05-09 02:00", "lon": 113.256, "lat": 29.959, "height": 25.0 }, "geometry": { "type": "Point", "coordinates": [ 113.256, 29.959 ] } },
{ "type": "Feature", "properties": { "pt_id": "  5062", "trajectory_id": 5, "北京时间": "2026-05-09 01:00", "lon": 113.316, "lat": 30.117, "height": 30.0 }, "geometry": { "type": "Point", "coordinates": [ 113.316, 30.117 ] } },
{ "type": "Feature", "properties": { "pt_id": "  5063", "trajectory_id": 5, "北京时间": "2026-05-09 00:00", "lon": 113.359, "lat": 30.291, "height": 30.0 }, "geometry": { "type": "Point", "coordinates": [ 113.359, 30.291 ] } },
{ "type": "Feature", "properties": { "pt_id": "  5064", "trajectory_id": 5, "北京时间": "2026-05-08 23:00", "lon": 113.399, "lat": 30.481, "height": 30.0 }, "geometry": { "type": "Point", "coordinates": [ 113.399, 30.481 ] } },
{ "type": "Feature", "properties": { "pt_id": "  6000", "trajectory_id": 6, "北京时间": "2026-05-10 23:00", "lon": 113.942, "lat": 30.907, "height": 10.0 }, "geometry": { "type": "Point", "coordinates": [ 113.942, 30.907 ] } },
{ "type": "Feature", "properties": { "pt_id": "  6021", "trajectory_id": 6, "北京时间": "2026-05-10 22:00", "lon": 113.93, "lat": 30.804, "height": 3.0 }, "geometry": { "type": "Point", "coordinates": [ 113.93, 30.804 ] } },
{ "type": "Feature", "properties": { "pt_id": "  6022", "trajectory_id": 6, "北京时间": "2026-05-10 21:00", "lon": 113.911, "lat": 30.695, "height": 1.0 }, "geometry": { "type": "Point", "coordinates": [ 113.911, 30.695 ] } },
{ "type": "Feature", "properties": { "pt_id": "  6023", "trajectory_id": 6, "北京时间": "2026-05-10 20:00", "lon": 113.896, "lat": 30.587, "height": 1.0 }, "geometry": { "type": "Point", "coordinates": [ 113.896, 30.587 ] } },
{ "type": "Feature", "properties": { "pt_id": "  6024", "trajectory_id": 6, "北京时间": "2026-05-10 19:00", "lon": 113.892, "lat": 30.48, "height": 1.0 }, "geometry": { "type": "Point", "coordinates": [ 113.892, 30.48 ] } },
{ "type": "Feature", "properties": { "pt_id": "  6025", "trajectory_id": 6, "北京时间": "2026-05-10 18:00", "lon": 113.899, "lat": 30.377, "height": 1.0 }, "geometry": { "type": "Point", "coordinates": [ 113.899, 30.377 ] } },
{ "type": "Feature", "properties": { "pt_id": "  6026", "trajectory_id": 6, "北京时间": "2026-05-10 17:00", "lon": 113.916, "lat": 30.283, "height": 1.0 }, "geometry": { "type": "Point", "coordinates": [ 113.916, 30.283 ] } },
{ "type": "Feature", "properties": { "pt_id": "  6027", "trajectory_id": 6, "北京时间": "2026-05-10 16:00", "lon": 113.946, "lat": 30.2, "height": 1.0 }, "geometry": { "type": "Point", "coordinates": [ 113.946, 30.2 ] } },
{ "type": "Feature", "properties": { "pt_id": "  6028", "trajectory_id": 6, "北京时间": "2026-05-10 15:00", "lon": 113.975, "lat": 30.13, "height": 0.0 }, "geometry": { "type": "Point", "coordinates": [ 113.975, 30.13 ] } },
{ "type": "Feature", "properties": { "pt_id": "  6029", "trajectory_id": 6, "北京时间": "2026-05-10 14:00", "lon": 113.982, "lat": 30.071, "height": 0.0 }, "geometry": { "type": "Point", "coordinates": [ 113.982, 30.071 ] } },
{ "type": "Feature", "properties": { "pt_id": "  6030", "trajectory_id": 6, "北京时间": "2026-05-10 13:00", "lon": 113.963, "lat": 30.021, "height": 0.0 }, "geometry": { "type": "Point", "coordinates": [ 113.963, 30.021 ] } },
{ "type": "Feature", "properties": { "pt_id": "  6031", "trajectory_id": 6, "北京时间": "2026-05-10 12:00", "lon": 113.927, "lat": 29.975, "height": 0.0 }, "geometry": { "type": "Point", "coordinates": [ 113.927, 29.975 ] } },
{ "type": "Feature", "properties": { "pt_id": "  6032", "trajectory_id": 6, "北京时间": "2026-05-10 11:00", "lon": 113.881, "lat": 29.932, "height": 0.0 }, "geometry": { "type": "Point", "coordinates": [ 113.881, 29.932 ] } },
{ "type": "Feature", "properties": { "pt_id": "  6033", "trajectory_id": 6, "北京时间": "2026-05-10 10:00", "lon": 113.827, "lat": 29.894, "height": 1.0 }, "geometry": { "type": "Point", "coordinates": [ 113.827, 29.894 ] } },
{ "type": "Feature", "properties": { "pt_id": "  6034", "trajectory_id": 6, "北京时间": "2026-05-10 09:00", "lon": 113.77, "lat": 29.861, "height": 1.0 }, "geometry": { "type": "Point", "coordinates": [ 113.77, 29.861 ] } },
{ "type": "Feature", "properties": { "pt_id": "  6035", "trajectory_id": 6, "北京时间": "2026-05-10 08:00", "lon": 113.717, "lat": 29.828, "height": 0.0 }, "geometry": { "type": "Point", "coordinates": [ 113.717, 29.828 ] } },
{ "type": "Feature", "properties": { "pt_id": "  6036", "trajectory_id": 6, "北京时间": "2026-05-10 07:00", "lon": 113.668, "lat": 29.791, "height": 1.0 }, "geometry": { "type": "Point", "coordinates": [ 113.668, 29.791 ] } },
{ "type": "Feature", "properties": { "pt_id": "  6037", "trajectory_id": 6, "北京时间": "2026-05-10 06:00", "lon": 113.621, "lat": 29.755, "height": 2.0 }, "geometry": { "type": "Point", "coordinates": [ 113.621, 29.755 ] } },
{ "type": "Feature", "properties": { "pt_id": "  6038", "trajectory_id": 6, "北京时间": "2026-05-10 05:00", "lon": 113.576, "lat": 29.719, "height": 4.0 }, "geometry": { "type": "Point", "coordinates": [ 113.576, 29.719 ] } },
{ "type": "Feature", "properties": { "pt_id": "  6039", "trajectory_id": 6, "北京时间": "2026-05-10 04:00", "lon": 113.533, "lat": 29.681, "height": 6.0 }, "geometry": { "type": "Point", "coordinates": [ 113.533, 29.681 ] } },
{ "type": "Feature", "properties": { "pt_id": "  6040", "trajectory_id": 6, "北京时间": "2026-05-10 03:00", "lon": 113.496, "lat": 29.643, "height": 7.0 }, "geometry": { "type": "Point", "coordinates": [ 113.496, 29.643 ] } },
{ "type": "Feature", "properties": { "pt_id": "  6041", "trajectory_id": 6, "北京时间": "2026-05-10 02:00", "lon": 113.464, "lat": 29.608, "height": 10.0 }, "geometry": { "type": "Point", "coordinates": [ 113.464, 29.608 ] } },
{ "type": "Feature", "properties": { "pt_id": "  6042", "trajectory_id": 6, "北京时间": "2026-05-10 01:00", "lon": 113.438, "lat": 29.573, "height": 13.0 }, "geometry": { "type": "Point", "coordinates": [ 113.438, 29.573 ] } },
{ "type": "Feature", "properties": { "pt_id": "  6043", "trajectory_id": 6, "北京时间": "2026-05-10 00:00", "lon": 113.416, "lat": 29.537, "height": 16.0 }, "geometry": { "type": "Point", "coordinates": [ 113.416, 29.537 ] } },
{ "type": "Feature", "properties": { "pt_id": "  6044", "trajectory_id": 6, "北京时间": "2026-05-09 23:00", "lon": 113.397, "lat": 29.503, "height": 16.0 }, "geometry": { "type": "Point", "coordinates": [ 113.397, 29.503 ] } },
{ "type": "Feature", "properties": { "pt_id": "  6045", "trajectory_id": 6, "北京时间": "2026-05-09 22:00", "lon": 113.378, "lat": 29.471, "height": 12.0 }, "geometry": { "type": "Point", "coordinates": [ 113.378, 29.471 ] } },
{ "type": "Feature", "properties": { "pt_id": "  6046", "trajectory_id": 6, "北京时间": "2026-05-09 21:00", "lon": 113.359, "lat": 29.439, "height": 10.0 }, "geometry": { "type": "Point", "coordinates": [ 113.359, 29.439 ] } },
{ "type": "Feature", "properties": { "pt_id": "  6047", "trajectory_id": 6, "北京时间": "2026-05-09 20:00", "lon": 113.345, "lat": 29.402, "height": 13.0 }, "geometry": { "type": "Point", "coordinates": [ 113.345, 29.402 ] } },
{ "type": "Feature", "properties": { "pt_id": "  6048", "trajectory_id": 6, "北京时间": "2026-05-09 19:00", "lon": 113.337, "lat": 29.36, "height": 20.0 }, "geometry": { "type": "Point", "coordinates": [ 113.337, 29.36 ] } },
{ "type": "Feature", "properties": { "pt_id": "  6049", "trajectory_id": 6, "北京时间": "2026-05-09 18:00", "lon": 113.334, "lat": 29.313, "height": 25.0 }, "geometry": { "type": "Point", "coordinates": [ 113.334, 29.313 ] } },
{ "type": "Feature", "properties": { "pt_id": "  6050", "trajectory_id": 6, "北京时间": "2026-05-09 17:00", "lon": 113.33, "lat": 29.266, "height": 27.0 }, "geometry": { "type": "Point", "coordinates": [ 113.33, 29.266 ] } },
{ "type": "Feature", "properties": { "pt_id": "  6051", "trajectory_id": 6, "北京时间": "2026-05-09 16:00", "lon": 113.321, "lat": 29.221, "height": 24.0 }, "geometry": { "type": "Point", "coordinates": [ 113.321, 29.221 ] } },
{ "type": "Feature", "properties": { "pt_id": "  6052", "trajectory_id": 6, "北京时间": "2026-05-09 15:00", "lon": 113.311, "lat": 29.195, "height": 23.0 }, "geometry": { "type": "Point", "coordinates": [ 113.311, 29.195 ] } },
{ "type": "Feature", "properties": { "pt_id": "  6053", "trajectory_id": 6, "北京时间": "2026-05-09 14:00", "lon": 113.307, "lat": 29.2, "height": 23.0 }, "geometry": { "type": "Point", "coordinates": [ 113.307, 29.2 ] } },
{ "type": "Feature", "properties": { "pt_id": "  6054", "trajectory_id": 6, "北京时间": "2026-05-09 13:00", "lon": 113.314, "lat": 29.235, "height": 28.0 }, "geometry": { "type": "Point", "coordinates": [ 113.314, 29.235 ] } },
{ "type": "Feature", "properties": { "pt_id": "  6055", "trajectory_id": 6, "北京时间": "2026-05-09 12:00", "lon": 113.335, "lat": 29.292, "height": 37.0 }, "geometry": { "type": "Point", "coordinates": [ 113.335, 29.292 ] } },
{ "type": "Feature", "properties": { "pt_id": "  6056", "trajectory_id": 6, "北京时间": "2026-05-09 11:00", "lon": 113.37, "lat": 29.355, "height": 46.0 }, "geometry": { "type": "Point", "coordinates": [ 113.37, 29.355 ] } },
{ "type": "Feature", "properties": { "pt_id": "  6057", "trajectory_id": 6, "北京时间": "2026-05-09 10:00", "lon": 113.415, "lat": 29.417, "height": 52.0 }, "geometry": { "type": "Point", "coordinates": [ 113.415, 29.417 ] } },
{ "type": "Feature", "properties": { "pt_id": "  6058", "trajectory_id": 6, "北京时间": "2026-05-09 09:00", "lon": 113.467, "lat": 29.479, "height": 53.0 }, "geometry": { "type": "Point", "coordinates": [ 113.467, 29.479 ] } },
{ "type": "Feature", "properties": { "pt_id": "  6059", "trajectory_id": 6, "北京时间": "2026-05-09 08:00", "lon": 113.52, "lat": 29.547, "height": 44.0 }, "geometry": { "type": "Point", "coordinates": [ 113.52, 29.547 ] } },
{ "type": "Feature", "properties": { "pt_id": "  6060", "trajectory_id": 6, "北京时间": "2026-05-09 07:00", "lon": 113.57, "lat": 29.624, "height": 27.0 }, "geometry": { "type": "Point", "coordinates": [ 113.57, 29.624 ] } },
{ "type": "Feature", "properties": { "pt_id": "  6061", "trajectory_id": 6, "北京时间": "2026-05-09 06:00", "lon": 113.618, "lat": 29.705, "height": 10.0 }, "geometry": { "type": "Point", "coordinates": [ 113.618, 29.705 ] } },
{ "type": "Feature", "properties": { "pt_id": "  6062", "trajectory_id": 6, "北京时间": "2026-05-09 05:00", "lon": 113.663, "lat": 29.781, "height": 0.0 }, "geometry": { "type": "Point", "coordinates": [ 113.663, 29.781 ] } },
{ "type": "Feature", "properties": { "pt_id": "  6063", "trajectory_id": 6, "北京时间": "2026-05-09 04:00", "lon": 113.7, "lat": 29.857, "height": 0.0 }, "geometry": { "type": "Point", "coordinates": [ 113.7, 29.857 ] } },
{ "type": "Feature", "properties": { "pt_id": "  6064", "trajectory_id": 6, "北京时间": "2026-05-09 03:00", "lon": 113.732, "lat": 29.939, "height": 0.0 }, "geometry": { "type": "Point", "coordinates": [ 113.732, 29.939 ] } },
{ "type": "Feature", "properties": { "pt_id": "  6065", "trajectory_id": 6, "北京时间": "2026-05-09 02:00", "lon": 113.767, "lat": 30.035, "height": 0.0 }, "geometry": { "type": "Point", "coordinates": [ 113.767, 30.035 ] } },
{ "type": "Feature", "properties": { "pt_id": "  6066", "trajectory_id": 6, "北京时间": "2026-05-09 01:00", "lon": 113.81, "lat": 30.158, "height": 0.0 }, "geometry": { "type": "Point", "coordinates": [ 113.81, 30.158 ] } },
{ "type": "Feature", "properties": { "pt_id": "  6067", "trajectory_id": 6, "北京时间": "2026-05-09 00:00", "lon": 113.867, "lat": 30.311, "height": 0.0 }, "geometry": { "type": "Point", "coordinates": [ 113.867, 30.311 ] } },
{ "type": "Feature", "properties": { "pt_id": "  6068", "trajectory_id": 6, "北京时间": "2026-05-08 23:00", "lon": 113.949, "lat": 30.477, "height": 0.0 }, "geometry": { "type": "Point", "coordinates": [ 113.949, 30.477 ] } },
{ "type": "Feature", "properties": { "pt_id": "  7000", "trajectory_id": 7, "北京时间": "2026-05-10 23:00", "lon": 113.942, "lat": 30.907, "height": 10.0 }, "geometry": { "type": "Point", "coordinates": [ 113.942, 30.907 ] } },
{ "type": "Feature", "properties": { "pt_id": "  7025", "trajectory_id": 7, "北京时间": "2026-05-10 22:00", "lon": 113.925, "lat": 30.789, "height": 2.0 }, "geometry": { "type": "Point", "coordinates": [ 113.925, 30.789 ] } },
{ "type": "Feature", "properties": { "pt_id": "  7026", "trajectory_id": 7, "北京时间": "2026-05-10 21:00", "lon": 113.913, "lat": 30.667, "height": 1.0 }, "geometry": { "type": "Point", "coordinates": [ 113.913, 30.667 ] } },
{ "type": "Feature", "properties": { "pt_id": "  7027", "trajectory_id": 7, "北京时间": "2026-05-10 20:00", "lon": 113.911, "lat": 30.544, "height": 1.0 }, "geometry": { "type": "Point", "coordinates": [ 113.911, 30.544 ] } },
{ "type": "Feature", "properties": { "pt_id": "  7028", "trajectory_id": 7, "北京时间": "2026-05-10 19:00", "lon": 113.91, "lat": 30.43, "height": 0.0 }, "geometry": { "type": "Point", "coordinates": [ 113.91, 30.43 ] } },
{ "type": "Feature", "properties": { "pt_id": "  7029", "trajectory_id": 7, "北京时间": "2026-05-10 18:00", "lon": 113.896, "lat": 30.324, "height": 0.0 }, "geometry": { "type": "Point", "coordinates": [ 113.896, 30.324 ] } },
{ "type": "Feature", "properties": { "pt_id": "  7030", "trajectory_id": 7, "北京时间": "2026-05-10 17:00", "lon": 113.866, "lat": 30.221, "height": 0.0 }, "geometry": { "type": "Point", "coordinates": [ 113.866, 30.221 ] } },
{ "type": "Feature", "properties": { "pt_id": "  7031", "trajectory_id": 7, "北京时间": "2026-05-10 16:00", "lon": 113.819, "lat": 30.133, "height": 0.0 }, "geometry": { "type": "Point", "coordinates": [ 113.819, 30.133 ] } },
{ "type": "Feature", "properties": { "pt_id": "  7032", "trajectory_id": 7, "北京时间": "2026-05-10 15:00", "lon": 113.76, "lat": 30.06, "height": 0.0 }, "geometry": { "type": "Point", "coordinates": [ 113.76, 30.06 ] } },
{ "type": "Feature", "properties": { "pt_id": "  7033", "trajectory_id": 7, "北京时间": "2026-05-10 14:00", "lon": 113.694, "lat": 29.995, "height": 4.0 }, "geometry": { "type": "Point", "coordinates": [ 113.694, 29.995 ] } },
{ "type": "Feature", "properties": { "pt_id": "  7034", "trajectory_id": 7, "北京时间": "2026-05-10 13:00", "lon": 113.63, "lat": 29.938, "height": 8.0 }, "geometry": { "type": "Point", "coordinates": [ 113.63, 29.938 ] } },
{ "type": "Feature", "properties": { "pt_id": "  7035", "trajectory_id": 7, "北京时间": "2026-05-10 12:00", "lon": 113.569, "lat": 29.889, "height": 10.0 }, "geometry": { "type": "Point", "coordinates": [ 113.569, 29.889 ] } },
{ "type": "Feature", "properties": { "pt_id": "  7036", "trajectory_id": 7, "北京时间": "2026-05-10 11:00", "lon": 113.507, "lat": 29.841, "height": 14.0 }, "geometry": { "type": "Point", "coordinates": [ 113.507, 29.841 ] } },
{ "type": "Feature", "properties": { "pt_id": "  7037", "trajectory_id": 7, "北京时间": "2026-05-10 10:00", "lon": 113.445, "lat": 29.794, "height": 18.0 }, "geometry": { "type": "Point", "coordinates": [ 113.445, 29.794 ] } },
{ "type": "Feature", "properties": { "pt_id": "  7038", "trajectory_id": 7, "北京时间": "2026-05-10 09:00", "lon": 113.386, "lat": 29.745, "height": 23.0 }, "geometry": { "type": "Point", "coordinates": [ 113.386, 29.745 ] } },
{ "type": "Feature", "properties": { "pt_id": "  7039", "trajectory_id": 7, "北京时间": "2026-05-10 08:00", "lon": 113.331, "lat": 29.692, "height": 25.0 }, "geometry": { "type": "Point", "coordinates": [ 113.331, 29.692 ] } },
{ "type": "Feature", "properties": { "pt_id": "  7040", "trajectory_id": 7, "北京时间": "2026-05-10 07:00", "lon": 113.282, "lat": 29.637, "height": 26.0 }, "geometry": { "type": "Point", "coordinates": [ 113.282, 29.637 ] } },
{ "type": "Feature", "properties": { "pt_id": "  7041", "trajectory_id": 7, "北京时间": "2026-05-10 06:00", "lon": 113.242, "lat": 29.581, "height": 27.0 }, "geometry": { "type": "Point", "coordinates": [ 113.242, 29.581 ] } },
{ "type": "Feature", "properties": { "pt_id": "  7042", "trajectory_id": 7, "北京时间": "2026-05-10 05:00", "lon": 113.208, "lat": 29.524, "height": 27.0 }, "geometry": { "type": "Point", "coordinates": [ 113.208, 29.524 ] } },
{ "type": "Feature", "properties": { "pt_id": "  7043", "trajectory_id": 7, "北京时间": "2026-05-10 04:00", "lon": 113.175, "lat": 29.468, "height": 24.0 }, "geometry": { "type": "Point", "coordinates": [ 113.175, 29.468 ] } },
{ "type": "Feature", "properties": { "pt_id": "  7044", "trajectory_id": 7, "北京时间": "2026-05-10 03:00", "lon": 113.137, "lat": 29.416, "height": 18.0 }, "geometry": { "type": "Point", "coordinates": [ 113.137, 29.416 ] } },
{ "type": "Feature", "properties": { "pt_id": "  7045", "trajectory_id": 7, "北京时间": "2026-05-10 02:00", "lon": 113.096, "lat": 29.371, "height": 11.0 }, "geometry": { "type": "Point", "coordinates": [ 113.096, 29.371 ] } },
{ "type": "Feature", "properties": { "pt_id": "  7046", "trajectory_id": 7, "北京时间": "2026-05-10 01:00", "lon": 113.057, "lat": 29.324, "height": 8.0 }, "geometry": { "type": "Point", "coordinates": [ 113.057, 29.324 ] } },
{ "type": "Feature", "properties": { "pt_id": "  7047", "trajectory_id": 7, "北京时间": "2026-05-10 00:00", "lon": 113.033, "lat": 29.269, "height": 9.0 }, "geometry": { "type": "Point", "coordinates": [ 113.033, 29.269 ] } },
{ "type": "Feature", "properties": { "pt_id": "  7048", "trajectory_id": 7, "北京时间": "2026-05-09 23:00", "lon": 113.028, "lat": 29.201, "height": 17.0 }, "geometry": { "type": "Point", "coordinates": [ 113.028, 29.201 ] } },
{ "type": "Feature", "properties": { "pt_id": "  7049", "trajectory_id": 7, "北京时间": "2026-05-09 22:00", "lon": 113.033, "lat": 29.132, "height": 24.0 }, "geometry": { "type": "Point", "coordinates": [ 113.033, 29.132 ] } },
{ "type": "Feature", "properties": { "pt_id": "  7050", "trajectory_id": 7, "北京时间": "2026-05-09 21:00", "lon": 113.036, "lat": 29.085, "height": 30.0 }, "geometry": { "type": "Point", "coordinates": [ 113.036, 29.085 ] } },
{ "type": "Feature", "properties": { "pt_id": "  7051", "trajectory_id": 7, "北京时间": "2026-05-09 20:00", "lon": 113.033, "lat": 29.069, "height": 35.0 }, "geometry": { "type": "Point", "coordinates": [ 113.033, 29.069 ] } },
{ "type": "Feature", "properties": { "pt_id": "  7052", "trajectory_id": 7, "北京时间": "2026-05-09 19:00", "lon": 113.026, "lat": 29.086, "height": 40.0 }, "geometry": { "type": "Point", "coordinates": [ 113.026, 29.086 ] } },
{ "type": "Feature", "properties": { "pt_id": "  7053", "trajectory_id": 7, "北京时间": "2026-05-09 18:00", "lon": 113.015, "lat": 29.136, "height": 42.0 }, "geometry": { "type": "Point", "coordinates": [ 113.015, 29.136 ] } },
{ "type": "Feature", "properties": { "pt_id": "  7054", "trajectory_id": 7, "北京时间": "2026-05-09 17:00", "lon": 113.007, "lat": 29.219, "height": 42.0 }, "geometry": { "type": "Point", "coordinates": [ 113.007, 29.219 ] } },
{ "type": "Feature", "properties": { "pt_id": "  7055", "trajectory_id": 7, "北京时间": "2026-05-09 16:00", "lon": 113.013, "lat": 29.325, "height": 40.0 }, "geometry": { "type": "Point", "coordinates": [ 113.013, 29.325 ] } },
{ "type": "Feature", "properties": { "pt_id": "  7056", "trajectory_id": 7, "北京时间": "2026-05-09 15:00", "lon": 113.037, "lat": 29.442, "height": 39.0 }, "geometry": { "type": "Point", "coordinates": [ 113.037, 29.442 ] } },
{ "type": "Feature", "properties": { "pt_id": "  7057", "trajectory_id": 7, "北京时间": "2026-05-09 14:00", "lon": 113.073, "lat": 29.558, "height": 38.0 }, "geometry": { "type": "Point", "coordinates": [ 113.073, 29.558 ] } },
{ "type": "Feature", "properties": { "pt_id": "  7058", "trajectory_id": 7, "北京时间": "2026-05-09 13:00", "lon": 113.123, "lat": 29.678, "height": 36.0 }, "geometry": { "type": "Point", "coordinates": [ 113.123, 29.678 ] } },
{ "type": "Feature", "properties": { "pt_id": "  7059", "trajectory_id": 7, "北京时间": "2026-05-09 12:00", "lon": 113.191, "lat": 29.808, "height": 31.0 }, "geometry": { "type": "Point", "coordinates": [ 113.191, 29.808 ] } },
{ "type": "Feature", "properties": { "pt_id": "  7060", "trajectory_id": 7, "北京时间": "2026-05-09 11:00", "lon": 113.263, "lat": 29.948, "height": 30.0 }, "geometry": { "type": "Point", "coordinates": [ 113.263, 29.948 ] } },
{ "type": "Feature", "properties": { "pt_id": "  7061", "trajectory_id": 7, "北京时间": "2026-05-09 10:00", "lon": 113.334, "lat": 30.102, "height": 39.0 }, "geometry": { "type": "Point", "coordinates": [ 113.334, 30.102 ] } },
{ "type": "Feature", "properties": { "pt_id": "  7062", "trajectory_id": 7, "北京时间": "2026-05-09 09:00", "lon": 113.394, "lat": 30.266, "height": 40.0 }, "geometry": { "type": "Point", "coordinates": [ 113.394, 30.266 ] } },
{ "type": "Feature", "properties": { "pt_id": "  7063", "trajectory_id": 7, "北京时间": "2026-05-09 08:00", "lon": 113.44, "lat": 30.455, "height": 40.0 }, "geometry": { "type": "Point", "coordinates": [ 113.44, 30.455 ] } },
{ "type": "Feature", "properties": { "pt_id": "  7064", "trajectory_id": 7, "北京时间": "2026-05-09 07:00", "lon": 113.481, "lat": 30.667, "height": 43.0 }, "geometry": { "type": "Point", "coordinates": [ 113.481, 30.667 ] } },
{ "type": "Feature", "properties": { "pt_id": "  7065", "trajectory_id": 7, "北京时间": "2026-05-09 06:00", "lon": 113.524, "lat": 30.896, "height": 58.0 }, "geometry": { "type": "Point", "coordinates": [ 113.524, 30.896 ] } },
{ "type": "Feature", "properties": { "pt_id": "  7066", "trajectory_id": 7, "北京时间": "2026-05-09 05:00", "lon": 113.584, "lat": 31.122, "height": 69.0 }, "geometry": { "type": "Point", "coordinates": [ 113.584, 31.122 ] } },
{ "type": "Feature", "properties": { "pt_id": "  7067", "trajectory_id": 7, "北京时间": "2026-05-09 04:00", "lon": 113.696, "lat": 31.34, "height": 92.0 }, "geometry": { "type": "Point", "coordinates": [ 113.696, 31.34 ] } },
{ "type": "Feature", "properties": { "pt_id": "  7068", "trajectory_id": 7, "北京时间": "2026-05-09 03:00", "lon": 113.844, "lat": 31.522, "height": 121.0 }, "geometry": { "type": "Point", "coordinates": [ 113.844, 31.522 ] } },
{ "type": "Feature", "properties": { "pt_id": "  7069", "trajectory_id": 7, "北京时间": "2026-05-09 02:00", "lon": 114.031, "lat": 31.708, "height": 222.0 }, "geometry": { "type": "Point", "coordinates": [ 114.031, 31.708 ] } },
{ "type": "Feature", "properties": { "pt_id": "  7070", "trajectory_id": 7, "北京时间": "2026-05-09 01:00", "lon": 114.302, "lat": 31.952, "height": 188.0 }, "geometry": { "type": "Point", "coordinates": [ 114.302, 31.952 ] } },
{ "type": "Feature", "properties": { "pt_id": "  7071", "trajectory_id": 7, "北京时间": "2026-05-09 00:00", "lon": 114.531, "lat": 32.174, "height": 104.0 }, "geometry": { "type": "Point", "coordinates": [ 114.531, 32.174 ] } },
{ "type": "Feature", "properties": { "pt_id": "  7072", "trajectory_id": 7, "北京时间": "2026-05-08 23:00", "lon": 114.751, "lat": 32.392, "height": 96.0 }, "geometry": { "type": "Point", "coordinates": [ 114.751, 32.392 ] } },
{ "type": "Feature", "properties": { "pt_id": "  8000", "trajectory_id": 8, "北京时间": "2026-05-10 23:00", "lon": 113.942, "lat": 30.907, "height": 10.0 }, "geometry": { "type": "Point", "coordinates": [ 113.942, 30.907 ] } },
{ "type": "Feature", "properties": { "pt_id": "  8029", "trajectory_id": 8, "北京时间": "2026-05-10 22:00", "lon": 113.889, "lat": 30.796, "height": 5.0 }, "geometry": { "type": "Point", "coordinates": [ 113.889, 30.796 ] } },
{ "type": "Feature", "properties": { "pt_id": "  8030", "trajectory_id": 8, "北京时间": "2026-05-10 21:00", "lon": 113.826, "lat": 30.694, "height": 3.0 }, "geometry": { "type": "Point", "coordinates": [ 113.826, 30.694 ] } },
{ "type": "Feature", "properties": { "pt_id": "  8031", "trajectory_id": 8, "北京时间": "2026-05-10 20:00", "lon": 113.759, "lat": 30.601, "height": 0.0 }, "geometry": { "type": "Point", "coordinates": [ 113.759, 30.601 ] } },
{ "type": "Feature", "properties": { "pt_id": "  8032", "trajectory_id": 8, "北京时间": "2026-05-10 19:00", "lon": 113.689, "lat": 30.515, "height": 0.0 }, "geometry": { "type": "Point", "coordinates": [ 113.689, 30.515 ] } },
{ "type": "Feature", "properties": { "pt_id": "  8033", "trajectory_id": 8, "北京时间": "2026-05-10 18:00", "lon": 113.613, "lat": 30.435, "height": 0.0 }, "geometry": { "type": "Point", "coordinates": [ 113.613, 30.435 ] } },
{ "type": "Feature", "properties": { "pt_id": "  8034", "trajectory_id": 8, "北京时间": "2026-05-10 17:00", "lon": 113.536, "lat": 30.362, "height": 0.0 }, "geometry": { "type": "Point", "coordinates": [ 113.536, 30.362 ] } },
{ "type": "Feature", "properties": { "pt_id": "  8035", "trajectory_id": 8, "北京时间": "2026-05-10 16:00", "lon": 113.465, "lat": 30.299, "height": 0.0 }, "geometry": { "type": "Point", "coordinates": [ 113.465, 30.299 ] } },
{ "type": "Feature", "properties": { "pt_id": "  8036", "trajectory_id": 8, "北京时间": "2026-05-10 15:00", "lon": 113.399, "lat": 30.244, "height": 0.0 }, "geometry": { "type": "Point", "coordinates": [ 113.399, 30.244 ] } },
{ "type": "Feature", "properties": { "pt_id": "  8037", "trajectory_id": 8, "北京时间": "2026-05-10 14:00", "lon": 113.337, "lat": 30.194, "height": 0.0 }, "geometry": { "type": "Point", "coordinates": [ 113.337, 30.194 ] } },
{ "type": "Feature", "properties": { "pt_id": "  8038", "trajectory_id": 8, "北京时间": "2026-05-10 13:00", "lon": 113.282, "lat": 30.146, "height": 0.0 }, "geometry": { "type": "Point", "coordinates": [ 113.282, 30.146 ] } },
{ "type": "Feature", "properties": { "pt_id": "  8039", "trajectory_id": 8, "北京时间": "2026-05-10 12:00", "lon": 113.233, "lat": 30.103, "height": 0.0 }, "geometry": { "type": "Point", "coordinates": [ 113.233, 30.103 ] } },
{ "type": "Feature", "properties": { "pt_id": "  8040", "trajectory_id": 8, "北京时间": "2026-05-10 11:00", "lon": 113.186, "lat": 30.064, "height": 0.0 }, "geometry": { "type": "Point", "coordinates": [ 113.186, 30.064 ] } },
{ "type": "Feature", "properties": { "pt_id": "  8041", "trajectory_id": 8, "北京时间": "2026-05-10 10:00", "lon": 113.138, "lat": 30.025, "height": 0.0 }, "geometry": { "type": "Point", "coordinates": [ 113.138, 30.025 ] } },
{ "type": "Feature", "properties": { "pt_id": "  8042", "trajectory_id": 8, "北京时间": "2026-05-10 09:00", "lon": 113.09, "lat": 29.987, "height": 0.0 }, "geometry": { "type": "Point", "coordinates": [ 113.09, 29.987 ] } },
{ "type": "Feature", "properties": { "pt_id": "  8043", "trajectory_id": 8, "北京时间": "2026-05-10 08:00", "lon": 113.039, "lat": 29.951, "height": 0.0 }, "geometry": { "type": "Point", "coordinates": [ 113.039, 29.951 ] } },
{ "type": "Feature", "properties": { "pt_id": "  8044", "trajectory_id": 8, "北京时间": "2026-05-10 07:00", "lon": 112.981, "lat": 29.916, "height": 0.0 }, "geometry": { "type": "Point", "coordinates": [ 112.981, 29.916 ] } },
{ "type": "Feature", "properties": { "pt_id": "  8045", "trajectory_id": 8, "北京时间": "2026-05-10 06:00", "lon": 112.916, "lat": 29.885, "height": 0.0 }, "geometry": { "type": "Point", "coordinates": [ 112.916, 29.885 ] } },
{ "type": "Feature", "properties": { "pt_id": "  8046", "trajectory_id": 8, "北京时间": "2026-05-10 05:00", "lon": 112.852, "lat": 29.854, "height": 0.0 }, "geometry": { "type": "Point", "coordinates": [ 112.852, 29.854 ] } },
{ "type": "Feature", "properties": { "pt_id": "  8047", "trajectory_id": 8, "北京时间": "2026-05-10 04:00", "lon": 112.805, "lat": 29.828, "height": 0.0 }, "geometry": { "type": "Point", "coordinates": [ 112.805, 29.828 ] } },
{ "type": "Feature", "properties": { "pt_id": "  8048", "trajectory_id": 8, "北京时间": "2026-05-10 03:00", "lon": 112.78, "lat": 29.81, "height": 1.0 }, "geometry": { "type": "Point", "coordinates": [ 112.78, 29.81 ] } },
{ "type": "Feature", "properties": { "pt_id": "  8049", "trajectory_id": 8, "北京时间": "2026-05-10 02:00", "lon": 112.758, "lat": 29.788, "height": 4.0 }, "geometry": { "type": "Point", "coordinates": [ 112.758, 29.788 ] } },
{ "type": "Feature", "properties": { "pt_id": "  8050", "trajectory_id": 8, "北京时间": "2026-05-10 01:00", "lon": 112.725, "lat": 29.749, "height": 10.0 }, "geometry": { "type": "Point", "coordinates": [ 112.725, 29.749 ] } },
{ "type": "Feature", "properties": { "pt_id": "  8051", "trajectory_id": 8, "北京时间": "2026-05-10 00:00", "lon": 112.684, "lat": 29.697, "height": 21.0 }, "geometry": { "type": "Point", "coordinates": [ 112.684, 29.697 ] } },
{ "type": "Feature", "properties": { "pt_id": "  8052", "trajectory_id": 8, "北京时间": "2026-05-09 23:00", "lon": 112.648, "lat": 29.677, "height": 33.0 }, "geometry": { "type": "Point", "coordinates": [ 112.648, 29.677 ] } },
{ "type": "Feature", "properties": { "pt_id": "  8053", "trajectory_id": 8, "北京时间": "2026-05-09 22:00", "lon": 112.611, "lat": 29.711, "height": 45.0 }, "geometry": { "type": "Point", "coordinates": [ 112.611, 29.711 ] } },
{ "type": "Feature", "properties": { "pt_id": "  8054", "trajectory_id": 8, "北京时间": "2026-05-09 21:00", "lon": 112.57, "lat": 29.803, "height": 59.0 }, "geometry": { "type": "Point", "coordinates": [ 112.57, 29.803 ] } },
{ "type": "Feature", "properties": { "pt_id": "  8055", "trajectory_id": 8, "北京时间": "2026-05-09 20:00", "lon": 112.543, "lat": 29.919, "height": 73.0 }, "geometry": { "type": "Point", "coordinates": [ 112.543, 29.919 ] } },
{ "type": "Feature", "properties": { "pt_id": "  8056", "trajectory_id": 8, "北京时间": "2026-05-09 19:00", "lon": 112.541, "lat": 30.039, "height": 77.0 }, "geometry": { "type": "Point", "coordinates": [ 112.541, 30.039 ] } },
{ "type": "Feature", "properties": { "pt_id": "  8057", "trajectory_id": 8, "北京时间": "2026-05-09 18:00", "lon": 112.554, "lat": 30.173, "height": 80.0 }, "geometry": { "type": "Point", "coordinates": [ 112.554, 30.173 ] } },
{ "type": "Feature", "properties": { "pt_id": "  8058", "trajectory_id": 8, "北京时间": "2026-05-09 17:00", "lon": 112.589, "lat": 30.317, "height": 91.0 }, "geometry": { "type": "Point", "coordinates": [ 112.589, 30.317 ] } },
{ "type": "Feature", "properties": { "pt_id": "  8059", "trajectory_id": 8, "北京时间": "2026-05-09 16:00", "lon": 112.662, "lat": 30.468, "height": 100.0 }, "geometry": { "type": "Point", "coordinates": [ 112.662, 30.468 ] } },
{ "type": "Feature", "properties": { "pt_id": "  8060", "trajectory_id": 8, "北京时间": "2026-05-09 15:00", "lon": 112.761, "lat": 30.639, "height": 94.0 }, "geometry": { "type": "Point", "coordinates": [ 112.761, 30.639 ] } },
{ "type": "Feature", "properties": { "pt_id": "  8061", "trajectory_id": 8, "北京时间": "2026-05-09 14:00", "lon": 112.842, "lat": 30.82, "height": 88.0 }, "geometry": { "type": "Point", "coordinates": [ 112.842, 30.82 ] } },
{ "type": "Feature", "properties": { "pt_id": "  8062", "trajectory_id": 8, "北京时间": "2026-05-09 13:00", "lon": 112.946, "lat": 31.034, "height": 154.0 }, "geometry": { "type": "Point", "coordinates": [ 112.946, 31.034 ] } },
{ "type": "Feature", "properties": { "pt_id": "  8063", "trajectory_id": 8, "北京时间": "2026-05-09 12:00", "lon": 113.129, "lat": 31.31, "height": 363.0 }, "geometry": { "type": "Point", "coordinates": [ 113.129, 31.31 ] } },
{ "type": "Feature", "properties": { "pt_id": "  8064", "trajectory_id": 8, "北京时间": "2026-05-09 11:00", "lon": 113.344, "lat": 31.579, "height": 393.0 }, "geometry": { "type": "Point", "coordinates": [ 113.344, 31.579 ] } },
{ "type": "Feature", "properties": { "pt_id": "  8065", "trajectory_id": 8, "北京时间": "2026-05-09 10:00", "lon": 113.593, "lat": 31.817, "height": 458.0 }, "geometry": { "type": "Point", "coordinates": [ 113.593, 31.817 ] } },
{ "type": "Feature", "properties": { "pt_id": "  8066", "trajectory_id": 8, "北京时间": "2026-05-09 09:00", "lon": 113.93, "lat": 32.056, "height": 662.0 }, "geometry": { "type": "Point", "coordinates": [ 113.93, 32.056 ] } },
{ "type": "Feature", "properties": { "pt_id": "  8067", "trajectory_id": 8, "北京时间": "2026-05-09 08:00", "lon": 114.263, "lat": 32.25, "height": 582.0 }, "geometry": { "type": "Point", "coordinates": [ 114.263, 32.25 ] } },
{ "type": "Feature", "properties": { "pt_id": "  8068", "trajectory_id": 8, "北京时间": "2026-05-09 07:00", "lon": 114.594, "lat": 32.444, "height": 550.0 }, "geometry": { "type": "Point", "coordinates": [ 114.594, 32.444 ] } },
{ "type": "Feature", "properties": { "pt_id": "  8069", "trajectory_id": 8, "北京时间": "2026-05-09 06:00", "lon": 114.932, "lat": 32.68, "height": 495.0 }, "geometry": { "type": "Point", "coordinates": [ 114.932, 32.68 ] } },
{ "type": "Feature", "properties": { "pt_id": "  8070", "trajectory_id": 8, "北京时间": "2026-05-09 05:00", "lon": 115.305, "lat": 32.951, "height": 485.0 }, "geometry": { "type": "Point", "coordinates": [ 115.305, 32.951 ] } },
{ "type": "Feature", "properties": { "pt_id": "  8071", "trajectory_id": 8, "北京时间": "2026-05-09 04:00", "lon": 115.646, "lat": 33.215, "height": 568.0 }, "geometry": { "type": "Point", "coordinates": [ 115.646, 33.215 ] } },
{ "type": "Feature", "properties": { "pt_id": "  8072", "trajectory_id": 8, "北京时间": "2026-05-09 03:00", "lon": 115.933, "lat": 33.52, "height": 601.0 }, "geometry": { "type": "Point", "coordinates": [ 115.933, 33.52 ] } },
{ "type": "Feature", "properties": { "pt_id": "  8073", "trajectory_id": 8, "北京时间": "2026-05-09 02:00", "lon": 116.208, "lat": 33.865, "height": 659.0 }, "geometry": { "type": "Point", "coordinates": [ 116.208, 33.865 ] } },
{ "type": "Feature", "properties": { "pt_id": "  8074", "trajectory_id": 8, "北京时间": "2026-05-09 01:00", "lon": 116.43, "lat": 34.196, "height": 770.0 }, "geometry": { "type": "Point", "coordinates": [ 116.43, 34.196 ] } },
{ "type": "Feature", "properties": { "pt_id": "  8075", "trajectory_id": 8, "北京时间": "2026-05-09 00:00", "lon": 116.608, "lat": 34.522, "height": 915.0 }, "geometry": { "type": "Point", "coordinates": [ 116.608, 34.522 ] } },
{ "type": "Feature", "properties": { "pt_id": "  8076", "trajectory_id": 8, "北京时间": "2026-05-08 23:00", "lon": 116.748, "lat": 34.864, "height": 970.0 }, "geometry": { "type": "Point", "coordinates": [ 116.748, 34.864 ] } },
{ "type": "Feature", "properties": { "pt_id": "  9000", "trajectory_id": 9, "北京时间": "2026-05-10 23:00", "lon": 113.942, "lat": 30.907, "height": 10.0 }, "geometry": { "type": "Point", "coordinates": [ 113.942, 30.907 ] } },
{ "type": "Feature", "properties": { "pt_id": "  9033", "trajectory_id": 9, "北京时间": "2026-05-10 22:00", "lon": 113.852, "lat": 30.825, "height": 6.0 }, "geometry": { "type": "Point", "coordinates": [ 113.852, 30.825 ] } },
{ "type": "Feature", "properties": { "pt_id": "  9034", "trajectory_id": 9, "北京时间": "2026-05-10 21:00", "lon": 113.766, "lat": 30.752, "height": 5.0 }, "geometry": { "type": "Point", "coordinates": [ 113.766, 30.752 ] } },
{ "type": "Feature", "properties": { "pt_id": "  9035", "trajectory_id": 9, "北京时间": "2026-05-10 20:00", "lon": 113.686, "lat": 30.688, "height": 5.0 }, "geometry": { "type": "Point", "coordinates": [ 113.686, 30.688 ] } },
{ "type": "Feature", "properties": { "pt_id": "  9036", "trajectory_id": 9, "北京时间": "2026-05-10 19:00", "lon": 113.609, "lat": 30.633, "height": 4.0 }, "geometry": { "type": "Point", "coordinates": [ 113.609, 30.633 ] } },
{ "type": "Feature", "properties": { "pt_id": "  9037", "trajectory_id": 9, "北京时间": "2026-05-10 18:00", "lon": 113.536, "lat": 30.585, "height": 4.0 }, "geometry": { "type": "Point", "coordinates": [ 113.536, 30.585 ] } },
{ "type": "Feature", "properties": { "pt_id": "  9038", "trajectory_id": 9, "北京时间": "2026-05-10 17:00", "lon": 113.471, "lat": 30.541, "height": 4.0 }, "geometry": { "type": "Point", "coordinates": [ 113.471, 30.541 ] } },
{ "type": "Feature", "properties": { "pt_id": "  9039", "trajectory_id": 9, "北京时间": "2026-05-10 16:00", "lon": 113.41, "lat": 30.502, "height": 4.0 }, "geometry": { "type": "Point", "coordinates": [ 113.41, 30.502 ] } },
{ "type": "Feature", "properties": { "pt_id": "  9040", "trajectory_id": 9, "北京时间": "2026-05-10 15:00", "lon": 113.347, "lat": 30.467, "height": 4.0 }, "geometry": { "type": "Point", "coordinates": [ 113.347, 30.467 ] } },
{ "type": "Feature", "properties": { "pt_id": "  9041", "trajectory_id": 9, "北京时间": "2026-05-10 14:00", "lon": 113.278, "lat": 30.437, "height": 4.0 }, "geometry": { "type": "Point", "coordinates": [ 113.278, 30.437 ] } },
{ "type": "Feature", "properties": { "pt_id": "  9042", "trajectory_id": 9, "北京时间": "2026-05-10 13:00", "lon": 113.202, "lat": 30.41, "height": 4.0 }, "geometry": { "type": "Point", "coordinates": [ 113.202, 30.41 ] } },
{ "type": "Feature", "properties": { "pt_id": "  9043", "trajectory_id": 9, "北京时间": "2026-05-10 12:00", "lon": 113.123, "lat": 30.386, "height": 4.0 }, "geometry": { "type": "Point", "coordinates": [ 113.123, 30.386 ] } },
{ "type": "Feature", "properties": { "pt_id": "  9044", "trajectory_id": 9, "北京时间": "2026-05-10 11:00", "lon": 113.041, "lat": 30.365, "height": 3.0 }, "geometry": { "type": "Point", "coordinates": [ 113.041, 30.365 ] } },
{ "type": "Feature", "properties": { "pt_id": "  9045", "trajectory_id": 9, "北京时间": "2026-05-10 10:00", "lon": 112.954, "lat": 30.349, "height": 0.0 }, "geometry": { "type": "Point", "coordinates": [ 112.954, 30.349 ] } },
{ "type": "Feature", "properties": { "pt_id": "  9046", "trajectory_id": 9, "北京时间": "2026-05-10 09:00", "lon": 112.866, "lat": 30.33, "height": 0.0 }, "geometry": { "type": "Point", "coordinates": [ 112.866, 30.33 ] } },
{ "type": "Feature", "properties": { "pt_id": "  9047", "trajectory_id": 9, "北京时间": "2026-05-10 08:00", "lon": 112.773, "lat": 30.31, "height": 0.0 }, "geometry": { "type": "Point", "coordinates": [ 112.773, 30.31 ] } },
{ "type": "Feature", "properties": { "pt_id": "  9048", "trajectory_id": 9, "北京时间": "2026-05-10 07:00", "lon": 112.673, "lat": 30.296, "height": 0.0 }, "geometry": { "type": "Point", "coordinates": [ 112.673, 30.296 ] } },
{ "type": "Feature", "properties": { "pt_id": "  9049", "trajectory_id": 9, "北京时间": "2026-05-10 06:00", "lon": 112.573, "lat": 30.275, "height": 0.0 }, "geometry": { "type": "Point", "coordinates": [ 112.573, 30.275 ] } },
{ "type": "Feature", "properties": { "pt_id": "  9050", "trajectory_id": 9, "北京时间": "2026-05-10 05:00", "lon": 112.483, "lat": 30.235, "height": 0.0 }, "geometry": { "type": "Point", "coordinates": [ 112.483, 30.235 ] } },
{ "type": "Feature", "properties": { "pt_id": "  9051", "trajectory_id": 9, "北京时间": "2026-05-10 04:00", "lon": 112.402, "lat": 30.177, "height": 0.0 }, "geometry": { "type": "Point", "coordinates": [ 112.402, 30.177 ] } },
{ "type": "Feature", "properties": { "pt_id": "  9052", "trajectory_id": 9, "北京时间": "2026-05-10 03:00", "lon": 112.334, "lat": 30.12, "height": 2.0 }, "geometry": { "type": "Point", "coordinates": [ 112.334, 30.12 ] } },
{ "type": "Feature", "properties": { "pt_id": "  9053", "trajectory_id": 9, "北京时间": "2026-05-10 02:00", "lon": 112.276, "lat": 30.088, "height": 5.0 }, "geometry": { "type": "Point", "coordinates": [ 112.276, 30.088 ] } },
{ "type": "Feature", "properties": { "pt_id": "  9054", "trajectory_id": 9, "北京时间": "2026-05-10 01:00", "lon": 112.222, "lat": 30.084, "height": 8.0 }, "geometry": { "type": "Point", "coordinates": [ 112.222, 30.084 ] } },
{ "type": "Feature", "properties": { "pt_id": "  9055", "trajectory_id": 9, "北京时间": "2026-05-10 00:00", "lon": 112.165, "lat": 30.106, "height": 10.0 }, "geometry": { "type": "Point", "coordinates": [ 112.165, 30.106 ] } },
{ "type": "Feature", "properties": { "pt_id": "  9056", "trajectory_id": 9, "北京时间": "2026-05-09 23:00", "lon": 112.107, "lat": 30.151, "height": 15.0 }, "geometry": { "type": "Point", "coordinates": [ 112.107, 30.151 ] } },
{ "type": "Feature", "properties": { "pt_id": "  9057", "trajectory_id": 9, "北京时间": "2026-05-09 22:00", "lon": 112.047, "lat": 30.212, "height": 25.0 }, "geometry": { "type": "Point", "coordinates": [ 112.047, 30.212 ] } },
{ "type": "Feature", "properties": { "pt_id": "  9058", "trajectory_id": 9, "北京时间": "2026-05-09 21:00", "lon": 112.002, "lat": 30.287, "height": 39.0 }, "geometry": { "type": "Point", "coordinates": [ 112.002, 30.287 ] } },
{ "type": "Feature", "properties": { "pt_id": "  9059", "trajectory_id": 9, "北京时间": "2026-05-09 20:00", "lon": 111.994, "lat": 30.381, "height": 50.0 }, "geometry": { "type": "Point", "coordinates": [ 111.994, 30.381 ] } },
{ "type": "Feature", "properties": { "pt_id": "  9060", "trajectory_id": 9, "北京时间": "2026-05-09 19:00", "lon": 112.029, "lat": 30.512, "height": 66.0 }, "geometry": { "type": "Point", "coordinates": [ 112.029, 30.512 ] } },
{ "type": "Feature", "properties": { "pt_id": "  9061", "trajectory_id": 9, "北京时间": "2026-05-09 18:00", "lon": 112.096, "lat": 30.687, "height": 82.0 }, "geometry": { "type": "Point", "coordinates": [ 112.096, 30.687 ] } },
{ "type": "Feature", "properties": { "pt_id": "  9062", "trajectory_id": 9, "北京时间": "2026-05-09 17:00", "lon": 112.192, "lat": 30.896, "height": 111.0 }, "geometry": { "type": "Point", "coordinates": [ 112.192, 30.896 ] } },
{ "type": "Feature", "properties": { "pt_id": "  9063", "trajectory_id": 9, "北京时间": "2026-05-09 16:00", "lon": 112.307, "lat": 31.138, "height": 166.0 }, "geometry": { "type": "Point", "coordinates": [ 112.307, 31.138 ] } },
{ "type": "Feature", "properties": { "pt_id": "  9064", "trajectory_id": 9, "北京时间": "2026-05-09 15:00", "lon": 112.42, "lat": 31.353, "height": 176.0 }, "geometry": { "type": "Point", "coordinates": [ 112.42, 31.353 ] } },
{ "type": "Feature", "properties": { "pt_id": "  9065", "trajectory_id": 9, "北京时间": "2026-05-09 14:00", "lon": 112.582, "lat": 31.537, "height": 231.0 }, "geometry": { "type": "Point", "coordinates": [ 112.582, 31.537 ] } },
{ "type": "Feature", "properties": { "pt_id": "  9066", "trajectory_id": 9, "北京时间": "2026-05-09 13:00", "lon": 112.818, "lat": 31.708, "height": 354.0 }, "geometry": { "type": "Point", "coordinates": [ 112.818, 31.708 ] } },
{ "type": "Feature", "properties": { "pt_id": "  9067", "trajectory_id": 9, "北京时间": "2026-05-09 12:00", "lon": 113.081, "lat": 31.874, "height": 364.0 }, "geometry": { "type": "Point", "coordinates": [ 113.081, 31.874 ] } },
{ "type": "Feature", "properties": { "pt_id": "  9068", "trajectory_id": 9, "北京时间": "2026-05-09 11:00", "lon": 113.355, "lat": 32.062, "height": 416.0 }, "geometry": { "type": "Point", "coordinates": [ 113.355, 32.062 ] } },
{ "type": "Feature", "properties": { "pt_id": "  9069", "trajectory_id": 9, "北京时间": "2026-05-09 10:00", "lon": 113.678, "lat": 32.27, "height": 462.0 }, "geometry": { "type": "Point", "coordinates": [ 113.678, 32.27 ] } },
{ "type": "Feature", "properties": { "pt_id": "  9070", "trajectory_id": 9, "北京时间": "2026-05-09 09:00", "lon": 114.012, "lat": 32.476, "height": 357.0 }, "geometry": { "type": "Point", "coordinates": [ 114.012, 32.476 ] } },
{ "type": "Feature", "properties": { "pt_id": "  9071", "trajectory_id": 9, "北京时间": "2026-05-09 08:00", "lon": 114.337, "lat": 32.696, "height": 340.0 }, "geometry": { "type": "Point", "coordinates": [ 114.337, 32.696 ] } },
{ "type": "Feature", "properties": { "pt_id": "  9072", "trajectory_id": 9, "北京时间": "2026-05-09 07:00", "lon": 114.648, "lat": 32.934, "height": 347.0 }, "geometry": { "type": "Point", "coordinates": [ 114.648, 32.934 ] } },
{ "type": "Feature", "properties": { "pt_id": "  9073", "trajectory_id": 9, "北京时间": "2026-05-09 06:00", "lon": 114.933, "lat": 33.198, "height": 390.0 }, "geometry": { "type": "Point", "coordinates": [ 114.933, 33.198 ] } },
{ "type": "Feature", "properties": { "pt_id": "  9074", "trajectory_id": 9, "北京时间": "2026-05-09 05:00", "lon": 115.198, "lat": 33.495, "height": 442.0 }, "geometry": { "type": "Point", "coordinates": [ 115.198, 33.495 ] } },
{ "type": "Feature", "properties": { "pt_id": "  9075", "trajectory_id": 9, "北京时间": "2026-05-09 04:00", "lon": 115.435, "lat": 33.811, "height": 504.0 }, "geometry": { "type": "Point", "coordinates": [ 115.435, 33.811 ] } },
{ "type": "Feature", "properties": { "pt_id": "  9076", "trajectory_id": 9, "北京时间": "2026-05-09 03:00", "lon": 115.641, "lat": 34.159, "height": 566.0 }, "geometry": { "type": "Point", "coordinates": [ 115.641, 34.159 ] } },
{ "type": "Feature", "properties": { "pt_id": "  9077", "trajectory_id": 9, "北京时间": "2026-05-09 02:00", "lon": 115.8, "lat": 34.535, "height": 659.0 }, "geometry": { "type": "Point", "coordinates": [ 115.8, 34.535 ] } },
{ "type": "Feature", "properties": { "pt_id": "  9078", "trajectory_id": 9, "北京时间": "2026-05-09 01:00", "lon": 115.907, "lat": 34.923, "height": 773.0 }, "geometry": { "type": "Point", "coordinates": [ 115.907, 34.923 ] } },
{ "type": "Feature", "properties": { "pt_id": "  9079", "trajectory_id": 9, "北京时间": "2026-05-09 00:00", "lon": 115.977, "lat": 35.318, "height": 857.0 }, "geometry": { "type": "Point", "coordinates": [ 115.977, 35.318 ] } },
{ "type": "Feature", "properties": { "pt_id": "  9080", "trajectory_id": 9, "北京时间": "2026-05-08 23:00", "lon": 116.013, "lat": 35.714, "height": 990.0 }, "geometry": { "type": "Point", "coordinates": [ 116.013, 35.714 ] } },
{ "type": "Feature", "properties": { "pt_id": " 10000", "trajectory_id": 10, "北京时间": "2026-05-10 23:00", "lon": 113.942, "lat": 30.907, "height": 10.0 }, "geometry": { "type": "Point", "coordinates": [ 113.942, 30.907 ] } },
{ "type": "Feature", "properties": { "pt_id": " 10037", "trajectory_id": 10, "北京时间": "2026-05-10 22:00", "lon": 113.881, "lat": 30.837, "height": 10.0 }, "geometry": { "type": "Point", "coordinates": [ 113.881, 30.837 ] } },
{ "type": "Feature", "properties": { "pt_id": " 10038", "trajectory_id": 10, "北京时间": "2026-05-10 21:00", "lon": 113.829, "lat": 30.774, "height": 10.0 }, "geometry": { "type": "Point", "coordinates": [ 113.829, 30.774 ] } },
{ "type": "Feature", "properties": { "pt_id": " 10039", "trajectory_id": 10, "北京时间": "2026-05-10 20:00", "lon": 113.786, "lat": 30.716, "height": 10.0 }, "geometry": { "type": "Point", "coordinates": [ 113.786, 30.716 ] } },
{ "type": "Feature", "properties": { "pt_id": " 10040", "trajectory_id": 10, "北京时间": "2026-05-10 19:00", "lon": 113.745, "lat": 30.668, "height": 10.0 }, "geometry": { "type": "Point", "coordinates": [ 113.745, 30.668 ] } },
{ "type": "Feature", "properties": { "pt_id": " 10041", "trajectory_id": 10, "北京时间": "2026-05-10 18:00", "lon": 113.694, "lat": 30.629, "height": 10.0 }, "geometry": { "type": "Point", "coordinates": [ 113.694, 30.629 ] } },
{ "type": "Feature", "properties": { "pt_id": " 10042", "trajectory_id": 10, "北京时间": "2026-05-10 17:00", "lon": 113.632, "lat": 30.597, "height": 10.0 }, "geometry": { "type": "Point", "coordinates": [ 113.632, 30.597 ] } },
{ "type": "Feature", "properties": { "pt_id": " 10043", "trajectory_id": 10, "北京时间": "2026-05-10 16:00", "lon": 113.561, "lat": 30.571, "height": 10.0 }, "geometry": { "type": "Point", "coordinates": [ 113.561, 30.571 ] } },
{ "type": "Feature", "properties": { "pt_id": " 10044", "trajectory_id": 10, "北京时间": "2026-05-10 15:00", "lon": 113.484, "lat": 30.547, "height": 10.0 }, "geometry": { "type": "Point", "coordinates": [ 113.484, 30.547 ] } },
{ "type": "Feature", "properties": { "pt_id": " 10045", "trajectory_id": 10, "北京时间": "2026-05-10 14:00", "lon": 113.406, "lat": 30.529, "height": 10.0 }, "geometry": { "type": "Point", "coordinates": [ 113.406, 30.529 ] } },
{ "type": "Feature", "properties": { "pt_id": " 10046", "trajectory_id": 10, "北京时间": "2026-05-10 13:00", "lon": 113.329, "lat": 30.513, "height": 9.0 }, "geometry": { "type": "Point", "coordinates": [ 113.329, 30.513 ] } },
{ "type": "Feature", "properties": { "pt_id": " 10047", "trajectory_id": 10, "北京时间": "2026-05-10 12:00", "lon": 113.258, "lat": 30.494, "height": 6.0 }, "geometry": { "type": "Point", "coordinates": [ 113.258, 30.494 ] } },
{ "type": "Feature", "properties": { "pt_id": " 10048", "trajectory_id": 10, "北京时间": "2026-05-10 11:00", "lon": 113.192, "lat": 30.47, "height": 2.0 }, "geometry": { "type": "Point", "coordinates": [ 113.192, 30.47 ] } },
{ "type": "Feature", "properties": { "pt_id": " 10049", "trajectory_id": 10, "北京时间": "2026-05-10 10:00", "lon": 113.129, "lat": 30.441, "height": 0.0 }, "geometry": { "type": "Point", "coordinates": [ 113.129, 30.441 ] } },
{ "type": "Feature", "properties": { "pt_id": " 10050", "trajectory_id": 10, "北京时间": "2026-05-10 09:00", "lon": 113.071, "lat": 30.41, "height": 1.0 }, "geometry": { "type": "Point", "coordinates": [ 113.071, 30.41 ] } },
{ "type": "Feature", "properties": { "pt_id": " 10051", "trajectory_id": 10, "北京时间": "2026-05-10 08:00", "lon": 113.018, "lat": 30.378, "height": 6.0 }, "geometry": { "type": "Point", "coordinates": [ 113.018, 30.378 ] } },
{ "type": "Feature", "properties": { "pt_id": " 10052", "trajectory_id": 10, "北京时间": "2026-05-10 07:00", "lon": 112.981, "lat": 30.358, "height": 11.0 }, "geometry": { "type": "Point", "coordinates": [ 112.981, 30.358 ] } },
{ "type": "Feature", "properties": { "pt_id": " 10053", "trajectory_id": 10, "北京时间": "2026-05-10 06:00", "lon": 112.972, "lat": 30.362, "height": 15.0 }, "geometry": { "type": "Point", "coordinates": [ 112.972, 30.362 ] } },
{ "type": "Feature", "properties": { "pt_id": " 10054", "trajectory_id": 10, "北京时间": "2026-05-10 05:00", "lon": 112.993, "lat": 30.389, "height": 21.0 }, "geometry": { "type": "Point", "coordinates": [ 112.993, 30.389 ] } },
{ "type": "Feature", "properties": { "pt_id": " 10055", "trajectory_id": 10, "北京时间": "2026-05-10 04:00", "lon": 113.04, "lat": 30.443, "height": 27.0 }, "geometry": { "type": "Point", "coordinates": [ 113.04, 30.443 ] } },
{ "type": "Feature", "properties": { "pt_id": " 10056", "trajectory_id": 10, "北京时间": "2026-05-10 03:00", "lon": 113.103, "lat": 30.518, "height": 31.0 }, "geometry": { "type": "Point", "coordinates": [ 113.103, 30.518 ] } },
{ "type": "Feature", "properties": { "pt_id": " 10057", "trajectory_id": 10, "北京时间": "2026-05-10 02:00", "lon": 113.192, "lat": 30.616, "height": 35.0 }, "geometry": { "type": "Point", "coordinates": [ 113.192, 30.616 ] } },
{ "type": "Feature", "properties": { "pt_id": " 10058", "trajectory_id": 10, "北京时间": "2026-05-10 01:00", "lon": 113.308, "lat": 30.742, "height": 38.0 }, "geometry": { "type": "Point", "coordinates": [ 113.308, 30.742 ] } },
{ "type": "Feature", "properties": { "pt_id": " 10059", "trajectory_id": 10, "北京时间": "2026-05-10 00:00", "lon": 113.427, "lat": 30.912, "height": 48.0 }, "geometry": { "type": "Point", "coordinates": [ 113.427, 30.912 ] } },
{ "type": "Feature", "properties": { "pt_id": " 10060", "trajectory_id": 10, "北京时间": "2026-05-09 23:00", "lon": 113.52, "lat": 31.138, "height": 76.0 }, "geometry": { "type": "Point", "coordinates": [ 113.52, 31.138 ] } },
{ "type": "Feature", "properties": { "pt_id": " 10061", "trajectory_id": 10, "北京时间": "2026-05-09 22:00", "lon": 113.592, "lat": 31.369, "height": 118.0 }, "geometry": { "type": "Point", "coordinates": [ 113.592, 31.369 ] } },
{ "type": "Feature", "properties": { "pt_id": " 10062", "trajectory_id": 10, "北京时间": "2026-05-09 21:00", "lon": 113.656, "lat": 31.573, "height": 134.0 }, "geometry": { "type": "Point", "coordinates": [ 113.656, 31.573 ] } },
{ "type": "Feature", "properties": { "pt_id": " 10063", "trajectory_id": 10, "北京时间": "2026-05-09 20:00", "lon": 113.753, "lat": 31.768, "height": 248.0 }, "geometry": { "type": "Point", "coordinates": [ 113.753, 31.768 ] } },
{ "type": "Feature", "properties": { "pt_id": " 10064", "trajectory_id": 10, "北京时间": "2026-05-09 19:00", "lon": 113.94, "lat": 31.977, "height": 388.0 }, "geometry": { "type": "Point", "coordinates": [ 113.94, 31.977 ] } },
{ "type": "Feature", "properties": { "pt_id": " 10065", "trajectory_id": 10, "北京时间": "2026-05-09 18:00", "lon": 114.16, "lat": 32.149, "height": 260.0 }, "geometry": { "type": "Point", "coordinates": [ 114.16, 32.149 ] } },
{ "type": "Feature", "properties": { "pt_id": " 10066", "trajectory_id": 10, "北京时间": "2026-05-09 17:00", "lon": 114.428, "lat": 32.3, "height": 199.0 }, "geometry": { "type": "Point", "coordinates": [ 114.428, 32.3 ] } },
{ "type": "Feature", "properties": { "pt_id": " 10067", "trajectory_id": 10, "北京时间": "2026-05-09 16:00", "lon": 114.72, "lat": 32.452, "height": 166.0 }, "geometry": { "type": "Point", "coordinates": [ 114.72, 32.452 ] } },
{ "type": "Feature", "properties": { "pt_id": " 10068", "trajectory_id": 10, "北京时间": "2026-05-09 15:00", "lon": 115.02, "lat": 32.615, "height": 157.0 }, "geometry": { "type": "Point", "coordinates": [ 115.02, 32.615 ] } },
{ "type": "Feature", "properties": { "pt_id": " 10069", "trajectory_id": 10, "北京时间": "2026-05-09 14:00", "lon": 115.321, "lat": 32.84, "height": 157.0 }, "geometry": { "type": "Point", "coordinates": [ 115.321, 32.84 ] } },
{ "type": "Feature", "properties": { "pt_id": " 10070", "trajectory_id": 10, "北京时间": "2026-05-09 13:00", "lon": 115.616, "lat": 33.102, "height": 164.0 }, "geometry": { "type": "Point", "coordinates": [ 115.616, 33.102 ] } },
{ "type": "Feature", "properties": { "pt_id": " 10071", "trajectory_id": 10, "北京时间": "2026-05-09 12:00", "lon": 115.881, "lat": 33.364, "height": 168.0 }, "geometry": { "type": "Point", "coordinates": [ 115.881, 33.364 ] } },
{ "type": "Feature", "properties": { "pt_id": " 10072", "trajectory_id": 10, "北京时间": "2026-05-09 11:00", "lon": 116.104, "lat": 33.69, "height": 183.0 }, "geometry": { "type": "Point", "coordinates": [ 116.104, 33.69 ] } },
{ "type": "Feature", "properties": { "pt_id": " 10073", "trajectory_id": 10, "北京时间": "2026-05-09 10:00", "lon": 116.306, "lat": 34.06, "height": 187.0 }, "geometry": { "type": "Point", "coordinates": [ 116.306, 34.06 ] } },
{ "type": "Feature", "properties": { "pt_id": " 10074", "trajectory_id": 10, "北京时间": "2026-05-09 09:00", "lon": 116.468, "lat": 34.407, "height": 222.0 }, "geometry": { "type": "Point", "coordinates": [ 116.468, 34.407 ] } },
{ "type": "Feature", "properties": { "pt_id": " 10075", "trajectory_id": 10, "北京时间": "2026-05-09 08:00", "lon": 116.567, "lat": 34.771, "height": 280.0 }, "geometry": { "type": "Point", "coordinates": [ 116.567, 34.771 ] } },
{ "type": "Feature", "properties": { "pt_id": " 10076", "trajectory_id": 10, "北京时间": "2026-05-09 07:00", "lon": 116.627, "lat": 35.144, "height": 309.0 }, "geometry": { "type": "Point", "coordinates": [ 116.627, 35.144 ] } },
{ "type": "Feature", "properties": { "pt_id": " 10077", "trajectory_id": 10, "北京时间": "2026-05-09 06:00", "lon": 116.677, "lat": 35.502, "height": 334.0 }, "geometry": { "type": "Point", "coordinates": [ 116.677, 35.502 ] } },
{ "type": "Feature", "properties": { "pt_id": " 10078", "trajectory_id": 10, "北京时间": "2026-05-09 05:00", "lon": 116.719, "lat": 35.856, "height": 420.0 }, "geometry": { "type": "Point", "coordinates": [ 116.719, 35.856 ] } },
{ "type": "Feature", "properties": { "pt_id": " 10079", "trajectory_id": 10, "北京时间": "2026-05-09 04:00", "lon": 116.742, "lat": 36.223, "height": 541.0 }, "geometry": { "type": "Point", "coordinates": [ 116.742, 36.223 ] } },
{ "type": "Feature", "properties": { "pt_id": " 10080", "trajectory_id": 10, "北京时间": "2026-05-09 03:00", "lon": 116.767, "lat": 36.598, "height": 521.0 }, "geometry": { "type": "Point", "coordinates": [ 116.767, 36.598 ] } },
{ "type": "Feature", "properties": { "pt_id": " 10081", "trajectory_id": 10, "北京时间": "2026-05-09 02:00", "lon": 116.801, "lat": 36.956, "height": 489.0 }, "geometry": { "type": "Point", "coordinates": [ 116.801, 36.956 ] } },
{ "type": "Feature", "properties": { "pt_id": " 10082", "trajectory_id": 10, "北京时间": "2026-05-09 01:00", "lon": 116.821, "lat": 37.324, "height": 470.0 }, "geometry": { "type": "Point", "coordinates": [ 116.821, 37.324 ] } },
{ "type": "Feature", "properties": { "pt_id": " 10083", "trajectory_id": 10, "北京时间": "2026-05-09 00:00", "lon": 116.838, "lat": 37.717, "height": 476.0 }, "geometry": { "type": "Point", "coordinates": [ 116.838, 37.717 ] } },
{ "type": "Feature", "properties": { "pt_id": " 10084", "trajectory_id": 10, "北京时间": "2026-05-08 23:00", "lon": 116.87, "lat": 38.132, "height": 484.0 }, "geometry": { "type": "Point", "coordinates": [ 116.87, 38.132 ] } },
{ "type": "Feature", "properties": { "pt_id": " 11000", "trajectory_id": 11, "北京时间": "2026-05-10 23:00", "lon": 113.942, "lat": 30.907, "height": 10.0 }, "geometry": { "type": "Point", "coordinates": [ 113.942, 30.907 ] } },
{ "type": "Feature", "properties": { "pt_id": " 11041", "trajectory_id": 11, "北京时间": "2026-05-10 22:00", "lon": 113.905, "lat": 30.856, "height": 10.0 }, "geometry": { "type": "Point", "coordinates": [ 113.905, 30.856 ] } },
{ "type": "Feature", "properties": { "pt_id": " 11042", "trajectory_id": 11, "北京时间": "2026-05-10 21:00", "lon": 113.856, "lat": 30.814, "height": 10.0 }, "geometry": { "type": "Point", "coordinates": [ 113.856, 30.814 ] } },
{ "type": "Feature", "properties": { "pt_id": " 11043", "trajectory_id": 11, "北京时间": "2026-05-10 20:00", "lon": 113.797, "lat": 30.776, "height": 10.0 }, "geometry": { "type": "Point", "coordinates": [ 113.797, 30.776 ] } },
{ "type": "Feature", "properties": { "pt_id": " 11044", "trajectory_id": 11, "北京时间": "2026-05-10 19:00", "lon": 113.729, "lat": 30.735, "height": 10.0 }, "geometry": { "type": "Point", "coordinates": [ 113.729, 30.735 ] } },
{ "type": "Feature", "properties": { "pt_id": " 11045", "trajectory_id": 11, "北京时间": "2026-05-10 18:00", "lon": 113.654, "lat": 30.693, "height": 9.0 }, "geometry": { "type": "Point", "coordinates": [ 113.654, 30.693 ] } },
{ "type": "Feature", "properties": { "pt_id": " 11046", "trajectory_id": 11, "北京时间": "2026-05-10 17:00", "lon": 113.579, "lat": 30.653, "height": 8.0 }, "geometry": { "type": "Point", "coordinates": [ 113.579, 30.653 ] } },
{ "type": "Feature", "properties": { "pt_id": " 11047", "trajectory_id": 11, "北京时间": "2026-05-10 16:00", "lon": 113.506, "lat": 30.614, "height": 6.0 }, "geometry": { "type": "Point", "coordinates": [ 113.506, 30.614 ] } },
{ "type": "Feature", "properties": { "pt_id": " 11048", "trajectory_id": 11, "北京时间": "2026-05-10 15:00", "lon": 113.437, "lat": 30.572, "height": 4.0 }, "geometry": { "type": "Point", "coordinates": [ 113.437, 30.572 ] } },
{ "type": "Feature", "properties": { "pt_id": " 11049", "trajectory_id": 11, "北京时间": "2026-05-10 14:00", "lon": 113.376, "lat": 30.529, "height": 2.0 }, "geometry": { "type": "Point", "coordinates": [ 113.376, 30.529 ] } },
{ "type": "Feature", "properties": { "pt_id": " 11050", "trajectory_id": 11, "北京时间": "2026-05-10 13:00", "lon": 113.326, "lat": 30.485, "height": 2.0 }, "geometry": { "type": "Point", "coordinates": [ 113.326, 30.485 ] } },
{ "type": "Feature", "properties": { "pt_id": " 11051", "trajectory_id": 11, "北京时间": "2026-05-10 12:00", "lon": 113.287, "lat": 30.442, "height": 3.0 }, "geometry": { "type": "Point", "coordinates": [ 113.287, 30.442 ] } },
{ "type": "Feature", "properties": { "pt_id": " 11052", "trajectory_id": 11, "北京时间": "2026-05-10 11:00", "lon": 113.263, "lat": 30.416, "height": 5.0 }, "geometry": { "type": "Point", "coordinates": [ 113.263, 30.416 ] } },
{ "type": "Feature", "properties": { "pt_id": " 11053", "trajectory_id": 11, "北京时间": "2026-05-10 10:00", "lon": 113.257, "lat": 30.42, "height": 6.0 }, "geometry": { "type": "Point", "coordinates": [ 113.257, 30.42 ] } },
{ "type": "Feature", "properties": { "pt_id": " 11054", "trajectory_id": 11, "北京时间": "2026-05-10 09:00", "lon": 113.271, "lat": 30.454, "height": 9.0 }, "geometry": { "type": "Point", "coordinates": [ 113.271, 30.454 ] } },
{ "type": "Feature", "properties": { "pt_id": " 11055", "trajectory_id": 11, "北京时间": "2026-05-10 08:00", "lon": 113.305, "lat": 30.511, "height": 12.0 }, "geometry": { "type": "Point", "coordinates": [ 113.305, 30.511 ] } },
{ "type": "Feature", "properties": { "pt_id": " 11056", "trajectory_id": 11, "北京时间": "2026-05-10 07:00", "lon": 113.363, "lat": 30.587, "height": 15.0 }, "geometry": { "type": "Point", "coordinates": [ 113.363, 30.587 ] } },
{ "type": "Feature", "properties": { "pt_id": " 11057", "trajectory_id": 11, "北京时间": "2026-05-10 06:00", "lon": 113.458, "lat": 30.683, "height": 16.0 }, "geometry": { "type": "Point", "coordinates": [ 113.458, 30.683 ] } },
{ "type": "Feature", "properties": { "pt_id": " 11058", "trajectory_id": 11, "北京时间": "2026-05-10 05:00", "lon": 113.572, "lat": 30.805, "height": 17.0 }, "geometry": { "type": "Point", "coordinates": [ 113.572, 30.805 ] } },
{ "type": "Feature", "properties": { "pt_id": " 11059", "trajectory_id": 11, "北京时间": "2026-05-10 04:00", "lon": 113.67, "lat": 30.96, "height": 20.0 }, "geometry": { "type": "Point", "coordinates": [ 113.67, 30.96 ] } },
{ "type": "Feature", "properties": { "pt_id": " 11060", "trajectory_id": 11, "北京时间": "2026-05-10 03:00", "lon": 113.745, "lat": 31.137, "height": 28.0 }, "geometry": { "type": "Point", "coordinates": [ 113.745, 31.137 ] } },
{ "type": "Feature", "properties": { "pt_id": " 11061", "trajectory_id": 11, "北京时间": "2026-05-10 02:00", "lon": 113.81, "lat": 31.323, "height": 56.0 }, "geometry": { "type": "Point", "coordinates": [ 113.81, 31.323 ] } },
{ "type": "Feature", "properties": { "pt_id": " 11062", "trajectory_id": 11, "北京时间": "2026-05-10 01:00", "lon": 113.867, "lat": 31.504, "height": 100.0 }, "geometry": { "type": "Point", "coordinates": [ 113.867, 31.504 ] } },
{ "type": "Feature", "properties": { "pt_id": " 11063", "trajectory_id": 11, "北京时间": "2026-05-10 00:00", "lon": 113.93, "lat": 31.68, "height": 195.0 }, "geometry": { "type": "Point", "coordinates": [ 113.93, 31.68 ] } },
{ "type": "Feature", "properties": { "pt_id": " 11064", "trajectory_id": 11, "北京时间": "2026-05-09 23:00", "lon": 114.053, "lat": 31.868, "height": 327.0 }, "geometry": { "type": "Point", "coordinates": [ 114.053, 31.868 ] } },
{ "type": "Feature", "properties": { "pt_id": " 11065", "trajectory_id": 11, "北京时间": "2026-05-09 22:00", "lon": 114.249, "lat": 32.034, "height": 229.0 }, "geometry": { "type": "Point", "coordinates": [ 114.249, 32.034 ] } },
{ "type": "Feature", "properties": { "pt_id": " 11066", "trajectory_id": 11, "北京时间": "2026-05-09 21:00", "lon": 114.443, "lat": 32.194, "height": 138.0 }, "geometry": { "type": "Point", "coordinates": [ 114.443, 32.194 ] } },
{ "type": "Feature", "properties": { "pt_id": " 11067", "trajectory_id": 11, "北京时间": "2026-05-09 20:00", "lon": 114.642, "lat": 32.363, "height": 107.0 }, "geometry": { "type": "Point", "coordinates": [ 114.642, 32.363 ] } },
{ "type": "Feature", "properties": { "pt_id": " 11068", "trajectory_id": 11, "北京时间": "2026-05-09 19:00", "lon": 114.843, "lat": 32.528, "height": 90.0 }, "geometry": { "type": "Point", "coordinates": [ 114.843, 32.528 ] } },
{ "type": "Feature", "properties": { "pt_id": " 11069", "trajectory_id": 11, "北京时间": "2026-05-09 18:00", "lon": 115.042, "lat": 32.725, "height": 89.0 }, "geometry": { "type": "Point", "coordinates": [ 115.042, 32.725 ] } },
{ "type": "Feature", "properties": { "pt_id": " 11070", "trajectory_id": 11, "北京时间": "2026-05-09 17:00", "lon": 115.236, "lat": 32.955, "height": 89.0 }, "geometry": { "type": "Point", "coordinates": [ 115.236, 32.955 ] } },
{ "type": "Feature", "properties": { "pt_id": " 11071", "trajectory_id": 11, "北京时间": "2026-05-09 16:00", "lon": 115.414, "lat": 33.183, "height": 91.0 }, "geometry": { "type": "Point", "coordinates": [ 115.414, 33.183 ] } },
{ "type": "Feature", "properties": { "pt_id": " 11072", "trajectory_id": 11, "北京时间": "2026-05-09 15:00", "lon": 115.555, "lat": 33.418, "height": 94.0 }, "geometry": { "type": "Point", "coordinates": [ 115.555, 33.418 ] } },
{ "type": "Feature", "properties": { "pt_id": " 11073", "trajectory_id": 11, "北京时间": "2026-05-09 14:00", "lon": 115.681, "lat": 33.663, "height": 95.0 }, "geometry": { "type": "Point", "coordinates": [ 115.681, 33.663 ] } },
{ "type": "Feature", "properties": { "pt_id": " 11074", "trajectory_id": 11, "北京时间": "2026-05-09 13:00", "lon": 115.808, "lat": 33.909, "height": 96.0 }, "geometry": { "type": "Point", "coordinates": [ 115.808, 33.909 ] } },
{ "type": "Feature", "properties": { "pt_id": " 11075", "trajectory_id": 11, "北京时间": "2026-05-09 12:00", "lon": 115.92, "lat": 34.168, "height": 95.0 }, "geometry": { "type": "Point", "coordinates": [ 115.92, 34.168 ] } },
{ "type": "Feature", "properties": { "pt_id": " 11076", "trajectory_id": 11, "北京时间": "2026-05-09 11:00", "lon": 116.01, "lat": 34.444, "height": 96.0 }, "geometry": { "type": "Point", "coordinates": [ 116.01, 34.444 ] } },
{ "type": "Feature", "properties": { "pt_id": " 11077", "trajectory_id": 11, "北京时间": "2026-05-09 10:00", "lon": 116.086, "lat": 34.742, "height": 96.0 }, "geometry": { "type": "Point", "coordinates": [ 116.086, 34.742 ] } },
{ "type": "Feature", "properties": { "pt_id": " 11078", "trajectory_id": 11, "北京时间": "2026-05-09 09:00", "lon": 116.148, "lat": 35.049, "height": 96.0 }, "geometry": { "type": "Point", "coordinates": [ 116.148, 35.049 ] } },
{ "type": "Feature", "properties": { "pt_id": " 11079", "trajectory_id": 11, "北京时间": "2026-05-09 08:00", "lon": 116.191, "lat": 35.377, "height": 96.0 }, "geometry": { "type": "Point", "coordinates": [ 116.191, 35.377 ] } },
{ "type": "Feature", "properties": { "pt_id": " 11080", "trajectory_id": 11, "北京时间": "2026-05-09 07:00", "lon": 116.221, "lat": 35.733, "height": 98.0 }, "geometry": { "type": "Point", "coordinates": [ 116.221, 35.733 ] } },
{ "type": "Feature", "properties": { "pt_id": " 11081", "trajectory_id": 11, "北京时间": "2026-05-09 06:00", "lon": 116.25, "lat": 36.088, "height": 157.0 }, "geometry": { "type": "Point", "coordinates": [ 116.25, 36.088 ] } },
{ "type": "Feature", "properties": { "pt_id": " 11082", "trajectory_id": 11, "北京时间": "2026-05-09 05:00", "lon": 116.285, "lat": 36.449, "height": 109.0 }, "geometry": { "type": "Point", "coordinates": [ 116.285, 36.449 ] } },
{ "type": "Feature", "properties": { "pt_id": " 11083", "trajectory_id": 11, "北京时间": "2026-05-09 04:00", "lon": 116.319, "lat": 36.81, "height": 99.0 }, "geometry": { "type": "Point", "coordinates": [ 116.319, 36.81 ] } },
{ "type": "Feature", "properties": { "pt_id": " 11084", "trajectory_id": 11, "北京时间": "2026-05-09 03:00", "lon": 116.354, "lat": 37.179, "height": 99.0 }, "geometry": { "type": "Point", "coordinates": [ 116.354, 37.179 ] } },
{ "type": "Feature", "properties": { "pt_id": " 11085", "trajectory_id": 11, "北京时间": "2026-05-09 02:00", "lon": 116.394, "lat": 37.569, "height": 96.0 }, "geometry": { "type": "Point", "coordinates": [ 116.394, 37.569 ] } },
{ "type": "Feature", "properties": { "pt_id": " 11086", "trajectory_id": 11, "北京时间": "2026-05-09 01:00", "lon": 116.398, "lat": 37.984, "height": 91.0 }, "geometry": { "type": "Point", "coordinates": [ 116.398, 37.984 ] } },
{ "type": "Feature", "properties": { "pt_id": " 11087", "trajectory_id": 11, "北京时间": "2026-05-09 00:00", "lon": 116.34, "lat": 38.416, "height": 89.0 }, "geometry": { "type": "Point", "coordinates": [ 116.34, 38.416 ] } },
{ "type": "Feature", "properties": { "pt_id": " 11088", "trajectory_id": 11, "北京时间": "2026-05-08 23:00", "lon": 116.249, "lat": 38.847, "height": 93.0 }, "geometry": { "type": "Point", "coordinates": [ 116.249, 38.847 ] } },
{ "type": "Feature", "properties": { "pt_id": " 12000", "trajectory_id": 12, "北京时间": "2026-05-10 23:00", "lon": 113.942, "lat": 30.907, "height": 10.0 }, "geometry": { "type": "Point", "coordinates": [ 113.942, 30.907 ] } },
{ "type": "Feature", "properties": { "pt_id": " 12045", "trajectory_id": 12, "北京时间": "2026-05-10 22:00", "lon": 113.871, "lat": 30.852, "height": 4.0 }, "geometry": { "type": "Point", "coordinates": [ 113.871, 30.852 ] } },
{ "type": "Feature", "properties": { "pt_id": " 12046", "trajectory_id": 12, "北京时间": "2026-05-10 21:00", "lon": 113.794, "lat": 30.802, "height": 1.0 }, "geometry": { "type": "Point", "coordinates": [ 113.794, 30.802 ] } },
{ "type": "Feature", "properties": { "pt_id": " 12047", "trajectory_id": 12, "北京时间": "2026-05-10 20:00", "lon": 113.718, "lat": 30.763, "height": 0.0 }, "geometry": { "type": "Point", "coordinates": [ 113.718, 30.763 ] } },
{ "type": "Feature", "properties": { "pt_id": " 12048", "trajectory_id": 12, "北京时间": "2026-05-10 19:00", "lon": 113.643, "lat": 30.731, "height": 0.0 }, "geometry": { "type": "Point", "coordinates": [ 113.643, 30.731 ] } },
{ "type": "Feature", "properties": { "pt_id": " 12049", "trajectory_id": 12, "北京时间": "2026-05-10 18:00", "lon": 113.573, "lat": 30.701, "height": 0.0 }, "geometry": { "type": "Point", "coordinates": [ 113.573, 30.701 ] } },
{ "type": "Feature", "properties": { "pt_id": " 12050", "trajectory_id": 12, "北京时间": "2026-05-10 17:00", "lon": 113.518, "lat": 30.666, "height": 1.0 }, "geometry": { "type": "Point", "coordinates": [ 113.518, 30.666 ] } },
{ "type": "Feature", "properties": { "pt_id": " 12051", "trajectory_id": 12, "北京时间": "2026-05-10 16:00", "lon": 113.475, "lat": 30.627, "height": 5.0 }, "geometry": { "type": "Point", "coordinates": [ 113.475, 30.627 ] } },
{ "type": "Feature", "properties": { "pt_id": " 12052", "trajectory_id": 12, "北京时间": "2026-05-10 15:00", "lon": 113.446, "lat": 30.602, "height": 10.0 }, "geometry": { "type": "Point", "coordinates": [ 113.446, 30.602 ] } },
{ "type": "Feature", "properties": { "pt_id": " 12053", "trajectory_id": 12, "北京时间": "2026-05-10 14:00", "lon": 113.432, "lat": 30.607, "height": 15.0 }, "geometry": { "type": "Point", "coordinates": [ 113.432, 30.607 ] } },
{ "type": "Feature", "properties": { "pt_id": " 12054", "trajectory_id": 12, "北京时间": "2026-05-10 13:00", "lon": 113.439, "lat": 30.642, "height": 21.0 }, "geometry": { "type": "Point", "coordinates": [ 113.439, 30.642 ] } },
{ "type": "Feature", "properties": { "pt_id": " 12055", "trajectory_id": 12, "北京时间": "2026-05-10 12:00", "lon": 113.479, "lat": 30.7, "height": 28.0 }, "geometry": { "type": "Point", "coordinates": [ 113.479, 30.7 ] } },
{ "type": "Feature", "properties": { "pt_id": " 12056", "trajectory_id": 12, "北京时间": "2026-05-10 11:00", "lon": 113.563, "lat": 30.78, "height": 35.0 }, "geometry": { "type": "Point", "coordinates": [ 113.563, 30.78 ] } },
{ "type": "Feature", "properties": { "pt_id": " 12057", "trajectory_id": 12, "北京时间": "2026-05-10 10:00", "lon": 113.678, "lat": 30.895, "height": 43.0 }, "geometry": { "type": "Point", "coordinates": [ 113.678, 30.895 ] } },
{ "type": "Feature", "properties": { "pt_id": " 12058", "trajectory_id": 12, "北京时间": "2026-05-10 09:00", "lon": 113.801, "lat": 31.04, "height": 52.0 }, "geometry": { "type": "Point", "coordinates": [ 113.801, 31.04 ] } },
{ "type": "Feature", "properties": { "pt_id": " 12059", "trajectory_id": 12, "北京时间": "2026-05-10 08:00", "lon": 113.907, "lat": 31.198, "height": 75.0 }, "geometry": { "type": "Point", "coordinates": [ 113.907, 31.198 ] } },
{ "type": "Feature", "properties": { "pt_id": " 12060", "trajectory_id": 12, "北京时间": "2026-05-10 07:00", "lon": 114.006, "lat": 31.372, "height": 128.0 }, "geometry": { "type": "Point", "coordinates": [ 114.006, 31.372 ] } },
{ "type": "Feature", "properties": { "pt_id": " 12061", "trajectory_id": 12, "北京时间": "2026-05-10 06:00", "lon": 114.1, "lat": 31.549, "height": 197.0 }, "geometry": { "type": "Point", "coordinates": [ 114.1, 31.549 ] } },
{ "type": "Feature", "properties": { "pt_id": " 12062", "trajectory_id": 12, "北京时间": "2026-05-10 05:00", "lon": 114.192, "lat": 31.724, "height": 291.0 }, "geometry": { "type": "Point", "coordinates": [ 114.192, 31.724 ] } },
{ "type": "Feature", "properties": { "pt_id": " 12063", "trajectory_id": 12, "北京时间": "2026-05-10 04:00", "lon": 114.318, "lat": 31.878, "height": 357.0 }, "geometry": { "type": "Point", "coordinates": [ 114.318, 31.878 ] } },
{ "type": "Feature", "properties": { "pt_id": " 12064", "trajectory_id": 12, "北京时间": "2026-05-10 03:00", "lon": 114.518, "lat": 31.988, "height": 302.0 }, "geometry": { "type": "Point", "coordinates": [ 114.518, 31.988 ] } },
{ "type": "Feature", "properties": { "pt_id": " 12065", "trajectory_id": 12, "北京时间": "2026-05-10 02:00", "lon": 114.773, "lat": 32.084, "height": 220.0 }, "geometry": { "type": "Point", "coordinates": [ 114.773, 32.084 ] } },
{ "type": "Feature", "properties": { "pt_id": " 12066", "trajectory_id": 12, "北京时间": "2026-05-10 01:00", "lon": 115.081, "lat": 32.171, "height": 174.0 }, "geometry": { "type": "Point", "coordinates": [ 115.081, 32.171 ] } },
{ "type": "Feature", "properties": { "pt_id": " 12067", "trajectory_id": 12, "北京时间": "2026-05-10 00:00", "lon": 115.417, "lat": 32.252, "height": 156.0 }, "geometry": { "type": "Point", "coordinates": [ 115.417, 32.252 ] } },
{ "type": "Feature", "properties": { "pt_id": " 12068", "trajectory_id": 12, "北京时间": "2026-05-09 23:00", "lon": 115.696, "lat": 32.371, "height": 142.0 }, "geometry": { "type": "Point", "coordinates": [ 115.696, 32.371 ] } },
{ "type": "Feature", "properties": { "pt_id": " 12069", "trajectory_id": 12, "北京时间": "2026-05-09 22:00", "lon": 115.93, "lat": 32.55, "height": 140.0 }, "geometry": { "type": "Point", "coordinates": [ 115.93, 32.55 ] } },
{ "type": "Feature", "properties": { "pt_id": " 12070", "trajectory_id": 12, "北京时间": "2026-05-09 21:00", "lon": 116.179, "lat": 32.752, "height": 139.0 }, "geometry": { "type": "Point", "coordinates": [ 116.179, 32.752 ] } },
{ "type": "Feature", "properties": { "pt_id": " 12071", "trajectory_id": 12, "北京时间": "2026-05-09 20:00", "lon": 116.405, "lat": 32.968, "height": 133.0 }, "geometry": { "type": "Point", "coordinates": [ 116.405, 32.968 ] } },
{ "type": "Feature", "properties": { "pt_id": " 12072", "trajectory_id": 12, "北京时间": "2026-05-09 19:00", "lon": 116.542, "lat": 33.264, "height": 119.0 }, "geometry": { "type": "Point", "coordinates": [ 116.542, 33.264 ] } },
{ "type": "Feature", "properties": { "pt_id": " 12073", "trajectory_id": 12, "北京时间": "2026-05-09 18:00", "lon": 116.643, "lat": 33.59, "height": 106.0 }, "geometry": { "type": "Point", "coordinates": [ 116.643, 33.59 ] } },
{ "type": "Feature", "properties": { "pt_id": " 12074", "trajectory_id": 12, "北京时间": "2026-05-09 17:00", "lon": 116.721, "lat": 33.877, "height": 100.0 }, "geometry": { "type": "Point", "coordinates": [ 116.721, 33.877 ] } },
{ "type": "Feature", "properties": { "pt_id": " 12075", "trajectory_id": 12, "北京时间": "2026-05-09 16:00", "lon": 116.738, "lat": 34.164, "height": 100.0 }, "geometry": { "type": "Point", "coordinates": [ 116.738, 34.164 ] } },
{ "type": "Feature", "properties": { "pt_id": " 12076", "trajectory_id": 12, "北京时间": "2026-05-09 15:00", "lon": 116.714, "lat": 34.476, "height": 100.0 }, "geometry": { "type": "Point", "coordinates": [ 116.714, 34.476 ] } },
{ "type": "Feature", "properties": { "pt_id": " 12077", "trajectory_id": 12, "北京时间": "2026-05-09 14:00", "lon": 116.706, "lat": 34.799, "height": 100.0 }, "geometry": { "type": "Point", "coordinates": [ 116.706, 34.799 ] } },
{ "type": "Feature", "properties": { "pt_id": " 12078", "trajectory_id": 12, "北京时间": "2026-05-09 13:00", "lon": 116.712, "lat": 35.124, "height": 106.0 }, "geometry": { "type": "Point", "coordinates": [ 116.712, 35.124 ] } },
{ "type": "Feature", "properties": { "pt_id": " 12079", "trajectory_id": 12, "北京时间": "2026-05-09 12:00", "lon": 116.718, "lat": 35.47, "height": 121.0 }, "geometry": { "type": "Point", "coordinates": [ 116.718, 35.47 ] } },
{ "type": "Feature", "properties": { "pt_id": " 12080", "trajectory_id": 12, "北京时间": "2026-05-09 11:00", "lon": 116.709, "lat": 35.832, "height": 169.0 }, "geometry": { "type": "Point", "coordinates": [ 116.709, 35.832 ] } },
{ "type": "Feature", "properties": { "pt_id": " 12081", "trajectory_id": 12, "北京时间": "2026-05-09 10:00", "lon": 116.696, "lat": 36.194, "height": 272.0 }, "geometry": { "type": "Point", "coordinates": [ 116.696, 36.194 ] } },
{ "type": "Feature", "properties": { "pt_id": " 12082", "trajectory_id": 12, "北京时间": "2026-05-09 09:00", "lon": 116.713, "lat": 36.574, "height": 241.0 }, "geometry": { "type": "Point", "coordinates": [ 116.713, 36.574 ] } },
{ "type": "Feature", "properties": { "pt_id": " 12083", "trajectory_id": 12, "北京时间": "2026-05-09 08:00", "lon": 116.735, "lat": 36.936, "height": 204.0 }, "geometry": { "type": "Point", "coordinates": [ 116.735, 36.936 ] } },
{ "type": "Feature", "properties": { "pt_id": " 12084", "trajectory_id": 12, "北京时间": "2026-05-09 07:00", "lon": 116.746, "lat": 37.315, "height": 202.0 }, "geometry": { "type": "Point", "coordinates": [ 116.746, 37.315 ] } },
{ "type": "Feature", "properties": { "pt_id": " 12085", "trajectory_id": 12, "北京时间": "2026-05-09 06:00", "lon": 116.77, "lat": 37.729, "height": 202.0 }, "geometry": { "type": "Point", "coordinates": [ 116.77, 37.729 ] } },
{ "type": "Feature", "properties": { "pt_id": " 12086", "trajectory_id": 12, "北京时间": "2026-05-09 05:00", "lon": 116.739, "lat": 38.168, "height": 202.0 }, "geometry": { "type": "Point", "coordinates": [ 116.739, 38.168 ] } },
{ "type": "Feature", "properties": { "pt_id": " 12087", "trajectory_id": 12, "北京时间": "2026-05-09 04:00", "lon": 116.652, "lat": 38.635, "height": 202.0 }, "geometry": { "type": "Point", "coordinates": [ 116.652, 38.635 ] } },
{ "type": "Feature", "properties": { "pt_id": " 12088", "trajectory_id": 12, "北京时间": "2026-05-09 03:00", "lon": 116.554, "lat": 39.103, "height": 211.0 }, "geometry": { "type": "Point", "coordinates": [ 116.554, 39.103 ] } },
{ "type": "Feature", "properties": { "pt_id": " 12089", "trajectory_id": 12, "北京时间": "2026-05-09 02:00", "lon": 116.429, "lat": 39.531, "height": 222.0 }, "geometry": { "type": "Point", "coordinates": [ 116.429, 39.531 ] } },
{ "type": "Feature", "properties": { "pt_id": " 12090", "trajectory_id": 12, "北京时间": "2026-05-09 01:00", "lon": 116.22, "lat": 39.923, "height": 297.0 }, "geometry": { "type": "Point", "coordinates": [ 116.22, 39.923 ] } },
{ "type": "Feature", "properties": { "pt_id": " 12091", "trajectory_id": 12, "北京时间": "2026-05-09 00:00", "lon": 115.955, "lat": 40.328, "height": 897.0 }, "geometry": { "type": "Point", "coordinates": [ 115.955, 40.328 ] } },
{ "type": "Feature", "properties": { "pt_id": " 12092", "trajectory_id": 12, "北京时间": "2026-05-08 23:00", "lon": 115.768, "lat": 40.938, "height": 1318.0 }, "geometry": { "type": "Point", "coordinates": [ 115.768, 40.938 ] } },
{ "type": "Feature", "properties": { "pt_id": " 13000", "trajectory_id": 13, "北京时间": "2026-05-10 23:00", "lon": 113.942, "lat": 30.907, "height": 10.0 }, "geometry": { "type": "Point", "coordinates": [ 113.942, 30.907 ] } },
{ "type": "Feature", "properties": { "pt_id": " 13049", "trajectory_id": 13, "北京时间": "2026-05-10 22:00", "lon": 113.873, "lat": 30.894, "height": 10.0 }, "geometry": { "type": "Point", "coordinates": [ 113.873, 30.894 ] } },
{ "type": "Feature", "properties": { "pt_id": " 13050", "trajectory_id": 13, "北京时间": "2026-05-10 21:00", "lon": 113.816, "lat": 30.888, "height": 10.0 }, "geometry": { "type": "Point", "coordinates": [ 113.816, 30.888 ] } },
{ "type": "Feature", "properties": { "pt_id": " 13051", "trajectory_id": 13, "北京时间": "2026-05-10 20:00", "lon": 113.77, "lat": 30.89, "height": 8.0 }, "geometry": { "type": "Point", "coordinates": [ 113.77, 30.89 ] } },
{ "type": "Feature", "properties": { "pt_id": " 13052", "trajectory_id": 13, "北京时间": "2026-05-10 19:00", "lon": 113.741, "lat": 30.9, "height": 7.0 }, "geometry": { "type": "Point", "coordinates": [ 113.741, 30.9 ] } },
{ "type": "Feature", "properties": { "pt_id": " 13053", "trajectory_id": 13, "北京时间": "2026-05-10 18:00", "lon": 113.735, "lat": 30.921, "height": 6.0 }, "geometry": { "type": "Point", "coordinates": [ 113.735, 30.921 ] } },
{ "type": "Feature", "properties": { "pt_id": " 13054", "trajectory_id": 13, "北京时间": "2026-05-10 17:00", "lon": 113.753, "lat": 30.954, "height": 6.0 }, "geometry": { "type": "Point", "coordinates": [ 113.753, 30.954 ] } },
{ "type": "Feature", "properties": { "pt_id": " 13055", "trajectory_id": 13, "北京时间": "2026-05-10 16:00", "lon": 113.805, "lat": 31.008, "height": 8.0 }, "geometry": { "type": "Point", "coordinates": [ 113.805, 31.008 ] } },
{ "type": "Feature", "properties": { "pt_id": " 13056", "trajectory_id": 13, "北京时间": "2026-05-10 15:00", "lon": 113.89, "lat": 31.085, "height": 16.0 }, "geometry": { "type": "Point", "coordinates": [ 113.89, 31.085 ] } },
{ "type": "Feature", "properties": { "pt_id": " 13057", "trajectory_id": 13, "北京时间": "2026-05-10 14:00", "lon": 113.998, "lat": 31.183, "height": 44.0 }, "geometry": { "type": "Point", "coordinates": [ 113.998, 31.183 ] } },
{ "type": "Feature", "properties": { "pt_id": " 13058", "trajectory_id": 13, "北京时间": "2026-05-10 13:00", "lon": 114.112, "lat": 31.308, "height": 84.0 }, "geometry": { "type": "Point", "coordinates": [ 114.112, 31.308 ] } },
{ "type": "Feature", "properties": { "pt_id": " 13059", "trajectory_id": 13, "北京时间": "2026-05-10 12:00", "lon": 114.219, "lat": 31.456, "height": 114.0 }, "geometry": { "type": "Point", "coordinates": [ 114.219, 31.456 ] } },
{ "type": "Feature", "properties": { "pt_id": " 13060", "trajectory_id": 13, "北京时间": "2026-05-10 11:00", "lon": 114.312, "lat": 31.618, "height": 146.0 }, "geometry": { "type": "Point", "coordinates": [ 114.312, 31.618 ] } },
{ "type": "Feature", "properties": { "pt_id": " 13061", "trajectory_id": 13, "北京时间": "2026-05-10 10:00", "lon": 114.393, "lat": 31.777, "height": 172.0 }, "geometry": { "type": "Point", "coordinates": [ 114.393, 31.777 ] } },
{ "type": "Feature", "properties": { "pt_id": " 13062", "trajectory_id": 13, "北京时间": "2026-05-10 09:00", "lon": 114.477, "lat": 31.907, "height": 146.0 }, "geometry": { "type": "Point", "coordinates": [ 114.477, 31.907 ] } },
{ "type": "Feature", "properties": { "pt_id": " 13063", "trajectory_id": 13, "北京时间": "2026-05-10 08:00", "lon": 114.57, "lat": 32.009, "height": 94.0 }, "geometry": { "type": "Point", "coordinates": [ 114.57, 32.009 ] } },
{ "type": "Feature", "properties": { "pt_id": " 13064", "trajectory_id": 13, "北京时间": "2026-05-10 07:00", "lon": 114.682, "lat": 32.099, "height": 54.0 }, "geometry": { "type": "Point", "coordinates": [ 114.682, 32.099 ] } },
{ "type": "Feature", "properties": { "pt_id": " 13065", "trajectory_id": 13, "北京时间": "2026-05-10 06:00", "lon": 114.81, "lat": 32.186, "height": 33.0 }, "geometry": { "type": "Point", "coordinates": [ 114.81, 32.186 ] } },
{ "type": "Feature", "properties": { "pt_id": " 13066", "trajectory_id": 13, "北京时间": "2026-05-10 05:00", "lon": 114.94, "lat": 32.273, "height": 19.0 }, "geometry": { "type": "Point", "coordinates": [ 114.94, 32.273 ] } },
{ "type": "Feature", "properties": { "pt_id": " 13067", "trajectory_id": 13, "北京时间": "2026-05-10 04:00", "lon": 115.065, "lat": 32.358, "height": 13.0 }, "geometry": { "type": "Point", "coordinates": [ 115.065, 32.358 ] } },
{ "type": "Feature", "properties": { "pt_id": " 13068", "trajectory_id": 13, "北京时间": "2026-05-10 03:00", "lon": 115.183, "lat": 32.451, "height": 12.0 }, "geometry": { "type": "Point", "coordinates": [ 115.183, 32.451 ] } },
{ "type": "Feature", "properties": { "pt_id": " 13069", "trajectory_id": 13, "北京时间": "2026-05-10 02:00", "lon": 115.287, "lat": 32.57, "height": 12.0 }, "geometry": { "type": "Point", "coordinates": [ 115.287, 32.57 ] } },
{ "type": "Feature", "properties": { "pt_id": " 13070", "trajectory_id": 13, "北京时间": "2026-05-10 01:00", "lon": 115.373, "lat": 32.707, "height": 12.0 }, "geometry": { "type": "Point", "coordinates": [ 115.373, 32.707 ] } },
{ "type": "Feature", "properties": { "pt_id": " 13071", "trajectory_id": 13, "北京时间": "2026-05-10 00:00", "lon": 115.441, "lat": 32.846, "height": 12.0 }, "geometry": { "type": "Point", "coordinates": [ 115.441, 32.846 ] } },
{ "type": "Feature", "properties": { "pt_id": " 13072", "trajectory_id": 13, "北京时间": "2026-05-09 23:00", "lon": 115.489, "lat": 32.99, "height": 12.0 }, "geometry": { "type": "Point", "coordinates": [ 115.489, 32.99 ] } },
{ "type": "Feature", "properties": { "pt_id": " 13073", "trajectory_id": 13, "北京时间": "2026-05-09 22:00", "lon": 115.526, "lat": 33.134, "height": 12.0 }, "geometry": { "type": "Point", "coordinates": [ 115.526, 33.134 ] } },
{ "type": "Feature", "properties": { "pt_id": " 13074", "trajectory_id": 13, "北京时间": "2026-05-09 21:00", "lon": 115.568, "lat": 33.271, "height": 12.0 }, "geometry": { "type": "Point", "coordinates": [ 115.568, 33.271 ] } },
{ "type": "Feature", "properties": { "pt_id": " 13075", "trajectory_id": 13, "北京时间": "2026-05-09 20:00", "lon": 115.617, "lat": 33.407, "height": 12.0 }, "geometry": { "type": "Point", "coordinates": [ 115.617, 33.407 ] } },
{ "type": "Feature", "properties": { "pt_id": " 13076", "trajectory_id": 13, "北京时间": "2026-05-09 19:00", "lon": 115.669, "lat": 33.556, "height": 12.0 }, "geometry": { "type": "Point", "coordinates": [ 115.669, 33.556 ] } },
{ "type": "Feature", "properties": { "pt_id": " 13077", "trajectory_id": 13, "北京时间": "2026-05-09 18:00", "lon": 115.72, "lat": 33.74, "height": 12.0 }, "geometry": { "type": "Point", "coordinates": [ 115.72, 33.74 ] } },
{ "type": "Feature", "properties": { "pt_id": " 13078", "trajectory_id": 13, "北京时间": "2026-05-09 17:00", "lon": 115.77, "lat": 33.964, "height": 12.0 }, "geometry": { "type": "Point", "coordinates": [ 115.77, 33.964 ] } },
{ "type": "Feature", "properties": { "pt_id": " 13079", "trajectory_id": 13, "北京时间": "2026-05-09 16:00", "lon": 115.818, "lat": 34.222, "height": 12.0 }, "geometry": { "type": "Point", "coordinates": [ 115.818, 34.222 ] } },
{ "type": "Feature", "properties": { "pt_id": " 13080", "trajectory_id": 13, "北京时间": "2026-05-09 15:00", "lon": 115.859, "lat": 34.497, "height": 12.0 }, "geometry": { "type": "Point", "coordinates": [ 115.859, 34.497 ] } },
{ "type": "Feature", "properties": { "pt_id": " 13081", "trajectory_id": 13, "北京时间": "2026-05-09 14:00", "lon": 115.886, "lat": 34.785, "height": 8.0 }, "geometry": { "type": "Point", "coordinates": [ 115.886, 34.785 ] } },
{ "type": "Feature", "properties": { "pt_id": " 13082", "trajectory_id": 13, "北京时间": "2026-05-09 13:00", "lon": 115.912, "lat": 35.086, "height": 3.0 }, "geometry": { "type": "Point", "coordinates": [ 115.912, 35.086 ] } },
{ "type": "Feature", "properties": { "pt_id": " 13083", "trajectory_id": 13, "北京时间": "2026-05-09 12:00", "lon": 115.945, "lat": 35.397, "height": 0.0 }, "geometry": { "type": "Point", "coordinates": [ 115.945, 35.397 ] } },
{ "type": "Feature", "properties": { "pt_id": " 13084", "trajectory_id": 13, "北京时间": "2026-05-09 11:00", "lon": 115.978, "lat": 35.709, "height": 0.0 }, "geometry": { "type": "Point", "coordinates": [ 115.978, 35.709 ] } },
{ "type": "Feature", "properties": { "pt_id": " 13085", "trajectory_id": 13, "北京时间": "2026-05-09 10:00", "lon": 116.014, "lat": 36.015, "height": 0.0 }, "geometry": { "type": "Point", "coordinates": [ 116.014, 36.015 ] } },
{ "type": "Feature", "properties": { "pt_id": " 13086", "trajectory_id": 13, "北京时间": "2026-05-09 09:00", "lon": 116.069, "lat": 36.294, "height": 0.0 }, "geometry": { "type": "Point", "coordinates": [ 116.069, 36.294 ] } },
{ "type": "Feature", "properties": { "pt_id": " 13087", "trajectory_id": 13, "北京时间": "2026-05-09 08:00", "lon": 116.142, "lat": 36.55, "height": 0.0 }, "geometry": { "type": "Point", "coordinates": [ 116.142, 36.55 ] } },
{ "type": "Feature", "properties": { "pt_id": " 13088", "trajectory_id": 13, "北京时间": "2026-05-09 07:00", "lon": 116.21, "lat": 36.802, "height": 0.0 }, "geometry": { "type": "Point", "coordinates": [ 116.21, 36.802 ] } },
{ "type": "Feature", "properties": { "pt_id": " 13089", "trajectory_id": 13, "北京时间": "2026-05-09 06:00", "lon": 116.256, "lat": 37.04, "height": 0.0 }, "geometry": { "type": "Point", "coordinates": [ 116.256, 37.04 ] } },
{ "type": "Feature", "properties": { "pt_id": " 13090", "trajectory_id": 13, "北京时间": "2026-05-09 05:00", "lon": 116.295, "lat": 37.261, "height": 0.0 }, "geometry": { "type": "Point", "coordinates": [ 116.295, 37.261 ] } },
{ "type": "Feature", "properties": { "pt_id": " 13091", "trajectory_id": 13, "北京时间": "2026-05-09 04:00", "lon": 116.335, "lat": 37.489, "height": 0.0 }, "geometry": { "type": "Point", "coordinates": [ 116.335, 37.489 ] } },
{ "type": "Feature", "properties": { "pt_id": " 13092", "trajectory_id": 13, "北京时间": "2026-05-09 03:00", "lon": 116.379, "lat": 37.709, "height": 0.0 }, "geometry": { "type": "Point", "coordinates": [ 116.379, 37.709 ] } },
{ "type": "Feature", "properties": { "pt_id": " 13093", "trajectory_id": 13, "北京时间": "2026-05-09 02:00", "lon": 116.432, "lat": 37.883, "height": 0.0 }, "geometry": { "type": "Point", "coordinates": [ 116.432, 37.883 ] } },
{ "type": "Feature", "properties": { "pt_id": " 13094", "trajectory_id": 13, "北京时间": "2026-05-09 01:00", "lon": 116.501, "lat": 38.006, "height": 0.0 }, "geometry": { "type": "Point", "coordinates": [ 116.501, 38.006 ] } },
{ "type": "Feature", "properties": { "pt_id": " 13095", "trajectory_id": 13, "北京时间": "2026-05-09 00:00", "lon": 116.596, "lat": 38.111, "height": 0.0 }, "geometry": { "type": "Point", "coordinates": [ 116.596, 38.111 ] } },
{ "type": "Feature", "properties": { "pt_id": " 13096", "trajectory_id": 13, "北京时间": "2026-05-08 23:00", "lon": 116.726, "lat": 38.229, "height": 0.0 }, "geometry": { "type": "Point", "coordinates": [ 116.726, 38.229 ] } },
{ "type": "Feature", "properties": { "pt_id": " 14000", "trajectory_id": 14, "北京时间": "2026-05-10 23:00", "lon": 113.942, "lat": 30.907, "height": 10.0 }, "geometry": { "type": "Point", "coordinates": [ 113.942, 30.907 ] } },
{ "type": "Feature", "properties": { "pt_id": " 14053", "trajectory_id": 14, "北京时间": "2026-05-10 22:00", "lon": 113.947, "lat": 30.941, "height": 13.0 }, "geometry": { "type": "Point", "coordinates": [ 113.947, 30.941 ] } },
{ "type": "Feature", "properties": { "pt_id": " 14054", "trajectory_id": 14, "北京时间": "2026-05-10 21:00", "lon": 113.988, "lat": 30.997, "height": 21.0 }, "geometry": { "type": "Point", "coordinates": [ 113.988, 30.997 ] } },
{ "type": "Feature", "properties": { "pt_id": " 14055", "trajectory_id": 14, "北京时间": "2026-05-10 20:00", "lon": 114.06, "lat": 31.074, "height": 38.0 }, "geometry": { "type": "Point", "coordinates": [ 114.06, 31.074 ] } },
{ "type": "Feature", "properties": { "pt_id": " 14056", "trajectory_id": 14, "北京时间": "2026-05-10 19:00", "lon": 114.155, "lat": 31.169, "height": 67.0 }, "geometry": { "type": "Point", "coordinates": [ 114.155, 31.169 ] } },
{ "type": "Feature", "properties": { "pt_id": " 14057", "trajectory_id": 14, "北京时间": "2026-05-10 18:00", "lon": 114.263, "lat": 31.288, "height": 82.0 }, "geometry": { "type": "Point", "coordinates": [ 114.263, 31.288 ] } },
{ "type": "Feature", "properties": { "pt_id": " 14058", "trajectory_id": 14, "北京时间": "2026-05-10 17:00", "lon": 114.372, "lat": 31.421, "height": 101.0 }, "geometry": { "type": "Point", "coordinates": [ 114.372, 31.421 ] } },
{ "type": "Feature", "properties": { "pt_id": " 14059", "trajectory_id": 14, "北京时间": "2026-05-10 16:00", "lon": 114.471, "lat": 31.566, "height": 147.0 }, "geometry": { "type": "Point", "coordinates": [ 114.471, 31.566 ] } },
{ "type": "Feature", "properties": { "pt_id": " 14060", "trajectory_id": 14, "北京时间": "2026-05-10 15:00", "lon": 114.56, "lat": 31.719, "height": 151.0 }, "geometry": { "type": "Point", "coordinates": [ 114.56, 31.719 ] } },
{ "type": "Feature", "properties": { "pt_id": " 14061", "trajectory_id": 14, "北京时间": "2026-05-10 14:00", "lon": 114.654, "lat": 31.849, "height": 98.0 }, "geometry": { "type": "Point", "coordinates": [ 114.654, 31.849 ] } },
{ "type": "Feature", "properties": { "pt_id": " 14062", "trajectory_id": 14, "北京时间": "2026-05-10 13:00", "lon": 114.776, "lat": 31.942, "height": 53.0 }, "geometry": { "type": "Point", "coordinates": [ 114.776, 31.942 ] } },
{ "type": "Feature", "properties": { "pt_id": " 14063", "trajectory_id": 14, "北京时间": "2026-05-10 12:00", "lon": 114.933, "lat": 32.003, "height": 33.0 }, "geometry": { "type": "Point", "coordinates": [ 114.933, 32.003 ] } },
{ "type": "Feature", "properties": { "pt_id": " 14064", "trajectory_id": 14, "北京时间": "2026-05-10 11:00", "lon": 115.122, "lat": 32.048, "height": 28.0 }, "geometry": { "type": "Point", "coordinates": [ 115.122, 32.048 ] } },
{ "type": "Feature", "properties": { "pt_id": " 14065", "trajectory_id": 14, "北京时间": "2026-05-10 10:00", "lon": 115.306, "lat": 32.093, "height": 19.0 }, "geometry": { "type": "Point", "coordinates": [ 115.306, 32.093 ] } },
{ "type": "Feature", "properties": { "pt_id": " 14066", "trajectory_id": 14, "北京时间": "2026-05-10 09:00", "lon": 115.477, "lat": 32.13, "height": 14.0 }, "geometry": { "type": "Point", "coordinates": [ 115.477, 32.13 ] } },
{ "type": "Feature", "properties": { "pt_id": " 14067", "trajectory_id": 14, "北京时间": "2026-05-10 08:00", "lon": 115.63, "lat": 32.166, "height": 14.0 }, "geometry": { "type": "Point", "coordinates": [ 115.63, 32.166 ] } },
{ "type": "Feature", "properties": { "pt_id": " 14068", "trajectory_id": 14, "北京时间": "2026-05-10 07:00", "lon": 115.753, "lat": 32.223, "height": 14.0 }, "geometry": { "type": "Point", "coordinates": [ 115.753, 32.223 ] } },
{ "type": "Feature", "properties": { "pt_id": " 14069", "trajectory_id": 14, "北京时间": "2026-05-10 06:00", "lon": 115.856, "lat": 32.329, "height": 14.0 }, "geometry": { "type": "Point", "coordinates": [ 115.856, 32.329 ] } },
{ "type": "Feature", "properties": { "pt_id": " 14070", "trajectory_id": 14, "北京时间": "2026-05-10 05:00", "lon": 115.949, "lat": 32.461, "height": 14.0 }, "geometry": { "type": "Point", "coordinates": [ 115.949, 32.461 ] } },
{ "type": "Feature", "properties": { "pt_id": " 14071", "trajectory_id": 14, "北京时间": "2026-05-10 04:00", "lon": 116.031, "lat": 32.597, "height": 14.0 }, "geometry": { "type": "Point", "coordinates": [ 116.031, 32.597 ] } },
{ "type": "Feature", "properties": { "pt_id": " 14072", "trajectory_id": 14, "北京时间": "2026-05-10 03:00", "lon": 116.083, "lat": 32.742, "height": 14.0 }, "geometry": { "type": "Point", "coordinates": [ 116.083, 32.742 ] } },
{ "type": "Feature", "properties": { "pt_id": " 14073", "trajectory_id": 14, "北京时间": "2026-05-10 02:00", "lon": 116.105, "lat": 32.898, "height": 14.0 }, "geometry": { "type": "Point", "coordinates": [ 116.105, 32.898 ] } },
{ "type": "Feature", "properties": { "pt_id": " 14074", "trajectory_id": 14, "北京时间": "2026-05-10 01:00", "lon": 116.11, "lat": 33.058, "height": 14.0 }, "geometry": { "type": "Point", "coordinates": [ 116.11, 33.058 ] } },
{ "type": "Feature", "properties": { "pt_id": " 14075", "trajectory_id": 14, "北京时间": "2026-05-10 00:00", "lon": 116.11, "lat": 33.22, "height": 14.0 }, "geometry": { "type": "Point", "coordinates": [ 116.11, 33.22 ] } },
{ "type": "Feature", "properties": { "pt_id": " 14076", "trajectory_id": 14, "北京时间": "2026-05-09 23:00", "lon": 116.116, "lat": 33.397, "height": 14.0 }, "geometry": { "type": "Point", "coordinates": [ 116.116, 33.397 ] } },
{ "type": "Feature", "properties": { "pt_id": " 14077", "trajectory_id": 14, "北京时间": "2026-05-09 22:00", "lon": 116.127, "lat": 33.602, "height": 14.0 }, "geometry": { "type": "Point", "coordinates": [ 116.127, 33.602 ] } },
{ "type": "Feature", "properties": { "pt_id": " 14078", "trajectory_id": 14, "北京时间": "2026-05-09 21:00", "lon": 116.142, "lat": 33.838, "height": 14.0 }, "geometry": { "type": "Point", "coordinates": [ 116.142, 33.838 ] } },
{ "type": "Feature", "properties": { "pt_id": " 14079", "trajectory_id": 14, "北京时间": "2026-05-09 20:00", "lon": 116.159, "lat": 34.1, "height": 14.0 }, "geometry": { "type": "Point", "coordinates": [ 116.159, 34.1 ] } },
{ "type": "Feature", "properties": { "pt_id": " 14080", "trajectory_id": 14, "北京时间": "2026-05-09 19:00", "lon": 116.172, "lat": 34.382, "height": 14.0 }, "geometry": { "type": "Point", "coordinates": [ 116.172, 34.382 ] } },
{ "type": "Feature", "properties": { "pt_id": " 14081", "trajectory_id": 14, "北京时间": "2026-05-09 18:00", "lon": 116.177, "lat": 34.679, "height": 14.0 }, "geometry": { "type": "Point", "coordinates": [ 116.177, 34.679 ] } },
{ "type": "Feature", "properties": { "pt_id": " 14082", "trajectory_id": 14, "北京时间": "2026-05-09 17:00", "lon": 116.185, "lat": 34.979, "height": 11.0 }, "geometry": { "type": "Point", "coordinates": [ 116.185, 34.979 ] } },
{ "type": "Feature", "properties": { "pt_id": " 14083", "trajectory_id": 14, "北京时间": "2026-05-09 16:00", "lon": 116.205, "lat": 35.283, "height": 7.0 }, "geometry": { "type": "Point", "coordinates": [ 116.205, 35.283 ] } },
{ "type": "Feature", "properties": { "pt_id": " 14084", "trajectory_id": 14, "北京时间": "2026-05-09 15:00", "lon": 116.225, "lat": 35.594, "height": 0.0 }, "geometry": { "type": "Point", "coordinates": [ 116.225, 35.594 ] } },
{ "type": "Feature", "properties": { "pt_id": " 14085", "trajectory_id": 14, "北京时间": "2026-05-09 14:00", "lon": 116.247, "lat": 35.901, "height": 13.0 }, "geometry": { "type": "Point", "coordinates": [ 116.247, 35.901 ] } },
{ "type": "Feature", "properties": { "pt_id": " 14086", "trajectory_id": 14, "北京时间": "2026-05-09 13:00", "lon": 116.315, "lat": 36.245, "height": 58.0 }, "geometry": { "type": "Point", "coordinates": [ 116.315, 36.245 ] } },
{ "type": "Feature", "properties": { "pt_id": " 14087", "trajectory_id": 14, "北京时间": "2026-05-09 12:00", "lon": 116.409, "lat": 36.548, "height": 31.0 }, "geometry": { "type": "Point", "coordinates": [ 116.409, 36.548 ] } },
{ "type": "Feature", "properties": { "pt_id": " 14088", "trajectory_id": 14, "北京时间": "2026-05-09 11:00", "lon": 116.487, "lat": 36.815, "height": 22.0 }, "geometry": { "type": "Point", "coordinates": [ 116.487, 36.815 ] } },
{ "type": "Feature", "properties": { "pt_id": " 14089", "trajectory_id": 14, "北京时间": "2026-05-09 10:00", "lon": 116.535, "lat": 37.068, "height": 22.0 }, "geometry": { "type": "Point", "coordinates": [ 116.535, 37.068 ] } },
{ "type": "Feature", "properties": { "pt_id": " 14090", "trajectory_id": 14, "北京时间": "2026-05-09 09:00", "lon": 116.561, "lat": 37.278, "height": 22.0 }, "geometry": { "type": "Point", "coordinates": [ 116.561, 37.278 ] } },
{ "type": "Feature", "properties": { "pt_id": " 14091", "trajectory_id": 14, "北京时间": "2026-05-09 08:00", "lon": 116.588, "lat": 37.475, "height": 22.0 }, "geometry": { "type": "Point", "coordinates": [ 116.588, 37.475 ] } },
{ "type": "Feature", "properties": { "pt_id": " 14092", "trajectory_id": 14, "北京时间": "2026-05-09 07:00", "lon": 116.629, "lat": 37.677, "height": 22.0 }, "geometry": { "type": "Point", "coordinates": [ 116.629, 37.677 ] } },
{ "type": "Feature", "properties": { "pt_id": " 14093", "trajectory_id": 14, "北京时间": "2026-05-09 06:00", "lon": 116.681, "lat": 37.857, "height": 22.0 }, "geometry": { "type": "Point", "coordinates": [ 116.681, 37.857 ] } },
{ "type": "Feature", "properties": { "pt_id": " 14094", "trajectory_id": 14, "北京时间": "2026-05-09 05:00", "lon": 116.752, "lat": 37.996, "height": 19.0 }, "geometry": { "type": "Point", "coordinates": [ 116.752, 37.996 ] } },
{ "type": "Feature", "properties": { "pt_id": " 14095", "trajectory_id": 14, "北京时间": "2026-05-09 04:00", "lon": 116.847, "lat": 38.111, "height": 14.0 }, "geometry": { "type": "Point", "coordinates": [ 116.847, 38.111 ] } },
{ "type": "Feature", "properties": { "pt_id": " 14096", "trajectory_id": 14, "北京时间": "2026-05-09 03:00", "lon": 116.971, "lat": 38.237, "height": 11.0 }, "geometry": { "type": "Point", "coordinates": [ 116.971, 38.237 ] } },
{ "type": "Feature", "properties": { "pt_id": " 14097", "trajectory_id": 14, "北京时间": "2026-05-09 02:00", "lon": 117.158, "lat": 38.37, "height": 12.0 }, "geometry": { "type": "Point", "coordinates": [ 117.158, 38.37 ] } },
{ "type": "Feature", "properties": { "pt_id": " 14098", "trajectory_id": 14, "北京时间": "2026-05-09 01:00", "lon": 117.432, "lat": 38.472, "height": 14.0 }, "geometry": { "type": "Point", "coordinates": [ 117.432, 38.472 ] } },
{ "type": "Feature", "properties": { "pt_id": " 14099", "trajectory_id": 14, "北京时间": "2026-05-09 00:00", "lon": 117.817, "lat": 38.583, "height": 14.0 }, "geometry": { "type": "Point", "coordinates": [ 117.817, 38.583 ] } },
{ "type": "Feature", "properties": { "pt_id": " 14100", "trajectory_id": 14, "北京时间": "2026-05-08 23:00", "lon": 118.299, "lat": 38.729, "height": 24.0 }, "geometry": { "type": "Point", "coordinates": [ 118.299, 38.729 ] } },
{ "type": "Feature", "properties": { "pt_id": " 15000", "trajectory_id": 15, "北京时间": "2026-05-10 23:00", "lon": 113.942, "lat": 30.907, "height": 10.0 }, "geometry": { "type": "Point", "coordinates": [ 113.942, 30.907 ] } },
{ "type": "Feature", "properties": { "pt_id": " 15057", "trajectory_id": 15, "北京时间": "2026-05-10 22:00", "lon": 114.027, "lat": 30.991, "height": 24.0 }, "geometry": { "type": "Point", "coordinates": [ 114.027, 30.991 ] } },
{ "type": "Feature", "properties": { "pt_id": " 15058", "trajectory_id": 15, "北京时间": "2026-05-10 21:00", "lon": 114.124, "lat": 31.093, "height": 54.0 }, "geometry": { "type": "Point", "coordinates": [ 114.124, 31.093 ] } },
{ "type": "Feature", "properties": { "pt_id": " 15059", "trajectory_id": 15, "北京时间": "2026-05-10 20:00", "lon": 114.21, "lat": 31.217, "height": 83.0 }, "geometry": { "type": "Point", "coordinates": [ 114.21, 31.217 ] } },
{ "type": "Feature", "properties": { "pt_id": " 15060", "trajectory_id": 15, "北京时间": "2026-05-10 19:00", "lon": 114.276, "lat": 31.348, "height": 107.0 }, "geometry": { "type": "Point", "coordinates": [ 114.276, 31.348 ] } },
{ "type": "Feature", "properties": { "pt_id": " 15061", "trajectory_id": 15, "北京时间": "2026-05-10 18:00", "lon": 114.333, "lat": 31.5, "height": 143.0 }, "geometry": { "type": "Point", "coordinates": [ 114.333, 31.5 ] } },
{ "type": "Feature", "properties": { "pt_id": " 15062", "trajectory_id": 15, "北京时间": "2026-05-10 17:00", "lon": 114.389, "lat": 31.663, "height": 191.0 }, "geometry": { "type": "Point", "coordinates": [ 114.389, 31.663 ] } },
{ "type": "Feature", "properties": { "pt_id": " 15063", "trajectory_id": 15, "北京时间": "2026-05-10 16:00", "lon": 114.447, "lat": 31.803, "height": 212.0 }, "geometry": { "type": "Point", "coordinates": [ 114.447, 31.803 ] } },
{ "type": "Feature", "properties": { "pt_id": " 15064", "trajectory_id": 15, "北京时间": "2026-05-10 15:00", "lon": 114.541, "lat": 31.924, "height": 174.0 }, "geometry": { "type": "Point", "coordinates": [ 114.541, 31.924 ] } },
{ "type": "Feature", "properties": { "pt_id": " 15065", "trajectory_id": 15, "北京时间": "2026-05-10 14:00", "lon": 114.681, "lat": 32.046, "height": 107.0 }, "geometry": { "type": "Point", "coordinates": [ 114.681, 32.046 ] } },
{ "type": "Feature", "properties": { "pt_id": " 15066", "trajectory_id": 15, "北京时间": "2026-05-10 13:00", "lon": 114.833, "lat": 32.171, "height": 65.0 }, "geometry": { "type": "Point", "coordinates": [ 114.833, 32.171 ] } },
{ "type": "Feature", "properties": { "pt_id": " 15067", "trajectory_id": 15, "北京时间": "2026-05-10 12:00", "lon": 114.993, "lat": 32.29, "height": 44.0 }, "geometry": { "type": "Point", "coordinates": [ 114.993, 32.29 ] } },
{ "type": "Feature", "properties": { "pt_id": " 15068", "trajectory_id": 15, "北京时间": "2026-05-10 11:00", "lon": 115.144, "lat": 32.409, "height": 37.0 }, "geometry": { "type": "Point", "coordinates": [ 115.144, 32.409 ] } },
{ "type": "Feature", "properties": { "pt_id": " 15069", "trajectory_id": 15, "北京时间": "2026-05-10 10:00", "lon": 115.279, "lat": 32.558, "height": 37.0 }, "geometry": { "type": "Point", "coordinates": [ 115.279, 32.558 ] } },
{ "type": "Feature", "properties": { "pt_id": " 15070", "trajectory_id": 15, "北京时间": "2026-05-10 09:00", "lon": 115.396, "lat": 32.733, "height": 37.0 }, "geometry": { "type": "Point", "coordinates": [ 115.396, 32.733 ] } },
{ "type": "Feature", "properties": { "pt_id": " 15071", "trajectory_id": 15, "北京时间": "2026-05-10 08:00", "lon": 115.493, "lat": 32.917, "height": 37.0 }, "geometry": { "type": "Point", "coordinates": [ 115.493, 32.917 ] } },
{ "type": "Feature", "properties": { "pt_id": " 15072", "trajectory_id": 15, "北京时间": "2026-05-10 07:00", "lon": 115.564, "lat": 33.108, "height": 37.0 }, "geometry": { "type": "Point", "coordinates": [ 115.564, 33.108 ] } },
{ "type": "Feature", "properties": { "pt_id": " 15073", "trajectory_id": 15, "北京时间": "2026-05-10 06:00", "lon": 115.619, "lat": 33.292, "height": 37.0 }, "geometry": { "type": "Point", "coordinates": [ 115.619, 33.292 ] } },
{ "type": "Feature", "properties": { "pt_id": " 15074", "trajectory_id": 15, "北京时间": "2026-05-10 05:00", "lon": 115.68, "lat": 33.469, "height": 37.0 }, "geometry": { "type": "Point", "coordinates": [ 115.68, 33.469 ] } },
{ "type": "Feature", "properties": { "pt_id": " 15075", "trajectory_id": 15, "北京时间": "2026-05-10 04:00", "lon": 115.748, "lat": 33.644, "height": 37.0 }, "geometry": { "type": "Point", "coordinates": [ 115.748, 33.644 ] } },
{ "type": "Feature", "properties": { "pt_id": " 15076", "trajectory_id": 15, "北京时间": "2026-05-10 03:00", "lon": 115.814, "lat": 33.836, "height": 37.0 }, "geometry": { "type": "Point", "coordinates": [ 115.814, 33.836 ] } },
{ "type": "Feature", "properties": { "pt_id": " 15077", "trajectory_id": 15, "北京时间": "2026-05-10 02:00", "lon": 115.871, "lat": 34.068, "height": 37.0 }, "geometry": { "type": "Point", "coordinates": [ 115.871, 34.068 ] } },
{ "type": "Feature", "properties": { "pt_id": " 15078", "trajectory_id": 15, "北京时间": "2026-05-10 01:00", "lon": 115.916, "lat": 34.34, "height": 37.0 }, "geometry": { "type": "Point", "coordinates": [ 115.916, 34.34 ] } },
{ "type": "Feature", "properties": { "pt_id": " 15079", "trajectory_id": 15, "北京时间": "2026-05-10 00:00", "lon": 115.954, "lat": 34.638, "height": 37.0 }, "geometry": { "type": "Point", "coordinates": [ 115.954, 34.638 ] } },
{ "type": "Feature", "properties": { "pt_id": " 15080", "trajectory_id": 15, "北京时间": "2026-05-09 23:00", "lon": 115.989, "lat": 34.944, "height": 36.0 }, "geometry": { "type": "Point", "coordinates": [ 115.989, 34.944 ] } },
{ "type": "Feature", "properties": { "pt_id": " 15081", "trajectory_id": 15, "北京时间": "2026-05-09 22:00", "lon": 116.006, "lat": 35.278, "height": 36.0 }, "geometry": { "type": "Point", "coordinates": [ 116.006, 35.278 ] } },
{ "type": "Feature", "properties": { "pt_id": " 15082", "trajectory_id": 15, "北京时间": "2026-05-09 21:00", "lon": 116.014, "lat": 35.633, "height": 36.0 }, "geometry": { "type": "Point", "coordinates": [ 116.014, 35.633 ] } },
{ "type": "Feature", "properties": { "pt_id": " 15083", "trajectory_id": 15, "北京时间": "2026-05-09 20:00", "lon": 116.036, "lat": 35.974, "height": 39.0 }, "geometry": { "type": "Point", "coordinates": [ 116.036, 35.974 ] } },
{ "type": "Feature", "properties": { "pt_id": " 15084", "trajectory_id": 15, "北京时间": "2026-05-09 19:00", "lon": 116.071, "lat": 36.313, "height": 30.0 }, "geometry": { "type": "Point", "coordinates": [ 116.071, 36.313 ] } },
{ "type": "Feature", "properties": { "pt_id": " 15085", "trajectory_id": 15, "北京时间": "2026-05-09 18:00", "lon": 116.114, "lat": 36.619, "height": 14.0 }, "geometry": { "type": "Point", "coordinates": [ 116.114, 36.619 ] } },
{ "type": "Feature", "properties": { "pt_id": " 15086", "trajectory_id": 15, "北京时间": "2026-05-09 17:00", "lon": 116.158, "lat": 36.904, "height": 9.0 }, "geometry": { "type": "Point", "coordinates": [ 116.158, 36.904 ] } },
{ "type": "Feature", "properties": { "pt_id": " 15087", "trajectory_id": 15, "北京时间": "2026-05-09 16:00", "lon": 116.19, "lat": 37.192, "height": 7.0 }, "geometry": { "type": "Point", "coordinates": [ 116.19, 37.192 ] } },
{ "type": "Feature", "properties": { "pt_id": " 15088", "trajectory_id": 15, "北京时间": "2026-05-09 15:00", "lon": 116.206, "lat": 37.496, "height": 7.0 }, "geometry": { "type": "Point", "coordinates": [ 116.206, 37.496 ] } },
{ "type": "Feature", "properties": { "pt_id": " 15089", "trajectory_id": 15, "北京时间": "2026-05-09 14:00", "lon": 116.219, "lat": 37.818, "height": 7.0 }, "geometry": { "type": "Point", "coordinates": [ 116.219, 37.818 ] } },
{ "type": "Feature", "properties": { "pt_id": " 15090", "trajectory_id": 15, "北京时间": "2026-05-09 13:00", "lon": 116.23, "lat": 38.154, "height": 7.0 }, "geometry": { "type": "Point", "coordinates": [ 116.23, 38.154 ] } },
{ "type": "Feature", "properties": { "pt_id": " 15091", "trajectory_id": 15, "北京时间": "2026-05-09 12:00", "lon": 116.214, "lat": 38.483, "height": 6.0 }, "geometry": { "type": "Point", "coordinates": [ 116.214, 38.483 ] } },
{ "type": "Feature", "properties": { "pt_id": " 15092", "trajectory_id": 15, "北京时间": "2026-05-09 11:00", "lon": 116.173, "lat": 38.792, "height": 6.0 }, "geometry": { "type": "Point", "coordinates": [ 116.173, 38.792 ] } },
{ "type": "Feature", "properties": { "pt_id": " 15093", "trajectory_id": 15, "北京时间": "2026-05-09 10:00", "lon": 116.149, "lat": 39.064, "height": 6.0 }, "geometry": { "type": "Point", "coordinates": [ 116.149, 39.064 ] } },
{ "type": "Feature", "properties": { "pt_id": " 15094", "trajectory_id": 15, "北京时间": "2026-05-09 09:00", "lon": 116.12, "lat": 39.307, "height": 12.0 }, "geometry": { "type": "Point", "coordinates": [ 116.12, 39.307 ] } },
{ "type": "Feature", "properties": { "pt_id": " 15095", "trajectory_id": 15, "北京时间": "2026-05-09 08:00", "lon": 116.038, "lat": 39.553, "height": 48.0 }, "geometry": { "type": "Point", "coordinates": [ 116.038, 39.553 ] } },
{ "type": "Feature", "properties": { "pt_id": " 15096", "trajectory_id": 15, "北京时间": "2026-05-09 07:00", "lon": 115.762, "lat": 39.981, "height": 757.0 }, "geometry": { "type": "Point", "coordinates": [ 115.762, 39.981 ] } },
{ "type": "Feature", "properties": { "pt_id": " 15097", "trajectory_id": 15, "北京时间": "2026-05-09 06:00", "lon": 115.301, "lat": 40.459, "height": 1060.0 }, "geometry": { "type": "Point", "coordinates": [ 115.301, 40.459 ] } },
{ "type": "Feature", "properties": { "pt_id": " 15098", "trajectory_id": 15, "北京时间": "2026-05-09 05:00", "lon": 114.884, "lat": 40.972, "height": 1370.0 }, "geometry": { "type": "Point", "coordinates": [ 114.884, 40.972 ] } },
{ "type": "Feature", "properties": { "pt_id": " 15099", "trajectory_id": 15, "北京时间": "2026-05-09 04:00", "lon": 114.314, "lat": 41.385, "height": 1790.0 }, "geometry": { "type": "Point", "coordinates": [ 114.314, 41.385 ] } },
{ "type": "Feature", "properties": { "pt_id": " 15100", "trajectory_id": 15, "北京时间": "2026-05-09 03:00", "lon": 113.734, "lat": 41.762, "height": 2004.0 }, "geometry": { "type": "Point", "coordinates": [ 113.734, 41.762 ] } },
{ "type": "Feature", "properties": { "pt_id": " 15101", "trajectory_id": 15, "北京时间": "2026-05-09 02:00", "lon": 113.138, "lat": 42.101, "height": 2091.0 }, "geometry": { "type": "Point", "coordinates": [ 113.138, 42.101 ] } },
{ "type": "Feature", "properties": { "pt_id": " 15102", "trajectory_id": 15, "北京时间": "2026-05-09 01:00", "lon": 112.632, "lat": 42.401, "height": 1948.0 }, "geometry": { "type": "Point", "coordinates": [ 112.632, 42.401 ] } },
{ "type": "Feature", "properties": { "pt_id": " 15103", "trajectory_id": 15, "北京时间": "2026-05-09 00:00", "lon": 112.093, "lat": 42.705, "height": 2010.0 }, "geometry": { "type": "Point", "coordinates": [ 112.093, 42.705 ] } },
{ "type": "Feature", "properties": { "pt_id": " 15104", "trajectory_id": 15, "北京时间": "2026-05-08 23:00", "lon": 111.582, "lat": 43.024, "height": 1988.0 }, "geometry": { "type": "Point", "coordinates": [ 111.582, 43.024 ] } },
{ "type": "Feature", "properties": { "pt_id": " 16000", "trajectory_id": 16, "北京时间": "2026-05-10 23:00", "lon": 113.942, "lat": 30.907, "height": 10.0 }, "geometry": { "type": "Point", "coordinates": [ 113.942, 30.907 ] } },
{ "type": "Feature", "properties": { "pt_id": " 16061", "trajectory_id": 16, "北京时间": "2026-05-10 22:00", "lon": 113.976, "lat": 31.051, "height": 25.0 }, "geometry": { "type": "Point", "coordinates": [ 113.976, 31.051 ] } },
{ "type": "Feature", "properties": { "pt_id": " 16062", "trajectory_id": 16, "北京时间": "2026-05-10 21:00", "lon": 114.006, "lat": 31.228, "height": 54.0 }, "geometry": { "type": "Point", "coordinates": [ 114.006, 31.228 ] } },
{ "type": "Feature", "properties": { "pt_id": " 16063", "trajectory_id": 16, "北京时间": "2026-05-10 20:00", "lon": 114.037, "lat": 31.414, "height": 106.0 }, "geometry": { "type": "Point", "coordinates": [ 114.037, 31.414 ] } },
{ "type": "Feature", "properties": { "pt_id": " 16064", "trajectory_id": 16, "北京时间": "2026-05-10 19:00", "lon": 114.096, "lat": 31.587, "height": 187.0 }, "geometry": { "type": "Point", "coordinates": [ 114.096, 31.587 ] } },
{ "type": "Feature", "properties": { "pt_id": " 16065", "trajectory_id": 16, "北京时间": "2026-05-10 18:00", "lon": 114.233, "lat": 31.77, "height": 270.0 }, "geometry": { "type": "Point", "coordinates": [ 114.233, 31.77 ] } },
{ "type": "Feature", "properties": { "pt_id": " 16066", "trajectory_id": 16, "北京时间": "2026-05-10 17:00", "lon": 114.459, "lat": 31.945, "height": 225.0 }, "geometry": { "type": "Point", "coordinates": [ 114.459, 31.945 ] } },
{ "type": "Feature", "properties": { "pt_id": " 16067", "trajectory_id": 16, "北京时间": "2026-05-10 16:00", "lon": 114.69, "lat": 32.111, "height": 143.0 }, "geometry": { "type": "Point", "coordinates": [ 114.69, 32.111 ] } },
{ "type": "Feature", "properties": { "pt_id": " 16068", "trajectory_id": 16, "北京时间": "2026-05-10 15:00", "lon": 114.9, "lat": 32.284, "height": 102.0 }, "geometry": { "type": "Point", "coordinates": [ 114.9, 32.284 ] } },
{ "type": "Feature", "properties": { "pt_id": " 16069", "trajectory_id": 16, "北京时间": "2026-05-10 14:00", "lon": 115.091, "lat": 32.478, "height": 94.0 }, "geometry": { "type": "Point", "coordinates": [ 115.091, 32.478 ] } },
{ "type": "Feature", "properties": { "pt_id": " 16070", "trajectory_id": 16, "北京时间": "2026-05-10 13:00", "lon": 115.275, "lat": 32.714, "height": 94.0 }, "geometry": { "type": "Point", "coordinates": [ 115.275, 32.714 ] } },
{ "type": "Feature", "properties": { "pt_id": " 16071", "trajectory_id": 16, "北京时间": "2026-05-10 12:00", "lon": 115.452, "lat": 32.965, "height": 95.0 }, "geometry": { "type": "Point", "coordinates": [ 115.452, 32.965 ] } },
{ "type": "Feature", "properties": { "pt_id": " 16072", "trajectory_id": 16, "北京时间": "2026-05-10 11:00", "lon": 115.598, "lat": 33.23, "height": 100.0 }, "geometry": { "type": "Point", "coordinates": [ 115.598, 33.23 ] } },
{ "type": "Feature", "properties": { "pt_id": " 16073", "trajectory_id": 16, "北京时间": "2026-05-10 10:00", "lon": 115.718, "lat": 33.496, "height": 103.0 }, "geometry": { "type": "Point", "coordinates": [ 115.718, 33.496 ] } },
{ "type": "Feature", "properties": { "pt_id": " 16074", "trajectory_id": 16, "北京时间": "2026-05-10 09:00", "lon": 115.838, "lat": 33.755, "height": 106.0 }, "geometry": { "type": "Point", "coordinates": [ 115.838, 33.755 ] } },
{ "type": "Feature", "properties": { "pt_id": " 16075", "trajectory_id": 16, "北京时间": "2026-05-10 08:00", "lon": 115.944, "lat": 34.02, "height": 106.0 }, "geometry": { "type": "Point", "coordinates": [ 115.944, 34.02 ] } },
{ "type": "Feature", "properties": { "pt_id": " 16076", "trajectory_id": 16, "北京时间": "2026-05-10 07:00", "lon": 116.029, "lat": 34.309, "height": 106.0 }, "geometry": { "type": "Point", "coordinates": [ 116.029, 34.309 ] } },
{ "type": "Feature", "properties": { "pt_id": " 16077", "trajectory_id": 16, "北京时间": "2026-05-10 06:00", "lon": 116.099, "lat": 34.622, "height": 108.0 }, "geometry": { "type": "Point", "coordinates": [ 116.099, 34.622 ] } },
{ "type": "Feature", "properties": { "pt_id": " 16078", "trajectory_id": 16, "北京时间": "2026-05-10 05:00", "lon": 116.157, "lat": 34.944, "height": 108.0 }, "geometry": { "type": "Point", "coordinates": [ 116.157, 34.944 ] } },
{ "type": "Feature", "properties": { "pt_id": " 16079", "trajectory_id": 16, "北京时间": "2026-05-10 04:00", "lon": 116.198, "lat": 35.275, "height": 108.0 }, "geometry": { "type": "Point", "coordinates": [ 116.198, 35.275 ] } },
{ "type": "Feature", "properties": { "pt_id": " 16080", "trajectory_id": 16, "北京时间": "2026-05-10 03:00", "lon": 116.225, "lat": 35.638, "height": 110.0 }, "geometry": { "type": "Point", "coordinates": [ 116.225, 35.638 ] } },
{ "type": "Feature", "properties": { "pt_id": " 16081", "trajectory_id": 16, "北京时间": "2026-05-10 02:00", "lon": 116.247, "lat": 36.002, "height": 165.0 }, "geometry": { "type": "Point", "coordinates": [ 116.247, 36.002 ] } },
{ "type": "Feature", "properties": { "pt_id": " 16082", "trajectory_id": 16, "北京时间": "2026-05-10 01:00", "lon": 116.28, "lat": 36.372, "height": 160.0 }, "geometry": { "type": "Point", "coordinates": [ 116.28, 36.372 ] } },
{ "type": "Feature", "properties": { "pt_id": " 16083", "trajectory_id": 16, "北京时间": "2026-05-10 00:00", "lon": 116.315, "lat": 36.748, "height": 145.0 }, "geometry": { "type": "Point", "coordinates": [ 116.315, 36.748 ] } },
{ "type": "Feature", "properties": { "pt_id": " 16084", "trajectory_id": 16, "北京时间": "2026-05-09 23:00", "lon": 116.349, "lat": 37.128, "height": 145.0 }, "geometry": { "type": "Point", "coordinates": [ 116.349, 37.128 ] } },
{ "type": "Feature", "properties": { "pt_id": " 16085", "trajectory_id": 16, "北京时间": "2026-05-09 22:00", "lon": 116.391, "lat": 37.533, "height": 144.0 }, "geometry": { "type": "Point", "coordinates": [ 116.391, 37.533 ] } },
{ "type": "Feature", "properties": { "pt_id": " 16086", "trajectory_id": 16, "北京时间": "2026-05-09 21:00", "lon": 116.396, "lat": 37.968, "height": 137.0 }, "geometry": { "type": "Point", "coordinates": [ 116.396, 37.968 ] } },
{ "type": "Feature", "properties": { "pt_id": " 16087", "trajectory_id": 16, "北京时间": "2026-05-09 20:00", "lon": 116.337, "lat": 38.423, "height": 137.0 }, "geometry": { "type": "Point", "coordinates": [ 116.337, 38.423 ] } },
{ "type": "Feature", "properties": { "pt_id": " 16088", "trajectory_id": 16, "北京时间": "2026-05-09 19:00", "lon": 116.243, "lat": 38.877, "height": 145.0 }, "geometry": { "type": "Point", "coordinates": [ 116.243, 38.877 ] } },
{ "type": "Feature", "properties": { "pt_id": " 16089", "trajectory_id": 16, "北京时间": "2026-05-09 18:00", "lon": 116.118, "lat": 39.287, "height": 179.0 }, "geometry": { "type": "Point", "coordinates": [ 116.118, 39.287 ] } },
{ "type": "Feature", "properties": { "pt_id": " 16090", "trajectory_id": 16, "北京时间": "2026-05-09 17:00", "lon": 115.896, "lat": 39.699, "height": 465.0 }, "geometry": { "type": "Point", "coordinates": [ 115.896, 39.699 ] } },
{ "type": "Feature", "properties": { "pt_id": " 16091", "trajectory_id": 16, "北京时间": "2026-05-09 16:00", "lon": 115.582, "lat": 40.282, "height": 1135.0 }, "geometry": { "type": "Point", "coordinates": [ 115.582, 40.282 ] } },
{ "type": "Feature", "properties": { "pt_id": " 16092", "trajectory_id": 16, "北京时间": "2026-05-09 15:00", "lon": 115.398, "lat": 40.919, "height": 1451.0 }, "geometry": { "type": "Point", "coordinates": [ 115.398, 40.919 ] } },
{ "type": "Feature", "properties": { "pt_id": " 16093", "trajectory_id": 16, "北京时间": "2026-05-09 14:00", "lon": 115.154, "lat": 41.599, "height": 2048.0 }, "geometry": { "type": "Point", "coordinates": [ 115.154, 41.599 ] } },
{ "type": "Feature", "properties": { "pt_id": " 16094", "trajectory_id": 16, "北京时间": "2026-05-09 13:00", "lon": 114.856, "lat": 42.199, "height": 2478.0 }, "geometry": { "type": "Point", "coordinates": [ 114.856, 42.199 ] } },
{ "type": "Feature", "properties": { "pt_id": " 16095", "trajectory_id": 16, "北京时间": "2026-05-09 12:00", "lon": 114.573, "lat": 42.695, "height": 2668.0 }, "geometry": { "type": "Point", "coordinates": [ 114.573, 42.695 ] } },
{ "type": "Feature", "properties": { "pt_id": " 16096", "trajectory_id": 16, "北京时间": "2026-05-09 11:00", "lon": 114.234, "lat": 43.132, "height": 2922.0 }, "geometry": { "type": "Point", "coordinates": [ 114.234, 43.132 ] } },
{ "type": "Feature", "properties": { "pt_id": " 16097", "trajectory_id": 16, "北京时间": "2026-05-09 10:00", "lon": 113.862, "lat": 43.5, "height": 3029.0 }, "geometry": { "type": "Point", "coordinates": [ 113.862, 43.5 ] } },
{ "type": "Feature", "properties": { "pt_id": " 16098", "trajectory_id": 16, "北京时间": "2026-05-09 09:00", "lon": 113.624, "lat": 43.869, "height": 3152.0 }, "geometry": { "type": "Point", "coordinates": [ 113.624, 43.869 ] } },
{ "type": "Feature", "properties": { "pt_id": " 16099", "trajectory_id": 16, "北京时间": "2026-05-09 08:00", "lon": 113.406, "lat": 44.252, "height": 3196.0 }, "geometry": { "type": "Point", "coordinates": [ 113.406, 44.252 ] } },
{ "type": "Feature", "properties": { "pt_id": " 16100", "trajectory_id": 16, "北京时间": "2026-05-09 07:00", "lon": 113.171, "lat": 44.609, "height": 3232.0 }, "geometry": { "type": "Point", "coordinates": [ 113.171, 44.609 ] } },
{ "type": "Feature", "properties": { "pt_id": " 16101", "trajectory_id": 16, "北京时间": "2026-05-09 06:00", "lon": 112.96, "lat": 44.955, "height": 3177.0 }, "geometry": { "type": "Point", "coordinates": [ 112.96, 44.955 ] } },
{ "type": "Feature", "properties": { "pt_id": " 16102", "trajectory_id": 16, "北京时间": "2026-05-09 05:00", "lon": 112.711, "lat": 45.29, "height": 3393.0 }, "geometry": { "type": "Point", "coordinates": [ 112.711, 45.29 ] } },
{ "type": "Feature", "properties": { "pt_id": " 16103", "trajectory_id": 16, "北京时间": "2026-05-09 04:00", "lon": 112.449, "lat": 45.611, "height": 3627.0 }, "geometry": { "type": "Point", "coordinates": [ 112.449, 45.611 ] } },
{ "type": "Feature", "properties": { "pt_id": " 16104", "trajectory_id": 16, "北京时间": "2026-05-09 03:00", "lon": 112.211, "lat": 45.865, "height": 3632.0 }, "geometry": { "type": "Point", "coordinates": [ 112.211, 45.865 ] } },
{ "type": "Feature", "properties": { "pt_id": " 16105", "trajectory_id": 16, "北京时间": "2026-05-09 02:00", "lon": 111.998, "lat": 46.067, "height": 3596.0 }, "geometry": { "type": "Point", "coordinates": [ 111.998, 46.067 ] } },
{ "type": "Feature", "properties": { "pt_id": " 16106", "trajectory_id": 16, "北京时间": "2026-05-09 01:00", "lon": 111.772, "lat": 46.206, "height": 3529.0 }, "geometry": { "type": "Point", "coordinates": [ 111.772, 46.206 ] } },
{ "type": "Feature", "properties": { "pt_id": " 16107", "trajectory_id": 16, "北京时间": "2026-05-09 00:00", "lon": 111.509, "lat": 46.328, "height": 3436.0 }, "geometry": { "type": "Point", "coordinates": [ 111.509, 46.328 ] } },
{ "type": "Feature", "properties": { "pt_id": " 16108", "trajectory_id": 16, "北京时间": "2026-05-08 23:00", "lon": 111.208, "lat": 46.427, "height": 3324.0 }, "geometry": { "type": "Point", "coordinates": [ 111.208, 46.427 ] } },
{ "type": "Feature", "properties": { "pt_id": " 17000", "trajectory_id": 17, "北京时间": "2026-05-10 23:00", "lon": 113.942, "lat": 30.907, "height": 10.0 }, "geometry": { "type": "Point", "coordinates": [ 113.942, 30.907 ] } },
{ "type": "Feature", "properties": { "pt_id": " 17065", "trajectory_id": 17, "北京时间": "2026-05-10 22:00", "lon": 113.967, "lat": 31.084, "height": 31.0 }, "geometry": { "type": "Point", "coordinates": [ 113.967, 31.084 ] } },
{ "type": "Feature", "properties": { "pt_id": " 17066", "trajectory_id": 17, "北京时间": "2026-05-10 21:00", "lon": 114.045, "lat": 31.28, "height": 86.0 }, "geometry": { "type": "Point", "coordinates": [ 114.045, 31.28 ] } },
{ "type": "Feature", "properties": { "pt_id": " 17067", "trajectory_id": 17, "北京时间": "2026-05-10 20:00", "lon": 114.179, "lat": 31.472, "height": 186.0 }, "geometry": { "type": "Point", "coordinates": [ 114.179, 31.472 ] } },
{ "type": "Feature", "properties": { "pt_id": " 17068", "trajectory_id": 17, "北京时间": "2026-05-10 19:00", "lon": 114.378, "lat": 31.684, "height": 231.0 }, "geometry": { "type": "Point", "coordinates": [ 114.378, 31.684 ] } },
{ "type": "Feature", "properties": { "pt_id": " 17069", "trajectory_id": 17, "北京时间": "2026-05-10 18:00", "lon": 114.613, "lat": 31.899, "height": 149.0 }, "geometry": { "type": "Point", "coordinates": [ 114.613, 31.899 ] } },
{ "type": "Feature", "properties": { "pt_id": " 17070", "trajectory_id": 17, "北京时间": "2026-05-10 17:00", "lon": 114.816, "lat": 32.091, "height": 86.0 }, "geometry": { "type": "Point", "coordinates": [ 114.816, 32.091 ] } },
{ "type": "Feature", "properties": { "pt_id": " 17071", "trajectory_id": 17, "北京时间": "2026-05-10 16:00", "lon": 114.986, "lat": 32.289, "height": 72.0 }, "geometry": { "type": "Point", "coordinates": [ 114.986, 32.289 ] } },
{ "type": "Feature", "properties": { "pt_id": " 17072", "trajectory_id": 17, "北京时间": "2026-05-10 15:00", "lon": 115.145, "lat": 32.51, "height": 72.0 }, "geometry": { "type": "Point", "coordinates": [ 115.145, 32.51 ] } },
{ "type": "Feature", "properties": { "pt_id": " 17073", "trajectory_id": 17, "北京时间": "2026-05-10 14:00", "lon": 115.282, "lat": 32.746, "height": 72.0 }, "geometry": { "type": "Point", "coordinates": [ 115.282, 32.746 ] } },
{ "type": "Feature", "properties": { "pt_id": " 17074", "trajectory_id": 17, "北京时间": "2026-05-10 13:00", "lon": 115.397, "lat": 32.985, "height": 72.0 }, "geometry": { "type": "Point", "coordinates": [ 115.397, 32.985 ] } },
{ "type": "Feature", "properties": { "pt_id": " 17075", "trajectory_id": 17, "北京时间": "2026-05-10 12:00", "lon": 115.503, "lat": 33.22, "height": 74.0 }, "geometry": { "type": "Point", "coordinates": [ 115.503, 33.22 ] } },
{ "type": "Feature", "properties": { "pt_id": " 17076", "trajectory_id": 17, "北京时间": "2026-05-10 11:00", "lon": 115.605, "lat": 33.456, "height": 76.0 }, "geometry": { "type": "Point", "coordinates": [ 115.605, 33.456 ] } },
{ "type": "Feature", "properties": { "pt_id": " 17077", "trajectory_id": 17, "北京时间": "2026-05-10 10:00", "lon": 115.69, "lat": 33.714, "height": 76.0 }, "geometry": { "type": "Point", "coordinates": [ 115.69, 33.714 ] } },
{ "type": "Feature", "properties": { "pt_id": " 17078", "trajectory_id": 17, "北京时间": "2026-05-10 09:00", "lon": 115.762, "lat": 34.013, "height": 76.0 }, "geometry": { "type": "Point", "coordinates": [ 115.762, 34.013 ] } },
{ "type": "Feature", "properties": { "pt_id": " 17079", "trajectory_id": 17, "北京时间": "2026-05-10 08:00", "lon": 115.825, "lat": 34.348, "height": 77.0 }, "geometry": { "type": "Point", "coordinates": [ 115.825, 34.348 ] } },
{ "type": "Feature", "properties": { "pt_id": " 17080", "trajectory_id": 17, "北京时间": "2026-05-10 07:00", "lon": 115.874, "lat": 34.695, "height": 78.0 }, "geometry": { "type": "Point", "coordinates": [ 115.874, 34.695 ] } },
{ "type": "Feature", "properties": { "pt_id": " 17081", "trajectory_id": 17, "北京时间": "2026-05-10 06:00", "lon": 115.904, "lat": 35.058, "height": 78.0 }, "geometry": { "type": "Point", "coordinates": [ 115.904, 35.058 ] } },
{ "type": "Feature", "properties": { "pt_id": " 17082", "trajectory_id": 17, "北京时间": "2026-05-10 05:00", "lon": 115.927, "lat": 35.451, "height": 78.0 }, "geometry": { "type": "Point", "coordinates": [ 115.927, 35.451 ] } },
{ "type": "Feature", "properties": { "pt_id": " 17083", "trajectory_id": 17, "北京时间": "2026-05-10 04:00", "lon": 115.957, "lat": 35.838, "height": 80.0 }, "geometry": { "type": "Point", "coordinates": [ 115.957, 35.838 ] } },
{ "type": "Feature", "properties": { "pt_id": " 17084", "trajectory_id": 17, "北京时间": "2026-05-10 03:00", "lon": 115.995, "lat": 36.216, "height": 76.0 }, "geometry": { "type": "Point", "coordinates": [ 115.995, 36.216 ] } },
{ "type": "Feature", "properties": { "pt_id": " 17085", "trajectory_id": 17, "北京时间": "2026-05-10 02:00", "lon": 116.046, "lat": 36.582, "height": 64.0 }, "geometry": { "type": "Point", "coordinates": [ 116.046, 36.582 ] } },
{ "type": "Feature", "properties": { "pt_id": " 17086", "trajectory_id": 17, "北京时间": "2026-05-10 01:00", "lon": 116.105, "lat": 36.941, "height": 59.0 }, "geometry": { "type": "Point", "coordinates": [ 116.105, 36.941 ] } },
{ "type": "Feature", "properties": { "pt_id": " 17087", "trajectory_id": 17, "北京时间": "2026-05-10 00:00", "lon": 116.144, "lat": 37.311, "height": 57.0 }, "geometry": { "type": "Point", "coordinates": [ 116.144, 37.311 ] } },
{ "type": "Feature", "properties": { "pt_id": " 17088", "trajectory_id": 17, "北京时间": "2026-05-09 23:00", "lon": 116.165, "lat": 37.715, "height": 57.0 }, "geometry": { "type": "Point", "coordinates": [ 116.165, 37.715 ] } },
{ "type": "Feature", "properties": { "pt_id": " 17089", "trajectory_id": 17, "北京时间": "2026-05-09 22:00", "lon": 116.182, "lat": 38.153, "height": 57.0 }, "geometry": { "type": "Point", "coordinates": [ 116.182, 38.153 ] } },
{ "type": "Feature", "properties": { "pt_id": " 17090", "trajectory_id": 17, "北京时间": "2026-05-09 21:00", "lon": 116.147, "lat": 38.596, "height": 81.0 }, "geometry": { "type": "Point", "coordinates": [ 116.147, 38.596 ] } },
{ "type": "Feature", "properties": { "pt_id": " 17091", "trajectory_id": 17, "北京时间": "2026-05-09 20:00", "lon": 116.066, "lat": 39.004, "height": 110.0 }, "geometry": { "type": "Point", "coordinates": [ 116.066, 39.004 ] } },
{ "type": "Feature", "properties": { "pt_id": " 17092", "trajectory_id": 17, "北京时间": "2026-05-09 19:00", "lon": 115.981, "lat": 39.398, "height": 198.0 }, "geometry": { "type": "Point", "coordinates": [ 115.981, 39.398 ] } },
{ "type": "Feature", "properties": { "pt_id": " 17093", "trajectory_id": 17, "北京时间": "2026-05-09 18:00", "lon": 115.737, "lat": 39.87, "height": 805.0 }, "geometry": { "type": "Point", "coordinates": [ 115.737, 39.87 ] } },
{ "type": "Feature", "properties": { "pt_id": " 17094", "trajectory_id": 17, "北京时间": "2026-05-09 17:00", "lon": 115.304, "lat": 40.477, "height": 1477.0 }, "geometry": { "type": "Point", "coordinates": [ 115.304, 40.477 ] } },
{ "type": "Feature", "properties": { "pt_id": " 17095", "trajectory_id": 17, "北京时间": "2026-05-09 16:00", "lon": 114.899, "lat": 41.064, "height": 1780.0 }, "geometry": { "type": "Point", "coordinates": [ 114.899, 41.064 ] } },
{ "type": "Feature", "properties": { "pt_id": " 17096", "trajectory_id": 17, "北京时间": "2026-05-09 15:00", "lon": 114.309, "lat": 41.561, "height": 2174.0 }, "geometry": { "type": "Point", "coordinates": [ 114.309, 41.561 ] } },
{ "type": "Feature", "properties": { "pt_id": " 17097", "trajectory_id": 17, "北京时间": "2026-05-09 14:00", "lon": 113.735, "lat": 42.098, "height": 2605.0 }, "geometry": { "type": "Point", "coordinates": [ 113.735, 42.098 ] } },
{ "type": "Feature", "properties": { "pt_id": " 17098", "trajectory_id": 17, "北京时间": "2026-05-09 13:00", "lon": 113.192, "lat": 42.475, "height": 2828.0 }, "geometry": { "type": "Point", "coordinates": [ 113.192, 42.475 ] } },
{ "type": "Feature", "properties": { "pt_id": " 17099", "trajectory_id": 17, "北京时间": "2026-05-09 12:00", "lon": 112.595, "lat": 42.771, "height": 2871.0 }, "geometry": { "type": "Point", "coordinates": [ 112.595, 42.771 ] } },
{ "type": "Feature", "properties": { "pt_id": " 17100", "trajectory_id": 17, "北京时间": "2026-05-09 11:00", "lon": 112.066, "lat": 43.183, "height": 2991.0 }, "geometry": { "type": "Point", "coordinates": [ 112.066, 43.183 ] } },
{ "type": "Feature", "properties": { "pt_id": " 17101", "trajectory_id": 17, "北京时间": "2026-05-09 10:00", "lon": 111.642, "lat": 43.541, "height": 2876.0 }, "geometry": { "type": "Point", "coordinates": [ 111.642, 43.541 ] } },
{ "type": "Feature", "properties": { "pt_id": " 17102", "trajectory_id": 17, "北京时间": "2026-05-09 09:00", "lon": 111.227, "lat": 43.879, "height": 2876.0 }, "geometry": { "type": "Point", "coordinates": [ 111.227, 43.879 ] } },
{ "type": "Feature", "properties": { "pt_id": " 17103", "trajectory_id": 17, "北京时间": "2026-05-09 08:00", "lon": 110.738, "lat": 44.258, "height": 3131.0 }, "geometry": { "type": "Point", "coordinates": [ 110.738, 44.258 ] } },
{ "type": "Feature", "properties": { "pt_id": " 17104", "trajectory_id": 17, "北京时间": "2026-05-09 07:00", "lon": 110.333, "lat": 44.621, "height": 3237.0 }, "geometry": { "type": "Point", "coordinates": [ 110.333, 44.621 ] } },
{ "type": "Feature", "properties": { "pt_id": " 17105", "trajectory_id": 17, "北京时间": "2026-05-09 06:00", "lon": 109.988, "lat": 44.997, "height": 3273.0 }, "geometry": { "type": "Point", "coordinates": [ 109.988, 44.997 ] } },
{ "type": "Feature", "properties": { "pt_id": " 17106", "trajectory_id": 17, "北京时间": "2026-05-09 05:00", "lon": 109.645, "lat": 45.377, "height": 3316.0 }, "geometry": { "type": "Point", "coordinates": [ 109.645, 45.377 ] } },
{ "type": "Feature", "properties": { "pt_id": " 17107", "trajectory_id": 17, "北京时间": "2026-05-09 04:00", "lon": 109.226, "lat": 45.764, "height": 3352.0 }, "geometry": { "type": "Point", "coordinates": [ 109.226, 45.764 ] } },
{ "type": "Feature", "properties": { "pt_id": " 17108", "trajectory_id": 17, "北京时间": "2026-05-09 03:00", "lon": 108.769, "lat": 46.217, "height": 3525.0 }, "geometry": { "type": "Point", "coordinates": [ 108.769, 46.217 ] } },
{ "type": "Feature", "properties": { "pt_id": " 17109", "trajectory_id": 17, "北京时间": "2026-05-09 02:00", "lon": 108.33, "lat": 46.706, "height": 3763.0 }, "geometry": { "type": "Point", "coordinates": [ 108.33, 46.706 ] } },
{ "type": "Feature", "properties": { "pt_id": " 17110", "trajectory_id": 17, "北京时间": "2026-05-09 01:00", "lon": 107.902, "lat": 47.185, "height": 3837.0 }, "geometry": { "type": "Point", "coordinates": [ 107.902, 47.185 ] } },
{ "type": "Feature", "properties": { "pt_id": " 17111", "trajectory_id": 17, "北京时间": "2026-05-09 00:00", "lon": 107.58, "lat": 47.681, "height": 3817.0 }, "geometry": { "type": "Point", "coordinates": [ 107.58, 47.681 ] } },
{ "type": "Feature", "properties": { "pt_id": " 17112", "trajectory_id": 17, "北京时间": "2026-05-08 23:00", "lon": 107.35, "lat": 48.218, "height": 3762.0 }, "geometry": { "type": "Point", "coordinates": [ 107.35, 48.218 ] } },
{ "type": "Feature", "properties": { "pt_id": " 18000", "trajectory_id": 18, "北京时间": "2026-05-10 23:00", "lon": 113.942, "lat": 30.907, "height": 10.0 }, "geometry": { "type": "Point", "coordinates": [ 113.942, 30.907 ] } },
{ "type": "Feature", "properties": { "pt_id": " 18069", "trajectory_id": 18, "北京时间": "2026-05-10 22:00", "lon": 114.016, "lat": 31.029, "height": 16.0 }, "geometry": { "type": "Point", "coordinates": [ 114.016, 31.029 ] } },
{ "type": "Feature", "properties": { "pt_id": " 18070", "trajectory_id": 18, "北京时间": "2026-05-10 21:00", "lon": 114.112, "lat": 31.161, "height": 46.0 }, "geometry": { "type": "Point", "coordinates": [ 114.112, 31.161 ] } },
{ "type": "Feature", "properties": { "pt_id": " 18071", "trajectory_id": 18, "北京时间": "2026-05-10 20:00", "lon": 114.254, "lat": 31.334, "height": 101.0 }, "geometry": { "type": "Point", "coordinates": [ 114.254, 31.334 ] } },
{ "type": "Feature", "properties": { "pt_id": " 18072", "trajectory_id": 18, "北京时间": "2026-05-10 19:00", "lon": 114.455, "lat": 31.566, "height": 178.0 }, "geometry": { "type": "Point", "coordinates": [ 114.455, 31.566 ] } },
{ "type": "Feature", "properties": { "pt_id": " 18073", "trajectory_id": 18, "北京时间": "2026-05-10 18:00", "lon": 114.686, "lat": 31.844, "height": 115.0 }, "geometry": { "type": "Point", "coordinates": [ 114.686, 31.844 ] } },
{ "type": "Feature", "properties": { "pt_id": " 18074", "trajectory_id": 18, "北京时间": "2026-05-10 17:00", "lon": 114.836, "lat": 32.073, "height": 40.0 }, "geometry": { "type": "Point", "coordinates": [ 114.836, 32.073 ] } },
{ "type": "Feature", "properties": { "pt_id": " 18075", "trajectory_id": 18, "北京时间": "2026-05-10 16:00", "lon": 114.956, "lat": 32.277, "height": 31.0 }, "geometry": { "type": "Point", "coordinates": [ 114.956, 32.277 ] } },
{ "type": "Feature", "properties": { "pt_id": " 18076", "trajectory_id": 18, "北京时间": "2026-05-10 15:00", "lon": 115.068, "lat": 32.477, "height": 30.0 }, "geometry": { "type": "Point", "coordinates": [ 115.068, 32.477 ] } },
{ "type": "Feature", "properties": { "pt_id": " 18077", "trajectory_id": 18, "北京时间": "2026-05-10 14:00", "lon": 115.178, "lat": 32.69, "height": 30.0 }, "geometry": { "type": "Point", "coordinates": [ 115.178, 32.69 ] } },
{ "type": "Feature", "properties": { "pt_id": " 18078", "trajectory_id": 18, "北京时间": "2026-05-10 13:00", "lon": 115.292, "lat": 32.927, "height": 30.0 }, "geometry": { "type": "Point", "coordinates": [ 115.292, 32.927 ] } },
{ "type": "Feature", "properties": { "pt_id": " 18079", "trajectory_id": 18, "北京时间": "2026-05-10 12:00", "lon": 115.4, "lat": 33.204, "height": 30.0 }, "geometry": { "type": "Point", "coordinates": [ 115.4, 33.204 ] } },
{ "type": "Feature", "properties": { "pt_id": " 18080", "trajectory_id": 18, "北京时间": "2026-05-10 11:00", "lon": 115.507, "lat": 33.501, "height": 30.0 }, "geometry": { "type": "Point", "coordinates": [ 115.507, 33.501 ] } },
{ "type": "Feature", "properties": { "pt_id": " 18081", "trajectory_id": 18, "北京时间": "2026-05-10 10:00", "lon": 115.61, "lat": 33.796, "height": 31.0 }, "geometry": { "type": "Point", "coordinates": [ 115.61, 33.796 ] } },
{ "type": "Feature", "properties": { "pt_id": " 18082", "trajectory_id": 18, "北京时间": "2026-05-10 09:00", "lon": 115.709, "lat": 34.12, "height": 31.0 }, "geometry": { "type": "Point", "coordinates": [ 115.709, 34.12 ] } },
{ "type": "Feature", "properties": { "pt_id": " 18083", "trajectory_id": 18, "北京时间": "2026-05-10 08:00", "lon": 115.813, "lat": 34.47, "height": 32.0 }, "geometry": { "type": "Point", "coordinates": [ 115.813, 34.47 ] } },
{ "type": "Feature", "properties": { "pt_id": " 18084", "trajectory_id": 18, "北京时间": "2026-05-10 07:00", "lon": 115.919, "lat": 34.818, "height": 28.0 }, "geometry": { "type": "Point", "coordinates": [ 115.919, 34.818 ] } },
{ "type": "Feature", "properties": { "pt_id": " 18085", "trajectory_id": 18, "北京时间": "2026-05-10 06:00", "lon": 116.005, "lat": 35.156, "height": 19.0 }, "geometry": { "type": "Point", "coordinates": [ 116.005, 35.156 ] } },
{ "type": "Feature", "properties": { "pt_id": " 18086", "trajectory_id": 18, "北京时间": "2026-05-10 05:00", "lon": 116.08, "lat": 35.48, "height": 15.0 }, "geometry": { "type": "Point", "coordinates": [ 116.08, 35.48 ] } },
{ "type": "Feature", "properties": { "pt_id": " 18087", "trajectory_id": 18, "北京时间": "2026-05-10 04:00", "lon": 116.157, "lat": 35.793, "height": 16.0 }, "geometry": { "type": "Point", "coordinates": [ 116.157, 35.793 ] } },
{ "type": "Feature", "properties": { "pt_id": " 18088", "trajectory_id": 18, "北京时间": "2026-05-10 03:00", "lon": 116.267, "lat": 36.138, "height": 73.0 }, "geometry": { "type": "Point", "coordinates": [ 116.267, 36.138 ] } },
{ "type": "Feature", "properties": { "pt_id": " 18089", "trajectory_id": 18, "北京时间": "2026-05-10 02:00", "lon": 116.42, "lat": 36.487, "height": 52.0 }, "geometry": { "type": "Point", "coordinates": [ 116.42, 36.487 ] } },
{ "type": "Feature", "properties": { "pt_id": " 18090", "trajectory_id": 18, "北京时间": "2026-05-10 01:00", "lon": 116.562, "lat": 36.774, "height": 45.0 }, "geometry": { "type": "Point", "coordinates": [ 116.562, 36.774 ] } },
{ "type": "Feature", "properties": { "pt_id": " 18091", "trajectory_id": 18, "北京时间": "2026-05-10 00:00", "lon": 116.661, "lat": 37.04, "height": 45.0 }, "geometry": { "type": "Point", "coordinates": [ 116.661, 37.04 ] } },
{ "type": "Feature", "properties": { "pt_id": " 18092", "trajectory_id": 18, "北京时间": "2026-05-09 23:00", "lon": 116.731, "lat": 37.295, "height": 45.0 }, "geometry": { "type": "Point", "coordinates": [ 116.731, 37.295 ] } },
{ "type": "Feature", "properties": { "pt_id": " 18093", "trajectory_id": 18, "北京时间": "2026-05-09 22:00", "lon": 116.807, "lat": 37.528, "height": 45.0 }, "geometry": { "type": "Point", "coordinates": [ 116.807, 37.528 ] } },
{ "type": "Feature", "properties": { "pt_id": " 18094", "trajectory_id": 18, "北京时间": "2026-05-09 21:00", "lon": 116.904, "lat": 37.708, "height": 43.0 }, "geometry": { "type": "Point", "coordinates": [ 116.904, 37.708 ] } },
{ "type": "Feature", "properties": { "pt_id": " 18095", "trajectory_id": 18, "北京时间": "2026-05-09 20:00", "lon": 117.024, "lat": 37.822, "height": 40.0 }, "geometry": { "type": "Point", "coordinates": [ 117.024, 37.822 ] } },
{ "type": "Feature", "properties": { "pt_id": " 18096", "trajectory_id": 18, "北京时间": "2026-05-09 19:00", "lon": 117.162, "lat": 37.891, "height": 29.0 }, "geometry": { "type": "Point", "coordinates": [ 117.162, 37.891 ] } },
{ "type": "Feature", "properties": { "pt_id": " 18097", "trajectory_id": 18, "北京时间": "2026-05-09 18:00", "lon": 117.34, "lat": 37.958, "height": 18.0 }, "geometry": { "type": "Point", "coordinates": [ 117.34, 37.958 ] } },
{ "type": "Feature", "properties": { "pt_id": " 18098", "trajectory_id": 18, "北京时间": "2026-05-09 17:00", "lon": 117.583, "lat": 38.051, "height": 12.0 }, "geometry": { "type": "Point", "coordinates": [ 117.583, 38.051 ] } },
{ "type": "Feature", "properties": { "pt_id": " 18099", "trajectory_id": 18, "北京时间": "2026-05-09 16:00", "lon": 117.968, "lat": 38.179, "height": 6.0 }, "geometry": { "type": "Point", "coordinates": [ 117.968, 38.179 ] } },
{ "type": "Feature", "properties": { "pt_id": " 18100", "trajectory_id": 18, "北京时间": "2026-05-09 15:00", "lon": 118.432, "lat": 38.357, "height": 5.0 }, "geometry": { "type": "Point", "coordinates": [ 118.432, 38.357 ] } },
{ "type": "Feature", "properties": { "pt_id": " 18101", "trajectory_id": 18, "北京时间": "2026-05-09 14:00", "lon": 118.851, "lat": 38.582, "height": 6.0 }, "geometry": { "type": "Point", "coordinates": [ 118.851, 38.582 ] } },
{ "type": "Feature", "properties": { "pt_id": " 18102", "trajectory_id": 18, "北京时间": "2026-05-09 13:00", "lon": 119.214, "lat": 38.841, "height": 2.0 }, "geometry": { "type": "Point", "coordinates": [ 119.214, 38.841 ] } },
{ "type": "Feature", "properties": { "pt_id": " 18103", "trajectory_id": 18, "北京时间": "2026-05-09 12:00", "lon": 119.552, "lat": 39.129, "height": 0.0 }, "geometry": { "type": "Point", "coordinates": [ 119.552, 39.129 ] } },
{ "type": "Feature", "properties": { "pt_id": " 18104", "trajectory_id": 18, "北京时间": "2026-05-09 11:00", "lon": 119.838, "lat": 39.38, "height": 0.0 }, "geometry": { "type": "Point", "coordinates": [ 119.838, 39.38 ] } },
{ "type": "Feature", "properties": { "pt_id": " 18105", "trajectory_id": 18, "北京时间": "2026-05-09 10:00", "lon": 120.063, "lat": 39.553, "height": 1.0 }, "geometry": { "type": "Point", "coordinates": [ 120.063, 39.553 ] } },
{ "type": "Feature", "properties": { "pt_id": " 18106", "trajectory_id": 18, "北京时间": "2026-05-09 09:00", "lon": 120.24, "lat": 39.644, "height": 2.0 }, "geometry": { "type": "Point", "coordinates": [ 120.24, 39.644 ] } },
{ "type": "Feature", "properties": { "pt_id": " 18107", "trajectory_id": 18, "北京时间": "2026-05-09 08:00", "lon": 120.396, "lat": 39.664, "height": 8.0 }, "geometry": { "type": "Point", "coordinates": [ 120.396, 39.664 ] } },
{ "type": "Feature", "properties": { "pt_id": " 18108", "trajectory_id": 18, "北京时间": "2026-05-09 07:00", "lon": 120.539, "lat": 39.622, "height": 23.0 }, "geometry": { "type": "Point", "coordinates": [ 120.539, 39.622 ] } },
{ "type": "Feature", "properties": { "pt_id": " 18109", "trajectory_id": 18, "北京时间": "2026-05-09 06:00", "lon": 120.644, "lat": 39.528, "height": 33.0 }, "geometry": { "type": "Point", "coordinates": [ 120.644, 39.528 ] } },
{ "type": "Feature", "properties": { "pt_id": " 18110", "trajectory_id": 18, "北京时间": "2026-05-09 05:00", "lon": 120.724, "lat": 39.37, "height": 19.0 }, "geometry": { "type": "Point", "coordinates": [ 120.724, 39.37 ] } },
{ "type": "Feature", "properties": { "pt_id": " 18111", "trajectory_id": 18, "北京时间": "2026-05-09 04:00", "lon": 120.762, "lat": 39.169, "height": 7.0 }, "geometry": { "type": "Point", "coordinates": [ 120.762, 39.169 ] } },
{ "type": "Feature", "properties": { "pt_id": " 18112", "trajectory_id": 18, "北京时间": "2026-05-09 03:00", "lon": 120.724, "lat": 38.904, "height": 1.0 }, "geometry": { "type": "Point", "coordinates": [ 120.724, 38.904 ] } },
{ "type": "Feature", "properties": { "pt_id": " 18113", "trajectory_id": 18, "北京时间": "2026-05-09 02:00", "lon": 120.652, "lat": 38.608, "height": 0.0 }, "geometry": { "type": "Point", "coordinates": [ 120.652, 38.608 ] } },
{ "type": "Feature", "properties": { "pt_id": " 18114", "trajectory_id": 18, "北京时间": "2026-05-09 01:00", "lon": 120.601, "lat": 38.303, "height": 0.0 }, "geometry": { "type": "Point", "coordinates": [ 120.601, 38.303 ] } },
{ "type": "Feature", "properties": { "pt_id": " 18115", "trajectory_id": 18, "北京时间": "2026-05-09 00:00", "lon": 120.572, "lat": 38.005, "height": 6.0 }, "geometry": { "type": "Point", "coordinates": [ 120.572, 38.005 ] } },
{ "type": "Feature", "properties": { "pt_id": " 18116", "trajectory_id": 18, "北京时间": "2026-05-08 23:00", "lon": 120.566, "lat": 37.74, "height": 64.0 }, "geometry": { "type": "Point", "coordinates": [ 120.566, 37.74 ] } },
{ "type": "Feature", "properties": { "pt_id": " 19000", "trajectory_id": 19, "北京时间": "2026-05-10 23:00", "lon": 113.942, "lat": 30.907, "height": 10.0 }, "geometry": { "type": "Point", "coordinates": [ 113.942, 30.907 ] } },
{ "type": "Feature", "properties": { "pt_id": " 19073", "trajectory_id": 19, "北京时间": "2026-05-10 22:00", "lon": 114.048, "lat": 31.057, "height": 18.0 }, "geometry": { "type": "Point", "coordinates": [ 114.048, 31.057 ] } },
{ "type": "Feature", "properties": { "pt_id": " 19074", "trajectory_id": 19, "北京时间": "2026-05-10 21:00", "lon": 114.164, "lat": 31.24, "height": 50.0 }, "geometry": { "type": "Point", "coordinates": [ 114.164, 31.24 ] } },
{ "type": "Feature", "properties": { "pt_id": " 19075", "trajectory_id": 19, "北京时间": "2026-05-10 20:00", "lon": 114.276, "lat": 31.455, "height": 66.0 }, "geometry": { "type": "Point", "coordinates": [ 114.276, 31.455 ] } },
{ "type": "Feature", "properties": { "pt_id": " 19076", "trajectory_id": 19, "北京时间": "2026-05-10 19:00", "lon": 114.41, "lat": 31.712, "height": 81.0 }, "geometry": { "type": "Point", "coordinates": [ 114.41, 31.712 ] } },
{ "type": "Feature", "properties": { "pt_id": " 19077", "trajectory_id": 19, "北京时间": "2026-05-10 18:00", "lon": 114.538, "lat": 31.967, "height": 8.0 }, "geometry": { "type": "Point", "coordinates": [ 114.538, 31.967 ] } },
{ "type": "Feature", "properties": { "pt_id": " 19078", "trajectory_id": 19, "北京时间": "2026-05-10 17:00", "lon": 114.66, "lat": 32.193, "height": 0.0 }, "geometry": { "type": "Point", "coordinates": [ 114.66, 32.193 ] } },
{ "type": "Feature", "properties": { "pt_id": " 19079", "trajectory_id": 19, "北京时间": "2026-05-10 16:00", "lon": 114.803, "lat": 32.423, "height": 0.0 }, "geometry": { "type": "Point", "coordinates": [ 114.803, 32.423 ] } },
{ "type": "Feature", "properties": { "pt_id": " 19080", "trajectory_id": 19, "北京时间": "2026-05-10 15:00", "lon": 114.938, "lat": 32.671, "height": 0.0 }, "geometry": { "type": "Point", "coordinates": [ 114.938, 32.671 ] } },
{ "type": "Feature", "properties": { "pt_id": " 19081", "trajectory_id": 19, "北京时间": "2026-05-10 14:00", "lon": 115.074, "lat": 32.944, "height": 0.0 }, "geometry": { "type": "Point", "coordinates": [ 115.074, 32.944 ] } },
{ "type": "Feature", "properties": { "pt_id": " 19082", "trajectory_id": 19, "北京时间": "2026-05-10 13:00", "lon": 115.208, "lat": 33.24, "height": 0.0 }, "geometry": { "type": "Point", "coordinates": [ 115.208, 33.24 ] } },
{ "type": "Feature", "properties": { "pt_id": " 19083", "trajectory_id": 19, "北京时间": "2026-05-10 12:00", "lon": 115.338, "lat": 33.543, "height": 0.0 }, "geometry": { "type": "Point", "coordinates": [ 115.338, 33.543 ] } },
{ "type": "Feature", "properties": { "pt_id": " 19084", "trajectory_id": 19, "北京时间": "2026-05-10 11:00", "lon": 115.476, "lat": 33.854, "height": 0.0 }, "geometry": { "type": "Point", "coordinates": [ 115.476, 33.854 ] } },
{ "type": "Feature", "properties": { "pt_id": " 19085", "trajectory_id": 19, "北京时间": "2026-05-10 10:00", "lon": 115.609, "lat": 34.175, "height": 0.0 }, "geometry": { "type": "Point", "coordinates": [ 115.609, 34.175 ] } },
{ "type": "Feature", "properties": { "pt_id": " 19086", "trajectory_id": 19, "北京时间": "2026-05-10 09:00", "lon": 115.725, "lat": 34.496, "height": 0.0 }, "geometry": { "type": "Point", "coordinates": [ 115.725, 34.496 ] } },
{ "type": "Feature", "properties": { "pt_id": " 19087", "trajectory_id": 19, "北京时间": "2026-05-10 08:00", "lon": 115.834, "lat": 34.814, "height": 0.0 }, "geometry": { "type": "Point", "coordinates": [ 115.834, 34.814 ] } },
{ "type": "Feature", "properties": { "pt_id": " 19088", "trajectory_id": 19, "北京时间": "2026-05-10 07:00", "lon": 115.933, "lat": 35.124, "height": 0.0 }, "geometry": { "type": "Point", "coordinates": [ 115.933, 35.124 ] } },
{ "type": "Feature", "properties": { "pt_id": " 19089", "trajectory_id": 19, "北京时间": "2026-05-10 06:00", "lon": 116.017, "lat": 35.423, "height": 0.0 }, "geometry": { "type": "Point", "coordinates": [ 116.017, 35.423 ] } },
{ "type": "Feature", "properties": { "pt_id": " 19090", "trajectory_id": 19, "北京时间": "2026-05-10 05:00", "lon": 116.091, "lat": 35.715, "height": 0.0 }, "geometry": { "type": "Point", "coordinates": [ 116.091, 35.715 ] } },
{ "type": "Feature", "properties": { "pt_id": " 19091", "trajectory_id": 19, "北京时间": "2026-05-10 04:00", "lon": 116.173, "lat": 35.994, "height": 21.0 }, "geometry": { "type": "Point", "coordinates": [ 116.173, 35.994 ] } },
{ "type": "Feature", "properties": { "pt_id": " 19092", "trajectory_id": 19, "北京时间": "2026-05-10 03:00", "lon": 116.29, "lat": 36.227, "height": 22.0 }, "geometry": { "type": "Point", "coordinates": [ 116.29, 36.227 ] } },
{ "type": "Feature", "properties": { "pt_id": " 19093", "trajectory_id": 19, "北京时间": "2026-05-10 02:00", "lon": 116.366, "lat": 36.365, "height": 0.0 }, "geometry": { "type": "Point", "coordinates": [ 116.366, 36.365 ] } },
{ "type": "Feature", "properties": { "pt_id": " 19094", "trajectory_id": 19, "北京时间": "2026-05-10 01:00", "lon": 116.402, "lat": 36.52, "height": 0.0 }, "geometry": { "type": "Point", "coordinates": [ 116.402, 36.52 ] } },
{ "type": "Feature", "properties": { "pt_id": " 19095", "trajectory_id": 19, "北京时间": "2026-05-10 00:00", "lon": 116.462, "lat": 36.668, "height": 0.0 }, "geometry": { "type": "Point", "coordinates": [ 116.462, 36.668 ] } },
{ "type": "Feature", "properties": { "pt_id": " 19096", "trajectory_id": 19, "北京时间": "2026-05-09 23:00", "lon": 116.547, "lat": 36.796, "height": 0.0 }, "geometry": { "type": "Point", "coordinates": [ 116.547, 36.796 ] } },
{ "type": "Feature", "properties": { "pt_id": " 19097", "trajectory_id": 19, "北京时间": "2026-05-09 22:00", "lon": 116.651, "lat": 36.906, "height": 1.0 }, "geometry": { "type": "Point", "coordinates": [ 116.651, 36.906 ] } },
{ "type": "Feature", "properties": { "pt_id": " 19098", "trajectory_id": 19, "北京时间": "2026-05-09 21:00", "lon": 116.764, "lat": 37.036, "height": 4.0 }, "geometry": { "type": "Point", "coordinates": [ 116.764, 37.036 ] } },
{ "type": "Feature", "properties": { "pt_id": " 19099", "trajectory_id": 19, "北京时间": "2026-05-09 20:00", "lon": 116.915, "lat": 37.209, "height": 6.0 }, "geometry": { "type": "Point", "coordinates": [ 116.915, 37.209 ] } },
{ "type": "Feature", "properties": { "pt_id": " 19100", "trajectory_id": 19, "北京时间": "2026-05-09 19:00", "lon": 117.061, "lat": 37.376, "height": 7.0 }, "geometry": { "type": "Point", "coordinates": [ 117.061, 37.376 ] } },
{ "type": "Feature", "properties": { "pt_id": " 19101", "trajectory_id": 19, "北京时间": "2026-05-09 18:00", "lon": 117.1, "lat": 37.481, "height": 8.0 }, "geometry": { "type": "Point", "coordinates": [ 117.1, 37.481 ] } },
{ "type": "Feature", "properties": { "pt_id": " 19102", "trajectory_id": 19, "北京时间": "2026-05-09 17:00", "lon": 117.018, "lat": 37.544, "height": 8.0 }, "geometry": { "type": "Point", "coordinates": [ 117.018, 37.544 ] } },
{ "type": "Feature", "properties": { "pt_id": " 19103", "trajectory_id": 19, "北京时间": "2026-05-09 16:00", "lon": 116.878, "lat": 37.591, "height": 7.0 }, "geometry": { "type": "Point", "coordinates": [ 116.878, 37.591 ] } },
{ "type": "Feature", "properties": { "pt_id": " 19104", "trajectory_id": 19, "北京时间": "2026-05-09 15:00", "lon": 116.721, "lat": 37.597, "height": 5.0 }, "geometry": { "type": "Point", "coordinates": [ 116.721, 37.597 ] } },
{ "type": "Feature", "properties": { "pt_id": " 19105", "trajectory_id": 19, "北京时间": "2026-05-09 14:00", "lon": 116.521, "lat": 37.52, "height": 5.0 }, "geometry": { "type": "Point", "coordinates": [ 116.521, 37.52 ] } },
{ "type": "Feature", "properties": { "pt_id": " 19106", "trajectory_id": 19, "北京时间": "2026-05-09 13:00", "lon": 116.314, "lat": 37.365, "height": 5.0 }, "geometry": { "type": "Point", "coordinates": [ 116.314, 37.365 ] } },
{ "type": "Feature", "properties": { "pt_id": " 19107", "trajectory_id": 19, "北京时间": "2026-05-09 12:00", "lon": 116.132, "lat": 37.144, "height": 8.0 }, "geometry": { "type": "Point", "coordinates": [ 116.132, 37.144 ] } },
{ "type": "Feature", "properties": { "pt_id": " 19108", "trajectory_id": 19, "北京时间": "2026-05-09 11:00", "lon": 115.962, "lat": 36.863, "height": 14.0 }, "geometry": { "type": "Point", "coordinates": [ 115.962, 36.863 ] } },
{ "type": "Feature", "properties": { "pt_id": " 19109", "trajectory_id": 19, "北京时间": "2026-05-09 10:00", "lon": 115.815, "lat": 36.549, "height": 17.0 }, "geometry": { "type": "Point", "coordinates": [ 115.815, 36.549 ] } },
{ "type": "Feature", "properties": { "pt_id": " 19110", "trajectory_id": 19, "北京时间": "2026-05-09 09:00", "lon": 115.714, "lat": 36.237, "height": 20.0 }, "geometry": { "type": "Point", "coordinates": [ 115.714, 36.237 ] } },
{ "type": "Feature", "properties": { "pt_id": " 19111", "trajectory_id": 19, "北京时间": "2026-05-09 08:00", "lon": 115.648, "lat": 35.928, "height": 21.0 }, "geometry": { "type": "Point", "coordinates": [ 115.648, 35.928 ] } },
{ "type": "Feature", "properties": { "pt_id": " 19112", "trajectory_id": 19, "北京时间": "2026-05-09 07:00", "lon": 115.599, "lat": 35.633, "height": 21.0 }, "geometry": { "type": "Point", "coordinates": [ 115.599, 35.633 ] } },
{ "type": "Feature", "properties": { "pt_id": " 19113", "trajectory_id": 19, "北京时间": "2026-05-09 06:00", "lon": 115.571, "lat": 35.37, "height": 21.0 }, "geometry": { "type": "Point", "coordinates": [ 115.571, 35.37 ] } },
{ "type": "Feature", "properties": { "pt_id": " 19114", "trajectory_id": 19, "北京时间": "2026-05-09 05:00", "lon": 115.571, "lat": 35.147, "height": 21.0 }, "geometry": { "type": "Point", "coordinates": [ 115.571, 35.147 ] } },
{ "type": "Feature", "properties": { "pt_id": " 19115", "trajectory_id": 19, "北京时间": "2026-05-09 04:00", "lon": 115.568, "lat": 34.934, "height": 21.0 }, "geometry": { "type": "Point", "coordinates": [ 115.568, 34.934 ] } },
{ "type": "Feature", "properties": { "pt_id": " 19116", "trajectory_id": 19, "北京时间": "2026-05-09 03:00", "lon": 115.548, "lat": 34.72, "height": 24.0 }, "geometry": { "type": "Point", "coordinates": [ 115.548, 34.72 ] } },
{ "type": "Feature", "properties": { "pt_id": " 19117", "trajectory_id": 19, "北京时间": "2026-05-09 02:00", "lon": 115.523, "lat": 34.513, "height": 20.0 }, "geometry": { "type": "Point", "coordinates": [ 115.523, 34.513 ] } },
{ "type": "Feature", "properties": { "pt_id": " 19118", "trajectory_id": 19, "北京时间": "2026-05-09 01:00", "lon": 115.515, "lat": 34.333, "height": 12.0 }, "geometry": { "type": "Point", "coordinates": [ 115.515, 34.333 ] } },
{ "type": "Feature", "properties": { "pt_id": " 19119", "trajectory_id": 19, "北京时间": "2026-05-09 00:00", "lon": 115.524, "lat": 34.166, "height": 9.0 }, "geometry": { "type": "Point", "coordinates": [ 115.524, 34.166 ] } },
{ "type": "Feature", "properties": { "pt_id": " 19120", "trajectory_id": 19, "北京时间": "2026-05-08 23:00", "lon": 115.539, "lat": 33.998, "height": 9.0 }, "geometry": { "type": "Point", "coordinates": [ 115.539, 33.998 ] } },
{ "type": "Feature", "properties": { "pt_id": " 20000", "trajectory_id": 20, "北京时间": "2026-05-10 23:00", "lon": 113.942, "lat": 30.907, "height": 10.0 }, "geometry": { "type": "Point", "coordinates": [ 113.942, 30.907 ] } },
{ "type": "Feature", "properties": { "pt_id": " 20077", "trajectory_id": 20, "北京时间": "2026-05-10 22:00", "lon": 114.004, "lat": 31.053, "height": 21.0 }, "geometry": { "type": "Point", "coordinates": [ 114.004, 31.053 ] } },
{ "type": "Feature", "properties": { "pt_id": " 20078", "trajectory_id": 20, "北京时间": "2026-05-10 21:00", "lon": 114.068, "lat": 31.186, "height": 49.0 }, "geometry": { "type": "Point", "coordinates": [ 114.068, 31.186 ] } },
{ "type": "Feature", "properties": { "pt_id": " 20079", "trajectory_id": 20, "北京时间": "2026-05-10 20:00", "lon": 114.146, "lat": 31.341, "height": 98.0 }, "geometry": { "type": "Point", "coordinates": [ 114.146, 31.341 ] } },
{ "type": "Feature", "properties": { "pt_id": " 20080", "trajectory_id": 20, "北京时间": "2026-05-10 19:00", "lon": 114.251, "lat": 31.536, "height": 130.0 }, "geometry": { "type": "Point", "coordinates": [ 114.251, 31.536 ] } },
{ "type": "Feature", "properties": { "pt_id": " 20081", "trajectory_id": 20, "北京时间": "2026-05-10 18:00", "lon": 114.393, "lat": 31.734, "height": 139.0 }, "geometry": { "type": "Point", "coordinates": [ 114.393, 31.734 ] } },
{ "type": "Feature", "properties": { "pt_id": " 20082", "trajectory_id": 20, "北京时间": "2026-05-10 17:00", "lon": 114.546, "lat": 31.927, "height": 80.0 }, "geometry": { "type": "Point", "coordinates": [ 114.546, 31.927 ] } },
{ "type": "Feature", "properties": { "pt_id": " 20083", "trajectory_id": 20, "北京时间": "2026-05-10 16:00", "lon": 114.67, "lat": 32.136, "height": 32.0 }, "geometry": { "type": "Point", "coordinates": [ 114.67, 32.136 ] } },
{ "type": "Feature", "properties": { "pt_id": " 20084", "trajectory_id": 20, "北京时间": "2026-05-10 15:00", "lon": 114.747, "lat": 32.32, "height": 11.0 }, "geometry": { "type": "Point", "coordinates": [ 114.747, 32.32 ] } },
{ "type": "Feature", "properties": { "pt_id": " 20085", "trajectory_id": 20, "北京时间": "2026-05-10 14:00", "lon": 114.815, "lat": 32.541, "height": 0.0 }, "geometry": { "type": "Point", "coordinates": [ 114.815, 32.541 ] } },
{ "type": "Feature", "properties": { "pt_id": " 20086", "trajectory_id": 20, "北京时间": "2026-05-10 13:00", "lon": 114.88, "lat": 32.812, "height": 0.0 }, "geometry": { "type": "Point", "coordinates": [ 114.88, 32.812 ] } },
{ "type": "Feature", "properties": { "pt_id": " 20087", "trajectory_id": 20, "北京时间": "2026-05-10 12:00", "lon": 114.931, "lat": 33.084, "height": 0.0 }, "geometry": { "type": "Point", "coordinates": [ 114.931, 33.084 ] } },
{ "type": "Feature", "properties": { "pt_id": " 20088", "trajectory_id": 20, "北京时间": "2026-05-10 11:00", "lon": 114.979, "lat": 33.333, "height": 0.0 }, "geometry": { "type": "Point", "coordinates": [ 114.979, 33.333 ] } },
{ "type": "Feature", "properties": { "pt_id": " 20089", "trajectory_id": 20, "北京时间": "2026-05-10 10:00", "lon": 115.042, "lat": 33.603, "height": 0.0 }, "geometry": { "type": "Point", "coordinates": [ 115.042, 33.603 ] } },
{ "type": "Feature", "properties": { "pt_id": " 20090", "trajectory_id": 20, "北京时间": "2026-05-10 09:00", "lon": 115.104, "lat": 33.873, "height": 0.0 }, "geometry": { "type": "Point", "coordinates": [ 115.104, 33.873 ] } },
{ "type": "Feature", "properties": { "pt_id": " 20091", "trajectory_id": 20, "北京时间": "2026-05-10 08:00", "lon": 115.145, "lat": 34.117, "height": 0.0 }, "geometry": { "type": "Point", "coordinates": [ 115.145, 34.117 ] } },
{ "type": "Feature", "properties": { "pt_id": " 20092", "trajectory_id": 20, "北京时间": "2026-05-10 07:00", "lon": 115.179, "lat": 34.34, "height": 0.0 }, "geometry": { "type": "Point", "coordinates": [ 115.179, 34.34 ] } },
{ "type": "Feature", "properties": { "pt_id": " 20093", "trajectory_id": 20, "北京时间": "2026-05-10 06:00", "lon": 115.188, "lat": 34.555, "height": 0.0 }, "geometry": { "type": "Point", "coordinates": [ 115.188, 34.555 ] } },
{ "type": "Feature", "properties": { "pt_id": " 20094", "trajectory_id": 20, "北京时间": "2026-05-10 05:00", "lon": 115.185, "lat": 34.749, "height": 0.0 }, "geometry": { "type": "Point", "coordinates": [ 115.185, 34.749 ] } },
{ "type": "Feature", "properties": { "pt_id": " 20095", "trajectory_id": 20, "北京时间": "2026-05-10 04:00", "lon": 115.197, "lat": 34.935, "height": 0.0 }, "geometry": { "type": "Point", "coordinates": [ 115.197, 34.935 ] } },
{ "type": "Feature", "properties": { "pt_id": " 20096", "trajectory_id": 20, "北京时间": "2026-05-10 03:00", "lon": 115.246, "lat": 35.125, "height": 0.0 }, "geometry": { "type": "Point", "coordinates": [ 115.246, 35.125 ] } },
{ "type": "Feature", "properties": { "pt_id": " 20097", "trajectory_id": 20, "北京时间": "2026-05-10 02:00", "lon": 115.27, "lat": 35.272, "height": 0.0 }, "geometry": { "type": "Point", "coordinates": [ 115.27, 35.272 ] } },
{ "type": "Feature", "properties": { "pt_id": " 20098", "trajectory_id": 20, "北京时间": "2026-05-10 01:00", "lon": 115.211, "lat": 35.378, "height": 0.0 }, "geometry": { "type": "Point", "coordinates": [ 115.211, 35.378 ] } },
{ "type": "Feature", "properties": { "pt_id": " 20099", "trajectory_id": 20, "北京时间": "2026-05-10 00:00", "lon": 115.115, "lat": 35.564, "height": 0.0 }, "geometry": { "type": "Point", "coordinates": [ 115.115, 35.564 ] } },
{ "type": "Feature", "properties": { "pt_id": " 20100", "trajectory_id": 20, "北京时间": "2026-05-09 23:00", "lon": 114.99, "lat": 35.763, "height": 9.0 }, "geometry": { "type": "Point", "coordinates": [ 114.99, 35.763 ] } },
{ "type": "Feature", "properties": { "pt_id": " 20101", "trajectory_id": 20, "北京时间": "2026-05-09 22:00", "lon": 114.85, "lat": 35.812, "height": 21.0 }, "geometry": { "type": "Point", "coordinates": [ 114.85, 35.812 ] } },
{ "type": "Feature", "properties": { "pt_id": " 20102", "trajectory_id": 20, "北京时间": "2026-05-09 21:00", "lon": 114.71, "lat": 35.715, "height": 22.0 }, "geometry": { "type": "Point", "coordinates": [ 114.71, 35.715 ] } },
{ "type": "Feature", "properties": { "pt_id": " 20103", "trajectory_id": 20, "北京时间": "2026-05-09 20:00", "lon": 114.549, "lat": 35.518, "height": 21.0 }, "geometry": { "type": "Point", "coordinates": [ 114.549, 35.518 ] } },
{ "type": "Feature", "properties": { "pt_id": " 20104", "trajectory_id": 20, "北京时间": "2026-05-09 19:00", "lon": 114.369, "lat": 35.293, "height": 20.0 }, "geometry": { "type": "Point", "coordinates": [ 114.369, 35.293 ] } },
{ "type": "Feature", "properties": { "pt_id": " 20105", "trajectory_id": 20, "北京时间": "2026-05-09 18:00", "lon": 114.172, "lat": 35.051, "height": 29.0 }, "geometry": { "type": "Point", "coordinates": [ 114.172, 35.051 ] } },
{ "type": "Feature", "properties": { "pt_id": " 20106", "trajectory_id": 20, "北京时间": "2026-05-09 17:00", "lon": 113.965, "lat": 34.783, "height": 47.0 }, "geometry": { "type": "Point", "coordinates": [ 113.965, 34.783 ] } },
{ "type": "Feature", "properties": { "pt_id": " 20107", "trajectory_id": 20, "北京时间": "2026-05-09 16:00", "lon": 113.761, "lat": 34.483, "height": 78.0 }, "geometry": { "type": "Point", "coordinates": [ 113.761, 34.483 ] } },
{ "type": "Feature", "properties": { "pt_id": " 20108", "trajectory_id": 20, "北京时间": "2026-05-09 15:00", "lon": 113.575, "lat": 34.155, "height": 44.0 }, "geometry": { "type": "Point", "coordinates": [ 113.575, 34.155 ] } },
{ "type": "Feature", "properties": { "pt_id": " 20109", "trajectory_id": 20, "北京时间": "2026-05-09 14:00", "lon": 113.425, "lat": 33.878, "height": 7.0 }, "geometry": { "type": "Point", "coordinates": [ 113.425, 33.878 ] } },
{ "type": "Feature", "properties": { "pt_id": " 20110", "trajectory_id": 20, "北京时间": "2026-05-09 13:00", "lon": 113.291, "lat": 33.635, "height": 4.0 }, "geometry": { "type": "Point", "coordinates": [ 113.291, 33.635 ] } },
{ "type": "Feature", "properties": { "pt_id": " 20111", "trajectory_id": 20, "北京时间": "2026-05-09 12:00", "lon": 113.114, "lat": 33.376, "height": 90.0 }, "geometry": { "type": "Point", "coordinates": [ 113.114, 33.376 ] } },
{ "type": "Feature", "properties": { "pt_id": " 20112", "trajectory_id": 20, "北京时间": "2026-05-09 11:00", "lon": 112.957, "lat": 33.14, "height": 76.0 }, "geometry": { "type": "Point", "coordinates": [ 112.957, 33.14 ] } },
{ "type": "Feature", "properties": { "pt_id": " 20113", "trajectory_id": 20, "北京时间": "2026-05-09 10:00", "lon": 112.876, "lat": 32.953, "height": 32.0 }, "geometry": { "type": "Point", "coordinates": [ 112.876, 32.953 ] } },
{ "type": "Feature", "properties": { "pt_id": " 20114", "trajectory_id": 20, "北京时间": "2026-05-09 09:00", "lon": 112.836, "lat": 32.753, "height": 15.0 }, "geometry": { "type": "Point", "coordinates": [ 112.836, 32.753 ] } },
{ "type": "Feature", "properties": { "pt_id": " 20115", "trajectory_id": 20, "北京时间": "2026-05-09 08:00", "lon": 112.842, "lat": 32.491, "height": 68.0 }, "geometry": { "type": "Point", "coordinates": [ 112.842, 32.491 ] } },
{ "type": "Feature", "properties": { "pt_id": " 20116", "trajectory_id": 20, "北京时间": "2026-05-09 07:00", "lon": 112.9, "lat": 32.149, "height": 136.0 }, "geometry": { "type": "Point", "coordinates": [ 112.9, 32.149 ] } },
{ "type": "Feature", "properties": { "pt_id": " 20117", "trajectory_id": 20, "北京时间": "2026-05-09 06:00", "lon": 112.945, "lat": 31.878, "height": 91.0 }, "geometry": { "type": "Point", "coordinates": [ 112.945, 31.878 ] } },
{ "type": "Feature", "properties": { "pt_id": " 20118", "trajectory_id": 20, "北京时间": "2026-05-09 05:00", "lon": 112.936, "lat": 31.573, "height": 134.0 }, "geometry": { "type": "Point", "coordinates": [ 112.936, 31.573 ] } },
{ "type": "Feature", "properties": { "pt_id": " 20119", "trajectory_id": 20, "北京时间": "2026-05-09 04:00", "lon": 112.936, "lat": 31.189, "height": 164.0 }, "geometry": { "type": "Point", "coordinates": [ 112.936, 31.189 ] } },
{ "type": "Feature", "properties": { "pt_id": " 20120", "trajectory_id": 20, "北京时间": "2026-05-09 03:00", "lon": 112.983, "lat": 30.867, "height": 92.0 }, "geometry": { "type": "Point", "coordinates": [ 112.983, 30.867 ] } },
{ "type": "Feature", "properties": { "pt_id": " 20121", "trajectory_id": 20, "北京时间": "2026-05-09 02:00", "lon": 113.03, "lat": 30.637, "height": 40.0 }, "geometry": { "type": "Point", "coordinates": [ 113.03, 30.637 ] } },
{ "type": "Feature", "properties": { "pt_id": " 20122", "trajectory_id": 20, "北京时间": "2026-05-09 01:00", "lon": 113.064, "lat": 30.425, "height": 39.0 }, "geometry": { "type": "Point", "coordinates": [ 113.064, 30.425 ] } },
{ "type": "Feature", "properties": { "pt_id": " 20123", "trajectory_id": 20, "北京时间": "2026-05-09 00:00", "lon": 113.092, "lat": 30.209, "height": 42.0 }, "geometry": { "type": "Point", "coordinates": [ 113.092, 30.209 ] } },
{ "type": "Feature", "properties": { "pt_id": " 20124", "trajectory_id": 20, "北京时间": "2026-05-08 23:00", "lon": 113.1, "lat": 29.996, "height": 43.0 }, "geometry": { "type": "Point", "coordinates": [ 113.1, 29.996 ] } }
]
}
