{
"type": "FeatureCollection",
"name": "东城轨迹和高度",
"crs": { "type": "name", "properties": { "name": "urn:ogc:def:crs:OGC:1.3:CRS84" } },
"features": [
{ "type": "Feature", "properties": { "pt_id": "  1000", "trajectory_id": 1, "北京时间": "2026-05-19 06:00", "lon": 113.942, "lat": 30.907, "height": 10.0 }, "geometry": { "type": "Point", "coordinates": [ 113.942, 30.907 ] } },
{ "type": "Feature", "properties": { "pt_id": "  1001", "trajectory_id": 1, "北京时间": "2026-05-19 05:00", "lon": 113.909, "lat": 31.014, "height": 11.0 }, "geometry": { "type": "Point", "coordinates": [ 113.909, 31.014 ] } },
{ "type": "Feature", "properties": { "pt_id": "  1002", "trajectory_id": 1, "北京时间": "2026-05-19 04:00", "lon": 113.879, "lat": 31.127, "height": 14.0 }, "geometry": { "type": "Point", "coordinates": [ 113.879, 31.127 ] } },
{ "type": "Feature", "properties": { "pt_id": "  1003", "trajectory_id": 1, "北京时间": "2026-05-19 03:00", "lon": 113.86, "lat": 31.254, "height": 25.0 }, "geometry": { "type": "Point", "coordinates": [ 113.86, 31.254 ] } },
{ "type": "Feature", "properties": { "pt_id": "  1004", "trajectory_id": 1, "北京时间": "2026-05-19 02:00", "lon": 113.843, "lat": 31.407, "height": 48.0 }, "geometry": { "type": "Point", "coordinates": [ 113.843, 31.407 ] } },
{ "type": "Feature", "properties": { "pt_id": "  1005", "trajectory_id": 1, "北京时间": "2026-05-19 01:00", "lon": 113.832, "lat": 31.574, "height": 83.0 }, "geometry": { "type": "Point", "coordinates": [ 113.832, 31.574 ] } },
{ "type": "Feature", "properties": { "pt_id": "  1006", "trajectory_id": 1, "北京时间": "2026-05-19 00:00", "lon": 113.864, "lat": 31.742, "height": 168.0 }, "geometry": { "type": "Point", "coordinates": [ 113.864, 31.742 ] } },
{ "type": "Feature", "properties": { "pt_id": "  1007", "trajectory_id": 1, "北京时间": "2026-05-18 23:00", "lon": 113.962, "lat": 31.959, "height": 283.0 }, "geometry": { "type": "Point", "coordinates": [ 113.962, 31.959 ] } },
{ "type": "Feature", "properties": { "pt_id": "  1008", "trajectory_id": 1, "北京时间": "2026-05-18 22:00", "lon": 114.038, "lat": 32.178, "height": 283.0 }, "geometry": { "type": "Point", "coordinates": [ 114.038, 32.178 ] } },
{ "type": "Feature", "properties": { "pt_id": "  1009", "trajectory_id": 1, "北京时间": "2026-05-18 21:00", "lon": 114.09, "lat": 32.37, "height": 272.0 }, "geometry": { "type": "Point", "coordinates": [ 114.09, 32.37 ] } },
{ "type": "Feature", "properties": { "pt_id": "  1010", "trajectory_id": 1, "北京时间": "2026-05-18 20:00", "lon": 114.172, "lat": 32.567, "height": 253.0 }, "geometry": { "type": "Point", "coordinates": [ 114.172, 32.567 ] } },
{ "type": "Feature", "properties": { "pt_id": "  1011", "trajectory_id": 1, "北京时间": "2026-05-18 19:00", "lon": 114.272, "lat": 32.775, "height": 254.0 }, "geometry": { "type": "Point", "coordinates": [ 114.272, 32.775 ] } },
{ "type": "Feature", "properties": { "pt_id": "  1012", "trajectory_id": 1, "北京时间": "2026-05-18 18:00", "lon": 114.374, "lat": 33.008, "height": 251.0 }, "geometry": { "type": "Point", "coordinates": [ 114.374, 33.008 ] } },
{ "type": "Feature", "properties": { "pt_id": "  1013", "trajectory_id": 1, "北京时间": "2026-05-18 17:00", "lon": 114.498, "lat": 33.267, "height": 270.0 }, "geometry": { "type": "Point", "coordinates": [ 114.498, 33.267 ] } },
{ "type": "Feature", "properties": { "pt_id": "  1014", "trajectory_id": 1, "北京时间": "2026-05-18 16:00", "lon": 114.641, "lat": 33.561, "height": 321.0 }, "geometry": { "type": "Point", "coordinates": [ 114.641, 33.561 ] } },
{ "type": "Feature", "properties": { "pt_id": "  1015", "trajectory_id": 1, "北京时间": "2026-05-18 15:00", "lon": 114.785, "lat": 33.911, "height": 368.0 }, "geometry": { "type": "Point", "coordinates": [ 114.785, 33.911 ] } },
{ "type": "Feature", "properties": { "pt_id": "  1016", "trajectory_id": 1, "北京时间": "2026-05-18 14:00", "lon": 114.937, "lat": 34.325, "height": 413.0 }, "geometry": { "type": "Point", "coordinates": [ 114.937, 34.325 ] } },
{ "type": "Feature", "properties": { "pt_id": "  1017", "trajectory_id": 1, "北京时间": "2026-05-18 13:00", "lon": 115.075, "lat": 34.752, "height": 499.0 }, "geometry": { "type": "Point", "coordinates": [ 115.075, 34.752 ] } },
{ "type": "Feature", "properties": { "pt_id": "  1018", "trajectory_id": 1, "北京时间": "2026-05-18 12:00", "lon": 115.239, "lat": 35.153, "height": 553.0 }, "geometry": { "type": "Point", "coordinates": [ 115.239, 35.153 ] } },
{ "type": "Feature", "properties": { "pt_id": "  1019", "trajectory_id": 1, "北京时间": "2026-05-18 11:00", "lon": 115.416, "lat": 35.537, "height": 555.0 }, "geometry": { "type": "Point", "coordinates": [ 115.416, 35.537 ] } },
{ "type": "Feature", "properties": { "pt_id": "  1020", "trajectory_id": 1, "北京时间": "2026-05-18 10:00", "lon": 115.589, "lat": 35.92, "height": 530.0 }, "geometry": { "type": "Point", "coordinates": [ 115.589, 35.92 ] } },
{ "type": "Feature", "properties": { "pt_id": "  1021", "trajectory_id": 1, "北京时间": "2026-05-18 09:00", "lon": 115.721, "lat": 36.309, "height": 478.0 }, "geometry": { "type": "Point", "coordinates": [ 115.721, 36.309 ] } },
{ "type": "Feature", "properties": { "pt_id": "  1022", "trajectory_id": 1, "北京时间": "2026-05-18 08:00", "lon": 115.829, "lat": 36.726, "height": 467.0 }, "geometry": { "type": "Point", "coordinates": [ 115.829, 36.726 ] } },
{ "type": "Feature", "properties": { "pt_id": "  1023", "trajectory_id": 1, "北京时间": "2026-05-18 07:00", "lon": 115.951, "lat": 37.104, "height": 499.0 }, "geometry": { "type": "Point", "coordinates": [ 115.951, 37.104 ] } },
{ "type": "Feature", "properties": { "pt_id": "  1024", "trajectory_id": 1, "北京时间": "2026-05-18 06:00", "lon": 116.085, "lat": 37.453, "height": 384.0 }, "geometry": { "type": "Point", "coordinates": [ 116.085, 37.453 ] } },
{ "type": "Feature", "properties": { "pt_id": "  1025", "trajectory_id": 1, "北京时间": "2026-05-18 05:00", "lon": 116.16, "lat": 37.823, "height": 278.0 }, "geometry": { "type": "Point", "coordinates": [ 116.16, 37.823 ] } },
{ "type": "Feature", "properties": { "pt_id": "  1026", "trajectory_id": 1, "北京时间": "2026-05-18 04:00", "lon": 116.264, "lat": 38.212, "height": 276.0 }, "geometry": { "type": "Point", "coordinates": [ 116.264, 38.212 ] } },
{ "type": "Feature", "properties": { "pt_id": "  1027", "trajectory_id": 1, "北京时间": "2026-05-18 03:00", "lon": 116.495, "lat": 38.606, "height": 257.0 }, "geometry": { "type": "Point", "coordinates": [ 116.495, 38.606 ] } },
{ "type": "Feature", "properties": { "pt_id": "  1028", "trajectory_id": 1, "北京时间": "2026-05-18 02:00", "lon": 116.812, "lat": 38.979, "height": 244.0 }, "geometry": { "type": "Point", "coordinates": [ 116.812, 38.979 ] } },
{ "type": "Feature", "properties": { "pt_id": "  1029", "trajectory_id": 1, "北京时间": "2026-05-18 01:00", "lon": 117.177, "lat": 39.325, "height": 256.0 }, "geometry": { "type": "Point", "coordinates": [ 117.177, 39.325 ] } },
{ "type": "Feature", "properties": { "pt_id": "  1030", "trajectory_id": 1, "北京时间": "2026-05-18 00:00", "lon": 117.541, "lat": 39.687, "height": 306.0 }, "geometry": { "type": "Point", "coordinates": [ 117.541, 39.687 ] } },
{ "type": "Feature", "properties": { "pt_id": "  1031", "trajectory_id": 1, "北京时间": "2026-05-17 23:00", "lon": 117.835, "lat": 40.036, "height": 496.0 }, "geometry": { "type": "Point", "coordinates": [ 117.835, 40.036 ] } },
{ "type": "Feature", "properties": { "pt_id": "  1032", "trajectory_id": 1, "北京时间": "2026-05-17 22:00", "lon": 118.057, "lat": 40.308, "height": 1030.0 }, "geometry": { "type": "Point", "coordinates": [ 118.057, 40.308 ] } },
{ "type": "Feature", "properties": { "pt_id": "  1033", "trajectory_id": 1, "北京时间": "2026-05-17 21:00", "lon": 118.195, "lat": 40.547, "height": 1321.0 }, "geometry": { "type": "Point", "coordinates": [ 118.195, 40.547 ] } },
{ "type": "Feature", "properties": { "pt_id": "  1034", "trajectory_id": 1, "北京时间": "2026-05-17 20:00", "lon": 118.209, "lat": 40.805, "height": 1670.0 }, "geometry": { "type": "Point", "coordinates": [ 118.209, 40.805 ] } },
{ "type": "Feature", "properties": { "pt_id": "  1035", "trajectory_id": 1, "北京时间": "2026-05-17 19:00", "lon": 118.186, "lat": 41.029, "height": 2021.0 }, "geometry": { "type": "Point", "coordinates": [ 118.186, 41.029 ] } },
{ "type": "Feature", "properties": { "pt_id": "  1036", "trajectory_id": 1, "北京时间": "2026-05-17 18:00", "lon": 118.083, "lat": 41.192, "height": 2484.0 }, "geometry": { "type": "Point", "coordinates": [ 118.083, 41.192 ] } },
{ "type": "Feature", "properties": { "pt_id": "  1037", "trajectory_id": 1, "北京时间": "2026-05-17 17:00", "lon": 117.857, "lat": 41.34, "height": 3193.0 }, "geometry": { "type": "Point", "coordinates": [ 117.857, 41.34 ] } },
{ "type": "Feature", "properties": { "pt_id": "  1038", "trajectory_id": 1, "北京时间": "2026-05-17 16:00", "lon": 117.535, "lat": 41.437, "height": 3330.0 }, "geometry": { "type": "Point", "coordinates": [ 117.535, 41.437 ] } },
{ "type": "Feature", "properties": { "pt_id": "  1039", "trajectory_id": 1, "北京时间": "2026-05-17 15:00", "lon": 117.186, "lat": 41.416, "height": 3480.0 }, "geometry": { "type": "Point", "coordinates": [ 117.186, 41.416 ] } },
{ "type": "Feature", "properties": { "pt_id": "  1040", "trajectory_id": 1, "北京时间": "2026-05-17 14:00", "lon": 116.814, "lat": 41.31, "height": 3547.0 }, "geometry": { "type": "Point", "coordinates": [ 116.814, 41.31 ] } },
{ "type": "Feature", "properties": { "pt_id": "  1041", "trajectory_id": 1, "北京时间": "2026-05-17 13:00", "lon": 116.452, "lat": 41.152, "height": 3160.0 }, "geometry": { "type": "Point", "coordinates": [ 116.452, 41.152 ] } },
{ "type": "Feature", "properties": { "pt_id": "  1042", "trajectory_id": 1, "北京时间": "2026-05-17 12:00", "lon": 116.102, "lat": 40.971, "height": 2889.0 }, "geometry": { "type": "Point", "coordinates": [ 116.102, 40.971 ] } },
{ "type": "Feature", "properties": { "pt_id": "  1043", "trajectory_id": 1, "北京时间": "2026-05-17 11:00", "lon": 115.753, "lat": 40.742, "height": 2729.0 }, "geometry": { "type": "Point", "coordinates": [ 115.753, 40.742 ] } },
{ "type": "Feature", "properties": { "pt_id": "  1044", "trajectory_id": 1, "北京时间": "2026-05-17 10:00", "lon": 115.414, "lat": 40.515, "height": 2748.0 }, "geometry": { "type": "Point", "coordinates": [ 115.414, 40.515 ] } },
{ "type": "Feature", "properties": { "pt_id": "  1045", "trajectory_id": 1, "北京时间": "2026-05-17 09:00", "lon": 115.072, "lat": 40.327, "height": 2881.0 }, "geometry": { "type": "Point", "coordinates": [ 115.072, 40.327 ] } },
{ "type": "Feature", "properties": { "pt_id": "  1046", "trajectory_id": 1, "北京时间": "2026-05-17 08:00", "lon": 114.733, "lat": 40.143, "height": 2939.0 }, "geometry": { "type": "Point", "coordinates": [ 114.733, 40.143 ] } },
{ "type": "Feature", "properties": { "pt_id": "  1047", "trajectory_id": 1, "北京时间": "2026-05-17 07:00", "lon": 114.428, "lat": 39.976, "height": 2902.0 }, "geometry": { "type": "Point", "coordinates": [ 114.428, 39.976 ] } },
{ "type": "Feature", "properties": { "pt_id": "  1048", "trajectory_id": 1, "北京时间": "2026-05-17 06:00", "lon": 114.127, "lat": 39.811, "height": 2914.0 }, "geometry": { "type": "Point", "coordinates": [ 114.127, 39.811 ] } },
{ "type": "Feature", "properties": { "pt_id": "  2000", "trajectory_id": 2, "北京时间": "2026-05-19 06:00", "lon": 113.942, "lat": 30.907, "height": 10.0 }, "geometry": { "type": "Point", "coordinates": [ 113.942, 30.907 ] } },
{ "type": "Feature", "properties": { "pt_id": "  2005", "trajectory_id": 2, "北京时间": "2026-05-19 05:00", "lon": 113.914, "lat": 31.03, "height": 16.0 }, "geometry": { "type": "Point", "coordinates": [ 113.914, 31.03 ] } },
{ "type": "Feature", "properties": { "pt_id": "  2006", "trajectory_id": 2, "北京时间": "2026-05-19 04:00", "lon": 113.907, "lat": 31.157, "height": 31.0 }, "geometry": { "type": "Point", "coordinates": [ 113.907, 31.157 ] } },
{ "type": "Feature", "properties": { "pt_id": "  2007", "trajectory_id": 2, "北京时间": "2026-05-19 03:00", "lon": 113.923, "lat": 31.29, "height": 56.0 }, "geometry": { "type": "Point", "coordinates": [ 113.923, 31.29 ] } },
{ "type": "Feature", "properties": { "pt_id": "  2008", "trajectory_id": 2, "北京时间": "2026-05-19 02:00", "lon": 113.97, "lat": 31.417, "height": 93.0 }, "geometry": { "type": "Point", "coordinates": [ 113.97, 31.417 ] } },
{ "type": "Feature", "properties": { "pt_id": "  2009", "trajectory_id": 2, "北京时间": "2026-05-19 01:00", "lon": 114.049, "lat": 31.531, "height": 142.0 }, "geometry": { "type": "Point", "coordinates": [ 114.049, 31.531 ] } },
{ "type": "Feature", "properties": { "pt_id": "  2010", "trajectory_id": 2, "北京时间": "2026-05-19 00:00", "lon": 114.133, "lat": 31.664, "height": 202.0 }, "geometry": { "type": "Point", "coordinates": [ 114.133, 31.664 ] } },
{ "type": "Feature", "properties": { "pt_id": "  2011", "trajectory_id": 2, "北京时间": "2026-05-18 23:00", "lon": 114.196, "lat": 31.834, "height": 284.0 }, "geometry": { "type": "Point", "coordinates": [ 114.196, 31.834 ] } },
{ "type": "Feature", "properties": { "pt_id": "  2012", "trajectory_id": 2, "北京时间": "2026-05-18 22:00", "lon": 114.215, "lat": 32.032, "height": 312.0 }, "geometry": { "type": "Point", "coordinates": [ 114.215, 32.032 ] } },
{ "type": "Feature", "properties": { "pt_id": "  2013", "trajectory_id": 2, "北京时间": "2026-05-18 21:00", "lon": 114.22, "lat": 32.247, "height": 294.0 }, "geometry": { "type": "Point", "coordinates": [ 114.22, 32.247 ] } },
{ "type": "Feature", "properties": { "pt_id": "  2014", "trajectory_id": 2, "北京时间": "2026-05-18 20:00", "lon": 114.236, "lat": 32.512, "height": 301.0 }, "geometry": { "type": "Point", "coordinates": [ 114.236, 32.512 ] } },
{ "type": "Feature", "properties": { "pt_id": "  2015", "trajectory_id": 2, "北京时间": "2026-05-18 19:00", "lon": 114.242, "lat": 32.828, "height": 311.0 }, "geometry": { "type": "Point", "coordinates": [ 114.242, 32.828 ] } },
{ "type": "Feature", "properties": { "pt_id": "  2016", "trajectory_id": 2, "北京时间": "2026-05-18 18:00", "lon": 114.243, "lat": 33.178, "height": 342.0 }, "geometry": { "type": "Point", "coordinates": [ 114.243, 33.178 ] } },
{ "type": "Feature", "properties": { "pt_id": "  2017", "trajectory_id": 2, "北京时间": "2026-05-18 17:00", "lon": 114.308, "lat": 33.608, "height": 422.0 }, "geometry": { "type": "Point", "coordinates": [ 114.308, 33.608 ] } },
{ "type": "Feature", "properties": { "pt_id": "  2018", "trajectory_id": 2, "北京时间": "2026-05-18 16:00", "lon": 114.423, "lat": 34.09, "height": 485.0 }, "geometry": { "type": "Point", "coordinates": [ 114.423, 34.09 ] } },
{ "type": "Feature", "properties": { "pt_id": "  2019", "trajectory_id": 2, "北京时间": "2026-05-18 15:00", "lon": 114.613, "lat": 34.581, "height": 522.0 }, "geometry": { "type": "Point", "coordinates": [ 114.613, 34.581 ] } },
{ "type": "Feature", "properties": { "pt_id": "  2020", "trajectory_id": 2, "北京时间": "2026-05-18 14:00", "lon": 114.794, "lat": 35.074, "height": 540.0 }, "geometry": { "type": "Point", "coordinates": [ 114.794, 35.074 ] } },
{ "type": "Feature", "properties": { "pt_id": "  2021", "trajectory_id": 2, "北京时间": "2026-05-18 13:00", "lon": 114.942, "lat": 35.559, "height": 524.0 }, "geometry": { "type": "Point", "coordinates": [ 114.942, 35.559 ] } },
{ "type": "Feature", "properties": { "pt_id": "  2022", "trajectory_id": 2, "北京时间": "2026-05-18 12:00", "lon": 115.077, "lat": 36.06, "height": 524.0 }, "geometry": { "type": "Point", "coordinates": [ 115.077, 36.06 ] } },
{ "type": "Feature", "properties": { "pt_id": "  2023", "trajectory_id": 2, "北京时间": "2026-05-18 11:00", "lon": 115.24, "lat": 36.527, "height": 570.0 }, "geometry": { "type": "Point", "coordinates": [ 115.24, 36.527 ] } },
{ "type": "Feature", "properties": { "pt_id": "  2024", "trajectory_id": 2, "北京时间": "2026-05-18 10:00", "lon": 115.422, "lat": 36.971, "height": 543.0 }, "geometry": { "type": "Point", "coordinates": [ 115.422, 36.971 ] } },
{ "type": "Feature", "properties": { "pt_id": "  2025", "trajectory_id": 2, "北京时间": "2026-05-18 09:00", "lon": 115.587, "lat": 37.424, "height": 510.0 }, "geometry": { "type": "Point", "coordinates": [ 115.587, 37.424 ] } },
{ "type": "Feature", "properties": { "pt_id": "  2026", "trajectory_id": 2, "北京时间": "2026-05-18 08:00", "lon": 115.825, "lat": 37.874, "height": 552.0 }, "geometry": { "type": "Point", "coordinates": [ 115.825, 37.874 ] } },
{ "type": "Feature", "properties": { "pt_id": "  2027", "trajectory_id": 2, "北京时间": "2026-05-18 07:00", "lon": 116.185, "lat": 38.291, "height": 546.0 }, "geometry": { "type": "Point", "coordinates": [ 116.185, 38.291 ] } },
{ "type": "Feature", "properties": { "pt_id": "  2028", "trajectory_id": 2, "北京时间": "2026-05-18 06:00", "lon": 116.642, "lat": 38.709, "height": 488.0 }, "geometry": { "type": "Point", "coordinates": [ 116.642, 38.709 ] } },
{ "type": "Feature", "properties": { "pt_id": "  2029", "trajectory_id": 2, "北京时间": "2026-05-18 05:00", "lon": 117.116, "lat": 39.054, "height": 551.0 }, "geometry": { "type": "Point", "coordinates": [ 117.116, 39.054 ] } },
{ "type": "Feature", "properties": { "pt_id": "  2030", "trajectory_id": 2, "北京时间": "2026-05-18 04:00", "lon": 117.569, "lat": 39.331, "height": 501.0 }, "geometry": { "type": "Point", "coordinates": [ 117.569, 39.331 ] } },
{ "type": "Feature", "properties": { "pt_id": "  2031", "trajectory_id": 2, "北京时间": "2026-05-18 03:00", "lon": 117.968, "lat": 39.539, "height": 342.0 }, "geometry": { "type": "Point", "coordinates": [ 117.968, 39.539 ] } },
{ "type": "Feature", "properties": { "pt_id": "  2032", "trajectory_id": 2, "北京时间": "2026-05-18 02:00", "lon": 118.301, "lat": 39.732, "height": 288.0 }, "geometry": { "type": "Point", "coordinates": [ 118.301, 39.732 ] } },
{ "type": "Feature", "properties": { "pt_id": "  2033", "trajectory_id": 2, "北京时间": "2026-05-18 01:00", "lon": 118.54, "lat": 39.925, "height": 312.0 }, "geometry": { "type": "Point", "coordinates": [ 118.54, 39.925 ] } },
{ "type": "Feature", "properties": { "pt_id": "  2034", "trajectory_id": 2, "北京时间": "2026-05-18 00:00", "lon": 118.658, "lat": 40.074, "height": 387.0 }, "geometry": { "type": "Point", "coordinates": [ 118.658, 40.074 ] } },
{ "type": "Feature", "properties": { "pt_id": "  2035", "trajectory_id": 2, "北京时间": "2026-05-17 23:00", "lon": 118.693, "lat": 40.139, "height": 536.0 }, "geometry": { "type": "Point", "coordinates": [ 118.693, 40.139 ] } },
{ "type": "Feature", "properties": { "pt_id": "  2036", "trajectory_id": 2, "北京时间": "2026-05-17 22:00", "lon": 118.696, "lat": 40.107, "height": 682.0 }, "geometry": { "type": "Point", "coordinates": [ 118.696, 40.107 ] } },
{ "type": "Feature", "properties": { "pt_id": "  2037", "trajectory_id": 2, "北京时间": "2026-05-17 21:00", "lon": 118.721, "lat": 40.006, "height": 824.0 }, "geometry": { "type": "Point", "coordinates": [ 118.721, 40.006 ] } },
{ "type": "Feature", "properties": { "pt_id": "  2038", "trajectory_id": 2, "北京时间": "2026-05-17 20:00", "lon": 118.737, "lat": 39.864, "height": 940.0 }, "geometry": { "type": "Point", "coordinates": [ 118.737, 39.864 ] } },
{ "type": "Feature", "properties": { "pt_id": "  2039", "trajectory_id": 2, "北京时间": "2026-05-17 19:00", "lon": 118.736, "lat": 39.72, "height": 959.0 }, "geometry": { "type": "Point", "coordinates": [ 118.736, 39.72 ] } },
{ "type": "Feature", "properties": { "pt_id": "  2040", "trajectory_id": 2, "北京时间": "2026-05-17 18:00", "lon": 118.753, "lat": 39.585, "height": 984.0 }, "geometry": { "type": "Point", "coordinates": [ 118.753, 39.585 ] } },
{ "type": "Feature", "properties": { "pt_id": "  2041", "trajectory_id": 2, "北京时间": "2026-05-17 17:00", "lon": 118.759, "lat": 39.443, "height": 1022.0 }, "geometry": { "type": "Point", "coordinates": [ 118.759, 39.443 ] } },
{ "type": "Feature", "properties": { "pt_id": "  2042", "trajectory_id": 2, "北京时间": "2026-05-17 16:00", "lon": 118.711, "lat": 39.284, "height": 1066.0 }, "geometry": { "type": "Point", "coordinates": [ 118.711, 39.284 ] } },
{ "type": "Feature", "properties": { "pt_id": "  2043", "trajectory_id": 2, "北京时间": "2026-05-17 15:00", "lon": 118.632, "lat": 39.124, "height": 1092.0 }, "geometry": { "type": "Point", "coordinates": [ 118.632, 39.124 ] } },
{ "type": "Feature", "properties": { "pt_id": "  2044", "trajectory_id": 2, "北京时间": "2026-05-17 14:00", "lon": 118.525, "lat": 38.981, "height": 1079.0 }, "geometry": { "type": "Point", "coordinates": [ 118.525, 38.981 ] } },
{ "type": "Feature", "properties": { "pt_id": "  2045", "trajectory_id": 2, "北京时间": "2026-05-17 13:00", "lon": 118.376, "lat": 38.839, "height": 1049.0 }, "geometry": { "type": "Point", "coordinates": [ 118.376, 38.839 ] } },
{ "type": "Feature", "properties": { "pt_id": "  2046", "trajectory_id": 2, "北京时间": "2026-05-17 12:00", "lon": 118.229, "lat": 38.69, "height": 936.0 }, "geometry": { "type": "Point", "coordinates": [ 118.229, 38.69 ] } },
{ "type": "Feature", "properties": { "pt_id": "  2047", "trajectory_id": 2, "北京时间": "2026-05-17 11:00", "lon": 118.088, "lat": 38.53, "height": 865.0 }, "geometry": { "type": "Point", "coordinates": [ 118.088, 38.53 ] } },
{ "type": "Feature", "properties": { "pt_id": "  2048", "trajectory_id": 2, "北京时间": "2026-05-17 10:00", "lon": 117.952, "lat": 38.317, "height": 918.0 }, "geometry": { "type": "Point", "coordinates": [ 117.952, 38.317 ] } },
{ "type": "Feature", "properties": { "pt_id": "  2049", "trajectory_id": 2, "北京时间": "2026-05-17 09:00", "lon": 117.823, "lat": 38.055, "height": 960.0 }, "geometry": { "type": "Point", "coordinates": [ 117.823, 38.055 ] } },
{ "type": "Feature", "properties": { "pt_id": "  2050", "trajectory_id": 2, "北京时间": "2026-05-17 08:00", "lon": 117.697, "lat": 37.784, "height": 958.0 }, "geometry": { "type": "Point", "coordinates": [ 117.697, 37.784 ] } },
{ "type": "Feature", "properties": { "pt_id": "  2051", "trajectory_id": 2, "北京时间": "2026-05-17 07:00", "lon": 117.542, "lat": 37.525, "height": 960.0 }, "geometry": { "type": "Point", "coordinates": [ 117.542, 37.525 ] } },
{ "type": "Feature", "properties": { "pt_id": "  2052", "trajectory_id": 2, "北京时间": "2026-05-17 06:00", "lon": 117.377, "lat": 37.275, "height": 934.0 }, "geometry": { "type": "Point", "coordinates": [ 117.377, 37.275 ] } },
{ "type": "Feature", "properties": { "pt_id": "  3000", "trajectory_id": 3, "北京时间": "2026-05-19 06:00", "lon": 113.942, "lat": 30.907, "height": 10.0 }, "geometry": { "type": "Point", "coordinates": [ 113.942, 30.907 ] } },
{ "type": "Feature", "properties": { "pt_id": "  3009", "trajectory_id": 3, "北京时间": "2026-05-19 05:00", "lon": 113.976, "lat": 31.007, "height": 15.0 }, "geometry": { "type": "Point", "coordinates": [ 113.976, 31.007 ] } },
{ "type": "Feature", "properties": { "pt_id": "  3010", "trajectory_id": 3, "北京时间": "2026-05-19 04:00", "lon": 114.029, "lat": 31.105, "height": 29.0 }, "geometry": { "type": "Point", "coordinates": [ 114.029, 31.105 ] } },
{ "type": "Feature", "properties": { "pt_id": "  3011", "trajectory_id": 3, "北京时间": "2026-05-19 03:00", "lon": 114.099, "lat": 31.216, "height": 59.0 }, "geometry": { "type": "Point", "coordinates": [ 114.099, 31.216 ] } },
{ "type": "Feature", "properties": { "pt_id": "  3012", "trajectory_id": 3, "北京时间": "2026-05-19 02:00", "lon": 114.168, "lat": 31.34, "height": 102.0 }, "geometry": { "type": "Point", "coordinates": [ 114.168, 31.34 ] } },
{ "type": "Feature", "properties": { "pt_id": "  3013", "trajectory_id": 3, "北京时间": "2026-05-19 01:00", "lon": 114.234, "lat": 31.484, "height": 150.0 }, "geometry": { "type": "Point", "coordinates": [ 114.234, 31.484 ] } },
{ "type": "Feature", "properties": { "pt_id": "  3014", "trajectory_id": 3, "北京时间": "2026-05-19 00:00", "lon": 114.281, "lat": 31.647, "height": 203.0 }, "geometry": { "type": "Point", "coordinates": [ 114.281, 31.647 ] } },
{ "type": "Feature", "properties": { "pt_id": "  3015", "trajectory_id": 3, "北京时间": "2026-05-18 23:00", "lon": 114.277, "lat": 31.819, "height": 273.0 }, "geometry": { "type": "Point", "coordinates": [ 114.277, 31.819 ] } },
{ "type": "Feature", "properties": { "pt_id": "  3016", "trajectory_id": 3, "北京时间": "2026-05-18 22:00", "lon": 114.213, "lat": 32.031, "height": 270.0 }, "geometry": { "type": "Point", "coordinates": [ 114.213, 32.031 ] } },
{ "type": "Feature", "properties": { "pt_id": "  3017", "trajectory_id": 3, "北京时间": "2026-05-18 21:00", "lon": 114.124, "lat": 32.274, "height": 231.0 }, "geometry": { "type": "Point", "coordinates": [ 114.124, 32.274 ] } },
{ "type": "Feature", "properties": { "pt_id": "  3018", "trajectory_id": 3, "北京时间": "2026-05-18 20:00", "lon": 114.024, "lat": 32.551, "height": 255.0 }, "geometry": { "type": "Point", "coordinates": [ 114.024, 32.551 ] } },
{ "type": "Feature", "properties": { "pt_id": "  3019", "trajectory_id": 3, "北京时间": "2026-05-18 19:00", "lon": 113.936, "lat": 32.904, "height": 316.0 }, "geometry": { "type": "Point", "coordinates": [ 113.936, 32.904 ] } },
{ "type": "Feature", "properties": { "pt_id": "  3020", "trajectory_id": 3, "北京时间": "2026-05-18 18:00", "lon": 113.889, "lat": 33.293, "height": 297.0 }, "geometry": { "type": "Point", "coordinates": [ 113.889, 33.293 ] } },
{ "type": "Feature", "properties": { "pt_id": "  3021", "trajectory_id": 3, "北京时间": "2026-05-18 17:00", "lon": 113.919, "lat": 33.717, "height": 282.0 }, "geometry": { "type": "Point", "coordinates": [ 113.919, 33.717 ] } },
{ "type": "Feature", "properties": { "pt_id": "  3022", "trajectory_id": 3, "北京时间": "2026-05-18 16:00", "lon": 114.029, "lat": 34.19, "height": 308.0 }, "geometry": { "type": "Point", "coordinates": [ 114.029, 34.19 ] } },
{ "type": "Feature", "properties": { "pt_id": "  3023", "trajectory_id": 3, "北京时间": "2026-05-18 15:00", "lon": 114.193, "lat": 34.684, "height": 320.0 }, "geometry": { "type": "Point", "coordinates": [ 114.193, 34.684 ] } },
{ "type": "Feature", "properties": { "pt_id": "  3024", "trajectory_id": 3, "北京时间": "2026-05-18 14:00", "lon": 114.368, "lat": 35.22, "height": 344.0 }, "geometry": { "type": "Point", "coordinates": [ 114.368, 35.22 ] } },
{ "type": "Feature", "properties": { "pt_id": "  3025", "trajectory_id": 3, "北京时间": "2026-05-18 13:00", "lon": 114.464, "lat": 35.793, "height": 438.0 }, "geometry": { "type": "Point", "coordinates": [ 114.464, 35.793 ] } },
{ "type": "Feature", "properties": { "pt_id": "  3026", "trajectory_id": 3, "北京时间": "2026-05-18 12:00", "lon": 114.536, "lat": 36.331, "height": 462.0 }, "geometry": { "type": "Point", "coordinates": [ 114.536, 36.331 ] } },
{ "type": "Feature", "properties": { "pt_id": "  3027", "trajectory_id": 3, "北京时间": "2026-05-18 11:00", "lon": 114.637, "lat": 36.906, "height": 455.0 }, "geometry": { "type": "Point", "coordinates": [ 114.637, 36.906 ] } },
{ "type": "Feature", "properties": { "pt_id": "  3028", "trajectory_id": 3, "北京时间": "2026-05-18 10:00", "lon": 114.76, "lat": 37.45, "height": 445.0 }, "geometry": { "type": "Point", "coordinates": [ 114.76, 37.45 ] } },
{ "type": "Feature", "properties": { "pt_id": "  3029", "trajectory_id": 3, "北京时间": "2026-05-18 09:00", "lon": 114.981, "lat": 37.938, "height": 543.0 }, "geometry": { "type": "Point", "coordinates": [ 114.981, 37.938 ] } },
{ "type": "Feature", "properties": { "pt_id": "  3030", "trajectory_id": 3, "北京时间": "2026-05-18 08:00", "lon": 115.337, "lat": 38.434, "height": 524.0 }, "geometry": { "type": "Point", "coordinates": [ 115.337, 38.434 ] } },
{ "type": "Feature", "properties": { "pt_id": "  3031", "trajectory_id": 3, "北京时间": "2026-05-18 07:00", "lon": 115.708, "lat": 38.961, "height": 729.0 }, "geometry": { "type": "Point", "coordinates": [ 115.708, 38.961 ] } },
{ "type": "Feature", "properties": { "pt_id": "  3032", "trajectory_id": 3, "北京时间": "2026-05-18 06:00", "lon": 115.963, "lat": 39.447, "height": 773.0 }, "geometry": { "type": "Point", "coordinates": [ 115.963, 39.447 ] } },
{ "type": "Feature", "properties": { "pt_id": "  3033", "trajectory_id": 3, "北京时间": "2026-05-18 05:00", "lon": 116.139, "lat": 39.863, "height": 916.0 }, "geometry": { "type": "Point", "coordinates": [ 116.139, 39.863 ] } },
{ "type": "Feature", "properties": { "pt_id": "  3034", "trajectory_id": 3, "北京时间": "2026-05-18 04:00", "lon": 116.19, "lat": 40.214, "height": 1367.0 }, "geometry": { "type": "Point", "coordinates": [ 116.19, 40.214 ] } },
{ "type": "Feature", "properties": { "pt_id": "  3035", "trajectory_id": 3, "北京时间": "2026-05-18 03:00", "lon": 116.215, "lat": 40.465, "height": 1814.0 }, "geometry": { "type": "Point", "coordinates": [ 116.215, 40.465 ] } },
{ "type": "Feature", "properties": { "pt_id": "  3036", "trajectory_id": 3, "北京时间": "2026-05-18 02:00", "lon": 116.221, "lat": 40.634, "height": 2110.0 }, "geometry": { "type": "Point", "coordinates": [ 116.221, 40.634 ] } },
{ "type": "Feature", "properties": { "pt_id": "  3037", "trajectory_id": 3, "北京时间": "2026-05-18 01:00", "lon": 116.184, "lat": 40.731, "height": 2065.0 }, "geometry": { "type": "Point", "coordinates": [ 116.184, 40.731 ] } },
{ "type": "Feature", "properties": { "pt_id": "  3038", "trajectory_id": 3, "北京时间": "2026-05-18 00:00", "lon": 116.078, "lat": 40.773, "height": 1873.0 }, "geometry": { "type": "Point", "coordinates": [ 116.078, 40.773 ] } },
{ "type": "Feature", "properties": { "pt_id": "  3039", "trajectory_id": 3, "北京时间": "2026-05-17 23:00", "lon": 115.927, "lat": 40.811, "height": 1792.0 }, "geometry": { "type": "Point", "coordinates": [ 115.927, 40.811 ] } },
{ "type": "Feature", "properties": { "pt_id": "  3040", "trajectory_id": 3, "北京时间": "2026-05-17 22:00", "lon": 115.739, "lat": 40.841, "height": 1801.0 }, "geometry": { "type": "Point", "coordinates": [ 115.739, 40.841 ] } },
{ "type": "Feature", "properties": { "pt_id": "  3041", "trajectory_id": 3, "北京时间": "2026-05-17 21:00", "lon": 115.502, "lat": 40.842, "height": 1788.0 }, "geometry": { "type": "Point", "coordinates": [ 115.502, 40.842 ] } },
{ "type": "Feature", "properties": { "pt_id": "  3042", "trajectory_id": 3, "北京时间": "2026-05-17 20:00", "lon": 115.253, "lat": 40.811, "height": 1688.0 }, "geometry": { "type": "Point", "coordinates": [ 115.253, 40.811 ] } },
{ "type": "Feature", "properties": { "pt_id": "  3043", "trajectory_id": 3, "北京时间": "2026-05-17 19:00", "lon": 115.025, "lat": 40.804, "height": 1599.0 }, "geometry": { "type": "Point", "coordinates": [ 115.025, 40.804 ] } },
{ "type": "Feature", "properties": { "pt_id": "  3044", "trajectory_id": 3, "北京时间": "2026-05-17 18:00", "lon": 114.813, "lat": 40.837, "height": 1526.0 }, "geometry": { "type": "Point", "coordinates": [ 114.813, 40.837 ] } },
{ "type": "Feature", "properties": { "pt_id": "  3045", "trajectory_id": 3, "北京时间": "2026-05-17 17:00", "lon": 114.59, "lat": 40.882, "height": 1513.0 }, "geometry": { "type": "Point", "coordinates": [ 114.59, 40.882 ] } },
{ "type": "Feature", "properties": { "pt_id": "  3046", "trajectory_id": 3, "北京时间": "2026-05-17 16:00", "lon": 114.35, "lat": 40.921, "height": 1544.0 }, "geometry": { "type": "Point", "coordinates": [ 114.35, 40.921 ] } },
{ "type": "Feature", "properties": { "pt_id": "  3047", "trajectory_id": 3, "北京时间": "2026-05-17 15:00", "lon": 114.068, "lat": 40.978, "height": 1542.0 }, "geometry": { "type": "Point", "coordinates": [ 114.068, 40.978 ] } },
{ "type": "Feature", "properties": { "pt_id": "  3048", "trajectory_id": 3, "北京时间": "2026-05-17 14:00", "lon": 113.717, "lat": 41.074, "height": 1504.0 }, "geometry": { "type": "Point", "coordinates": [ 113.717, 41.074 ] } },
{ "type": "Feature", "properties": { "pt_id": "  3049", "trajectory_id": 3, "北京时间": "2026-05-17 13:00", "lon": 113.318, "lat": 41.19, "height": 1480.0 }, "geometry": { "type": "Point", "coordinates": [ 113.318, 41.19 ] } },
{ "type": "Feature", "properties": { "pt_id": "  3050", "trajectory_id": 3, "北京时间": "2026-05-17 12:00", "lon": 112.882, "lat": 41.256, "height": 1431.0 }, "geometry": { "type": "Point", "coordinates": [ 112.882, 41.256 ] } },
{ "type": "Feature", "properties": { "pt_id": "  3051", "trajectory_id": 3, "北京时间": "2026-05-17 11:00", "lon": 112.373, "lat": 41.248, "height": 1562.0 }, "geometry": { "type": "Point", "coordinates": [ 112.373, 41.248 ] } },
{ "type": "Feature", "properties": { "pt_id": "  3052", "trajectory_id": 3, "北京时间": "2026-05-17 10:00", "lon": 111.866, "lat": 41.222, "height": 1646.0 }, "geometry": { "type": "Point", "coordinates": [ 111.866, 41.222 ] } },
{ "type": "Feature", "properties": { "pt_id": "  3053", "trajectory_id": 3, "北京时间": "2026-05-17 09:00", "lon": 111.402, "lat": 41.235, "height": 1578.0 }, "geometry": { "type": "Point", "coordinates": [ 111.402, 41.235 ] } },
{ "type": "Feature", "properties": { "pt_id": "  3054", "trajectory_id": 3, "北京时间": "2026-05-17 08:00", "lon": 110.977, "lat": 41.314, "height": 1548.0 }, "geometry": { "type": "Point", "coordinates": [ 110.977, 41.314 ] } },
{ "type": "Feature", "properties": { "pt_id": "  3055", "trajectory_id": 3, "北京时间": "2026-05-17 07:00", "lon": 110.461, "lat": 41.501, "height": 1516.0 }, "geometry": { "type": "Point", "coordinates": [ 110.461, 41.501 ] } },
{ "type": "Feature", "properties": { "pt_id": "  3056", "trajectory_id": 3, "北京时间": "2026-05-17 06:00", "lon": 109.845, "lat": 41.784, "height": 1509.0 }, "geometry": { "type": "Point", "coordinates": [ 109.845, 41.784 ] } },
{ "type": "Feature", "properties": { "pt_id": "  4000", "trajectory_id": 4, "北京时间": "2026-05-19 06:00", "lon": 113.942, "lat": 30.907, "height": 10.0 }, "geometry": { "type": "Point", "coordinates": [ 113.942, 30.907 ] } },
{ "type": "Feature", "properties": { "pt_id": "  4013", "trajectory_id": 4, "北京时间": "2026-05-19 05:00", "lon": 113.947, "lat": 31.053, "height": 13.0 }, "geometry": { "type": "Point", "coordinates": [ 113.947, 31.053 ] } },
{ "type": "Feature", "properties": { "pt_id": "  4014", "trajectory_id": 4, "北京时间": "2026-05-19 04:00", "lon": 113.978, "lat": 31.213, "height": 37.0 }, "geometry": { "type": "Point", "coordinates": [ 113.978, 31.213 ] } },
{ "type": "Feature", "properties": { "pt_id": "  4015", "trajectory_id": 4, "北京时间": "2026-05-19 03:00", "lon": 114.058, "lat": 31.372, "height": 92.0 }, "geometry": { "type": "Point", "coordinates": [ 114.058, 31.372 ] } },
{ "type": "Feature", "properties": { "pt_id": "  4016", "trajectory_id": 4, "北京时间": "2026-05-19 02:00", "lon": 114.138, "lat": 31.513, "height": 145.0 }, "geometry": { "type": "Point", "coordinates": [ 114.138, 31.513 ] } },
{ "type": "Feature", "properties": { "pt_id": "  4017", "trajectory_id": 4, "北京时间": "2026-05-19 01:00", "lon": 114.192, "lat": 31.646, "height": 182.0 }, "geometry": { "type": "Point", "coordinates": [ 114.192, 31.646 ] } },
{ "type": "Feature", "properties": { "pt_id": "  4018", "trajectory_id": 4, "北京时间": "2026-05-19 00:00", "lon": 114.212, "lat": 31.769, "height": 210.0 }, "geometry": { "type": "Point", "coordinates": [ 114.212, 31.769 ] } },
{ "type": "Feature", "properties": { "pt_id": "  4019", "trajectory_id": 4, "北京时间": "2026-05-18 23:00", "lon": 114.188, "lat": 31.912, "height": 193.0 }, "geometry": { "type": "Point", "coordinates": [ 114.188, 31.912 ] } },
{ "type": "Feature", "properties": { "pt_id": "  4020", "trajectory_id": 4, "北京时间": "2026-05-18 22:00", "lon": 114.123, "lat": 32.075, "height": 151.0 }, "geometry": { "type": "Point", "coordinates": [ 114.123, 32.075 ] } },
{ "type": "Feature", "properties": { "pt_id": "  4021", "trajectory_id": 4, "北京时间": "2026-05-18 21:00", "lon": 114.02, "lat": 32.202, "height": 129.0 }, "geometry": { "type": "Point", "coordinates": [ 114.02, 32.202 ] } },
{ "type": "Feature", "properties": { "pt_id": "  4022", "trajectory_id": 4, "北京时间": "2026-05-18 20:00", "lon": 113.875, "lat": 32.305, "height": 94.0 }, "geometry": { "type": "Point", "coordinates": [ 113.875, 32.305 ] } },
{ "type": "Feature", "properties": { "pt_id": "  4023", "trajectory_id": 4, "北京时间": "2026-05-18 19:00", "lon": 113.751, "lat": 32.447, "height": 131.0 }, "geometry": { "type": "Point", "coordinates": [ 113.751, 32.447 ] } },
{ "type": "Feature", "properties": { "pt_id": "  4024", "trajectory_id": 4, "北京时间": "2026-05-18 18:00", "lon": 113.668, "lat": 32.629, "height": 210.0 }, "geometry": { "type": "Point", "coordinates": [ 113.668, 32.629 ] } },
{ "type": "Feature", "properties": { "pt_id": "  4025", "trajectory_id": 4, "北京时间": "2026-05-18 17:00", "lon": 113.57, "lat": 32.88, "height": 262.0 }, "geometry": { "type": "Point", "coordinates": [ 113.57, 32.88 ] } },
{ "type": "Feature", "properties": { "pt_id": "  4026", "trajectory_id": 4, "北京时间": "2026-05-18 16:00", "lon": 113.394, "lat": 33.224, "height": 241.0 }, "geometry": { "type": "Point", "coordinates": [ 113.394, 33.224 ] } },
{ "type": "Feature", "properties": { "pt_id": "  4027", "trajectory_id": 4, "北京时间": "2026-05-18 15:00", "lon": 113.215, "lat": 33.609, "height": 209.0 }, "geometry": { "type": "Point", "coordinates": [ 113.215, 33.609 ] } },
{ "type": "Feature", "properties": { "pt_id": "  4028", "trajectory_id": 4, "北京时间": "2026-05-18 14:00", "lon": 112.91, "lat": 34.012, "height": 341.0 }, "geometry": { "type": "Point", "coordinates": [ 112.91, 34.012 ] } },
{ "type": "Feature", "properties": { "pt_id": "  4029", "trajectory_id": 4, "北京时间": "2026-05-18 13:00", "lon": 112.464, "lat": 34.364, "height": 517.0 }, "geometry": { "type": "Point", "coordinates": [ 112.464, 34.364 ] } },
{ "type": "Feature", "properties": { "pt_id": "  4030", "trajectory_id": 4, "北京时间": "2026-05-18 12:00", "lon": 112.032, "lat": 34.59, "height": 602.0 }, "geometry": { "type": "Point", "coordinates": [ 112.032, 34.59 ] } },
{ "type": "Feature", "properties": { "pt_id": "  4031", "trajectory_id": 4, "北京时间": "2026-05-18 11:00", "lon": 111.726, "lat": 34.85, "height": 837.0 }, "geometry": { "type": "Point", "coordinates": [ 111.726, 34.85 ] } },
{ "type": "Feature", "properties": { "pt_id": "  4032", "trajectory_id": 4, "北京时间": "2026-05-18 10:00", "lon": 111.539, "lat": 35.16, "height": 1045.0 }, "geometry": { "type": "Point", "coordinates": [ 111.539, 35.16 ] } },
{ "type": "Feature", "properties": { "pt_id": "  4033", "trajectory_id": 4, "北京时间": "2026-05-18 09:00", "lon": 111.448, "lat": 35.447, "height": 1141.0 }, "geometry": { "type": "Point", "coordinates": [ 111.448, 35.447 ] } },
{ "type": "Feature", "properties": { "pt_id": "  4034", "trajectory_id": 4, "北京时间": "2026-05-18 08:00", "lon": 111.441, "lat": 35.735, "height": 1150.0 }, "geometry": { "type": "Point", "coordinates": [ 111.441, 35.735 ] } },
{ "type": "Feature", "properties": { "pt_id": "  4035", "trajectory_id": 4, "北京时间": "2026-05-18 07:00", "lon": 111.448, "lat": 36.064, "height": 1004.0 }, "geometry": { "type": "Point", "coordinates": [ 111.448, 36.064 ] } },
{ "type": "Feature", "properties": { "pt_id": "  4036", "trajectory_id": 4, "北京时间": "2026-05-18 06:00", "lon": 111.495, "lat": 36.508, "height": 985.0 }, "geometry": { "type": "Point", "coordinates": [ 111.495, 36.508 ] } },
{ "type": "Feature", "properties": { "pt_id": "  4037", "trajectory_id": 4, "北京时间": "2026-05-18 05:00", "lon": 111.5, "lat": 36.962, "height": 1133.0 }, "geometry": { "type": "Point", "coordinates": [ 111.5, 36.962 ] } },
{ "type": "Feature", "properties": { "pt_id": "  4038", "trajectory_id": 4, "北京时间": "2026-05-18 04:00", "lon": 111.58, "lat": 37.244, "height": 880.0 }, "geometry": { "type": "Point", "coordinates": [ 111.58, 37.244 ] } },
{ "type": "Feature", "properties": { "pt_id": "  4039", "trajectory_id": 4, "北京时间": "2026-05-18 03:00", "lon": 111.644, "lat": 37.444, "height": 544.0 }, "geometry": { "type": "Point", "coordinates": [ 111.644, 37.444 ] } },
{ "type": "Feature", "properties": { "pt_id": "  4040", "trajectory_id": 4, "北京时间": "2026-05-18 02:00", "lon": 111.724, "lat": 37.527, "height": 327.0 }, "geometry": { "type": "Point", "coordinates": [ 111.724, 37.527 ] } },
{ "type": "Feature", "properties": { "pt_id": "  4041", "trajectory_id": 4, "北京时间": "2026-05-18 01:00", "lon": 111.855, "lat": 37.561, "height": 180.0 }, "geometry": { "type": "Point", "coordinates": [ 111.855, 37.561 ] } },
{ "type": "Feature", "properties": { "pt_id": "  4042", "trajectory_id": 4, "北京时间": "2026-05-18 00:00", "lon": 111.973, "lat": 37.601, "height": 59.0 }, "geometry": { "type": "Point", "coordinates": [ 111.973, 37.601 ] } },
{ "type": "Feature", "properties": { "pt_id": "  4043", "trajectory_id": 4, "北京时间": "2026-05-17 23:00", "lon": 112.08, "lat": 37.637, "height": 0.0 }, "geometry": { "type": "Point", "coordinates": [ 112.08, 37.637 ] } },
{ "type": "Feature", "properties": { "pt_id": "  4044", "trajectory_id": 4, "北京时间": "2026-05-17 22:00", "lon": 112.179, "lat": 37.675, "height": 0.0 }, "geometry": { "type": "Point", "coordinates": [ 112.179, 37.675 ] } },
{ "type": "Feature", "properties": { "pt_id": "  4045", "trajectory_id": 4, "北京时间": "2026-05-17 21:00", "lon": 112.265, "lat": 37.709, "height": 0.0 }, "geometry": { "type": "Point", "coordinates": [ 112.265, 37.709 ] } },
{ "type": "Feature", "properties": { "pt_id": "  4046", "trajectory_id": 4, "北京时间": "2026-05-17 20:00", "lon": 112.34, "lat": 37.744, "height": 0.0 }, "geometry": { "type": "Point", "coordinates": [ 112.34, 37.744 ] } },
{ "type": "Feature", "properties": { "pt_id": "  4047", "trajectory_id": 4, "北京时间": "2026-05-17 19:00", "lon": 112.4, "lat": 37.784, "height": 0.0 }, "geometry": { "type": "Point", "coordinates": [ 112.4, 37.784 ] } },
{ "type": "Feature", "properties": { "pt_id": "  4048", "trajectory_id": 4, "北京时间": "2026-05-17 18:00", "lon": 112.452, "lat": 37.822, "height": 0.0 }, "geometry": { "type": "Point", "coordinates": [ 112.452, 37.822 ] } },
{ "type": "Feature", "properties": { "pt_id": "  4049", "trajectory_id": 4, "北京时间": "2026-05-17 17:00", "lon": 112.5, "lat": 37.858, "height": 0.0 }, "geometry": { "type": "Point", "coordinates": [ 112.5, 37.858 ] } },
{ "type": "Feature", "properties": { "pt_id": "  4050", "trajectory_id": 4, "北京时间": "2026-05-17 16:00", "lon": 112.55, "lat": 37.889, "height": 0.0 }, "geometry": { "type": "Point", "coordinates": [ 112.55, 37.889 ] } },
{ "type": "Feature", "properties": { "pt_id": "  4051", "trajectory_id": 4, "北京时间": "2026-05-17 15:00", "lon": 112.605, "lat": 37.912, "height": 0.0 }, "geometry": { "type": "Point", "coordinates": [ 112.605, 37.912 ] } },
{ "type": "Feature", "properties": { "pt_id": "  4052", "trajectory_id": 4, "北京时间": "2026-05-17 14:00", "lon": 112.661, "lat": 37.93, "height": 3.0 }, "geometry": { "type": "Point", "coordinates": [ 112.661, 37.93 ] } },
{ "type": "Feature", "properties": { "pt_id": "  4053", "trajectory_id": 4, "北京时间": "2026-05-17 13:00", "lon": 112.716, "lat": 37.938, "height": 24.0 }, "geometry": { "type": "Point", "coordinates": [ 112.716, 37.938 ] } },
{ "type": "Feature", "properties": { "pt_id": "  4054", "trajectory_id": 4, "北京时间": "2026-05-17 12:00", "lon": 112.774, "lat": 37.923, "height": 67.0 }, "geometry": { "type": "Point", "coordinates": [ 112.774, 37.923 ] } },
{ "type": "Feature", "properties": { "pt_id": "  4055", "trajectory_id": 4, "北京时间": "2026-05-17 11:00", "lon": 112.837, "lat": 37.878, "height": 86.0 }, "geometry": { "type": "Point", "coordinates": [ 112.837, 37.878 ] } },
{ "type": "Feature", "properties": { "pt_id": "  4056", "trajectory_id": 4, "北京时间": "2026-05-17 10:00", "lon": 112.905, "lat": 37.826, "height": 86.0 }, "geometry": { "type": "Point", "coordinates": [ 112.905, 37.826 ] } },
{ "type": "Feature", "properties": { "pt_id": "  4057", "trajectory_id": 4, "北京时间": "2026-05-17 09:00", "lon": 112.988, "lat": 37.793, "height": 94.0 }, "geometry": { "type": "Point", "coordinates": [ 112.988, 37.793 ] } },
{ "type": "Feature", "properties": { "pt_id": "  4058", "trajectory_id": 4, "北京时间": "2026-05-17 08:00", "lon": 113.096, "lat": 37.773, "height": 118.0 }, "geometry": { "type": "Point", "coordinates": [ 113.096, 37.773 ] } },
{ "type": "Feature", "properties": { "pt_id": "  4059", "trajectory_id": 4, "北京时间": "2026-05-17 07:00", "lon": 113.235, "lat": 37.749, "height": 166.0 }, "geometry": { "type": "Point", "coordinates": [ 113.235, 37.749 ] } },
{ "type": "Feature", "properties": { "pt_id": "  4060", "trajectory_id": 4, "北京时间": "2026-05-17 06:00", "lon": 113.374, "lat": 37.705, "height": 224.0 }, "geometry": { "type": "Point", "coordinates": [ 113.374, 37.705 ] } },
{ "type": "Feature", "properties": { "pt_id": "  5000", "trajectory_id": 5, "北京时间": "2026-05-19 06:00", "lon": 113.942, "lat": 30.907, "height": 10.0 }, "geometry": { "type": "Point", "coordinates": [ 113.942, 30.907 ] } },
{ "type": "Feature", "properties": { "pt_id": "  5017", "trajectory_id": 5, "北京时间": "2026-05-19 05:00", "lon": 114.002, "lat": 30.989, "height": 14.0 }, "geometry": { "type": "Point", "coordinates": [ 114.002, 30.989 ] } },
{ "type": "Feature", "properties": { "pt_id": "  5018", "trajectory_id": 5, "北京时间": "2026-05-19 04:00", "lon": 114.095, "lat": 31.036, "height": 21.0 }, "geometry": { "type": "Point", "coordinates": [ 114.095, 31.036 ] } },
{ "type": "Feature", "properties": { "pt_id": "  5019", "trajectory_id": 5, "北京时间": "2026-05-19 03:00", "lon": 114.202, "lat": 31.027, "height": 23.0 }, "geometry": { "type": "Point", "coordinates": [ 114.202, 31.027 ] } },
{ "type": "Feature", "properties": { "pt_id": "  5020", "trajectory_id": 5, "北京时间": "2026-05-19 02:00", "lon": 114.319, "lat": 30.983, "height": 20.0 }, "geometry": { "type": "Point", "coordinates": [ 114.319, 30.983 ] } },
{ "type": "Feature", "properties": { "pt_id": "  5021", "trajectory_id": 5, "北京时间": "2026-05-19 01:00", "lon": 114.424, "lat": 30.922, "height": 10.0 }, "geometry": { "type": "Point", "coordinates": [ 114.424, 30.922 ] } },
{ "type": "Feature", "properties": { "pt_id": "  5022", "trajectory_id": 5, "北京时间": "2026-05-19 00:00", "lon": 114.532, "lat": 30.845, "height": 0.0 }, "geometry": { "type": "Point", "coordinates": [ 114.532, 30.845 ] } },
{ "type": "Feature", "properties": { "pt_id": "  5023", "trajectory_id": 5, "北京时间": "2026-05-18 23:00", "lon": 114.672, "lat": 30.748, "height": 0.0 }, "geometry": { "type": "Point", "coordinates": [ 114.672, 30.748 ] } },
{ "type": "Feature", "properties": { "pt_id": "  5024", "trajectory_id": 5, "北京时间": "2026-05-18 22:00", "lon": 114.831, "lat": 30.64, "height": 1.0 }, "geometry": { "type": "Point", "coordinates": [ 114.831, 30.64 ] } },
{ "type": "Feature", "properties": { "pt_id": "  5025", "trajectory_id": 5, "北京时间": "2026-05-18 21:00", "lon": 114.978, "lat": 30.533, "height": 3.0 }, "geometry": { "type": "Point", "coordinates": [ 114.978, 30.533 ] } },
{ "type": "Feature", "properties": { "pt_id": "  5026", "trajectory_id": 5, "北京时间": "2026-05-18 20:00", "lon": 115.114, "lat": 30.426, "height": 8.0 }, "geometry": { "type": "Point", "coordinates": [ 115.114, 30.426 ] } },
{ "type": "Feature", "properties": { "pt_id": "  5027", "trajectory_id": 5, "北京时间": "2026-05-18 19:00", "lon": 115.234, "lat": 30.335, "height": 19.0 }, "geometry": { "type": "Point", "coordinates": [ 115.234, 30.335 ] } },
{ "type": "Feature", "properties": { "pt_id": "  5028", "trajectory_id": 5, "北京时间": "2026-05-18 18:00", "lon": 115.371, "lat": 30.242, "height": 38.0 }, "geometry": { "type": "Point", "coordinates": [ 115.371, 30.242 ] } },
{ "type": "Feature", "properties": { "pt_id": "  5029", "trajectory_id": 5, "北京时间": "2026-05-18 17:00", "lon": 115.525, "lat": 30.147, "height": 61.0 }, "geometry": { "type": "Point", "coordinates": [ 115.525, 30.147 ] } },
{ "type": "Feature", "properties": { "pt_id": "  5030", "trajectory_id": 5, "北京时间": "2026-05-18 16:00", "lon": 115.681, "lat": 30.062, "height": 89.0 }, "geometry": { "type": "Point", "coordinates": [ 115.681, 30.062 ] } },
{ "type": "Feature", "properties": { "pt_id": "  5031", "trajectory_id": 5, "北京时间": "2026-05-18 15:00", "lon": 115.798, "lat": 30.027, "height": 118.0 }, "geometry": { "type": "Point", "coordinates": [ 115.798, 30.027 ] } },
{ "type": "Feature", "properties": { "pt_id": "  5032", "trajectory_id": 5, "北京时间": "2026-05-18 14:00", "lon": 115.896, "lat": 29.95, "height": 112.0 }, "geometry": { "type": "Point", "coordinates": [ 115.896, 29.95 ] } },
{ "type": "Feature", "properties": { "pt_id": "  5033", "trajectory_id": 5, "北京时间": "2026-05-18 13:00", "lon": 115.967, "lat": 29.809, "height": 133.0 }, "geometry": { "type": "Point", "coordinates": [ 115.967, 29.809 ] } },
{ "type": "Feature", "properties": { "pt_id": "  5034", "trajectory_id": 5, "北京时间": "2026-05-18 12:00", "lon": 115.996, "lat": 29.601, "height": 240.0 }, "geometry": { "type": "Point", "coordinates": [ 115.996, 29.601 ] } },
{ "type": "Feature", "properties": { "pt_id": "  5035", "trajectory_id": 5, "北京时间": "2026-05-18 11:00", "lon": 116.041, "lat": 29.338, "height": 274.0 }, "geometry": { "type": "Point", "coordinates": [ 116.041, 29.338 ] } },
{ "type": "Feature", "properties": { "pt_id": "  5036", "trajectory_id": 5, "北京时间": "2026-05-18 10:00", "lon": 116.123, "lat": 29.055, "height": 258.0 }, "geometry": { "type": "Point", "coordinates": [ 116.123, 29.055 ] } },
{ "type": "Feature", "properties": { "pt_id": "  5037", "trajectory_id": 5, "北京时间": "2026-05-18 09:00", "lon": 116.22, "lat": 28.773, "height": 344.0 }, "geometry": { "type": "Point", "coordinates": [ 116.22, 28.773 ] } },
{ "type": "Feature", "properties": { "pt_id": "  5038", "trajectory_id": 5, "北京时间": "2026-05-18 08:00", "lon": 116.341, "lat": 28.49, "height": 452.0 }, "geometry": { "type": "Point", "coordinates": [ 116.341, 28.49 ] } },
{ "type": "Feature", "properties": { "pt_id": "  5039", "trajectory_id": 5, "北京时间": "2026-05-18 07:00", "lon": 116.468, "lat": 28.249, "height": 582.0 }, "geometry": { "type": "Point", "coordinates": [ 116.468, 28.249 ] } },
{ "type": "Feature", "properties": { "pt_id": "  5040", "trajectory_id": 5, "北京时间": "2026-05-18 06:00", "lon": 116.592, "lat": 28.033, "height": 699.0 }, "geometry": { "type": "Point", "coordinates": [ 116.592, 28.033 ] } },
{ "type": "Feature", "properties": { "pt_id": "  5041", "trajectory_id": 5, "北京时间": "2026-05-18 05:00", "lon": 116.719, "lat": 27.843, "height": 736.0 }, "geometry": { "type": "Point", "coordinates": [ 116.719, 27.843 ] } },
{ "type": "Feature", "properties": { "pt_id": "  5042", "trajectory_id": 5, "北京时间": "2026-05-18 04:00", "lon": 116.868, "lat": 27.677, "height": 795.0 }, "geometry": { "type": "Point", "coordinates": [ 116.868, 27.677 ] } },
{ "type": "Feature", "properties": { "pt_id": "  5043", "trajectory_id": 5, "北京时间": "2026-05-18 03:00", "lon": 117.049, "lat": 27.529, "height": 906.0 }, "geometry": { "type": "Point", "coordinates": [ 117.049, 27.529 ] } },
{ "type": "Feature", "properties": { "pt_id": "  5044", "trajectory_id": 5, "北京时间": "2026-05-18 02:00", "lon": 117.23, "lat": 27.375, "height": 1044.0 }, "geometry": { "type": "Point", "coordinates": [ 117.23, 27.375 ] } },
{ "type": "Feature", "properties": { "pt_id": "  5045", "trajectory_id": 5, "北京时间": "2026-05-18 01:00", "lon": 117.365, "lat": 27.203, "height": 1182.0 }, "geometry": { "type": "Point", "coordinates": [ 117.365, 27.203 ] } },
{ "type": "Feature", "properties": { "pt_id": "  5046", "trajectory_id": 5, "北京时间": "2026-05-18 00:00", "lon": 117.488, "lat": 27.028, "height": 1242.0 }, "geometry": { "type": "Point", "coordinates": [ 117.488, 27.028 ] } },
{ "type": "Feature", "properties": { "pt_id": "  5047", "trajectory_id": 5, "北京时间": "2026-05-17 23:00", "lon": 117.627, "lat": 26.86, "height": 1279.0 }, "geometry": { "type": "Point", "coordinates": [ 117.627, 26.86 ] } },
{ "type": "Feature", "properties": { "pt_id": "  5048", "trajectory_id": 5, "北京时间": "2026-05-17 22:00", "lon": 117.821, "lat": 26.673, "height": 1295.0 }, "geometry": { "type": "Point", "coordinates": [ 117.821, 26.673 ] } },
{ "type": "Feature", "properties": { "pt_id": "  5049", "trajectory_id": 5, "北京时间": "2026-05-17 21:00", "lon": 118.042, "lat": 26.483, "height": 1329.0 }, "geometry": { "type": "Point", "coordinates": [ 118.042, 26.483 ] } },
{ "type": "Feature", "properties": { "pt_id": "  5050", "trajectory_id": 5, "北京时间": "2026-05-17 20:00", "lon": 118.312, "lat": 26.299, "height": 1381.0 }, "geometry": { "type": "Point", "coordinates": [ 118.312, 26.299 ] } },
{ "type": "Feature", "properties": { "pt_id": "  5051", "trajectory_id": 5, "北京时间": "2026-05-17 19:00", "lon": 118.587, "lat": 26.127, "height": 1486.0 }, "geometry": { "type": "Point", "coordinates": [ 118.587, 26.127 ] } },
{ "type": "Feature", "properties": { "pt_id": "  5052", "trajectory_id": 5, "北京时间": "2026-05-17 18:00", "lon": 118.883, "lat": 25.985, "height": 1531.0 }, "geometry": { "type": "Point", "coordinates": [ 118.883, 25.985 ] } },
{ "type": "Feature", "properties": { "pt_id": "  5053", "trajectory_id": 5, "北京时间": "2026-05-17 17:00", "lon": 119.258, "lat": 25.925, "height": 1544.0 }, "geometry": { "type": "Point", "coordinates": [ 119.258, 25.925 ] } },
{ "type": "Feature", "properties": { "pt_id": "  5054", "trajectory_id": 5, "北京时间": "2026-05-17 16:00", "lon": 119.676, "lat": 25.952, "height": 1633.0 }, "geometry": { "type": "Point", "coordinates": [ 119.676, 25.952 ] } },
{ "type": "Feature", "properties": { "pt_id": "  5055", "trajectory_id": 5, "北京时间": "2026-05-17 15:00", "lon": 120.077, "lat": 25.976, "height": 1652.0 }, "geometry": { "type": "Point", "coordinates": [ 120.077, 25.976 ] } },
{ "type": "Feature", "properties": { "pt_id": "  5056", "trajectory_id": 5, "北京时间": "2026-05-17 14:00", "lon": 120.489, "lat": 25.986, "height": 1627.0 }, "geometry": { "type": "Point", "coordinates": [ 120.489, 25.986 ] } },
{ "type": "Feature", "properties": { "pt_id": "  5057", "trajectory_id": 5, "北京时间": "2026-05-17 13:00", "lon": 120.906, "lat": 25.972, "height": 1693.0 }, "geometry": { "type": "Point", "coordinates": [ 120.906, 25.972 ] } },
{ "type": "Feature", "properties": { "pt_id": "  5058", "trajectory_id": 5, "北京时间": "2026-05-17 12:00", "lon": 121.314, "lat": 25.932, "height": 1777.0 }, "geometry": { "type": "Point", "coordinates": [ 121.314, 25.932 ] } },
{ "type": "Feature", "properties": { "pt_id": "  5059", "trajectory_id": 5, "北京时间": "2026-05-17 11:00", "lon": 121.691, "lat": 25.879, "height": 1804.0 }, "geometry": { "type": "Point", "coordinates": [ 121.691, 25.879 ] } },
{ "type": "Feature", "properties": { "pt_id": "  5060", "trajectory_id": 5, "北京时间": "2026-05-17 10:00", "lon": 122.023, "lat": 25.83, "height": 1863.0 }, "geometry": { "type": "Point", "coordinates": [ 122.023, 25.83 ] } },
{ "type": "Feature", "properties": { "pt_id": "  5061", "trajectory_id": 5, "北京时间": "2026-05-17 09:00", "lon": 122.326, "lat": 25.798, "height": 1942.0 }, "geometry": { "type": "Point", "coordinates": [ 122.326, 25.798 ] } },
{ "type": "Feature", "properties": { "pt_id": "  5062", "trajectory_id": 5, "北京时间": "2026-05-17 08:00", "lon": 122.599, "lat": 25.795, "height": 1986.0 }, "geometry": { "type": "Point", "coordinates": [ 122.599, 25.795 ] } },
{ "type": "Feature", "properties": { "pt_id": "  5063", "trajectory_id": 5, "北京时间": "2026-05-17 07:00", "lon": 122.865, "lat": 25.82, "height": 2071.0 }, "geometry": { "type": "Point", "coordinates": [ 122.865, 25.82 ] } },
{ "type": "Feature", "properties": { "pt_id": "  5064", "trajectory_id": 5, "北京时间": "2026-05-17 06:00", "lon": 123.124, "lat": 25.87, "height": 2198.0 }, "geometry": { "type": "Point", "coordinates": [ 123.124, 25.87 ] } },
{ "type": "Feature", "properties": { "pt_id": "  6000", "trajectory_id": 6, "北京时间": "2026-05-19 06:00", "lon": 113.942, "lat": 30.907, "height": 10.0 }, "geometry": { "type": "Point", "coordinates": [ 113.942, 30.907 ] } },
{ "type": "Feature", "properties": { "pt_id": "  6021", "trajectory_id": 6, "北京时间": "2026-05-19 05:00", "lon": 114.045, "lat": 30.861, "height": 10.0 }, "geometry": { "type": "Point", "coordinates": [ 114.045, 30.861 ] } },
{ "type": "Feature", "properties": { "pt_id": "  6022", "trajectory_id": 6, "北京时间": "2026-05-19 04:00", "lon": 114.152, "lat": 30.811, "height": 10.0 }, "geometry": { "type": "Point", "coordinates": [ 114.152, 30.811 ] } },
{ "type": "Feature", "properties": { "pt_id": "  6023", "trajectory_id": 6, "北京时间": "2026-05-19 03:00", "lon": 114.26, "lat": 30.744, "height": 8.0 }, "geometry": { "type": "Point", "coordinates": [ 114.26, 30.744 ] } },
{ "type": "Feature", "properties": { "pt_id": "  6024", "trajectory_id": 6, "北京时间": "2026-05-19 02:00", "lon": 114.37, "lat": 30.653, "height": 7.0 }, "geometry": { "type": "Point", "coordinates": [ 114.37, 30.653 ] } },
{ "type": "Feature", "properties": { "pt_id": "  6025", "trajectory_id": 6, "北京时间": "2026-05-19 01:00", "lon": 114.476, "lat": 30.555, "height": 7.0 }, "geometry": { "type": "Point", "coordinates": [ 114.476, 30.555 ] } },
{ "type": "Feature", "properties": { "pt_id": "  6026", "trajectory_id": 6, "北京时间": "2026-05-19 00:00", "lon": 114.57, "lat": 30.469, "height": 8.0 }, "geometry": { "type": "Point", "coordinates": [ 114.57, 30.469 ] } },
{ "type": "Feature", "properties": { "pt_id": "  6027", "trajectory_id": 6, "北京时间": "2026-05-18 23:00", "lon": 114.652, "lat": 30.388, "height": 12.0 }, "geometry": { "type": "Point", "coordinates": [ 114.652, 30.388 ] } },
{ "type": "Feature", "properties": { "pt_id": "  6028", "trajectory_id": 6, "北京时间": "2026-05-18 22:00", "lon": 114.698, "lat": 30.313, "height": 16.0 }, "geometry": { "type": "Point", "coordinates": [ 114.698, 30.313 ] } },
{ "type": "Feature", "properties": { "pt_id": "  6029", "trajectory_id": 6, "北京时间": "2026-05-18 21:00", "lon": 114.726, "lat": 30.252, "height": 18.0 }, "geometry": { "type": "Point", "coordinates": [ 114.726, 30.252 ] } },
{ "type": "Feature", "properties": { "pt_id": "  6030", "trajectory_id": 6, "北京时间": "2026-05-18 20:00", "lon": 114.79, "lat": 30.2, "height": 29.0 }, "geometry": { "type": "Point", "coordinates": [ 114.79, 30.2 ] } },
{ "type": "Feature", "properties": { "pt_id": "  6031", "trajectory_id": 6, "北京时间": "2026-05-18 19:00", "lon": 114.913, "lat": 30.102, "height": 59.0 }, "geometry": { "type": "Point", "coordinates": [ 114.913, 30.102 ] } },
{ "type": "Feature", "properties": { "pt_id": "  6032", "trajectory_id": 6, "北京时间": "2026-05-18 18:00", "lon": 115.055, "lat": 29.948, "height": 90.0 }, "geometry": { "type": "Point", "coordinates": [ 115.055, 29.948 ] } },
{ "type": "Feature", "properties": { "pt_id": "  6033", "trajectory_id": 6, "北京时间": "2026-05-18 17:00", "lon": 115.22, "lat": 29.766, "height": 147.0 }, "geometry": { "type": "Point", "coordinates": [ 115.22, 29.766 ] } },
{ "type": "Feature", "properties": { "pt_id": "  6034", "trajectory_id": 6, "北京时间": "2026-05-18 16:00", "lon": 115.422, "lat": 29.492, "height": 221.0 }, "geometry": { "type": "Point", "coordinates": [ 115.422, 29.492 ] } },
{ "type": "Feature", "properties": { "pt_id": "  6035", "trajectory_id": 6, "北京时间": "2026-05-18 15:00", "lon": 115.573, "lat": 29.242, "height": 207.0 }, "geometry": { "type": "Point", "coordinates": [ 115.573, 29.242 ] } },
{ "type": "Feature", "properties": { "pt_id": "  6036", "trajectory_id": 6, "北京时间": "2026-05-18 14:00", "lon": 115.679, "lat": 29.013, "height": 178.0 }, "geometry": { "type": "Point", "coordinates": [ 115.679, 29.013 ] } },
{ "type": "Feature", "properties": { "pt_id": "  6037", "trajectory_id": 6, "北京时间": "2026-05-18 13:00", "lon": 115.782, "lat": 28.82, "height": 149.0 }, "geometry": { "type": "Point", "coordinates": [ 115.782, 28.82 ] } },
{ "type": "Feature", "properties": { "pt_id": "  6038", "trajectory_id": 6, "北京时间": "2026-05-18 12:00", "lon": 115.87, "lat": 28.649, "height": 138.0 }, "geometry": { "type": "Point", "coordinates": [ 115.87, 28.649 ] } },
{ "type": "Feature", "properties": { "pt_id": "  6039", "trajectory_id": 6, "北京时间": "2026-05-18 11:00", "lon": 115.986, "lat": 28.466, "height": 154.0 }, "geometry": { "type": "Point", "coordinates": [ 115.986, 28.466 ] } },
{ "type": "Feature", "properties": { "pt_id": "  6040", "trajectory_id": 6, "北京时间": "2026-05-18 10:00", "lon": 116.118, "lat": 28.28, "height": 206.0 }, "geometry": { "type": "Point", "coordinates": [ 116.118, 28.28 ] } },
{ "type": "Feature", "properties": { "pt_id": "  6041", "trajectory_id": 6, "北京时间": "2026-05-18 09:00", "lon": 116.259, "lat": 28.074, "height": 247.0 }, "geometry": { "type": "Point", "coordinates": [ 116.259, 28.074 ] } },
{ "type": "Feature", "properties": { "pt_id": "  6042", "trajectory_id": 6, "北京时间": "2026-05-18 08:00", "lon": 116.384, "lat": 27.877, "height": 282.0 }, "geometry": { "type": "Point", "coordinates": [ 116.384, 27.877 ] } },
{ "type": "Feature", "properties": { "pt_id": "  6043", "trajectory_id": 6, "北京时间": "2026-05-18 07:00", "lon": 116.518, "lat": 27.66, "height": 476.0 }, "geometry": { "type": "Point", "coordinates": [ 116.518, 27.66 ] } },
{ "type": "Feature", "properties": { "pt_id": "  6044", "trajectory_id": 6, "北京时间": "2026-05-18 06:00", "lon": 116.663, "lat": 27.486, "height": 658.0 }, "geometry": { "type": "Point", "coordinates": [ 116.663, 27.486 ] } },
{ "type": "Feature", "properties": { "pt_id": "  6045", "trajectory_id": 6, "北京时间": "2026-05-18 05:00", "lon": 116.819, "lat": 27.346, "height": 724.0 }, "geometry": { "type": "Point", "coordinates": [ 116.819, 27.346 ] } },
{ "type": "Feature", "properties": { "pt_id": "  6046", "trajectory_id": 6, "北京时间": "2026-05-18 04:00", "lon": 116.97, "lat": 27.221, "height": 806.0 }, "geometry": { "type": "Point", "coordinates": [ 116.97, 27.221 ] } },
{ "type": "Feature", "properties": { "pt_id": "  6047", "trajectory_id": 6, "北京时间": "2026-05-18 03:00", "lon": 117.13, "lat": 27.083, "height": 896.0 }, "geometry": { "type": "Point", "coordinates": [ 117.13, 27.083 ] } },
{ "type": "Feature", "properties": { "pt_id": "  6048", "trajectory_id": 6, "北京时间": "2026-05-18 02:00", "lon": 117.331, "lat": 26.932, "height": 892.0 }, "geometry": { "type": "Point", "coordinates": [ 117.331, 26.932 ] } },
{ "type": "Feature", "properties": { "pt_id": "  6049", "trajectory_id": 6, "北京时间": "2026-05-18 01:00", "lon": 117.557, "lat": 26.786, "height": 904.0 }, "geometry": { "type": "Point", "coordinates": [ 117.557, 26.786 ] } },
{ "type": "Feature", "properties": { "pt_id": "  6050", "trajectory_id": 6, "北京时间": "2026-05-18 00:00", "lon": 117.804, "lat": 26.619, "height": 894.0 }, "geometry": { "type": "Point", "coordinates": [ 117.804, 26.619 ] } },
{ "type": "Feature", "properties": { "pt_id": "  6051", "trajectory_id": 6, "北京时间": "2026-05-17 23:00", "lon": 118.089, "lat": 26.451, "height": 967.0 }, "geometry": { "type": "Point", "coordinates": [ 118.089, 26.451 ] } },
{ "type": "Feature", "properties": { "pt_id": "  6052", "trajectory_id": 6, "北京时间": "2026-05-17 22:00", "lon": 118.42, "lat": 26.318, "height": 1038.0 }, "geometry": { "type": "Point", "coordinates": [ 118.42, 26.318 ] } },
{ "type": "Feature", "properties": { "pt_id": "  6053", "trajectory_id": 6, "北京时间": "2026-05-17 21:00", "lon": 118.836, "lat": 26.226, "height": 1136.0 }, "geometry": { "type": "Point", "coordinates": [ 118.836, 26.226 ] } },
{ "type": "Feature", "properties": { "pt_id": "  6054", "trajectory_id": 6, "北京时间": "2026-05-17 20:00", "lon": 119.286, "lat": 26.213, "height": 1107.0 }, "geometry": { "type": "Point", "coordinates": [ 119.286, 26.213 ] } },
{ "type": "Feature", "properties": { "pt_id": "  6055", "trajectory_id": 6, "北京时间": "2026-05-17 19:00", "lon": 119.706, "lat": 26.241, "height": 1069.0 }, "geometry": { "type": "Point", "coordinates": [ 119.706, 26.241 ] } },
{ "type": "Feature", "properties": { "pt_id": "  6056", "trajectory_id": 6, "北京时间": "2026-05-17 18:00", "lon": 120.11, "lat": 26.268, "height": 975.0 }, "geometry": { "type": "Point", "coordinates": [ 120.11, 26.268 ] } },
{ "type": "Feature", "properties": { "pt_id": "  6057", "trajectory_id": 6, "北京时间": "2026-05-17 17:00", "lon": 120.55, "lat": 26.26, "height": 949.0 }, "geometry": { "type": "Point", "coordinates": [ 120.55, 26.26 ] } },
{ "type": "Feature", "properties": { "pt_id": "  6058", "trajectory_id": 6, "北京时间": "2026-05-17 16:00", "lon": 121.004, "lat": 26.215, "height": 960.0 }, "geometry": { "type": "Point", "coordinates": [ 121.004, 26.215 ] } },
{ "type": "Feature", "properties": { "pt_id": "  6059", "trajectory_id": 6, "北京时间": "2026-05-17 15:00", "lon": 121.461, "lat": 26.15, "height": 930.0 }, "geometry": { "type": "Point", "coordinates": [ 121.461, 26.15 ] } },
{ "type": "Feature", "properties": { "pt_id": "  6060", "trajectory_id": 6, "北京时间": "2026-05-17 14:00", "lon": 121.905, "lat": 26.087, "height": 916.0 }, "geometry": { "type": "Point", "coordinates": [ 121.905, 26.087 ] } },
{ "type": "Feature", "properties": { "pt_id": "  6061", "trajectory_id": 6, "北京时间": "2026-05-17 13:00", "lon": 122.321, "lat": 26.048, "height": 918.0 }, "geometry": { "type": "Point", "coordinates": [ 122.321, 26.048 ] } },
{ "type": "Feature", "properties": { "pt_id": "  6062", "trajectory_id": 6, "北京时间": "2026-05-17 12:00", "lon": 122.723, "lat": 26.024, "height": 916.0 }, "geometry": { "type": "Point", "coordinates": [ 122.723, 26.024 ] } },
{ "type": "Feature", "properties": { "pt_id": "  6063", "trajectory_id": 6, "北京时间": "2026-05-17 11:00", "lon": 123.104, "lat": 26.017, "height": 954.0 }, "geometry": { "type": "Point", "coordinates": [ 123.104, 26.017 ] } },
{ "type": "Feature", "properties": { "pt_id": "  6064", "trajectory_id": 6, "北京时间": "2026-05-17 10:00", "lon": 123.47, "lat": 26.023, "height": 932.0 }, "geometry": { "type": "Point", "coordinates": [ 123.47, 26.023 ] } },
{ "type": "Feature", "properties": { "pt_id": "  6065", "trajectory_id": 6, "北京时间": "2026-05-17 09:00", "lon": 123.857, "lat": 26.048, "height": 888.0 }, "geometry": { "type": "Point", "coordinates": [ 123.857, 26.048 ] } },
{ "type": "Feature", "properties": { "pt_id": "  6066", "trajectory_id": 6, "北京时间": "2026-05-17 08:00", "lon": 124.251, "lat": 26.085, "height": 900.0 }, "geometry": { "type": "Point", "coordinates": [ 124.251, 26.085 ] } },
{ "type": "Feature", "properties": { "pt_id": "  6067", "trajectory_id": 6, "北京时间": "2026-05-17 07:00", "lon": 124.645, "lat": 26.133, "height": 934.0 }, "geometry": { "type": "Point", "coordinates": [ 124.645, 26.133 ] } },
{ "type": "Feature", "properties": { "pt_id": "  6068", "trajectory_id": 6, "北京时间": "2026-05-17 06:00", "lon": 125.04, "lat": 26.18, "height": 985.0 }, "geometry": { "type": "Point", "coordinates": [ 125.04, 26.18 ] } },
{ "type": "Feature", "properties": { "pt_id": "  7000", "trajectory_id": 7, "北京时间": "2026-05-19 06:00", "lon": 113.942, "lat": 30.907, "height": 10.0 }, "geometry": { "type": "Point", "coordinates": [ 113.942, 30.907 ] } },
{ "type": "Feature", "properties": { "pt_id": "  7025", "trajectory_id": 7, "北京时间": "2026-05-19 05:00", "lon": 114.041, "lat": 30.814, "height": 9.0 }, "geometry": { "type": "Point", "coordinates": [ 114.041, 30.814 ] } },
{ "type": "Feature", "properties": { "pt_id": "  7026", "trajectory_id": 7, "北京时间": "2026-05-19 04:00", "lon": 114.123, "lat": 30.711, "height": 8.0 }, "geometry": { "type": "Point", "coordinates": [ 114.123, 30.711 ] } },
{ "type": "Feature", "properties": { "pt_id": "  7027", "trajectory_id": 7, "北京时间": "2026-05-19 03:00", "lon": 114.191, "lat": 30.624, "height": 8.0 }, "geometry": { "type": "Point", "coordinates": [ 114.191, 30.624 ] } },
{ "type": "Feature", "properties": { "pt_id": "  7028", "trajectory_id": 7, "北京时间": "2026-05-19 02:00", "lon": 114.243, "lat": 30.565, "height": 8.0 }, "geometry": { "type": "Point", "coordinates": [ 114.243, 30.565 ] } },
{ "type": "Feature", "properties": { "pt_id": "  7029", "trajectory_id": 7, "北京时间": "2026-05-19 01:00", "lon": 114.306, "lat": 30.523, "height": 9.0 }, "geometry": { "type": "Point", "coordinates": [ 114.306, 30.523 ] } },
{ "type": "Feature", "properties": { "pt_id": "  7030", "trajectory_id": 7, "北京时间": "2026-05-19 00:00", "lon": 114.403, "lat": 30.481, "height": 10.0 }, "geometry": { "type": "Point", "coordinates": [ 114.403, 30.481 ] } },
{ "type": "Feature", "properties": { "pt_id": "  7031", "trajectory_id": 7, "北京时间": "2026-05-18 23:00", "lon": 114.54, "lat": 30.441, "height": 10.0 }, "geometry": { "type": "Point", "coordinates": [ 114.54, 30.441 ] } },
{ "type": "Feature", "properties": { "pt_id": "  7032", "trajectory_id": 7, "北京时间": "2026-05-18 22:00", "lon": 114.708, "lat": 30.379, "height": 13.0 }, "geometry": { "type": "Point", "coordinates": [ 114.708, 30.379 ] } },
{ "type": "Feature", "properties": { "pt_id": "  7033", "trajectory_id": 7, "北京时间": "2026-05-18 21:00", "lon": 114.899, "lat": 30.271, "height": 35.0 }, "geometry": { "type": "Point", "coordinates": [ 114.899, 30.271 ] } },
{ "type": "Feature", "properties": { "pt_id": "  7034", "trajectory_id": 7, "北京时间": "2026-05-18 20:00", "lon": 115.124, "lat": 30.097, "height": 65.0 }, "geometry": { "type": "Point", "coordinates": [ 115.124, 30.097 ] } },
{ "type": "Feature", "properties": { "pt_id": "  7035", "trajectory_id": 7, "北京时间": "2026-05-18 19:00", "lon": 115.329, "lat": 29.923, "height": 82.0 }, "geometry": { "type": "Point", "coordinates": [ 115.329, 29.923 ] } },
{ "type": "Feature", "properties": { "pt_id": "  7036", "trajectory_id": 7, "北京时间": "2026-05-18 18:00", "lon": 115.538, "lat": 29.689, "height": 165.0 }, "geometry": { "type": "Point", "coordinates": [ 115.538, 29.689 ] } },
{ "type": "Feature", "properties": { "pt_id": "  7037", "trajectory_id": 7, "北京时间": "2026-05-18 17:00", "lon": 115.761, "lat": 29.432, "height": 168.0 }, "geometry": { "type": "Point", "coordinates": [ 115.761, 29.432 ] } },
{ "type": "Feature", "properties": { "pt_id": "  7038", "trajectory_id": 7, "北京时间": "2026-05-18 16:00", "lon": 115.918, "lat": 29.193, "height": 146.0 }, "geometry": { "type": "Point", "coordinates": [ 115.918, 29.193 ] } },
{ "type": "Feature", "properties": { "pt_id": "  7039", "trajectory_id": 7, "北京时间": "2026-05-18 15:00", "lon": 116.026, "lat": 28.962, "height": 164.0 }, "geometry": { "type": "Point", "coordinates": [ 116.026, 28.962 ] } },
{ "type": "Feature", "properties": { "pt_id": "  7040", "trajectory_id": 7, "北京时间": "2026-05-18 14:00", "lon": 116.128, "lat": 28.727, "height": 203.0 }, "geometry": { "type": "Point", "coordinates": [ 116.128, 28.727 ] } },
{ "type": "Feature", "properties": { "pt_id": "  7041", "trajectory_id": 7, "北京时间": "2026-05-18 13:00", "lon": 116.244, "lat": 28.494, "height": 288.0 }, "geometry": { "type": "Point", "coordinates": [ 116.244, 28.494 ] } },
{ "type": "Feature", "properties": { "pt_id": "  7042", "trajectory_id": 7, "北京时间": "2026-05-18 12:00", "lon": 116.389, "lat": 28.254, "height": 386.0 }, "geometry": { "type": "Point", "coordinates": [ 116.389, 28.254 ] } },
{ "type": "Feature", "properties": { "pt_id": "  7043", "trajectory_id": 7, "北京时间": "2026-05-18 11:00", "lon": 116.536, "lat": 28.028, "height": 481.0 }, "geometry": { "type": "Point", "coordinates": [ 116.536, 28.028 ] } },
{ "type": "Feature", "properties": { "pt_id": "  7044", "trajectory_id": 7, "北京时间": "2026-05-18 10:00", "lon": 116.681, "lat": 27.829, "height": 560.0 }, "geometry": { "type": "Point", "coordinates": [ 116.681, 27.829 ] } },
{ "type": "Feature", "properties": { "pt_id": "  7045", "trajectory_id": 7, "北京时间": "2026-05-18 09:00", "lon": 116.845, "lat": 27.658, "height": 667.0 }, "geometry": { "type": "Point", "coordinates": [ 116.845, 27.658 ] } },
{ "type": "Feature", "properties": { "pt_id": "  7046", "trajectory_id": 7, "北京时间": "2026-05-18 08:00", "lon": 117.037, "lat": 27.479, "height": 845.0 }, "geometry": { "type": "Point", "coordinates": [ 117.037, 27.479 ] } },
{ "type": "Feature", "properties": { "pt_id": "  7047", "trajectory_id": 7, "北京时间": "2026-05-18 07:00", "lon": 117.22, "lat": 27.278, "height": 1001.0 }, "geometry": { "type": "Point", "coordinates": [ 117.22, 27.278 ] } },
{ "type": "Feature", "properties": { "pt_id": "  7048", "trajectory_id": 7, "北京时间": "2026-05-18 06:00", "lon": 117.394, "lat": 27.074, "height": 1091.0 }, "geometry": { "type": "Point", "coordinates": [ 117.394, 27.074 ] } },
{ "type": "Feature", "properties": { "pt_id": "  7049", "trajectory_id": 7, "北京时间": "2026-05-18 05:00", "lon": 117.592, "lat": 26.877, "height": 1128.0 }, "geometry": { "type": "Point", "coordinates": [ 117.592, 26.877 ] } },
{ "type": "Feature", "properties": { "pt_id": "  7050", "trajectory_id": 7, "北京时间": "2026-05-18 04:00", "lon": 117.848, "lat": 26.665, "height": 1121.0 }, "geometry": { "type": "Point", "coordinates": [ 117.848, 26.665 ] } },
{ "type": "Feature", "properties": { "pt_id": "  7051", "trajectory_id": 7, "北京时间": "2026-05-18 03:00", "lon": 118.153, "lat": 26.459, "height": 1198.0 }, "geometry": { "type": "Point", "coordinates": [ 118.153, 26.459 ] } },
{ "type": "Feature", "properties": { "pt_id": "  7052", "trajectory_id": 7, "北京时间": "2026-05-18 02:00", "lon": 118.505, "lat": 26.278, "height": 1346.0 }, "geometry": { "type": "Point", "coordinates": [ 118.505, 26.278 ] } },
{ "type": "Feature", "properties": { "pt_id": "  7053", "trajectory_id": 7, "北京时间": "2026-05-18 01:00", "lon": 118.865, "lat": 26.131, "height": 1441.0 }, "geometry": { "type": "Point", "coordinates": [ 118.865, 26.131 ] } },
{ "type": "Feature", "properties": { "pt_id": "  7054", "trajectory_id": 7, "北京时间": "2026-05-18 00:00", "lon": 119.27, "lat": 26.07, "height": 1463.0 }, "geometry": { "type": "Point", "coordinates": [ 119.27, 26.07 ] } },
{ "type": "Feature", "properties": { "pt_id": "  7055", "trajectory_id": 7, "北京时间": "2026-05-17 23:00", "lon": 119.692, "lat": 26.084, "height": 1514.0 }, "geometry": { "type": "Point", "coordinates": [ 119.692, 26.084 ] } },
{ "type": "Feature", "properties": { "pt_id": "  7056", "trajectory_id": 7, "北京时间": "2026-05-17 22:00", "lon": 120.097, "lat": 26.105, "height": 1479.0 }, "geometry": { "type": "Point", "coordinates": [ 120.097, 26.105 ] } },
{ "type": "Feature", "properties": { "pt_id": "  7057", "trajectory_id": 7, "北京时间": "2026-05-17 21:00", "lon": 120.521, "lat": 26.103, "height": 1462.0 }, "geometry": { "type": "Point", "coordinates": [ 120.521, 26.103 ] } },
{ "type": "Feature", "properties": { "pt_id": "  7058", "trajectory_id": 7, "北京时间": "2026-05-17 20:00", "lon": 120.949, "lat": 26.07, "height": 1522.0 }, "geometry": { "type": "Point", "coordinates": [ 120.949, 26.07 ] } },
{ "type": "Feature", "properties": { "pt_id": "  7059", "trajectory_id": 7, "北京时间": "2026-05-17 19:00", "lon": 121.363, "lat": 26.015, "height": 1550.0 }, "geometry": { "type": "Point", "coordinates": [ 121.363, 26.015 ] } },
{ "type": "Feature", "properties": { "pt_id": "  7060", "trajectory_id": 7, "北京时间": "2026-05-17 18:00", "lon": 121.75, "lat": 25.941, "height": 1532.0 }, "geometry": { "type": "Point", "coordinates": [ 121.75, 25.941 ] } },
{ "type": "Feature", "properties": { "pt_id": "  7061", "trajectory_id": 7, "北京时间": "2026-05-17 17:00", "lon": 122.096, "lat": 25.869, "height": 1564.0 }, "geometry": { "type": "Point", "coordinates": [ 122.096, 25.869 ] } },
{ "type": "Feature", "properties": { "pt_id": "  7062", "trajectory_id": 7, "北京时间": "2026-05-17 16:00", "lon": 122.409, "lat": 25.82, "height": 1576.0 }, "geometry": { "type": "Point", "coordinates": [ 122.409, 25.82 ] } },
{ "type": "Feature", "properties": { "pt_id": "  7063", "trajectory_id": 7, "北京时间": "2026-05-17 15:00", "lon": 122.706, "lat": 25.79, "height": 1557.0 }, "geometry": { "type": "Point", "coordinates": [ 122.706, 25.79 ] } },
{ "type": "Feature", "properties": { "pt_id": "  7064", "trajectory_id": 7, "北京时间": "2026-05-17 14:00", "lon": 123.009, "lat": 25.769, "height": 1637.0 }, "geometry": { "type": "Point", "coordinates": [ 123.009, 25.769 ] } },
{ "type": "Feature", "properties": { "pt_id": "  7065", "trajectory_id": 7, "北京时间": "2026-05-17 13:00", "lon": 123.314, "lat": 25.761, "height": 1692.0 }, "geometry": { "type": "Point", "coordinates": [ 123.314, 25.761 ] } },
{ "type": "Feature", "properties": { "pt_id": "  7066", "trajectory_id": 7, "北京时间": "2026-05-17 12:00", "lon": 123.626, "lat": 25.766, "height": 1692.0 }, "geometry": { "type": "Point", "coordinates": [ 123.626, 25.766 ] } },
{ "type": "Feature", "properties": { "pt_id": "  7067", "trajectory_id": 7, "北京时间": "2026-05-17 11:00", "lon": 123.952, "lat": 25.773, "height": 1719.0 }, "geometry": { "type": "Point", "coordinates": [ 123.952, 25.773 ] } },
{ "type": "Feature", "properties": { "pt_id": "  7068", "trajectory_id": 7, "北京时间": "2026-05-17 10:00", "lon": 124.283, "lat": 25.784, "height": 1764.0 }, "geometry": { "type": "Point", "coordinates": [ 124.283, 25.784 ] } },
{ "type": "Feature", "properties": { "pt_id": "  7069", "trajectory_id": 7, "北京时间": "2026-05-17 09:00", "lon": 124.613, "lat": 25.806, "height": 1786.0 }, "geometry": { "type": "Point", "coordinates": [ 124.613, 25.806 ] } },
{ "type": "Feature", "properties": { "pt_id": "  7070", "trajectory_id": 7, "北京时间": "2026-05-17 08:00", "lon": 124.949, "lat": 25.83, "height": 1850.0 }, "geometry": { "type": "Point", "coordinates": [ 124.949, 25.83 ] } },
{ "type": "Feature", "properties": { "pt_id": "  7071", "trajectory_id": 7, "北京时间": "2026-05-17 07:00", "lon": 125.282, "lat": 25.851, "height": 1903.0 }, "geometry": { "type": "Point", "coordinates": [ 125.282, 25.851 ] } },
{ "type": "Feature", "properties": { "pt_id": "  7072", "trajectory_id": 7, "北京时间": "2026-05-17 06:00", "lon": 125.607, "lat": 25.87, "height": 1934.0 }, "geometry": { "type": "Point", "coordinates": [ 125.607, 25.87 ] } },
{ "type": "Feature", "properties": { "pt_id": "  8000", "trajectory_id": 8, "北京时间": "2026-05-19 06:00", "lon": 113.942, "lat": 30.907, "height": 10.0 }, "geometry": { "type": "Point", "coordinates": [ 113.942, 30.907 ] } },
{ "type": "Feature", "properties": { "pt_id": "  8029", "trajectory_id": 8, "北京时间": "2026-05-19 05:00", "lon": 114.068, "lat": 30.823, "height": 16.0 }, "geometry": { "type": "Point", "coordinates": [ 114.068, 30.823 ] } },
{ "type": "Feature", "properties": { "pt_id": "  8030", "trajectory_id": 8, "北京时间": "2026-05-19 04:00", "lon": 114.215, "lat": 30.764, "height": 19.0 }, "geometry": { "type": "Point", "coordinates": [ 114.215, 30.764 ] } },
{ "type": "Feature", "properties": { "pt_id": "  8031", "trajectory_id": 8, "北京时间": "2026-05-19 03:00", "lon": 114.401, "lat": 30.701, "height": 20.0 }, "geometry": { "type": "Point", "coordinates": [ 114.401, 30.701 ] } },
{ "type": "Feature", "properties": { "pt_id": "  8032", "trajectory_id": 8, "北京时间": "2026-05-19 02:00", "lon": 114.612, "lat": 30.599, "height": 20.0 }, "geometry": { "type": "Point", "coordinates": [ 114.612, 30.599 ] } },
{ "type": "Feature", "properties": { "pt_id": "  8033", "trajectory_id": 8, "北京时间": "2026-05-19 01:00", "lon": 114.846, "lat": 30.452, "height": 26.0 }, "geometry": { "type": "Point", "coordinates": [ 114.846, 30.452 ] } },
{ "type": "Feature", "properties": { "pt_id": "  8034", "trajectory_id": 8, "北京时间": "2026-05-19 00:00", "lon": 115.1, "lat": 30.267, "height": 44.0 }, "geometry": { "type": "Point", "coordinates": [ 115.1, 30.267 ] } },
{ "type": "Feature", "properties": { "pt_id": "  8035", "trajectory_id": 8, "北京时间": "2026-05-18 23:00", "lon": 115.344, "lat": 30.077, "height": 67.0 }, "geometry": { "type": "Point", "coordinates": [ 115.344, 30.077 ] } },
{ "type": "Feature", "properties": { "pt_id": "  8036", "trajectory_id": 8, "北京时间": "2026-05-18 22:00", "lon": 115.541, "lat": 29.896, "height": 88.0 }, "geometry": { "type": "Point", "coordinates": [ 115.541, 29.896 ] } },
{ "type": "Feature", "properties": { "pt_id": "  8037", "trajectory_id": 8, "北京时间": "2026-05-18 21:00", "lon": 115.7, "lat": 29.716, "height": 146.0 }, "geometry": { "type": "Point", "coordinates": [ 115.7, 29.716 ] } },
{ "type": "Feature", "properties": { "pt_id": "  8038", "trajectory_id": 8, "北京时间": "2026-05-18 20:00", "lon": 115.851, "lat": 29.522, "height": 202.0 }, "geometry": { "type": "Point", "coordinates": [ 115.851, 29.522 ] } },
{ "type": "Feature", "properties": { "pt_id": "  8039", "trajectory_id": 8, "北京时间": "2026-05-18 19:00", "lon": 115.966, "lat": 29.313, "height": 280.0 }, "geometry": { "type": "Point", "coordinates": [ 115.966, 29.313 ] } },
{ "type": "Feature", "properties": { "pt_id": "  8040", "trajectory_id": 8, "北京时间": "2026-05-18 18:00", "lon": 116.057, "lat": 29.112, "height": 265.0 }, "geometry": { "type": "Point", "coordinates": [ 116.057, 29.112 ] } },
{ "type": "Feature", "properties": { "pt_id": "  8041", "trajectory_id": 8, "北京时间": "2026-05-18 17:00", "lon": 116.157, "lat": 28.899, "height": 286.0 }, "geometry": { "type": "Point", "coordinates": [ 116.157, 28.899 ] } },
{ "type": "Feature", "properties": { "pt_id": "  8042", "trajectory_id": 8, "北京时间": "2026-05-18 16:00", "lon": 116.26, "lat": 28.694, "height": 306.0 }, "geometry": { "type": "Point", "coordinates": [ 116.26, 28.694 ] } },
{ "type": "Feature", "properties": { "pt_id": "  8043", "trajectory_id": 8, "北京时间": "2026-05-18 15:00", "lon": 116.39, "lat": 28.482, "height": 316.0 }, "geometry": { "type": "Point", "coordinates": [ 116.39, 28.482 ] } },
{ "type": "Feature", "properties": { "pt_id": "  8044", "trajectory_id": 8, "北京时间": "2026-05-18 14:00", "lon": 116.517, "lat": 28.303, "height": 374.0 }, "geometry": { "type": "Point", "coordinates": [ 116.517, 28.303 ] } },
{ "type": "Feature", "properties": { "pt_id": "  8045", "trajectory_id": 8, "北京时间": "2026-05-18 13:00", "lon": 116.631, "lat": 28.137, "height": 471.0 }, "geometry": { "type": "Point", "coordinates": [ 116.631, 28.137 ] } },
{ "type": "Feature", "properties": { "pt_id": "  8046", "trajectory_id": 8, "北京时间": "2026-05-18 12:00", "lon": 116.734, "lat": 27.993, "height": 452.0 }, "geometry": { "type": "Point", "coordinates": [ 116.734, 27.993 ] } },
{ "type": "Feature", "properties": { "pt_id": "  8047", "trajectory_id": 8, "北京时间": "2026-05-18 11:00", "lon": 116.841, "lat": 27.87, "height": 432.0 }, "geometry": { "type": "Point", "coordinates": [ 116.841, 27.87 ] } },
{ "type": "Feature", "properties": { "pt_id": "  8048", "trajectory_id": 8, "北京时间": "2026-05-18 10:00", "lon": 117.0, "lat": 27.73, "height": 595.0 }, "geometry": { "type": "Point", "coordinates": [ 117.0, 27.73 ] } },
{ "type": "Feature", "properties": { "pt_id": "  8049", "trajectory_id": 8, "北京时间": "2026-05-18 09:00", "lon": 117.221, "lat": 27.544, "height": 781.0 }, "geometry": { "type": "Point", "coordinates": [ 117.221, 27.544 ] } },
{ "type": "Feature", "properties": { "pt_id": "  8050", "trajectory_id": 8, "北京时间": "2026-05-18 08:00", "lon": 117.486, "lat": 27.317, "height": 954.0 }, "geometry": { "type": "Point", "coordinates": [ 117.486, 27.317 ] } },
{ "type": "Feature", "properties": { "pt_id": "  8051", "trajectory_id": 8, "北京时间": "2026-05-18 07:00", "lon": 117.733, "lat": 27.101, "height": 1022.0 }, "geometry": { "type": "Point", "coordinates": [ 117.733, 27.101 ] } },
{ "type": "Feature", "properties": { "pt_id": "  8052", "trajectory_id": 8, "北京时间": "2026-05-18 06:00", "lon": 118.005, "lat": 26.899, "height": 1018.0 }, "geometry": { "type": "Point", "coordinates": [ 118.005, 26.899 ] } },
{ "type": "Feature", "properties": { "pt_id": "  8053", "trajectory_id": 8, "北京时间": "2026-05-18 05:00", "lon": 118.312, "lat": 26.705, "height": 1063.0 }, "geometry": { "type": "Point", "coordinates": [ 118.312, 26.705 ] } },
{ "type": "Feature", "properties": { "pt_id": "  8054", "trajectory_id": 8, "北京时间": "2026-05-18 04:00", "lon": 118.644, "lat": 26.539, "height": 1162.0 }, "geometry": { "type": "Point", "coordinates": [ 118.644, 26.539 ] } },
{ "type": "Feature", "properties": { "pt_id": "  8055", "trajectory_id": 8, "北京时间": "2026-05-18 03:00", "lon": 119.003, "lat": 26.407, "height": 1201.0 }, "geometry": { "type": "Point", "coordinates": [ 119.003, 26.407 ] } },
{ "type": "Feature", "properties": { "pt_id": "  8056", "trajectory_id": 8, "北京时间": "2026-05-18 02:00", "lon": 119.421, "lat": 26.344, "height": 1278.0 }, "geometry": { "type": "Point", "coordinates": [ 119.421, 26.344 ] } },
{ "type": "Feature", "properties": { "pt_id": "  8057", "trajectory_id": 8, "北京时间": "2026-05-18 01:00", "lon": 119.808, "lat": 26.353, "height": 1222.0 }, "geometry": { "type": "Point", "coordinates": [ 119.808, 26.353 ] } },
{ "type": "Feature", "properties": { "pt_id": "  8058", "trajectory_id": 8, "北京时间": "2026-05-18 00:00", "lon": 120.193, "lat": 26.369, "height": 1140.0 }, "geometry": { "type": "Point", "coordinates": [ 120.193, 26.369 ] } },
{ "type": "Feature", "properties": { "pt_id": "  8059", "trajectory_id": 8, "北京时间": "2026-05-17 23:00", "lon": 120.612, "lat": 26.354, "height": 1133.0 }, "geometry": { "type": "Point", "coordinates": [ 120.612, 26.354 ] } },
{ "type": "Feature", "properties": { "pt_id": "  8060", "trajectory_id": 8, "北京时间": "2026-05-17 22:00", "lon": 121.049, "lat": 26.308, "height": 1126.0 }, "geometry": { "type": "Point", "coordinates": [ 121.049, 26.308 ] } },
{ "type": "Feature", "properties": { "pt_id": "  8061", "trajectory_id": 8, "北京时间": "2026-05-17 21:00", "lon": 121.485, "lat": 26.247, "height": 1122.0 }, "geometry": { "type": "Point", "coordinates": [ 121.485, 26.247 ] } },
{ "type": "Feature", "properties": { "pt_id": "  8062", "trajectory_id": 8, "北京时间": "2026-05-17 20:00", "lon": 121.891, "lat": 26.176, "height": 1166.0 }, "geometry": { "type": "Point", "coordinates": [ 121.891, 26.176 ] } },
{ "type": "Feature", "properties": { "pt_id": "  8063", "trajectory_id": 8, "北京时间": "2026-05-17 19:00", "lon": 122.264, "lat": 26.108, "height": 1165.0 }, "geometry": { "type": "Point", "coordinates": [ 122.264, 26.108 ] } },
{ "type": "Feature", "properties": { "pt_id": "  8064", "trajectory_id": 8, "北京时间": "2026-05-17 18:00", "lon": 122.631, "lat": 26.057, "height": 1133.0 }, "geometry": { "type": "Point", "coordinates": [ 122.631, 26.057 ] } },
{ "type": "Feature", "properties": { "pt_id": "  8065", "trajectory_id": 8, "北京时间": "2026-05-17 17:00", "lon": 122.991, "lat": 26.023, "height": 1160.0 }, "geometry": { "type": "Point", "coordinates": [ 122.991, 26.023 ] } },
{ "type": "Feature", "properties": { "pt_id": "  8066", "trajectory_id": 8, "北京时间": "2026-05-17 16:00", "lon": 123.354, "lat": 26.008, "height": 1136.0 }, "geometry": { "type": "Point", "coordinates": [ 123.354, 26.008 ] } },
{ "type": "Feature", "properties": { "pt_id": "  8067", "trajectory_id": 8, "北京时间": "2026-05-17 15:00", "lon": 123.73, "lat": 26.012, "height": 1140.0 }, "geometry": { "type": "Point", "coordinates": [ 123.73, 26.012 ] } },
{ "type": "Feature", "properties": { "pt_id": "  8068", "trajectory_id": 8, "北京时间": "2026-05-17 14:00", "lon": 124.114, "lat": 26.022, "height": 1145.0 }, "geometry": { "type": "Point", "coordinates": [ 124.114, 26.022 ] } },
{ "type": "Feature", "properties": { "pt_id": "  8069", "trajectory_id": 8, "北京时间": "2026-05-17 13:00", "lon": 124.499, "lat": 26.048, "height": 1131.0 }, "geometry": { "type": "Point", "coordinates": [ 124.499, 26.048 ] } },
{ "type": "Feature", "properties": { "pt_id": "  8070", "trajectory_id": 8, "北京时间": "2026-05-17 12:00", "lon": 124.89, "lat": 26.078, "height": 1168.0 }, "geometry": { "type": "Point", "coordinates": [ 124.89, 26.078 ] } },
{ "type": "Feature", "properties": { "pt_id": "  8071", "trajectory_id": 8, "北京时间": "2026-05-17 11:00", "lon": 125.288, "lat": 26.103, "height": 1224.0 }, "geometry": { "type": "Point", "coordinates": [ 125.288, 26.103 ] } },
{ "type": "Feature", "properties": { "pt_id": "  8072", "trajectory_id": 8, "北京时间": "2026-05-17 10:00", "lon": 125.679, "lat": 26.122, "height": 1272.0 }, "geometry": { "type": "Point", "coordinates": [ 125.679, 26.122 ] } },
{ "type": "Feature", "properties": { "pt_id": "  8073", "trajectory_id": 8, "北京时间": "2026-05-17 09:00", "lon": 126.073, "lat": 26.121, "height": 1335.0 }, "geometry": { "type": "Point", "coordinates": [ 126.073, 26.121 ] } },
{ "type": "Feature", "properties": { "pt_id": "  8074", "trajectory_id": 8, "北京时间": "2026-05-17 08:00", "lon": 126.475, "lat": 26.105, "height": 1384.0 }, "geometry": { "type": "Point", "coordinates": [ 126.475, 26.105 ] } },
{ "type": "Feature", "properties": { "pt_id": "  8075", "trajectory_id": 8, "北京时间": "2026-05-17 07:00", "lon": 126.879, "lat": 26.095, "height": 1405.0 }, "geometry": { "type": "Point", "coordinates": [ 126.879, 26.095 ] } },
{ "type": "Feature", "properties": { "pt_id": "  8076", "trajectory_id": 8, "北京时间": "2026-05-17 06:00", "lon": 127.28, "lat": 26.091, "height": 1452.0 }, "geometry": { "type": "Point", "coordinates": [ 127.28, 26.091 ] } },
{ "type": "Feature", "properties": { "pt_id": "  9000", "trajectory_id": 9, "北京时间": "2026-05-19 06:00", "lon": 113.942, "lat": 30.907, "height": 10.0 }, "geometry": { "type": "Point", "coordinates": [ 113.942, 30.907 ] } },
{ "type": "Feature", "properties": { "pt_id": "  9033", "trajectory_id": 9, "北京时间": "2026-05-19 05:00", "lon": 114.145, "lat": 30.837, "height": 11.0 }, "geometry": { "type": "Point", "coordinates": [ 114.145, 30.837 ] } },
{ "type": "Feature", "properties": { "pt_id": "  9034", "trajectory_id": 9, "北京时间": "2026-05-19 04:00", "lon": 114.338, "lat": 30.731, "height": 9.0 }, "geometry": { "type": "Point", "coordinates": [ 114.338, 30.731 ] } },
{ "type": "Feature", "properties": { "pt_id": "  9035", "trajectory_id": 9, "北京时间": "2026-05-19 03:00", "lon": 114.53, "lat": 30.6, "height": 9.0 }, "geometry": { "type": "Point", "coordinates": [ 114.53, 30.6 ] } },
{ "type": "Feature", "properties": { "pt_id": "  9036", "trajectory_id": 9, "北京时间": "2026-05-19 02:00", "lon": 114.74, "lat": 30.451, "height": 13.0 }, "geometry": { "type": "Point", "coordinates": [ 114.74, 30.451 ] } },
{ "type": "Feature", "properties": { "pt_id": "  9037", "trajectory_id": 9, "北京时间": "2026-05-19 01:00", "lon": 114.973, "lat": 30.276, "height": 38.0 }, "geometry": { "type": "Point", "coordinates": [ 114.973, 30.276 ] } },
{ "type": "Feature", "properties": { "pt_id": "  9038", "trajectory_id": 9, "北京时间": "2026-05-19 00:00", "lon": 115.225, "lat": 30.058, "height": 58.0 }, "geometry": { "type": "Point", "coordinates": [ 115.225, 30.058 ] } },
{ "type": "Feature", "properties": { "pt_id": "  9039", "trajectory_id": 9, "北京时间": "2026-05-18 23:00", "lon": 115.451, "lat": 29.806, "height": 112.0 }, "geometry": { "type": "Point", "coordinates": [ 115.451, 29.806 ] } },
{ "type": "Feature", "properties": { "pt_id": "  9040", "trajectory_id": 9, "北京时间": "2026-05-18 22:00", "lon": 115.677, "lat": 29.513, "height": 196.0 }, "geometry": { "type": "Point", "coordinates": [ 115.677, 29.513 ] } },
{ "type": "Feature", "properties": { "pt_id": "  9041", "trajectory_id": 9, "北京时间": "2026-05-18 21:00", "lon": 115.858, "lat": 29.263, "height": 209.0 }, "geometry": { "type": "Point", "coordinates": [ 115.858, 29.263 ] } },
{ "type": "Feature", "properties": { "pt_id": "  9042", "trajectory_id": 9, "北京时间": "2026-05-18 20:00", "lon": 115.98, "lat": 29.06, "height": 182.0 }, "geometry": { "type": "Point", "coordinates": [ 115.98, 29.06 ] } },
{ "type": "Feature", "properties": { "pt_id": "  9043", "trajectory_id": 9, "北京时间": "2026-05-18 19:00", "lon": 116.088, "lat": 28.857, "height": 173.0 }, "geometry": { "type": "Point", "coordinates": [ 116.088, 28.857 ] } },
{ "type": "Feature", "properties": { "pt_id": "  9044", "trajectory_id": 9, "北京时间": "2026-05-18 18:00", "lon": 116.207, "lat": 28.657, "height": 154.0 }, "geometry": { "type": "Point", "coordinates": [ 116.207, 28.657 ] } },
{ "type": "Feature", "properties": { "pt_id": "  9045", "trajectory_id": 9, "北京时间": "2026-05-18 17:00", "lon": 116.362, "lat": 28.463, "height": 190.0 }, "geometry": { "type": "Point", "coordinates": [ 116.362, 28.463 ] } },
{ "type": "Feature", "properties": { "pt_id": "  9046", "trajectory_id": 9, "北京时间": "2026-05-18 16:00", "lon": 116.506, "lat": 28.298, "height": 288.0 }, "geometry": { "type": "Point", "coordinates": [ 116.506, 28.298 ] } },
{ "type": "Feature", "properties": { "pt_id": "  9047", "trajectory_id": 9, "北京时间": "2026-05-18 15:00", "lon": 116.629, "lat": 28.145, "height": 366.0 }, "geometry": { "type": "Point", "coordinates": [ 116.629, 28.145 ] } },
{ "type": "Feature", "properties": { "pt_id": "  9048", "trajectory_id": 9, "北京时间": "2026-05-18 14:00", "lon": 116.735, "lat": 28.036, "height": 338.0 }, "geometry": { "type": "Point", "coordinates": [ 116.735, 28.036 ] } },
{ "type": "Feature", "properties": { "pt_id": "  9049", "trajectory_id": 9, "北京时间": "2026-05-18 13:00", "lon": 116.827, "lat": 27.96, "height": 305.0 }, "geometry": { "type": "Point", "coordinates": [ 116.827, 27.96 ] } },
{ "type": "Feature", "properties": { "pt_id": "  9050", "trajectory_id": 9, "北京时间": "2026-05-18 12:00", "lon": 116.941, "lat": 27.863, "height": 378.0 }, "geometry": { "type": "Point", "coordinates": [ 116.941, 27.863 ] } },
{ "type": "Feature", "properties": { "pt_id": "  9051", "trajectory_id": 9, "北京时间": "2026-05-18 11:00", "lon": 117.135, "lat": 27.718, "height": 606.0 }, "geometry": { "type": "Point", "coordinates": [ 117.135, 27.718 ] } },
{ "type": "Feature", "properties": { "pt_id": "  9052", "trajectory_id": 9, "北京时间": "2026-05-18 10:00", "lon": 117.433, "lat": 27.501, "height": 809.0 }, "geometry": { "type": "Point", "coordinates": [ 117.433, 27.501 ] } },
{ "type": "Feature", "properties": { "pt_id": "  9053", "trajectory_id": 9, "北京时间": "2026-05-18 09:00", "lon": 117.721, "lat": 27.29, "height": 948.0 }, "geometry": { "type": "Point", "coordinates": [ 117.721, 27.29 ] } },
{ "type": "Feature", "properties": { "pt_id": "  9054", "trajectory_id": 9, "北京时间": "2026-05-18 08:00", "lon": 117.991, "lat": 27.078, "height": 973.0 }, "geometry": { "type": "Point", "coordinates": [ 117.991, 27.078 ] } },
{ "type": "Feature", "properties": { "pt_id": "  9055", "trajectory_id": 9, "北京时间": "2026-05-18 07:00", "lon": 118.268, "lat": 26.878, "height": 970.0 }, "geometry": { "type": "Point", "coordinates": [ 118.268, 26.878 ] } },
{ "type": "Feature", "properties": { "pt_id": "  9056", "trajectory_id": 9, "北京时间": "2026-05-18 06:00", "lon": 118.624, "lat": 26.685, "height": 1128.0 }, "geometry": { "type": "Point", "coordinates": [ 118.624, 26.685 ] } },
{ "type": "Feature", "properties": { "pt_id": "  9057", "trajectory_id": 9, "北京时间": "2026-05-18 05:00", "lon": 118.991, "lat": 26.526, "height": 1236.0 }, "geometry": { "type": "Point", "coordinates": [ 118.991, 26.526 ] } },
{ "type": "Feature", "properties": { "pt_id": "  9058", "trajectory_id": 9, "北京时间": "2026-05-18 04:00", "lon": 119.392, "lat": 26.444, "height": 1342.0 }, "geometry": { "type": "Point", "coordinates": [ 119.392, 26.444 ] } },
{ "type": "Feature", "properties": { "pt_id": "  9059", "trajectory_id": 9, "北京时间": "2026-05-18 03:00", "lon": 119.772, "lat": 26.445, "height": 1332.0 }, "geometry": { "type": "Point", "coordinates": [ 119.772, 26.445 ] } },
{ "type": "Feature", "properties": { "pt_id": "  9060", "trajectory_id": 9, "北京时间": "2026-05-18 02:00", "lon": 120.144, "lat": 26.466, "height": 1179.0 }, "geometry": { "type": "Point", "coordinates": [ 120.144, 26.466 ] } },
{ "type": "Feature", "properties": { "pt_id": "  9061", "trajectory_id": 9, "北京时间": "2026-05-18 01:00", "lon": 120.555, "lat": 26.473, "height": 1127.0 }, "geometry": { "type": "Point", "coordinates": [ 120.555, 26.473 ] } },
{ "type": "Feature", "properties": { "pt_id": "  9062", "trajectory_id": 9, "北京时间": "2026-05-18 00:00", "lon": 120.98, "lat": 26.448, "height": 1103.0 }, "geometry": { "type": "Point", "coordinates": [ 120.98, 26.448 ] } },
{ "type": "Feature", "properties": { "pt_id": "  9063", "trajectory_id": 9, "北京时间": "2026-05-17 23:00", "lon": 121.395, "lat": 26.388, "height": 1094.0 }, "geometry": { "type": "Point", "coordinates": [ 121.395, 26.388 ] } },
{ "type": "Feature", "properties": { "pt_id": "  9064", "trajectory_id": 9, "北京时间": "2026-05-17 22:00", "lon": 121.797, "lat": 26.306, "height": 1118.0 }, "geometry": { "type": "Point", "coordinates": [ 121.797, 26.306 ] } },
{ "type": "Feature", "properties": { "pt_id": "  9065", "trajectory_id": 9, "北京时间": "2026-05-17 21:00", "lon": 122.195, "lat": 26.23, "height": 1132.0 }, "geometry": { "type": "Point", "coordinates": [ 122.195, 26.23 ] } },
{ "type": "Feature", "properties": { "pt_id": "  9066", "trajectory_id": 9, "北京时间": "2026-05-17 20:00", "lon": 122.586, "lat": 26.171, "height": 1144.0 }, "geometry": { "type": "Point", "coordinates": [ 122.586, 26.171 ] } },
{ "type": "Feature", "properties": { "pt_id": "  9067", "trajectory_id": 9, "北京时间": "2026-05-17 19:00", "lon": 122.977, "lat": 26.133, "height": 1109.0 }, "geometry": { "type": "Point", "coordinates": [ 122.977, 26.133 ] } },
{ "type": "Feature", "properties": { "pt_id": "  9068", "trajectory_id": 9, "北京时间": "2026-05-17 18:00", "lon": 123.371, "lat": 26.118, "height": 1137.0 }, "geometry": { "type": "Point", "coordinates": [ 123.371, 26.118 ] } },
{ "type": "Feature", "properties": { "pt_id": "  9069", "trajectory_id": 9, "北京时间": "2026-05-17 17:00", "lon": 123.769, "lat": 26.113, "height": 1182.0 }, "geometry": { "type": "Point", "coordinates": [ 123.769, 26.113 ] } },
{ "type": "Feature", "properties": { "pt_id": "  9070", "trajectory_id": 9, "北京时间": "2026-05-17 16:00", "lon": 124.176, "lat": 26.119, "height": 1156.0 }, "geometry": { "type": "Point", "coordinates": [ 124.176, 26.119 ] } },
{ "type": "Feature", "properties": { "pt_id": "  9071", "trajectory_id": 9, "北京时间": "2026-05-17 15:00", "lon": 124.578, "lat": 26.141, "height": 1149.0 }, "geometry": { "type": "Point", "coordinates": [ 124.578, 26.141 ] } },
{ "type": "Feature", "properties": { "pt_id": "  9072", "trajectory_id": 9, "北京时间": "2026-05-17 14:00", "lon": 124.994, "lat": 26.169, "height": 1190.0 }, "geometry": { "type": "Point", "coordinates": [ 124.994, 26.169 ] } },
{ "type": "Feature", "properties": { "pt_id": "  9073", "trajectory_id": 9, "北京时间": "2026-05-17 13:00", "lon": 125.4, "lat": 26.193, "height": 1239.0 }, "geometry": { "type": "Point", "coordinates": [ 125.4, 26.193 ] } },
{ "type": "Feature", "properties": { "pt_id": "  9074", "trajectory_id": 9, "北京时间": "2026-05-17 12:00", "lon": 125.793, "lat": 26.201, "height": 1307.0 }, "geometry": { "type": "Point", "coordinates": [ 125.793, 26.201 ] } },
{ "type": "Feature", "properties": { "pt_id": "  9075", "trajectory_id": 9, "北京时间": "2026-05-17 11:00", "lon": 126.198, "lat": 26.193, "height": 1369.0 }, "geometry": { "type": "Point", "coordinates": [ 126.198, 26.193 ] } },
{ "type": "Feature", "properties": { "pt_id": "  9076", "trajectory_id": 9, "北京时间": "2026-05-17 10:00", "lon": 126.608, "lat": 26.185, "height": 1416.0 }, "geometry": { "type": "Point", "coordinates": [ 126.608, 26.185 ] } },
{ "type": "Feature", "properties": { "pt_id": "  9077", "trajectory_id": 9, "北京时间": "2026-05-17 09:00", "lon": 127.016, "lat": 26.185, "height": 1460.0 }, "geometry": { "type": "Point", "coordinates": [ 127.016, 26.185 ] } },
{ "type": "Feature", "properties": { "pt_id": "  9078", "trajectory_id": 9, "北京时间": "2026-05-17 08:00", "lon": 127.426, "lat": 26.193, "height": 1456.0 }, "geometry": { "type": "Point", "coordinates": [ 127.426, 26.193 ] } },
{ "type": "Feature", "properties": { "pt_id": "  9079", "trajectory_id": 9, "北京时间": "2026-05-17 07:00", "lon": 127.857, "lat": 26.209, "height": 1468.0 }, "geometry": { "type": "Point", "coordinates": [ 127.857, 26.209 ] } },
{ "type": "Feature", "properties": { "pt_id": "  9080", "trajectory_id": 9, "北京时间": "2026-05-17 06:00", "lon": 128.284, "lat": 26.236, "height": 1482.0 }, "geometry": { "type": "Point", "coordinates": [ 128.284, 26.236 ] } },
{ "type": "Feature", "properties": { "pt_id": " 10000", "trajectory_id": 10, "北京时间": "2026-05-19 06:00", "lon": 113.942, "lat": 30.907, "height": 10.0 }, "geometry": { "type": "Point", "coordinates": [ 113.942, 30.907 ] } },
{ "type": "Feature", "properties": { "pt_id": " 10037", "trajectory_id": 10, "北京时间": "2026-05-19 05:00", "lon": 114.081, "lat": 30.796, "height": 9.0 }, "geometry": { "type": "Point", "coordinates": [ 114.081, 30.796 ] } },
{ "type": "Feature", "properties": { "pt_id": " 10038", "trajectory_id": 10, "北京时间": "2026-05-19 04:00", "lon": 114.241, "lat": 30.663, "height": 6.0 }, "geometry": { "type": "Point", "coordinates": [ 114.241, 30.663 ] } },
{ "type": "Feature", "properties": { "pt_id": " 10039", "trajectory_id": 10, "北京时间": "2026-05-19 03:00", "lon": 114.414, "lat": 30.512, "height": 6.0 }, "geometry": { "type": "Point", "coordinates": [ 114.414, 30.512 ] } },
{ "type": "Feature", "properties": { "pt_id": " 10040", "trajectory_id": 10, "北京时间": "2026-05-19 02:00", "lon": 114.577, "lat": 30.346, "height": 8.0 }, "geometry": { "type": "Point", "coordinates": [ 114.577, 30.346 ] } },
{ "type": "Feature", "properties": { "pt_id": " 10041", "trajectory_id": 10, "北京时间": "2026-05-19 01:00", "lon": 114.747, "lat": 30.174, "height": 39.0 }, "geometry": { "type": "Point", "coordinates": [ 114.747, 30.174 ] } },
{ "type": "Feature", "properties": { "pt_id": " 10042", "trajectory_id": 10, "北京时间": "2026-05-19 00:00", "lon": 114.948, "lat": 29.972, "height": 114.0 }, "geometry": { "type": "Point", "coordinates": [ 114.948, 29.972 ] } },
{ "type": "Feature", "properties": { "pt_id": " 10043", "trajectory_id": 10, "北京时间": "2026-05-18 23:00", "lon": 115.154, "lat": 29.741, "height": 167.0 }, "geometry": { "type": "Point", "coordinates": [ 115.154, 29.741 ] } },
{ "type": "Feature", "properties": { "pt_id": " 10044", "trajectory_id": 10, "北京时间": "2026-05-18 22:00", "lon": 115.368, "lat": 29.49, "height": 209.0 }, "geometry": { "type": "Point", "coordinates": [ 115.368, 29.49 ] } },
{ "type": "Feature", "properties": { "pt_id": " 10045", "trajectory_id": 10, "北京时间": "2026-05-18 21:00", "lon": 115.566, "lat": 29.269, "height": 187.0 }, "geometry": { "type": "Point", "coordinates": [ 115.566, 29.269 ] } },
{ "type": "Feature", "properties": { "pt_id": " 10046", "trajectory_id": 10, "北京时间": "2026-05-18 20:00", "lon": 115.711, "lat": 29.06, "height": 157.0 }, "geometry": { "type": "Point", "coordinates": [ 115.711, 29.06 ] } },
{ "type": "Feature", "properties": { "pt_id": " 10047", "trajectory_id": 10, "北京时间": "2026-05-18 19:00", "lon": 115.835, "lat": 28.845, "height": 133.0 }, "geometry": { "type": "Point", "coordinates": [ 115.835, 28.845 ] } },
{ "type": "Feature", "properties": { "pt_id": " 10048", "trajectory_id": 10, "北京时间": "2026-05-18 18:00", "lon": 115.997, "lat": 28.648, "height": 127.0 }, "geometry": { "type": "Point", "coordinates": [ 115.997, 28.648 ] } },
{ "type": "Feature", "properties": { "pt_id": " 10049", "trajectory_id": 10, "北京时间": "2026-05-18 17:00", "lon": 116.217, "lat": 28.454, "height": 142.0 }, "geometry": { "type": "Point", "coordinates": [ 116.217, 28.454 ] } },
{ "type": "Feature", "properties": { "pt_id": " 10050", "trajectory_id": 10, "北京时间": "2026-05-18 16:00", "lon": 116.416, "lat": 28.28, "height": 178.0 }, "geometry": { "type": "Point", "coordinates": [ 116.416, 28.28 ] } },
{ "type": "Feature", "properties": { "pt_id": " 10051", "trajectory_id": 10, "北京时间": "2026-05-18 15:00", "lon": 116.585, "lat": 28.111, "height": 199.0 }, "geometry": { "type": "Point", "coordinates": [ 116.585, 28.111 ] } },
{ "type": "Feature", "properties": { "pt_id": " 10052", "trajectory_id": 10, "北京时间": "2026-05-18 14:00", "lon": 116.752, "lat": 27.951, "height": 252.0 }, "geometry": { "type": "Point", "coordinates": [ 116.752, 27.951 ] } },
{ "type": "Feature", "properties": { "pt_id": " 10053", "trajectory_id": 10, "北京时间": "2026-05-18 13:00", "lon": 116.957, "lat": 27.797, "height": 480.0 }, "geometry": { "type": "Point", "coordinates": [ 116.957, 27.797 ] } },
{ "type": "Feature", "properties": { "pt_id": " 10054", "trajectory_id": 10, "北京时间": "2026-05-18 12:00", "lon": 117.282, "lat": 27.565, "height": 808.0 }, "geometry": { "type": "Point", "coordinates": [ 117.282, 27.565 ] } },
{ "type": "Feature", "properties": { "pt_id": " 10055", "trajectory_id": 10, "北京时间": "2026-05-18 11:00", "lon": 117.618, "lat": 27.336, "height": 890.0 }, "geometry": { "type": "Point", "coordinates": [ 117.618, 27.336 ] } },
{ "type": "Feature", "properties": { "pt_id": " 10056", "trajectory_id": 10, "北京时间": "2026-05-18 10:00", "lon": 117.904, "lat": 27.106, "height": 908.0 }, "geometry": { "type": "Point", "coordinates": [ 117.904, 27.106 ] } },
{ "type": "Feature", "properties": { "pt_id": " 10057", "trajectory_id": 10, "北京时间": "2026-05-18 09:00", "lon": 118.186, "lat": 26.893, "height": 952.0 }, "geometry": { "type": "Point", "coordinates": [ 118.186, 26.893 ] } },
{ "type": "Feature", "properties": { "pt_id": " 10058", "trajectory_id": 10, "北京时间": "2026-05-18 08:00", "lon": 118.511, "lat": 26.69, "height": 1121.0 }, "geometry": { "type": "Point", "coordinates": [ 118.511, 26.69 ] } },
{ "type": "Feature", "properties": { "pt_id": " 10059", "trajectory_id": 10, "北京时间": "2026-05-18 07:00", "lon": 118.861, "lat": 26.535, "height": 1264.0 }, "geometry": { "type": "Point", "coordinates": [ 118.861, 26.535 ] } },
{ "type": "Feature", "properties": { "pt_id": " 10060", "trajectory_id": 10, "北京时间": "2026-05-18 06:00", "lon": 119.258, "lat": 26.444, "height": 1373.0 }, "geometry": { "type": "Point", "coordinates": [ 119.258, 26.444 ] } },
{ "type": "Feature", "properties": { "pt_id": " 10061", "trajectory_id": 10, "北京时间": "2026-05-18 05:00", "lon": 119.669, "lat": 26.446, "height": 1363.0 }, "geometry": { "type": "Point", "coordinates": [ 119.669, 26.446 ] } },
{ "type": "Feature", "properties": { "pt_id": " 10062", "trajectory_id": 10, "北京时间": "2026-05-18 04:00", "lon": 120.047, "lat": 26.479, "height": 1189.0 }, "geometry": { "type": "Point", "coordinates": [ 120.047, 26.479 ] } },
{ "type": "Feature", "properties": { "pt_id": " 10063", "trajectory_id": 10, "北京时间": "2026-05-18 03:00", "lon": 120.445, "lat": 26.499, "height": 1119.0 }, "geometry": { "type": "Point", "coordinates": [ 120.445, 26.499 ] } },
{ "type": "Feature", "properties": { "pt_id": " 10064", "trajectory_id": 10, "北京时间": "2026-05-18 02:00", "lon": 120.849, "lat": 26.479, "height": 1115.0 }, "geometry": { "type": "Point", "coordinates": [ 120.849, 26.479 ] } },
{ "type": "Feature", "properties": { "pt_id": " 10065", "trajectory_id": 10, "北京时间": "2026-05-18 01:00", "lon": 121.256, "lat": 26.419, "height": 1114.0 }, "geometry": { "type": "Point", "coordinates": [ 121.256, 26.419 ] } },
{ "type": "Feature", "properties": { "pt_id": " 10066", "trajectory_id": 10, "北京时间": "2026-05-18 00:00", "lon": 121.675, "lat": 26.333, "height": 1136.0 }, "geometry": { "type": "Point", "coordinates": [ 121.675, 26.333 ] } },
{ "type": "Feature", "properties": { "pt_id": " 10067", "trajectory_id": 10, "北京时间": "2026-05-17 23:00", "lon": 122.109, "lat": 26.249, "height": 1121.0 }, "geometry": { "type": "Point", "coordinates": [ 122.109, 26.249 ] } },
{ "type": "Feature", "properties": { "pt_id": " 10068", "trajectory_id": 10, "北京时间": "2026-05-17 22:00", "lon": 122.532, "lat": 26.19, "height": 1161.0 }, "geometry": { "type": "Point", "coordinates": [ 122.532, 26.19 ] } },
{ "type": "Feature", "properties": { "pt_id": " 10069", "trajectory_id": 10, "北京时间": "2026-05-17 21:00", "lon": 122.94, "lat": 26.154, "height": 1142.0 }, "geometry": { "type": "Point", "coordinates": [ 122.94, 26.154 ] } },
{ "type": "Feature", "properties": { "pt_id": " 10070", "trajectory_id": 10, "北京时间": "2026-05-17 20:00", "lon": 123.351, "lat": 26.143, "height": 1209.0 }, "geometry": { "type": "Point", "coordinates": [ 123.351, 26.143 ] } },
{ "type": "Feature", "properties": { "pt_id": " 10071", "trajectory_id": 10, "北京时间": "2026-05-17 19:00", "lon": 123.762, "lat": 26.134, "height": 1263.0 }, "geometry": { "type": "Point", "coordinates": [ 123.762, 26.134 ] } },
{ "type": "Feature", "properties": { "pt_id": " 10072", "trajectory_id": 10, "北京时间": "2026-05-17 18:00", "lon": 124.17, "lat": 26.131, "height": 1233.0 }, "geometry": { "type": "Point", "coordinates": [ 124.17, 26.131 ] } },
{ "type": "Feature", "properties": { "pt_id": " 10073", "trajectory_id": 10, "北京时间": "2026-05-17 17:00", "lon": 124.589, "lat": 26.147, "height": 1208.0 }, "geometry": { "type": "Point", "coordinates": [ 124.589, 26.147 ] } },
{ "type": "Feature", "properties": { "pt_id": " 10074", "trajectory_id": 10, "北京时间": "2026-05-17 16:00", "lon": 125.019, "lat": 26.171, "height": 1238.0 }, "geometry": { "type": "Point", "coordinates": [ 125.019, 26.171 ] } },
{ "type": "Feature", "properties": { "pt_id": " 10075", "trajectory_id": 10, "北京时间": "2026-05-17 15:00", "lon": 125.433, "lat": 26.181, "height": 1291.0 }, "geometry": { "type": "Point", "coordinates": [ 125.433, 26.181 ] } },
{ "type": "Feature", "properties": { "pt_id": " 10076", "trajectory_id": 10, "北京时间": "2026-05-17 14:00", "lon": 125.846, "lat": 26.176, "height": 1344.0 }, "geometry": { "type": "Point", "coordinates": [ 125.846, 26.176 ] } },
{ "type": "Feature", "properties": { "pt_id": " 10077", "trajectory_id": 10, "北京时间": "2026-05-17 13:00", "lon": 126.266, "lat": 26.174, "height": 1397.0 }, "geometry": { "type": "Point", "coordinates": [ 126.266, 26.174 ] } },
{ "type": "Feature", "properties": { "pt_id": " 10078", "trajectory_id": 10, "北京时间": "2026-05-17 12:00", "lon": 126.684, "lat": 26.18, "height": 1444.0 }, "geometry": { "type": "Point", "coordinates": [ 126.684, 26.18 ] } },
{ "type": "Feature", "properties": { "pt_id": " 10079", "trajectory_id": 10, "北京时间": "2026-05-17 11:00", "lon": 127.101, "lat": 26.197, "height": 1436.0 }, "geometry": { "type": "Point", "coordinates": [ 127.101, 26.197 ] } },
{ "type": "Feature", "properties": { "pt_id": " 10080", "trajectory_id": 10, "北京时间": "2026-05-17 10:00", "lon": 127.529, "lat": 26.218, "height": 1411.0 }, "geometry": { "type": "Point", "coordinates": [ 127.529, 26.218 ] } },
{ "type": "Feature", "properties": { "pt_id": " 10081", "trajectory_id": 10, "北京时间": "2026-05-17 09:00", "lon": 127.956, "lat": 26.239, "height": 1486.0 }, "geometry": { "type": "Point", "coordinates": [ 127.956, 26.239 ] } },
{ "type": "Feature", "properties": { "pt_id": " 10082", "trajectory_id": 10, "北京时间": "2026-05-17 08:00", "lon": 128.36, "lat": 26.274, "height": 1514.0 }, "geometry": { "type": "Point", "coordinates": [ 128.36, 26.274 ] } },
{ "type": "Feature", "properties": { "pt_id": " 10083", "trajectory_id": 10, "北京时间": "2026-05-17 07:00", "lon": 128.762, "lat": 26.322, "height": 1530.0 }, "geometry": { "type": "Point", "coordinates": [ 128.762, 26.322 ] } },
{ "type": "Feature", "properties": { "pt_id": " 10084", "trajectory_id": 10, "北京时间": "2026-05-17 06:00", "lon": 129.16, "lat": 26.375, "height": 1544.0 }, "geometry": { "type": "Point", "coordinates": [ 129.16, 26.375 ] } },
{ "type": "Feature", "properties": { "pt_id": " 11000", "trajectory_id": 11, "北京时间": "2026-05-19 06:00", "lon": 113.942, "lat": 30.907, "height": 10.0 }, "geometry": { "type": "Point", "coordinates": [ 113.942, 30.907 ] } },
{ "type": "Feature", "properties": { "pt_id": " 11041", "trajectory_id": 11, "北京时间": "2026-05-19 05:00", "lon": 114.095, "lat": 30.739, "height": 5.0 }, "geometry": { "type": "Point", "coordinates": [ 114.095, 30.739 ] } },
{ "type": "Feature", "properties": { "pt_id": " 11042", "trajectory_id": 11, "北京时间": "2026-05-19 04:00", "lon": 114.251, "lat": 30.59, "height": 8.0 }, "geometry": { "type": "Point", "coordinates": [ 114.251, 30.59 ] } },
{ "type": "Feature", "properties": { "pt_id": " 11043", "trajectory_id": 11, "北京时间": "2026-05-19 03:00", "lon": 114.407, "lat": 30.456, "height": 11.0 }, "geometry": { "type": "Point", "coordinates": [ 114.407, 30.456 ] } },
{ "type": "Feature", "properties": { "pt_id": " 11044", "trajectory_id": 11, "北京时间": "2026-05-19 02:00", "lon": 114.56, "lat": 30.334, "height": 15.0 }, "geometry": { "type": "Point", "coordinates": [ 114.56, 30.334 ] } },
{ "type": "Feature", "properties": { "pt_id": " 11045", "trajectory_id": 11, "北京时间": "2026-05-19 01:00", "lon": 114.72, "lat": 30.239, "height": 31.0 }, "geometry": { "type": "Point", "coordinates": [ 114.72, 30.239 ] } },
{ "type": "Feature", "properties": { "pt_id": " 11046", "trajectory_id": 11, "北京时间": "2026-05-19 00:00", "lon": 114.891, "lat": 30.145, "height": 61.0 }, "geometry": { "type": "Point", "coordinates": [ 114.891, 30.145 ] } },
{ "type": "Feature", "properties": { "pt_id": " 11047", "trajectory_id": 11, "北京时间": "2026-05-18 23:00", "lon": 115.055, "lat": 30.014, "height": 77.0 }, "geometry": { "type": "Point", "coordinates": [ 115.055, 30.014 ] } },
{ "type": "Feature", "properties": { "pt_id": " 11048", "trajectory_id": 11, "北京时间": "2026-05-18 22:00", "lon": 115.215, "lat": 29.87, "height": 95.0 }, "geometry": { "type": "Point", "coordinates": [ 115.215, 29.87 ] } },
{ "type": "Feature", "properties": { "pt_id": " 11049", "trajectory_id": 11, "北京时间": "2026-05-18 21:00", "lon": 115.419, "lat": 29.653, "height": 178.0 }, "geometry": { "type": "Point", "coordinates": [ 115.419, 29.653 ] } },
{ "type": "Feature", "properties": { "pt_id": " 11050", "trajectory_id": 11, "北京时间": "2026-05-18 20:00", "lon": 115.636, "lat": 29.42, "height": 154.0 }, "geometry": { "type": "Point", "coordinates": [ 115.636, 29.42 ] } },
{ "type": "Feature", "properties": { "pt_id": " 11051", "trajectory_id": 11, "北京时间": "2026-05-18 19:00", "lon": 115.792, "lat": 29.191, "height": 107.0 }, "geometry": { "type": "Point", "coordinates": [ 115.792, 29.191 ] } },
{ "type": "Feature", "properties": { "pt_id": " 11052", "trajectory_id": 11, "北京时间": "2026-05-18 18:00", "lon": 115.862, "lat": 29.002, "height": 78.0 }, "geometry": { "type": "Point", "coordinates": [ 115.862, 29.002 ] } },
{ "type": "Feature", "properties": { "pt_id": " 11053", "trajectory_id": 11, "北京时间": "2026-05-18 17:00", "lon": 115.914, "lat": 28.797, "height": 74.0 }, "geometry": { "type": "Point", "coordinates": [ 115.914, 28.797 ] } },
{ "type": "Feature", "properties": { "pt_id": " 11054", "trajectory_id": 11, "北京时间": "2026-05-18 16:00", "lon": 116.006, "lat": 28.564, "height": 74.0 }, "geometry": { "type": "Point", "coordinates": [ 116.006, 28.564 ] } },
{ "type": "Feature", "properties": { "pt_id": " 11055", "trajectory_id": 11, "北京时间": "2026-05-18 15:00", "lon": 116.128, "lat": 28.313, "height": 108.0 }, "geometry": { "type": "Point", "coordinates": [ 116.128, 28.313 ] } },
{ "type": "Feature", "properties": { "pt_id": " 11056", "trajectory_id": 11, "北京时间": "2026-05-18 14:00", "lon": 116.303, "lat": 28.042, "height": 158.0 }, "geometry": { "type": "Point", "coordinates": [ 116.303, 28.042 ] } },
{ "type": "Feature", "properties": { "pt_id": " 11057", "trajectory_id": 11, "北京时间": "2026-05-18 13:00", "lon": 116.537, "lat": 27.784, "height": 252.0 }, "geometry": { "type": "Point", "coordinates": [ 116.537, 27.784 ] } },
{ "type": "Feature", "properties": { "pt_id": " 11058", "trajectory_id": 11, "北京时间": "2026-05-18 12:00", "lon": 116.852, "lat": 27.506, "height": 429.0 }, "geometry": { "type": "Point", "coordinates": [ 116.852, 27.506 ] } },
{ "type": "Feature", "properties": { "pt_id": " 11059", "trajectory_id": 11, "北京时间": "2026-05-18 11:00", "lon": 117.198, "lat": 27.254, "height": 804.0 }, "geometry": { "type": "Point", "coordinates": [ 117.198, 27.254 ] } },
{ "type": "Feature", "properties": { "pt_id": " 11060", "trajectory_id": 11, "北京时间": "2026-05-18 10:00", "lon": 117.532, "lat": 27.076, "height": 1064.0 }, "geometry": { "type": "Point", "coordinates": [ 117.532, 27.076 ] } },
{ "type": "Feature", "properties": { "pt_id": " 11061", "trajectory_id": 11, "北京时间": "2026-05-18 09:00", "lon": 117.823, "lat": 26.938, "height": 1267.0 }, "geometry": { "type": "Point", "coordinates": [ 117.823, 26.938 ] } },
{ "type": "Feature", "properties": { "pt_id": " 11062", "trajectory_id": 11, "北京时间": "2026-05-18 08:00", "lon": 118.087, "lat": 26.84, "height": 1421.0 }, "geometry": { "type": "Point", "coordinates": [ 118.087, 26.84 ] } },
{ "type": "Feature", "properties": { "pt_id": " 11063", "trajectory_id": 11, "北京时间": "2026-05-18 07:00", "lon": 118.34, "lat": 26.731, "height": 1515.0 }, "geometry": { "type": "Point", "coordinates": [ 118.34, 26.731 ] } },
{ "type": "Feature", "properties": { "pt_id": " 11064", "trajectory_id": 11, "北京时间": "2026-05-18 06:00", "lon": 118.607, "lat": 26.631, "height": 1582.0 }, "geometry": { "type": "Point", "coordinates": [ 118.607, 26.631 ] } },
{ "type": "Feature", "properties": { "pt_id": " 11065", "trajectory_id": 11, "北京时间": "2026-05-18 05:00", "lon": 118.892, "lat": 26.529, "height": 1620.0 }, "geometry": { "type": "Point", "coordinates": [ 118.892, 26.529 ] } },
{ "type": "Feature", "properties": { "pt_id": " 11066", "trajectory_id": 11, "北京时间": "2026-05-18 04:00", "lon": 119.183, "lat": 26.437, "height": 1696.0 }, "geometry": { "type": "Point", "coordinates": [ 119.183, 26.437 ] } },
{ "type": "Feature", "properties": { "pt_id": " 11067", "trajectory_id": 11, "北京时间": "2026-05-18 03:00", "lon": 119.547, "lat": 26.421, "height": 1720.0 }, "geometry": { "type": "Point", "coordinates": [ 119.547, 26.421 ] } },
{ "type": "Feature", "properties": { "pt_id": " 11068", "trajectory_id": 11, "北京时间": "2026-05-18 02:00", "lon": 119.935, "lat": 26.472, "height": 1714.0 }, "geometry": { "type": "Point", "coordinates": [ 119.935, 26.472 ] } },
{ "type": "Feature", "properties": { "pt_id": " 11069", "trajectory_id": 11, "北京时间": "2026-05-18 01:00", "lon": 120.32, "lat": 26.535, "height": 1599.0 }, "geometry": { "type": "Point", "coordinates": [ 120.32, 26.535 ] } },
{ "type": "Feature", "properties": { "pt_id": " 11070", "trajectory_id": 11, "北京时间": "2026-05-18 00:00", "lon": 120.71, "lat": 26.586, "height": 1578.0 }, "geometry": { "type": "Point", "coordinates": [ 120.71, 26.586 ] } },
{ "type": "Feature", "properties": { "pt_id": " 11071", "trajectory_id": 11, "北京时间": "2026-05-17 23:00", "lon": 121.092, "lat": 26.61, "height": 1610.0 }, "geometry": { "type": "Point", "coordinates": [ 121.092, 26.61 ] } },
{ "type": "Feature", "properties": { "pt_id": " 11072", "trajectory_id": 11, "北京时间": "2026-05-17 22:00", "lon": 121.466, "lat": 26.626, "height": 1581.0 }, "geometry": { "type": "Point", "coordinates": [ 121.466, 26.626 ] } },
{ "type": "Feature", "properties": { "pt_id": " 11073", "trajectory_id": 11, "北京时间": "2026-05-17 21:00", "lon": 121.84, "lat": 26.645, "height": 1501.0 }, "geometry": { "type": "Point", "coordinates": [ 121.84, 26.645 ] } },
{ "type": "Feature", "properties": { "pt_id": " 11074", "trajectory_id": 11, "北京时间": "2026-05-17 20:00", "lon": 122.2, "lat": 26.657, "height": 1597.0 }, "geometry": { "type": "Point", "coordinates": [ 122.2, 26.657 ] } },
{ "type": "Feature", "properties": { "pt_id": " 11075", "trajectory_id": 11, "北京时间": "2026-05-17 19:00", "lon": 122.541, "lat": 26.652, "height": 1608.0 }, "geometry": { "type": "Point", "coordinates": [ 122.541, 26.652 ] } },
{ "type": "Feature", "properties": { "pt_id": " 11076", "trajectory_id": 11, "北京时间": "2026-05-17 18:00", "lon": 122.88, "lat": 26.632, "height": 1618.0 }, "geometry": { "type": "Point", "coordinates": [ 122.88, 26.632 ] } },
{ "type": "Feature", "properties": { "pt_id": " 11077", "trajectory_id": 11, "北京时间": "2026-05-17 17:00", "lon": 123.221, "lat": 26.611, "height": 1630.0 }, "geometry": { "type": "Point", "coordinates": [ 123.221, 26.611 ] } },
{ "type": "Feature", "properties": { "pt_id": " 11078", "trajectory_id": 11, "北京时间": "2026-05-17 16:00", "lon": 123.572, "lat": 26.601, "height": 1606.0 }, "geometry": { "type": "Point", "coordinates": [ 123.572, 26.601 ] } },
{ "type": "Feature", "properties": { "pt_id": " 11079", "trajectory_id": 11, "北京时间": "2026-05-17 15:00", "lon": 123.923, "lat": 26.598, "height": 1623.0 }, "geometry": { "type": "Point", "coordinates": [ 123.923, 26.598 ] } },
{ "type": "Feature", "properties": { "pt_id": " 11080", "trajectory_id": 11, "北京时间": "2026-05-17 14:00", "lon": 124.267, "lat": 26.596, "height": 1614.0 }, "geometry": { "type": "Point", "coordinates": [ 124.267, 26.596 ] } },
{ "type": "Feature", "properties": { "pt_id": " 11081", "trajectory_id": 11, "北京时间": "2026-05-17 13:00", "lon": 124.599, "lat": 26.593, "height": 1655.0 }, "geometry": { "type": "Point", "coordinates": [ 124.599, 26.593 ] } },
{ "type": "Feature", "properties": { "pt_id": " 11082", "trajectory_id": 11, "北京时间": "2026-05-17 12:00", "lon": 124.918, "lat": 26.593, "height": 1762.0 }, "geometry": { "type": "Point", "coordinates": [ 124.918, 26.593 ] } },
{ "type": "Feature", "properties": { "pt_id": " 11083", "trajectory_id": 11, "北京时间": "2026-05-17 11:00", "lon": 125.226, "lat": 26.597, "height": 1857.0 }, "geometry": { "type": "Point", "coordinates": [ 125.226, 26.597 ] } },
{ "type": "Feature", "properties": { "pt_id": " 11084", "trajectory_id": 11, "北京时间": "2026-05-17 10:00", "lon": 125.521, "lat": 26.598, "height": 1927.0 }, "geometry": { "type": "Point", "coordinates": [ 125.521, 26.598 ] } },
{ "type": "Feature", "properties": { "pt_id": " 11085", "trajectory_id": 11, "北京时间": "2026-05-17 09:00", "lon": 125.801, "lat": 26.591, "height": 1916.0 }, "geometry": { "type": "Point", "coordinates": [ 125.801, 26.591 ] } },
{ "type": "Feature", "properties": { "pt_id": " 11086", "trajectory_id": 11, "北京时间": "2026-05-17 08:00", "lon": 126.077, "lat": 26.584, "height": 1884.0 }, "geometry": { "type": "Point", "coordinates": [ 126.077, 26.584 ] } },
{ "type": "Feature", "properties": { "pt_id": " 11087", "trajectory_id": 11, "北京时间": "2026-05-17 07:00", "lon": 126.356, "lat": 26.593, "height": 1890.0 }, "geometry": { "type": "Point", "coordinates": [ 126.356, 26.593 ] } },
{ "type": "Feature", "properties": { "pt_id": " 11088", "trajectory_id": 11, "北京时间": "2026-05-17 06:00", "lon": 126.636, "lat": 26.621, "height": 1884.0 }, "geometry": { "type": "Point", "coordinates": [ 126.636, 26.621 ] } },
{ "type": "Feature", "properties": { "pt_id": " 12000", "trajectory_id": 12, "北京时间": "2026-05-19 06:00", "lon": 113.942, "lat": 30.907, "height": 10.0 }, "geometry": { "type": "Point", "coordinates": [ 113.942, 30.907 ] } },
{ "type": "Feature", "properties": { "pt_id": " 12045", "trajectory_id": 12, "北京时间": "2026-05-19 05:00", "lon": 114.124, "lat": 30.842, "height": 11.0 }, "geometry": { "type": "Point", "coordinates": [ 114.124, 30.842 ] } },
{ "type": "Feature", "properties": { "pt_id": " 12046", "trajectory_id": 12, "北京时间": "2026-05-19 04:00", "lon": 114.301, "lat": 30.779, "height": 10.0 }, "geometry": { "type": "Point", "coordinates": [ 114.301, 30.779 ] } },
{ "type": "Feature", "properties": { "pt_id": " 12047", "trajectory_id": 12, "北京时间": "2026-05-19 03:00", "lon": 114.498, "lat": 30.687, "height": 10.0 }, "geometry": { "type": "Point", "coordinates": [ 114.498, 30.687 ] } },
{ "type": "Feature", "properties": { "pt_id": " 12048", "trajectory_id": 12, "北京时间": "2026-05-19 02:00", "lon": 114.714, "lat": 30.574, "height": 13.0 }, "geometry": { "type": "Point", "coordinates": [ 114.714, 30.574 ] } },
{ "type": "Feature", "properties": { "pt_id": " 12049", "trajectory_id": 12, "北京时间": "2026-05-19 01:00", "lon": 114.96, "lat": 30.447, "height": 15.0 }, "geometry": { "type": "Point", "coordinates": [ 114.96, 30.447 ] } },
{ "type": "Feature", "properties": { "pt_id": " 12050", "trajectory_id": 12, "北京时间": "2026-05-19 00:00", "lon": 115.198, "lat": 30.302, "height": 27.0 }, "geometry": { "type": "Point", "coordinates": [ 115.198, 30.302 ] } },
{ "type": "Feature", "properties": { "pt_id": " 12051", "trajectory_id": 12, "北京时间": "2026-05-18 23:00", "lon": 115.406, "lat": 30.154, "height": 46.0 }, "geometry": { "type": "Point", "coordinates": [ 115.406, 30.154 ] } },
{ "type": "Feature", "properties": { "pt_id": " 12052", "trajectory_id": 12, "北京时间": "2026-05-18 22:00", "lon": 115.57, "lat": 30.005, "height": 52.0 }, "geometry": { "type": "Point", "coordinates": [ 115.57, 30.005 ] } },
{ "type": "Feature", "properties": { "pt_id": " 12053", "trajectory_id": 12, "北京时间": "2026-05-18 21:00", "lon": 115.698, "lat": 29.89, "height": 61.0 }, "geometry": { "type": "Point", "coordinates": [ 115.698, 29.89 ] } },
{ "type": "Feature", "properties": { "pt_id": " 12054", "trajectory_id": 12, "北京时间": "2026-05-18 20:00", "lon": 115.798, "lat": 29.76, "height": 94.0 }, "geometry": { "type": "Point", "coordinates": [ 115.798, 29.76 ] } },
{ "type": "Feature", "properties": { "pt_id": " 12055", "trajectory_id": 12, "北京时间": "2026-05-18 19:00", "lon": 115.867, "lat": 29.588, "height": 133.0 }, "geometry": { "type": "Point", "coordinates": [ 115.867, 29.588 ] } },
{ "type": "Feature", "properties": { "pt_id": " 12056", "trajectory_id": 12, "北京时间": "2026-05-18 18:00", "lon": 115.907, "lat": 29.411, "height": 132.0 }, "geometry": { "type": "Point", "coordinates": [ 115.907, 29.411 ] } },
{ "type": "Feature", "properties": { "pt_id": " 12057", "trajectory_id": 12, "北京时间": "2026-05-18 17:00", "lon": 115.949, "lat": 29.207, "height": 104.0 }, "geometry": { "type": "Point", "coordinates": [ 115.949, 29.207 ] } },
{ "type": "Feature", "properties": { "pt_id": " 12058", "trajectory_id": 12, "北京时间": "2026-05-18 16:00", "lon": 116.034, "lat": 28.968, "height": 119.0 }, "geometry": { "type": "Point", "coordinates": [ 116.034, 28.968 ] } },
{ "type": "Feature", "properties": { "pt_id": " 12059", "trajectory_id": 12, "北京时间": "2026-05-18 15:00", "lon": 116.117, "lat": 28.721, "height": 147.0 }, "geometry": { "type": "Point", "coordinates": [ 116.117, 28.721 ] } },
{ "type": "Feature", "properties": { "pt_id": " 12060", "trajectory_id": 12, "北京时间": "2026-05-18 14:00", "lon": 116.258, "lat": 28.479, "height": 199.0 }, "geometry": { "type": "Point", "coordinates": [ 116.258, 28.479 ] } },
{ "type": "Feature", "properties": { "pt_id": " 12061", "trajectory_id": 12, "北京时间": "2026-05-18 13:00", "lon": 116.433, "lat": 28.212, "height": 254.0 }, "geometry": { "type": "Point", "coordinates": [ 116.433, 28.212 ] } },
{ "type": "Feature", "properties": { "pt_id": " 12062", "trajectory_id": 12, "北京时间": "2026-05-18 12:00", "lon": 116.635, "lat": 27.922, "height": 386.0 }, "geometry": { "type": "Point", "coordinates": [ 116.635, 27.922 ] } },
{ "type": "Feature", "properties": { "pt_id": " 12063", "trajectory_id": 12, "北京时间": "2026-05-18 11:00", "lon": 116.911, "lat": 27.661, "height": 665.0 }, "geometry": { "type": "Point", "coordinates": [ 116.911, 27.661 ] } },
{ "type": "Feature", "properties": { "pt_id": " 12064", "trajectory_id": 12, "北京时间": "2026-05-18 10:00", "lon": 117.231, "lat": 27.448, "height": 948.0 }, "geometry": { "type": "Point", "coordinates": [ 117.231, 27.448 ] } },
{ "type": "Feature", "properties": { "pt_id": " 12065", "trajectory_id": 12, "北京时间": "2026-05-18 09:00", "lon": 117.527, "lat": 27.282, "height": 1213.0 }, "geometry": { "type": "Point", "coordinates": [ 117.527, 27.282 ] } },
{ "type": "Feature", "properties": { "pt_id": " 12066", "trajectory_id": 12, "北京时间": "2026-05-18 08:00", "lon": 117.769, "lat": 27.141, "height": 1317.0 }, "geometry": { "type": "Point", "coordinates": [ 117.769, 27.141 ] } },
{ "type": "Feature", "properties": { "pt_id": " 12067", "trajectory_id": 12, "北京时间": "2026-05-18 07:00", "lon": 118.006, "lat": 27.0, "height": 1322.0 }, "geometry": { "type": "Point", "coordinates": [ 118.006, 27.0 ] } },
{ "type": "Feature", "properties": { "pt_id": " 12068", "trajectory_id": 12, "北京时间": "2026-05-18 06:00", "lon": 118.26, "lat": 26.871, "height": 1320.0 }, "geometry": { "type": "Point", "coordinates": [ 118.26, 26.871 ] } },
{ "type": "Feature", "properties": { "pt_id": " 12069", "trajectory_id": 12, "北京时间": "2026-05-18 05:00", "lon": 118.585, "lat": 26.738, "height": 1371.0 }, "geometry": { "type": "Point", "coordinates": [ 118.585, 26.738 ] } },
{ "type": "Feature", "properties": { "pt_id": " 12070", "trajectory_id": 12, "北京时间": "2026-05-18 04:00", "lon": 118.91, "lat": 26.607, "height": 1468.0 }, "geometry": { "type": "Point", "coordinates": [ 118.91, 26.607 ] } },
{ "type": "Feature", "properties": { "pt_id": " 12071", "trajectory_id": 12, "北京时间": "2026-05-18 03:00", "lon": 119.219, "lat": 26.51, "height": 1565.0 }, "geometry": { "type": "Point", "coordinates": [ 119.219, 26.51 ] } },
{ "type": "Feature", "properties": { "pt_id": " 12072", "trajectory_id": 12, "北京时间": "2026-05-18 02:00", "lon": 119.598, "lat": 26.481, "height": 1674.0 }, "geometry": { "type": "Point", "coordinates": [ 119.598, 26.481 ] } },
{ "type": "Feature", "properties": { "pt_id": " 12073", "trajectory_id": 12, "北京时间": "2026-05-18 01:00", "lon": 119.976, "lat": 26.532, "height": 1640.0 }, "geometry": { "type": "Point", "coordinates": [ 119.976, 26.532 ] } },
{ "type": "Feature", "properties": { "pt_id": " 12074", "trajectory_id": 12, "北京时间": "2026-05-18 00:00", "lon": 120.333, "lat": 26.614, "height": 1560.0 }, "geometry": { "type": "Point", "coordinates": [ 120.333, 26.614 ] } },
{ "type": "Feature", "properties": { "pt_id": " 12075", "trajectory_id": 12, "北京时间": "2026-05-17 23:00", "lon": 120.674, "lat": 26.681, "height": 1566.0 }, "geometry": { "type": "Point", "coordinates": [ 120.674, 26.681 ] } },
{ "type": "Feature", "properties": { "pt_id": " 12076", "trajectory_id": 12, "北京时间": "2026-05-17 22:00", "lon": 121.0, "lat": 26.718, "height": 1556.0 }, "geometry": { "type": "Point", "coordinates": [ 121.0, 26.718 ] } },
{ "type": "Feature", "properties": { "pt_id": " 12077", "trajectory_id": 12, "北京时间": "2026-05-17 21:00", "lon": 121.325, "lat": 26.732, "height": 1497.0 }, "geometry": { "type": "Point", "coordinates": [ 121.325, 26.732 ] } },
{ "type": "Feature", "properties": { "pt_id": " 12078", "trajectory_id": 12, "北京时间": "2026-05-17 20:00", "lon": 121.658, "lat": 26.725, "height": 1560.0 }, "geometry": { "type": "Point", "coordinates": [ 121.658, 26.725 ] } },
{ "type": "Feature", "properties": { "pt_id": " 12079", "trajectory_id": 12, "北京时间": "2026-05-17 19:00", "lon": 121.987, "lat": 26.708, "height": 1646.0 }, "geometry": { "type": "Point", "coordinates": [ 121.987, 26.708 ] } },
{ "type": "Feature", "properties": { "pt_id": " 12080", "trajectory_id": 12, "北京时间": "2026-05-17 18:00", "lon": 122.325, "lat": 26.702, "height": 1714.0 }, "geometry": { "type": "Point", "coordinates": [ 122.325, 26.702 ] } },
{ "type": "Feature", "properties": { "pt_id": " 12081", "trajectory_id": 12, "北京时间": "2026-05-17 17:00", "lon": 122.662, "lat": 26.702, "height": 1748.0 }, "geometry": { "type": "Point", "coordinates": [ 122.662, 26.702 ] } },
{ "type": "Feature", "properties": { "pt_id": " 12082", "trajectory_id": 12, "北京时间": "2026-05-17 16:00", "lon": 122.992, "lat": 26.692, "height": 1706.0 }, "geometry": { "type": "Point", "coordinates": [ 122.992, 26.692 ] } },
{ "type": "Feature", "properties": { "pt_id": " 12083", "trajectory_id": 12, "北京时间": "2026-05-17 15:00", "lon": 123.314, "lat": 26.669, "height": 1691.0 }, "geometry": { "type": "Point", "coordinates": [ 123.314, 26.669 ] } },
{ "type": "Feature", "properties": { "pt_id": " 12084", "trajectory_id": 12, "北京时间": "2026-05-17 14:00", "lon": 123.624, "lat": 26.64, "height": 1719.0 }, "geometry": { "type": "Point", "coordinates": [ 123.624, 26.64 ] } },
{ "type": "Feature", "properties": { "pt_id": " 12085", "trajectory_id": 12, "北京时间": "2026-05-17 13:00", "lon": 123.93, "lat": 26.616, "height": 1714.0 }, "geometry": { "type": "Point", "coordinates": [ 123.93, 26.616 ] } },
{ "type": "Feature", "properties": { "pt_id": " 12086", "trajectory_id": 12, "北京时间": "2026-05-17 12:00", "lon": 124.231, "lat": 26.594, "height": 1667.0 }, "geometry": { "type": "Point", "coordinates": [ 124.231, 26.594 ] } },
{ "type": "Feature", "properties": { "pt_id": " 12087", "trajectory_id": 12, "北京时间": "2026-05-17 11:00", "lon": 124.526, "lat": 26.56, "height": 1662.0 }, "geometry": { "type": "Point", "coordinates": [ 124.526, 26.56 ] } },
{ "type": "Feature", "properties": { "pt_id": " 12088", "trajectory_id": 12, "北京时间": "2026-05-17 10:00", "lon": 124.804, "lat": 26.514, "height": 1742.0 }, "geometry": { "type": "Point", "coordinates": [ 124.804, 26.514 ] } },
{ "type": "Feature", "properties": { "pt_id": " 12089", "trajectory_id": 12, "北京时间": "2026-05-17 09:00", "lon": 125.079, "lat": 26.478, "height": 1781.0 }, "geometry": { "type": "Point", "coordinates": [ 125.079, 26.478 ] } },
{ "type": "Feature", "properties": { "pt_id": " 12090", "trajectory_id": 12, "北京时间": "2026-05-17 08:00", "lon": 125.369, "lat": 26.458, "height": 1752.0 }, "geometry": { "type": "Point", "coordinates": [ 125.369, 26.458 ] } },
{ "type": "Feature", "properties": { "pt_id": " 12091", "trajectory_id": 12, "北京时间": "2026-05-17 07:00", "lon": 125.671, "lat": 26.448, "height": 1748.0 }, "geometry": { "type": "Point", "coordinates": [ 125.671, 26.448 ] } },
{ "type": "Feature", "properties": { "pt_id": " 12092", "trajectory_id": 12, "北京时间": "2026-05-17 06:00", "lon": 125.965, "lat": 26.445, "height": 1805.0 }, "geometry": { "type": "Point", "coordinates": [ 125.965, 26.445 ] } },
{ "type": "Feature", "properties": { "pt_id": " 13000", "trajectory_id": 13, "北京时间": "2026-05-19 06:00", "lon": 113.942, "lat": 30.907, "height": 10.0 }, "geometry": { "type": "Point", "coordinates": [ 113.942, 30.907 ] } },
{ "type": "Feature", "properties": { "pt_id": " 13049", "trajectory_id": 13, "北京时间": "2026-05-19 05:00", "lon": 114.081, "lat": 30.88, "height": 11.0 }, "geometry": { "type": "Point", "coordinates": [ 114.081, 30.88 ] } },
{ "type": "Feature", "properties": { "pt_id": " 13050", "trajectory_id": 13, "北京时间": "2026-05-19 04:00", "lon": 114.223, "lat": 30.831, "height": 11.0 }, "geometry": { "type": "Point", "coordinates": [ 114.223, 30.831 ] } },
{ "type": "Feature", "properties": { "pt_id": " 13051", "trajectory_id": 13, "北京时间": "2026-05-19 03:00", "lon": 114.381, "lat": 30.76, "height": 10.0 }, "geometry": { "type": "Point", "coordinates": [ 114.381, 30.76 ] } },
{ "type": "Feature", "properties": { "pt_id": " 13052", "trajectory_id": 13, "北京时间": "2026-05-19 02:00", "lon": 114.556, "lat": 30.666, "height": 11.0 }, "geometry": { "type": "Point", "coordinates": [ 114.556, 30.666 ] } },
{ "type": "Feature", "properties": { "pt_id": " 13053", "trajectory_id": 13, "北京时间": "2026-05-19 01:00", "lon": 114.757, "lat": 30.561, "height": 12.0 }, "geometry": { "type": "Point", "coordinates": [ 114.757, 30.561 ] } },
{ "type": "Feature", "properties": { "pt_id": " 13054", "trajectory_id": 13, "北京时间": "2026-05-19 00:00", "lon": 114.96, "lat": 30.455, "height": 18.0 }, "geometry": { "type": "Point", "coordinates": [ 114.96, 30.455 ] } },
{ "type": "Feature", "properties": { "pt_id": " 13055", "trajectory_id": 13, "北京时间": "2026-05-18 23:00", "lon": 115.125, "lat": 30.355, "height": 28.0 }, "geometry": { "type": "Point", "coordinates": [ 115.125, 30.355 ] } },
{ "type": "Feature", "properties": { "pt_id": " 13056", "trajectory_id": 13, "北京时间": "2026-05-18 22:00", "lon": 115.283, "lat": 30.24, "height": 44.0 }, "geometry": { "type": "Point", "coordinates": [ 115.283, 30.24 ] } },
{ "type": "Feature", "properties": { "pt_id": " 13057", "trajectory_id": 13, "北京时间": "2026-05-18 21:00", "lon": 115.44, "lat": 30.117, "height": 62.0 }, "geometry": { "type": "Point", "coordinates": [ 115.44, 30.117 ] } },
{ "type": "Feature", "properties": { "pt_id": " 13058", "trajectory_id": 13, "北京时间": "2026-05-18 20:00", "lon": 115.578, "lat": 30.006, "height": 65.0 }, "geometry": { "type": "Point", "coordinates": [ 115.578, 30.006 ] } },
{ "type": "Feature", "properties": { "pt_id": " 13059", "trajectory_id": 13, "北京时间": "2026-05-18 19:00", "lon": 115.715, "lat": 29.905, "height": 48.0 }, "geometry": { "type": "Point", "coordinates": [ 115.715, 29.905 ] } },
{ "type": "Feature", "properties": { "pt_id": " 13060", "trajectory_id": 13, "北京时间": "2026-05-18 18:00", "lon": 115.833, "lat": 29.789, "height": 56.0 }, "geometry": { "type": "Point", "coordinates": [ 115.833, 29.789 ] } },
{ "type": "Feature", "properties": { "pt_id": " 13061", "trajectory_id": 13, "北京时间": "2026-05-18 17:00", "lon": 115.942, "lat": 29.623, "height": 158.0 }, "geometry": { "type": "Point", "coordinates": [ 115.942, 29.623 ] } },
{ "type": "Feature", "properties": { "pt_id": " 13062", "trajectory_id": 13, "北京时间": "2026-05-18 16:00", "lon": 116.057, "lat": 29.468, "height": 271.0 }, "geometry": { "type": "Point", "coordinates": [ 116.057, 29.468 ] } },
{ "type": "Feature", "properties": { "pt_id": " 13063", "trajectory_id": 13, "北京时间": "2026-05-18 15:00", "lon": 116.203, "lat": 29.313, "height": 325.0 }, "geometry": { "type": "Point", "coordinates": [ 116.203, 29.313 ] } },
{ "type": "Feature", "properties": { "pt_id": " 13064", "trajectory_id": 13, "北京时间": "2026-05-18 14:00", "lon": 116.352, "lat": 29.174, "height": 363.0 }, "geometry": { "type": "Point", "coordinates": [ 116.352, 29.174 ] } },
{ "type": "Feature", "properties": { "pt_id": " 13065", "trajectory_id": 13, "北京时间": "2026-05-18 13:00", "lon": 116.524, "lat": 29.035, "height": 317.0 }, "geometry": { "type": "Point", "coordinates": [ 116.524, 29.035 ] } },
{ "type": "Feature", "properties": { "pt_id": " 13066", "trajectory_id": 13, "北京时间": "2026-05-18 12:00", "lon": 116.717, "lat": 28.902, "height": 258.0 }, "geometry": { "type": "Point", "coordinates": [ 116.717, 28.902 ] } },
{ "type": "Feature", "properties": { "pt_id": " 13067", "trajectory_id": 13, "北京时间": "2026-05-18 11:00", "lon": 116.95, "lat": 28.77, "height": 278.0 }, "geometry": { "type": "Point", "coordinates": [ 116.95, 28.77 ] } },
{ "type": "Feature", "properties": { "pt_id": " 13068", "trajectory_id": 13, "北京时间": "2026-05-18 10:00", "lon": 117.22, "lat": 28.636, "height": 316.0 }, "geometry": { "type": "Point", "coordinates": [ 117.22, 28.636 ] } },
{ "type": "Feature", "properties": { "pt_id": " 13069", "trajectory_id": 13, "北京时间": "2026-05-18 09:00", "lon": 117.538, "lat": 28.553, "height": 414.0 }, "geometry": { "type": "Point", "coordinates": [ 117.538, 28.553 ] } },
{ "type": "Feature", "properties": { "pt_id": " 13070", "trajectory_id": 13, "北京时间": "2026-05-18 08:00", "lon": 117.863, "lat": 28.504, "height": 639.0 }, "geometry": { "type": "Point", "coordinates": [ 117.863, 28.504 ] } },
{ "type": "Feature", "properties": { "pt_id": " 13071", "trajectory_id": 13, "北京时间": "2026-05-18 07:00", "lon": 118.129, "lat": 28.435, "height": 616.0 }, "geometry": { "type": "Point", "coordinates": [ 118.129, 28.435 ] } },
{ "type": "Feature", "properties": { "pt_id": " 13072", "trajectory_id": 13, "北京时间": "2026-05-18 06:00", "lon": 118.288, "lat": 28.313, "height": 664.0 }, "geometry": { "type": "Point", "coordinates": [ 118.288, 28.313 ] } },
{ "type": "Feature", "properties": { "pt_id": " 13073", "trajectory_id": 13, "北京时间": "2026-05-18 05:00", "lon": 118.411, "lat": 28.153, "height": 826.0 }, "geometry": { "type": "Point", "coordinates": [ 118.411, 28.153 ] } },
{ "type": "Feature", "properties": { "pt_id": " 13074", "trajectory_id": 13, "北京时间": "2026-05-18 04:00", "lon": 118.59, "lat": 27.988, "height": 925.0 }, "geometry": { "type": "Point", "coordinates": [ 118.59, 27.988 ] } },
{ "type": "Feature", "properties": { "pt_id": " 13075", "trajectory_id": 13, "北京时间": "2026-05-18 03:00", "lon": 118.815, "lat": 27.859, "height": 1060.0 }, "geometry": { "type": "Point", "coordinates": [ 118.815, 27.859 ] } },
{ "type": "Feature", "properties": { "pt_id": " 13076", "trajectory_id": 13, "北京时间": "2026-05-18 02:00", "lon": 119.101, "lat": 27.701, "height": 1253.0 }, "geometry": { "type": "Point", "coordinates": [ 119.101, 27.701 ] } },
{ "type": "Feature", "properties": { "pt_id": " 13077", "trajectory_id": 13, "北京时间": "2026-05-18 01:00", "lon": 119.445, "lat": 27.497, "height": 1359.0 }, "geometry": { "type": "Point", "coordinates": [ 119.445, 27.497 ] } },
{ "type": "Feature", "properties": { "pt_id": " 13078", "trajectory_id": 13, "北京时间": "2026-05-18 00:00", "lon": 119.834, "lat": 27.334, "height": 1394.0 }, "geometry": { "type": "Point", "coordinates": [ 119.834, 27.334 ] } },
{ "type": "Feature", "properties": { "pt_id": " 13079", "trajectory_id": 13, "北京时间": "2026-05-17 23:00", "lon": 120.229, "lat": 27.252, "height": 1421.0 }, "geometry": { "type": "Point", "coordinates": [ 120.229, 27.252 ] } },
{ "type": "Feature", "properties": { "pt_id": " 13080", "trajectory_id": 13, "北京时间": "2026-05-17 22:00", "lon": 120.563, "lat": 27.246, "height": 1324.0 }, "geometry": { "type": "Point", "coordinates": [ 120.563, 27.246 ] } },
{ "type": "Feature", "properties": { "pt_id": " 13081", "trajectory_id": 13, "北京时间": "2026-05-17 21:00", "lon": 120.869, "lat": 27.248, "height": 1226.0 }, "geometry": { "type": "Point", "coordinates": [ 120.869, 27.248 ] } },
{ "type": "Feature", "properties": { "pt_id": " 13082", "trajectory_id": 13, "北京时间": "2026-05-17 20:00", "lon": 121.186, "lat": 27.23, "height": 1148.0 }, "geometry": { "type": "Point", "coordinates": [ 121.186, 27.23 ] } },
{ "type": "Feature", "properties": { "pt_id": " 13083", "trajectory_id": 13, "北京时间": "2026-05-17 19:00", "lon": 121.528, "lat": 27.196, "height": 1027.0 }, "geometry": { "type": "Point", "coordinates": [ 121.528, 27.196 ] } },
{ "type": "Feature", "properties": { "pt_id": " 13084", "trajectory_id": 13, "北京时间": "2026-05-17 18:00", "lon": 121.877, "lat": 27.144, "height": 1006.0 }, "geometry": { "type": "Point", "coordinates": [ 121.877, 27.144 ] } },
{ "type": "Feature", "properties": { "pt_id": " 13085", "trajectory_id": 13, "北京时间": "2026-05-17 17:00", "lon": 122.219, "lat": 27.081, "height": 1029.0 }, "geometry": { "type": "Point", "coordinates": [ 122.219, 27.081 ] } },
{ "type": "Feature", "properties": { "pt_id": " 13086", "trajectory_id": 13, "北京时间": "2026-05-17 16:00", "lon": 122.562, "lat": 26.999, "height": 1093.0 }, "geometry": { "type": "Point", "coordinates": [ 122.562, 26.999 ] } },
{ "type": "Feature", "properties": { "pt_id": " 13087", "trajectory_id": 13, "北京时间": "2026-05-17 15:00", "lon": 122.906, "lat": 26.899, "height": 1148.0 }, "geometry": { "type": "Point", "coordinates": [ 122.906, 26.899 ] } },
{ "type": "Feature", "properties": { "pt_id": " 13088", "trajectory_id": 13, "北京时间": "2026-05-17 14:00", "lon": 123.253, "lat": 26.798, "height": 1140.0 }, "geometry": { "type": "Point", "coordinates": [ 123.253, 26.798 ] } },
{ "type": "Feature", "properties": { "pt_id": " 13089", "trajectory_id": 13, "北京时间": "2026-05-17 13:00", "lon": 123.61, "lat": 26.709, "height": 1109.0 }, "geometry": { "type": "Point", "coordinates": [ 123.61, 26.709 ] } },
{ "type": "Feature", "properties": { "pt_id": " 13090", "trajectory_id": 13, "北京时间": "2026-05-17 12:00", "lon": 123.985, "lat": 26.636, "height": 1080.0 }, "geometry": { "type": "Point", "coordinates": [ 123.985, 26.636 ] } },
{ "type": "Feature", "properties": { "pt_id": " 13091", "trajectory_id": 13, "北京时间": "2026-05-17 11:00", "lon": 124.372, "lat": 26.58, "height": 1094.0 }, "geometry": { "type": "Point", "coordinates": [ 124.372, 26.58 ] } },
{ "type": "Feature", "properties": { "pt_id": " 13092", "trajectory_id": 13, "北京时间": "2026-05-17 10:00", "lon": 124.752, "lat": 26.534, "height": 1107.0 }, "geometry": { "type": "Point", "coordinates": [ 124.752, 26.534 ] } },
{ "type": "Feature", "properties": { "pt_id": " 13093", "trajectory_id": 13, "北京时间": "2026-05-17 09:00", "lon": 125.121, "lat": 26.496, "height": 1067.0 }, "geometry": { "type": "Point", "coordinates": [ 125.121, 26.496 ] } },
{ "type": "Feature", "properties": { "pt_id": " 13094", "trajectory_id": 13, "北京时间": "2026-05-17 08:00", "lon": 125.489, "lat": 26.469, "height": 955.0 }, "geometry": { "type": "Point", "coordinates": [ 125.489, 26.469 ] } },
{ "type": "Feature", "properties": { "pt_id": " 13095", "trajectory_id": 13, "北京时间": "2026-05-17 07:00", "lon": 125.855, "lat": 26.453, "height": 878.0 }, "geometry": { "type": "Point", "coordinates": [ 125.855, 26.453 ] } },
{ "type": "Feature", "properties": { "pt_id": " 13096", "trajectory_id": 13, "北京时间": "2026-05-17 06:00", "lon": 126.207, "lat": 26.445, "height": 867.0 }, "geometry": { "type": "Point", "coordinates": [ 126.207, 26.445 ] } },
{ "type": "Feature", "properties": { "pt_id": " 14000", "trajectory_id": 14, "北京时间": "2026-05-19 06:00", "lon": 113.942, "lat": 30.907, "height": 10.0 }, "geometry": { "type": "Point", "coordinates": [ 113.942, 30.907 ] } },
{ "type": "Feature", "properties": { "pt_id": " 14053", "trajectory_id": 14, "北京时间": "2026-05-19 05:00", "lon": 114.061, "lat": 30.801, "height": 9.0 }, "geometry": { "type": "Point", "coordinates": [ 114.061, 30.801 ] } },
{ "type": "Feature", "properties": { "pt_id": " 14054", "trajectory_id": 14, "北京时间": "2026-05-19 04:00", "lon": 114.214, "lat": 30.687, "height": 9.0 }, "geometry": { "type": "Point", "coordinates": [ 114.214, 30.687 ] } },
{ "type": "Feature", "properties": { "pt_id": " 14055", "trajectory_id": 14, "北京时间": "2026-05-19 03:00", "lon": 114.398, "lat": 30.567, "height": 11.0 }, "geometry": { "type": "Point", "coordinates": [ 114.398, 30.567 ] } },
{ "type": "Feature", "properties": { "pt_id": " 14056", "trajectory_id": 14, "北京时间": "2026-05-19 02:00", "lon": 114.607, "lat": 30.434, "height": 13.0 }, "geometry": { "type": "Point", "coordinates": [ 114.607, 30.434 ] } },
{ "type": "Feature", "properties": { "pt_id": " 14057", "trajectory_id": 14, "北京时间": "2026-05-19 01:00", "lon": 114.828, "lat": 30.294, "height": 38.0 }, "geometry": { "type": "Point", "coordinates": [ 114.828, 30.294 ] } },
{ "type": "Feature", "properties": { "pt_id": " 14058", "trajectory_id": 14, "北京时间": "2026-05-19 00:00", "lon": 115.088, "lat": 30.089, "height": 112.0 }, "geometry": { "type": "Point", "coordinates": [ 115.088, 30.089 ] } },
{ "type": "Feature", "properties": { "pt_id": " 14059", "trajectory_id": 14, "北京时间": "2026-05-18 23:00", "lon": 115.345, "lat": 29.843, "height": 218.0 }, "geometry": { "type": "Point", "coordinates": [ 115.345, 29.843 ] } },
{ "type": "Feature", "properties": { "pt_id": " 14060", "trajectory_id": 14, "北京时间": "2026-05-18 22:00", "lon": 115.609, "lat": 29.565, "height": 342.0 }, "geometry": { "type": "Point", "coordinates": [ 115.609, 29.565 ] } },
{ "type": "Feature", "properties": { "pt_id": " 14061", "trajectory_id": 14, "北京时间": "2026-05-18 21:00", "lon": 115.866, "lat": 29.347, "height": 410.0 }, "geometry": { "type": "Point", "coordinates": [ 115.866, 29.347 ] } },
{ "type": "Feature", "properties": { "pt_id": " 14062", "trajectory_id": 14, "北京时间": "2026-05-18 20:00", "lon": 116.083, "lat": 29.157, "height": 428.0 }, "geometry": { "type": "Point", "coordinates": [ 116.083, 29.157 ] } },
{ "type": "Feature", "properties": { "pt_id": " 14063", "trajectory_id": 14, "北京时间": "2026-05-18 19:00", "lon": 116.287, "lat": 28.993, "height": 456.0 }, "geometry": { "type": "Point", "coordinates": [ 116.287, 28.993 ] } },
{ "type": "Feature", "properties": { "pt_id": " 14064", "trajectory_id": 14, "北京时间": "2026-05-18 18:00", "lon": 116.484, "lat": 28.852, "height": 487.0 }, "geometry": { "type": "Point", "coordinates": [ 116.484, 28.852 ] } },
{ "type": "Feature", "properties": { "pt_id": " 14065", "trajectory_id": 14, "北京时间": "2026-05-18 17:00", "lon": 116.694, "lat": 28.725, "height": 534.0 }, "geometry": { "type": "Point", "coordinates": [ 116.694, 28.725 ] } },
{ "type": "Feature", "properties": { "pt_id": " 14066", "trajectory_id": 14, "北京时间": "2026-05-18 16:00", "lon": 116.938, "lat": 28.609, "height": 586.0 }, "geometry": { "type": "Point", "coordinates": [ 116.938, 28.609 ] } },
{ "type": "Feature", "properties": { "pt_id": " 14067", "trajectory_id": 14, "北京时间": "2026-05-18 15:00", "lon": 117.24, "lat": 28.488, "height": 664.0 }, "geometry": { "type": "Point", "coordinates": [ 117.24, 28.488 ] } },
{ "type": "Feature", "properties": { "pt_id": " 14068", "trajectory_id": 14, "北京时间": "2026-05-18 14:00", "lon": 117.555, "lat": 28.364, "height": 783.0 }, "geometry": { "type": "Point", "coordinates": [ 117.555, 28.364 ] } },
{ "type": "Feature", "properties": { "pt_id": " 14069", "trajectory_id": 14, "北京时间": "2026-05-18 13:00", "lon": 117.794, "lat": 28.201, "height": 858.0 }, "geometry": { "type": "Point", "coordinates": [ 117.794, 28.201 ] } },
{ "type": "Feature", "properties": { "pt_id": " 14070", "trajectory_id": 14, "北京时间": "2026-05-18 12:00", "lon": 117.949, "lat": 27.998, "height": 1012.0 }, "geometry": { "type": "Point", "coordinates": [ 117.949, 27.998 ] } },
{ "type": "Feature", "properties": { "pt_id": " 14071", "trajectory_id": 14, "北京时间": "2026-05-18 11:00", "lon": 118.128, "lat": 27.77, "height": 1197.0 }, "geometry": { "type": "Point", "coordinates": [ 118.128, 27.77 ] } },
{ "type": "Feature", "properties": { "pt_id": " 14072", "trajectory_id": 14, "北京时间": "2026-05-18 10:00", "lon": 118.378, "lat": 27.553, "height": 1236.0 }, "geometry": { "type": "Point", "coordinates": [ 118.378, 27.553 ] } },
{ "type": "Feature", "properties": { "pt_id": " 14073", "trajectory_id": 14, "北京时间": "2026-05-18 09:00", "lon": 118.696, "lat": 27.347, "height": 1304.0 }, "geometry": { "type": "Point", "coordinates": [ 118.696, 27.347 ] } },
{ "type": "Feature", "properties": { "pt_id": " 14074", "trajectory_id": 14, "北京时间": "2026-05-18 08:00", "lon": 118.994, "lat": 27.168, "height": 1382.0 }, "geometry": { "type": "Point", "coordinates": [ 118.994, 27.168 ] } },
{ "type": "Feature", "properties": { "pt_id": " 14075", "trajectory_id": 14, "北京时间": "2026-05-18 07:00", "lon": 119.234, "lat": 27.018, "height": 1571.0 }, "geometry": { "type": "Point", "coordinates": [ 119.234, 27.018 ] } },
{ "type": "Feature", "properties": { "pt_id": " 14076", "trajectory_id": 14, "北京时间": "2026-05-18 06:00", "lon": 119.548, "lat": 26.902, "height": 1630.0 }, "geometry": { "type": "Point", "coordinates": [ 119.548, 26.902 ] } },
{ "type": "Feature", "properties": { "pt_id": " 14077", "trajectory_id": 14, "北京时间": "2026-05-18 05:00", "lon": 119.945, "lat": 26.862, "height": 1519.0 }, "geometry": { "type": "Point", "coordinates": [ 119.945, 26.862 ] } },
{ "type": "Feature", "properties": { "pt_id": " 14078", "trajectory_id": 14, "北京时间": "2026-05-18 04:00", "lon": 120.32, "lat": 26.872, "height": 1550.0 }, "geometry": { "type": "Point", "coordinates": [ 120.32, 26.872 ] } },
{ "type": "Feature", "properties": { "pt_id": " 14079", "trajectory_id": 14, "北京时间": "2026-05-18 03:00", "lon": 120.637, "lat": 26.895, "height": 1420.0 }, "geometry": { "type": "Point", "coordinates": [ 120.637, 26.895 ] } },
{ "type": "Feature", "properties": { "pt_id": " 14080", "trajectory_id": 14, "北京时间": "2026-05-18 02:00", "lon": 120.964, "lat": 26.903, "height": 1302.0 }, "geometry": { "type": "Point", "coordinates": [ 120.964, 26.903 ] } },
{ "type": "Feature", "properties": { "pt_id": " 14081", "trajectory_id": 14, "北京时间": "2026-05-18 01:00", "lon": 121.311, "lat": 26.887, "height": 1311.0 }, "geometry": { "type": "Point", "coordinates": [ 121.311, 26.887 ] } },
{ "type": "Feature", "properties": { "pt_id": " 14082", "trajectory_id": 14, "北京时间": "2026-05-18 00:00", "lon": 121.669, "lat": 26.852, "height": 1293.0 }, "geometry": { "type": "Point", "coordinates": [ 121.669, 26.852 ] } },
{ "type": "Feature", "properties": { "pt_id": " 14083", "trajectory_id": 14, "北京时间": "2026-05-17 23:00", "lon": 122.031, "lat": 26.797, "height": 1273.0 }, "geometry": { "type": "Point", "coordinates": [ 122.031, 26.797 ] } },
{ "type": "Feature", "properties": { "pt_id": " 14084", "trajectory_id": 14, "北京时间": "2026-05-17 22:00", "lon": 122.382, "lat": 26.731, "height": 1298.0 }, "geometry": { "type": "Point", "coordinates": [ 122.382, 26.731 ] } },
{ "type": "Feature", "properties": { "pt_id": " 14085", "trajectory_id": 14, "北京时间": "2026-05-17 21:00", "lon": 122.724, "lat": 26.657, "height": 1324.0 }, "geometry": { "type": "Point", "coordinates": [ 122.724, 26.657 ] } },
{ "type": "Feature", "properties": { "pt_id": " 14086", "trajectory_id": 14, "北京时间": "2026-05-17 20:00", "lon": 123.071, "lat": 26.576, "height": 1365.0 }, "geometry": { "type": "Point", "coordinates": [ 123.071, 26.576 ] } },
{ "type": "Feature", "properties": { "pt_id": " 14087", "trajectory_id": 14, "北京时间": "2026-05-17 19:00", "lon": 123.42, "lat": 26.492, "height": 1400.0 }, "geometry": { "type": "Point", "coordinates": [ 123.42, 26.492 ] } },
{ "type": "Feature", "properties": { "pt_id": " 14088", "trajectory_id": 14, "北京时间": "2026-05-17 18:00", "lon": 123.766, "lat": 26.403, "height": 1354.0 }, "geometry": { "type": "Point", "coordinates": [ 123.766, 26.403 ] } },
{ "type": "Feature", "properties": { "pt_id": " 14089", "trajectory_id": 14, "北京时间": "2026-05-17 17:00", "lon": 124.122, "lat": 26.321, "height": 1328.0 }, "geometry": { "type": "Point", "coordinates": [ 124.122, 26.321 ] } },
{ "type": "Feature", "properties": { "pt_id": " 14090", "trajectory_id": 14, "北京时间": "2026-05-17 16:00", "lon": 124.494, "lat": 26.257, "height": 1342.0 }, "geometry": { "type": "Point", "coordinates": [ 124.494, 26.257 ] } },
{ "type": "Feature", "properties": { "pt_id": " 14091", "trajectory_id": 14, "北京时间": "2026-05-17 15:00", "lon": 124.868, "lat": 26.197, "height": 1367.0 }, "geometry": { "type": "Point", "coordinates": [ 124.868, 26.197 ] } },
{ "type": "Feature", "properties": { "pt_id": " 14092", "trajectory_id": 14, "北京时间": "2026-05-17 14:00", "lon": 125.229, "lat": 26.151, "height": 1426.0 }, "geometry": { "type": "Point", "coordinates": [ 125.229, 26.151 ] } },
{ "type": "Feature", "properties": { "pt_id": " 14093", "trajectory_id": 14, "北京时间": "2026-05-17 13:00", "lon": 125.573, "lat": 26.132, "height": 1453.0 }, "geometry": { "type": "Point", "coordinates": [ 125.573, 26.132 ] } },
{ "type": "Feature", "properties": { "pt_id": " 14094", "trajectory_id": 14, "北京时间": "2026-05-17 12:00", "lon": 125.907, "lat": 26.137, "height": 1484.0 }, "geometry": { "type": "Point", "coordinates": [ 125.907, 26.137 ] } },
{ "type": "Feature", "properties": { "pt_id": " 14095", "trajectory_id": 14, "北京时间": "2026-05-17 11:00", "lon": 126.216, "lat": 26.15, "height": 1536.0 }, "geometry": { "type": "Point", "coordinates": [ 126.216, 26.15 ] } },
{ "type": "Feature", "properties": { "pt_id": " 14096", "trajectory_id": 14, "北京时间": "2026-05-17 10:00", "lon": 126.496, "lat": 26.168, "height": 1512.0 }, "geometry": { "type": "Point", "coordinates": [ 126.496, 26.168 ] } },
{ "type": "Feature", "properties": { "pt_id": " 14097", "trajectory_id": 14, "北京时间": "2026-05-17 09:00", "lon": 126.775, "lat": 26.194, "height": 1493.0 }, "geometry": { "type": "Point", "coordinates": [ 126.775, 26.194 ] } },
{ "type": "Feature", "properties": { "pt_id": " 14098", "trajectory_id": 14, "北京时间": "2026-05-17 08:00", "lon": 127.048, "lat": 26.228, "height": 1552.0 }, "geometry": { "type": "Point", "coordinates": [ 127.048, 26.228 ] } },
{ "type": "Feature", "properties": { "pt_id": " 14099", "trajectory_id": 14, "北京时间": "2026-05-17 07:00", "lon": 127.289, "lat": 26.268, "height": 1656.0 }, "geometry": { "type": "Point", "coordinates": [ 127.289, 26.268 ] } },
{ "type": "Feature", "properties": { "pt_id": " 14100", "trajectory_id": 14, "北京时间": "2026-05-17 06:00", "lon": 127.492, "lat": 26.322, "height": 1748.0 }, "geometry": { "type": "Point", "coordinates": [ 127.492, 26.322 ] } },
{ "type": "Feature", "properties": { "pt_id": " 15000", "trajectory_id": 15, "北京时间": "2026-05-19 06:00", "lon": 113.942, "lat": 30.907, "height": 10.0 }, "geometry": { "type": "Point", "coordinates": [ 113.942, 30.907 ] } },
{ "type": "Feature", "properties": { "pt_id": " 15057", "trajectory_id": 15, "北京时间": "2026-05-19 05:00", "lon": 114.13, "lat": 30.784, "height": 9.0 }, "geometry": { "type": "Point", "coordinates": [ 114.13, 30.784 ] } },
{ "type": "Feature", "properties": { "pt_id": " 15058", "trajectory_id": 15, "北京时间": "2026-05-19 04:00", "lon": 114.337, "lat": 30.643, "height": 9.0 }, "geometry": { "type": "Point", "coordinates": [ 114.337, 30.643 ] } },
{ "type": "Feature", "properties": { "pt_id": " 15059", "trajectory_id": 15, "北京时间": "2026-05-19 03:00", "lon": 114.559, "lat": 30.49, "height": 11.0 }, "geometry": { "type": "Point", "coordinates": [ 114.559, 30.49 ] } },
{ "type": "Feature", "properties": { "pt_id": " 15060", "trajectory_id": 15, "北京时间": "2026-05-19 02:00", "lon": 114.788, "lat": 30.316, "height": 32.0 }, "geometry": { "type": "Point", "coordinates": [ 114.788, 30.316 ] } },
{ "type": "Feature", "properties": { "pt_id": " 15061", "trajectory_id": 15, "北京时间": "2026-05-19 01:00", "lon": 115.044, "lat": 30.082, "height": 118.0 }, "geometry": { "type": "Point", "coordinates": [ 115.044, 30.082 ] } },
{ "type": "Feature", "properties": { "pt_id": " 15062", "trajectory_id": 15, "北京时间": "2026-05-19 00:00", "lon": 115.301, "lat": 29.819, "height": 228.0 }, "geometry": { "type": "Point", "coordinates": [ 115.301, 29.819 ] } },
{ "type": "Feature", "properties": { "pt_id": " 15063", "trajectory_id": 15, "北京时间": "2026-05-18 23:00", "lon": 115.574, "lat": 29.56, "height": 387.0 }, "geometry": { "type": "Point", "coordinates": [ 115.574, 29.56 ] } },
{ "type": "Feature", "properties": { "pt_id": " 15064", "trajectory_id": 15, "北京时间": "2026-05-18 22:00", "lon": 115.838, "lat": 29.37, "height": 545.0 }, "geometry": { "type": "Point", "coordinates": [ 115.838, 29.37 ] } },
{ "type": "Feature", "properties": { "pt_id": " 15065", "trajectory_id": 15, "北京时间": "2026-05-18 21:00", "lon": 116.063, "lat": 29.214, "height": 721.0 }, "geometry": { "type": "Point", "coordinates": [ 116.063, 29.214 ] } },
{ "type": "Feature", "properties": { "pt_id": " 15066", "trajectory_id": 15, "北京时间": "2026-05-18 20:00", "lon": 116.279, "lat": 29.064, "height": 798.0 }, "geometry": { "type": "Point", "coordinates": [ 116.279, 29.064 ] } },
{ "type": "Feature", "properties": { "pt_id": " 15067", "trajectory_id": 15, "北京时间": "2026-05-18 19:00", "lon": 116.498, "lat": 28.925, "height": 748.0 }, "geometry": { "type": "Point", "coordinates": [ 116.498, 28.925 ] } },
{ "type": "Feature", "properties": { "pt_id": " 15068", "trajectory_id": 15, "北京时间": "2026-05-18 18:00", "lon": 116.722, "lat": 28.797, "height": 700.0 }, "geometry": { "type": "Point", "coordinates": [ 116.722, 28.797 ] } },
{ "type": "Feature", "properties": { "pt_id": " 15069", "trajectory_id": 15, "北京时间": "2026-05-18 17:00", "lon": 116.949, "lat": 28.665, "height": 712.0 }, "geometry": { "type": "Point", "coordinates": [ 116.949, 28.665 ] } },
{ "type": "Feature", "properties": { "pt_id": " 15070", "trajectory_id": 15, "北京时间": "2026-05-18 16:00", "lon": 117.153, "lat": 28.527, "height": 761.0 }, "geometry": { "type": "Point", "coordinates": [ 117.153, 28.527 ] } },
{ "type": "Feature", "properties": { "pt_id": " 15071", "trajectory_id": 15, "北京时间": "2026-05-18 15:00", "lon": 117.333, "lat": 28.385, "height": 853.0 }, "geometry": { "type": "Point", "coordinates": [ 117.333, 28.385 ] } },
{ "type": "Feature", "properties": { "pt_id": " 15072", "trajectory_id": 15, "北京时间": "2026-05-18 14:00", "lon": 117.469, "lat": 28.248, "height": 917.0 }, "geometry": { "type": "Point", "coordinates": [ 117.469, 28.248 ] } },
{ "type": "Feature", "properties": { "pt_id": " 15073", "trajectory_id": 15, "北京时间": "2026-05-18 13:00", "lon": 117.567, "lat": 28.121, "height": 968.0 }, "geometry": { "type": "Point", "coordinates": [ 117.567, 28.121 ] } },
{ "type": "Feature", "properties": { "pt_id": " 15074", "trajectory_id": 15, "北京时间": "2026-05-18 12:00", "lon": 117.654, "lat": 28.004, "height": 1042.0 }, "geometry": { "type": "Point", "coordinates": [ 117.654, 28.004 ] } },
{ "type": "Feature", "properties": { "pt_id": " 15075", "trajectory_id": 15, "北京时间": "2026-05-18 11:00", "lon": 117.743, "lat": 27.877, "height": 1148.0 }, "geometry": { "type": "Point", "coordinates": [ 117.743, 27.877 ] } },
{ "type": "Feature", "properties": { "pt_id": " 15076", "trajectory_id": 15, "北京时间": "2026-05-18 10:00", "lon": 117.887, "lat": 27.688, "height": 1274.0 }, "geometry": { "type": "Point", "coordinates": [ 117.887, 27.688 ] } },
{ "type": "Feature", "properties": { "pt_id": " 15077", "trajectory_id": 15, "北京时间": "2026-05-18 09:00", "lon": 118.12, "lat": 27.456, "height": 1272.0 }, "geometry": { "type": "Point", "coordinates": [ 118.12, 27.456 ] } },
{ "type": "Feature", "properties": { "pt_id": " 15078", "trajectory_id": 15, "北京时间": "2026-05-18 08:00", "lon": 118.446, "lat": 27.23, "height": 1241.0 }, "geometry": { "type": "Point", "coordinates": [ 118.446, 27.23 ] } },
{ "type": "Feature", "properties": { "pt_id": " 15079", "trajectory_id": 15, "北京时间": "2026-05-18 07:00", "lon": 118.825, "lat": 27.031, "height": 1332.0 }, "geometry": { "type": "Point", "coordinates": [ 118.825, 27.031 ] } },
{ "type": "Feature", "properties": { "pt_id": " 15080", "trajectory_id": 15, "北京时间": "2026-05-18 06:00", "lon": 119.162, "lat": 26.895, "height": 1598.0 }, "geometry": { "type": "Point", "coordinates": [ 119.162, 26.895 ] } },
{ "type": "Feature", "properties": { "pt_id": " 15081", "trajectory_id": 15, "北京时间": "2026-05-18 05:00", "lon": 119.498, "lat": 26.806, "height": 1904.0 }, "geometry": { "type": "Point", "coordinates": [ 119.498, 26.806 ] } },
{ "type": "Feature", "properties": { "pt_id": " 15082", "trajectory_id": 15, "北京时间": "2026-05-18 04:00", "lon": 119.887, "lat": 26.757, "height": 1878.0 }, "geometry": { "type": "Point", "coordinates": [ 119.887, 26.757 ] } },
{ "type": "Feature", "properties": { "pt_id": " 15083", "trajectory_id": 15, "北京时间": "2026-05-18 03:00", "lon": 120.257, "lat": 26.733, "height": 1938.0 }, "geometry": { "type": "Point", "coordinates": [ 120.257, 26.733 ] } },
{ "type": "Feature", "properties": { "pt_id": " 15084", "trajectory_id": 15, "北京时间": "2026-05-18 02:00", "lon": 120.601, "lat": 26.762, "height": 1863.0 }, "geometry": { "type": "Point", "coordinates": [ 120.601, 26.762 ] } },
{ "type": "Feature", "properties": { "pt_id": " 15085", "trajectory_id": 15, "北京时间": "2026-05-18 01:00", "lon": 120.931, "lat": 26.793, "height": 1880.0 }, "geometry": { "type": "Point", "coordinates": [ 120.931, 26.793 ] } },
{ "type": "Feature", "properties": { "pt_id": " 15086", "trajectory_id": 15, "北京时间": "2026-05-18 00:00", "lon": 121.227, "lat": 26.803, "height": 1892.0 }, "geometry": { "type": "Point", "coordinates": [ 121.227, 26.803 ] } },
{ "type": "Feature", "properties": { "pt_id": " 15087", "trajectory_id": 15, "北京时间": "2026-05-17 23:00", "lon": 121.487, "lat": 26.82, "height": 1932.0 }, "geometry": { "type": "Point", "coordinates": [ 121.487, 26.82 ] } },
{ "type": "Feature", "properties": { "pt_id": " 15088", "trajectory_id": 15, "北京时间": "2026-05-17 22:00", "lon": 121.744, "lat": 26.843, "height": 1976.0 }, "geometry": { "type": "Point", "coordinates": [ 121.744, 26.843 ] } },
{ "type": "Feature", "properties": { "pt_id": " 15089", "trajectory_id": 15, "北京时间": "2026-05-17 21:00", "lon": 121.998, "lat": 26.876, "height": 2012.0 }, "geometry": { "type": "Point", "coordinates": [ 121.998, 26.876 ] } },
{ "type": "Feature", "properties": { "pt_id": " 15090", "trajectory_id": 15, "北京时间": "2026-05-17 20:00", "lon": 122.194, "lat": 26.92, "height": 2048.0 }, "geometry": { "type": "Point", "coordinates": [ 122.194, 26.92 ] } },
{ "type": "Feature", "properties": { "pt_id": " 15091", "trajectory_id": 15, "北京时间": "2026-05-17 19:00", "lon": 122.332, "lat": 26.96, "height": 2030.0 }, "geometry": { "type": "Point", "coordinates": [ 122.332, 26.96 ] } },
{ "type": "Feature", "properties": { "pt_id": " 15092", "trajectory_id": 15, "北京时间": "2026-05-17 18:00", "lon": 122.458, "lat": 26.985, "height": 1957.0 }, "geometry": { "type": "Point", "coordinates": [ 122.458, 26.985 ] } },
{ "type": "Feature", "properties": { "pt_id": " 15093", "trajectory_id": 15, "北京时间": "2026-05-17 17:00", "lon": 122.594, "lat": 26.98, "height": 1853.0 }, "geometry": { "type": "Point", "coordinates": [ 122.594, 26.98 ] } },
{ "type": "Feature", "properties": { "pt_id": " 15094", "trajectory_id": 15, "北京时间": "2026-05-17 16:00", "lon": 122.752, "lat": 26.956, "height": 1746.0 }, "geometry": { "type": "Point", "coordinates": [ 122.752, 26.956 ] } },
{ "type": "Feature", "properties": { "pt_id": " 15095", "trajectory_id": 15, "北京时间": "2026-05-17 15:00", "lon": 122.913, "lat": 26.923, "height": 1651.0 }, "geometry": { "type": "Point", "coordinates": [ 122.913, 26.923 ] } },
{ "type": "Feature", "properties": { "pt_id": " 15096", "trajectory_id": 15, "北京时间": "2026-05-17 14:00", "lon": 123.023, "lat": 26.899, "height": 1586.0 }, "geometry": { "type": "Point", "coordinates": [ 123.023, 26.899 ] } },
{ "type": "Feature", "properties": { "pt_id": " 15097", "trajectory_id": 15, "北京时间": "2026-05-17 13:00", "lon": 123.064, "lat": 26.867, "height": 1526.0 }, "geometry": { "type": "Point", "coordinates": [ 123.064, 26.867 ] } },
{ "type": "Feature", "properties": { "pt_id": " 15098", "trajectory_id": 15, "北京时间": "2026-05-17 12:00", "lon": 123.084, "lat": 26.814, "height": 1457.0 }, "geometry": { "type": "Point", "coordinates": [ 123.084, 26.814 ] } },
{ "type": "Feature", "properties": { "pt_id": " 15099", "trajectory_id": 15, "北京时间": "2026-05-17 11:00", "lon": 123.144, "lat": 26.726, "height": 1402.0 }, "geometry": { "type": "Point", "coordinates": [ 123.144, 26.726 ] } },
{ "type": "Feature", "properties": { "pt_id": " 15100", "trajectory_id": 15, "北京时间": "2026-05-17 10:00", "lon": 123.238, "lat": 26.63, "height": 1408.0 }, "geometry": { "type": "Point", "coordinates": [ 123.238, 26.63 ] } },
{ "type": "Feature", "properties": { "pt_id": " 15101", "trajectory_id": 15, "北京时间": "2026-05-17 09:00", "lon": 123.338, "lat": 26.555, "height": 1459.0 }, "geometry": { "type": "Point", "coordinates": [ 123.338, 26.555 ] } },
{ "type": "Feature", "properties": { "pt_id": " 15102", "trajectory_id": 15, "北京时间": "2026-05-17 08:00", "lon": 123.442, "lat": 26.485, "height": 1468.0 }, "geometry": { "type": "Point", "coordinates": [ 123.442, 26.485 ] } },
{ "type": "Feature", "properties": { "pt_id": " 15103", "trajectory_id": 15, "北京时间": "2026-05-17 07:00", "lon": 123.564, "lat": 26.414, "height": 1493.0 }, "geometry": { "type": "Point", "coordinates": [ 123.564, 26.414 ] } },
{ "type": "Feature", "properties": { "pt_id": " 15104", "trajectory_id": 15, "北京时间": "2026-05-17 06:00", "lon": 123.674, "lat": 26.331, "height": 1548.0 }, "geometry": { "type": "Point", "coordinates": [ 123.674, 26.331 ] } },
{ "type": "Feature", "properties": { "pt_id": " 16000", "trajectory_id": 16, "北京时间": "2026-05-19 06:00", "lon": 113.942, "lat": 30.907, "height": 10.0 }, "geometry": { "type": "Point", "coordinates": [ 113.942, 30.907 ] } },
{ "type": "Feature", "properties": { "pt_id": " 16061", "trajectory_id": 16, "北京时间": "2026-05-19 05:00", "lon": 114.147, "lat": 30.739, "height": 10.0 }, "geometry": { "type": "Point", "coordinates": [ 114.147, 30.739 ] } },
{ "type": "Feature", "properties": { "pt_id": " 16062", "trajectory_id": 16, "北京时间": "2026-05-19 04:00", "lon": 114.362, "lat": 30.563, "height": 12.0 }, "geometry": { "type": "Point", "coordinates": [ 114.362, 30.563 ] } },
{ "type": "Feature", "properties": { "pt_id": " 16063", "trajectory_id": 16, "北京时间": "2026-05-19 03:00", "lon": 114.597, "lat": 30.374, "height": 17.0 }, "geometry": { "type": "Point", "coordinates": [ 114.597, 30.374 ] } },
{ "type": "Feature", "properties": { "pt_id": " 16064", "trajectory_id": 16, "北京时间": "2026-05-19 02:00", "lon": 114.867, "lat": 30.165, "height": 64.0 }, "geometry": { "type": "Point", "coordinates": [ 114.867, 30.165 ] } },
{ "type": "Feature", "properties": { "pt_id": " 16065", "trajectory_id": 16, "北京时间": "2026-05-19 01:00", "lon": 115.149, "lat": 29.933, "height": 106.0 }, "geometry": { "type": "Point", "coordinates": [ 115.149, 29.933 ] } },
{ "type": "Feature", "properties": { "pt_id": " 16066", "trajectory_id": 16, "北京时间": "2026-05-19 00:00", "lon": 115.411, "lat": 29.685, "height": 239.0 }, "geometry": { "type": "Point", "coordinates": [ 115.411, 29.685 ] } },
{ "type": "Feature", "properties": { "pt_id": " 16067", "trajectory_id": 16, "北京时间": "2026-05-18 23:00", "lon": 115.643, "lat": 29.46, "height": 283.0 }, "geometry": { "type": "Point", "coordinates": [ 115.643, 29.46 ] } },
{ "type": "Feature", "properties": { "pt_id": " 16068", "trajectory_id": 16, "北京时间": "2026-05-18 22:00", "lon": 115.832, "lat": 29.303, "height": 303.0 }, "geometry": { "type": "Point", "coordinates": [ 115.832, 29.303 ] } },
{ "type": "Feature", "properties": { "pt_id": " 16069", "trajectory_id": 16, "北京时间": "2026-05-18 21:00", "lon": 116.006, "lat": 29.192, "height": 309.0 }, "geometry": { "type": "Point", "coordinates": [ 116.006, 29.192 ] } },
{ "type": "Feature", "properties": { "pt_id": " 16070", "trajectory_id": 16, "北京时间": "2026-05-18 20:00", "lon": 116.183, "lat": 29.088, "height": 290.0 }, "geometry": { "type": "Point", "coordinates": [ 116.183, 29.088 ] } },
{ "type": "Feature", "properties": { "pt_id": " 16071", "trajectory_id": 16, "北京时间": "2026-05-18 19:00", "lon": 116.368, "lat": 28.981, "height": 259.0 }, "geometry": { "type": "Point", "coordinates": [ 116.368, 28.981 ] } },
{ "type": "Feature", "properties": { "pt_id": " 16072", "trajectory_id": 16, "北京时间": "2026-05-18 18:00", "lon": 116.59, "lat": 28.875, "height": 235.0 }, "geometry": { "type": "Point", "coordinates": [ 116.59, 28.875 ] } },
{ "type": "Feature", "properties": { "pt_id": " 16073", "trajectory_id": 16, "北京时间": "2026-05-18 17:00", "lon": 116.849, "lat": 28.768, "height": 224.0 }, "geometry": { "type": "Point", "coordinates": [ 116.849, 28.768 ] } },
{ "type": "Feature", "properties": { "pt_id": " 16074", "trajectory_id": 16, "北京时间": "2026-05-18 16:00", "lon": 117.149, "lat": 28.657, "height": 299.0 }, "geometry": { "type": "Point", "coordinates": [ 117.149, 28.657 ] } },
{ "type": "Feature", "properties": { "pt_id": " 16075", "trajectory_id": 16, "北京时间": "2026-05-18 15:00", "lon": 117.501, "lat": 28.557, "height": 387.0 }, "geometry": { "type": "Point", "coordinates": [ 117.501, 28.557 ] } },
{ "type": "Feature", "properties": { "pt_id": " 16076", "trajectory_id": 16, "北京时间": "2026-05-18 14:00", "lon": 117.852, "lat": 28.499, "height": 576.0 }, "geometry": { "type": "Point", "coordinates": [ 117.852, 28.499 ] } },
{ "type": "Feature", "properties": { "pt_id": " 16077", "trajectory_id": 16, "北京时间": "2026-05-18 13:00", "lon": 118.112, "lat": 28.428, "height": 548.0 }, "geometry": { "type": "Point", "coordinates": [ 118.112, 28.428 ] } },
{ "type": "Feature", "properties": { "pt_id": " 16078", "trajectory_id": 16, "北京时间": "2026-05-18 12:00", "lon": 118.262, "lat": 28.288, "height": 676.0 }, "geometry": { "type": "Point", "coordinates": [ 118.262, 28.288 ] } },
{ "type": "Feature", "properties": { "pt_id": " 16079", "trajectory_id": 16, "北京时间": "2026-05-18 11:00", "lon": 118.463, "lat": 28.065, "height": 913.0 }, "geometry": { "type": "Point", "coordinates": [ 118.463, 28.065 ] } },
{ "type": "Feature", "properties": { "pt_id": " 16080", "trajectory_id": 16, "北京时间": "2026-05-18 10:00", "lon": 118.744, "lat": 27.876, "height": 1006.0 }, "geometry": { "type": "Point", "coordinates": [ 118.744, 27.876 ] } },
{ "type": "Feature", "properties": { "pt_id": " 16081", "trajectory_id": 16, "北京时间": "2026-05-18 09:00", "lon": 119.074, "lat": 27.695, "height": 1197.0 }, "geometry": { "type": "Point", "coordinates": [ 119.074, 27.695 ] } },
{ "type": "Feature", "properties": { "pt_id": " 16082", "trajectory_id": 16, "北京时间": "2026-05-18 08:00", "lon": 119.417, "lat": 27.516, "height": 1322.0 }, "geometry": { "type": "Point", "coordinates": [ 119.417, 27.516 ] } },
{ "type": "Feature", "properties": { "pt_id": " 16083", "trajectory_id": 16, "北京时间": "2026-05-18 07:00", "lon": 119.77, "lat": 27.381, "height": 1311.0 }, "geometry": { "type": "Point", "coordinates": [ 119.77, 27.381 ] } },
{ "type": "Feature", "properties": { "pt_id": " 16084", "trajectory_id": 16, "北京时间": "2026-05-18 06:00", "lon": 120.139, "lat": 27.302, "height": 1264.0 }, "geometry": { "type": "Point", "coordinates": [ 120.139, 27.302 ] } },
{ "type": "Feature", "properties": { "pt_id": " 16085", "trajectory_id": 16, "北京时间": "2026-05-18 05:00", "lon": 120.52, "lat": 27.269, "height": 1252.0 }, "geometry": { "type": "Point", "coordinates": [ 120.52, 27.269 ] } },
{ "type": "Feature", "properties": { "pt_id": " 16086", "trajectory_id": 16, "北京时间": "2026-05-18 04:00", "lon": 120.865, "lat": 27.249, "height": 1179.0 }, "geometry": { "type": "Point", "coordinates": [ 120.865, 27.249 ] } },
{ "type": "Feature", "properties": { "pt_id": " 16087", "trajectory_id": 16, "北京时间": "2026-05-18 03:00", "lon": 121.213, "lat": 27.205, "height": 1028.0 }, "geometry": { "type": "Point", "coordinates": [ 121.213, 27.205 ] } },
{ "type": "Feature", "properties": { "pt_id": " 16088", "trajectory_id": 16, "北京时间": "2026-05-18 02:00", "lon": 121.59, "lat": 27.121, "height": 951.0 }, "geometry": { "type": "Point", "coordinates": [ 121.59, 27.121 ] } },
{ "type": "Feature", "properties": { "pt_id": " 16089", "trajectory_id": 16, "北京时间": "2026-05-18 01:00", "lon": 121.992, "lat": 27.026, "height": 958.0 }, "geometry": { "type": "Point", "coordinates": [ 121.992, 27.026 ] } },
{ "type": "Feature", "properties": { "pt_id": " 16090", "trajectory_id": 16, "北京时间": "2026-05-18 00:00", "lon": 122.425, "lat": 26.94, "height": 987.0 }, "geometry": { "type": "Point", "coordinates": [ 122.425, 26.94 ] } },
{ "type": "Feature", "properties": { "pt_id": " 16091", "trajectory_id": 16, "北京时间": "2026-05-17 23:00", "lon": 122.876, "lat": 26.862, "height": 984.0 }, "geometry": { "type": "Point", "coordinates": [ 122.876, 26.862 ] } },
{ "type": "Feature", "properties": { "pt_id": " 16092", "trajectory_id": 16, "北京时间": "2026-05-17 22:00", "lon": 123.326, "lat": 26.799, "height": 1035.0 }, "geometry": { "type": "Point", "coordinates": [ 123.326, 26.799 ] } },
{ "type": "Feature", "properties": { "pt_id": " 16093", "trajectory_id": 16, "北京时间": "2026-05-17 21:00", "lon": 123.742, "lat": 26.738, "height": 1042.0 }, "geometry": { "type": "Point", "coordinates": [ 123.742, 26.738 ] } },
{ "type": "Feature", "properties": { "pt_id": " 16094", "trajectory_id": 16, "北京时间": "2026-05-17 20:00", "lon": 124.155, "lat": 26.681, "height": 992.0 }, "geometry": { "type": "Point", "coordinates": [ 124.155, 26.681 ] } },
{ "type": "Feature", "properties": { "pt_id": " 16095", "trajectory_id": 16, "北京时间": "2026-05-17 19:00", "lon": 124.542, "lat": 26.624, "height": 987.0 }, "geometry": { "type": "Point", "coordinates": [ 124.542, 26.624 ] } },
{ "type": "Feature", "properties": { "pt_id": " 16096", "trajectory_id": 16, "北京时间": "2026-05-17 18:00", "lon": 124.898, "lat": 26.578, "height": 960.0 }, "geometry": { "type": "Point", "coordinates": [ 124.898, 26.578 ] } },
{ "type": "Feature", "properties": { "pt_id": " 16097", "trajectory_id": 16, "北京时间": "2026-05-17 17:00", "lon": 125.244, "lat": 26.545, "height": 990.0 }, "geometry": { "type": "Point", "coordinates": [ 125.244, 26.545 ] } },
{ "type": "Feature", "properties": { "pt_id": " 16098", "trajectory_id": 16, "北京时间": "2026-05-17 16:00", "lon": 125.569, "lat": 26.525, "height": 1049.0 }, "geometry": { "type": "Point", "coordinates": [ 125.569, 26.525 ] } },
{ "type": "Feature", "properties": { "pt_id": " 16099", "trajectory_id": 16, "北京时间": "2026-05-17 15:00", "lon": 125.874, "lat": 26.522, "height": 1059.0 }, "geometry": { "type": "Point", "coordinates": [ 125.874, 26.522 ] } },
{ "type": "Feature", "properties": { "pt_id": " 16100", "trajectory_id": 16, "北京时间": "2026-05-17 14:00", "lon": 126.165, "lat": 26.533, "height": 1095.0 }, "geometry": { "type": "Point", "coordinates": [ 126.165, 26.533 ] } },
{ "type": "Feature", "properties": { "pt_id": " 16101", "trajectory_id": 16, "北京时间": "2026-05-17 13:00", "lon": 126.422, "lat": 26.567, "height": 1163.0 }, "geometry": { "type": "Point", "coordinates": [ 126.422, 26.567 ] } },
{ "type": "Feature", "properties": { "pt_id": " 16102", "trajectory_id": 16, "北京时间": "2026-05-17 12:00", "lon": 126.648, "lat": 26.616, "height": 1180.0 }, "geometry": { "type": "Point", "coordinates": [ 126.648, 26.616 ] } },
{ "type": "Feature", "properties": { "pt_id": " 16103", "trajectory_id": 16, "北京时间": "2026-05-17 11:00", "lon": 126.859, "lat": 26.674, "height": 1158.0 }, "geometry": { "type": "Point", "coordinates": [ 126.859, 26.674 ] } },
{ "type": "Feature", "properties": { "pt_id": " 16104", "trajectory_id": 16, "北京时间": "2026-05-17 10:00", "lon": 127.068, "lat": 26.72, "height": 1084.0 }, "geometry": { "type": "Point", "coordinates": [ 127.068, 26.72 ] } },
{ "type": "Feature", "properties": { "pt_id": " 16105", "trajectory_id": 16, "北京时间": "2026-05-17 09:00", "lon": 127.28, "lat": 26.747, "height": 1016.0 }, "geometry": { "type": "Point", "coordinates": [ 127.28, 26.747 ] } },
{ "type": "Feature", "properties": { "pt_id": " 16106", "trajectory_id": 16, "北京时间": "2026-05-17 08:00", "lon": 127.484, "lat": 26.769, "height": 1062.0 }, "geometry": { "type": "Point", "coordinates": [ 127.484, 26.769 ] } },
{ "type": "Feature", "properties": { "pt_id": " 16107", "trajectory_id": 16, "北京时间": "2026-05-17 07:00", "lon": 127.668, "lat": 26.781, "height": 1050.0 }, "geometry": { "type": "Point", "coordinates": [ 127.668, 26.781 ] } },
{ "type": "Feature", "properties": { "pt_id": " 16108", "trajectory_id": 16, "北京时间": "2026-05-17 06:00", "lon": 127.865, "lat": 26.773, "height": 917.0 }, "geometry": { "type": "Point", "coordinates": [ 127.865, 26.773 ] } },
{ "type": "Feature", "properties": { "pt_id": " 17000", "trajectory_id": 17, "北京时间": "2026-05-19 06:00", "lon": 113.942, "lat": 30.907, "height": 10.0 }, "geometry": { "type": "Point", "coordinates": [ 113.942, 30.907 ] } },
{ "type": "Feature", "properties": { "pt_id": " 17065", "trajectory_id": 17, "北京时间": "2026-05-19 05:00", "lon": 114.149, "lat": 30.717, "height": 10.0 }, "geometry": { "type": "Point", "coordinates": [ 114.149, 30.717 ] } },
{ "type": "Feature", "properties": { "pt_id": " 17066", "trajectory_id": 17, "北京时间": "2026-05-19 04:00", "lon": 114.365, "lat": 30.542, "height": 11.0 }, "geometry": { "type": "Point", "coordinates": [ 114.365, 30.542 ] } },
{ "type": "Feature", "properties": { "pt_id": " 17067", "trajectory_id": 17, "北京时间": "2026-05-19 03:00", "lon": 114.607, "lat": 30.375, "height": 14.0 }, "geometry": { "type": "Point", "coordinates": [ 114.607, 30.375 ] } },
{ "type": "Feature", "properties": { "pt_id": " 17068", "trajectory_id": 17, "北京时间": "2026-05-19 02:00", "lon": 114.874, "lat": 30.208, "height": 46.0 }, "geometry": { "type": "Point", "coordinates": [ 114.874, 30.208 ] } },
{ "type": "Feature", "properties": { "pt_id": " 17069", "trajectory_id": 17, "北京时间": "2026-05-19 01:00", "lon": 115.14, "lat": 30.033, "height": 78.0 }, "geometry": { "type": "Point", "coordinates": [ 115.14, 30.033 ] } },
{ "type": "Feature", "properties": { "pt_id": " 17070", "trajectory_id": 17, "北京时间": "2026-05-19 00:00", "lon": 115.359, "lat": 29.889, "height": 100.0 }, "geometry": { "type": "Point", "coordinates": [ 115.359, 29.889 ] } },
{ "type": "Feature", "properties": { "pt_id": " 17071", "trajectory_id": 17, "北京时间": "2026-05-18 23:00", "lon": 115.532, "lat": 29.772, "height": 148.0 }, "geometry": { "type": "Point", "coordinates": [ 115.532, 29.772 ] } },
{ "type": "Feature", "properties": { "pt_id": " 17072", "trajectory_id": 17, "北京时间": "2026-05-18 22:00", "lon": 115.656, "lat": 29.694, "height": 152.0 }, "geometry": { "type": "Point", "coordinates": [ 115.656, 29.694 ] } },
{ "type": "Feature", "properties": { "pt_id": " 17073", "trajectory_id": 17, "北京时间": "2026-05-18 21:00", "lon": 115.786, "lat": 29.65, "height": 114.0 }, "geometry": { "type": "Point", "coordinates": [ 115.786, 29.65 ] } },
{ "type": "Feature", "properties": { "pt_id": " 17074", "trajectory_id": 17, "北京时间": "2026-05-18 20:00", "lon": 115.911, "lat": 29.601, "height": 105.0 }, "geometry": { "type": "Point", "coordinates": [ 115.911, 29.601 ] } },
{ "type": "Feature", "properties": { "pt_id": " 17075", "trajectory_id": 17, "北京时间": "2026-05-18 19:00", "lon": 116.025, "lat": 29.539, "height": 128.0 }, "geometry": { "type": "Point", "coordinates": [ 116.025, 29.539 ] } },
{ "type": "Feature", "properties": { "pt_id": " 17076", "trajectory_id": 17, "北京时间": "2026-05-18 18:00", "lon": 116.175, "lat": 29.472, "height": 160.0 }, "geometry": { "type": "Point", "coordinates": [ 116.175, 29.472 ] } },
{ "type": "Feature", "properties": { "pt_id": " 17077", "trajectory_id": 17, "北京时间": "2026-05-18 17:00", "lon": 116.43, "lat": 29.392, "height": 183.0 }, "geometry": { "type": "Point", "coordinates": [ 116.43, 29.392 ] } },
{ "type": "Feature", "properties": { "pt_id": " 17078", "trajectory_id": 17, "北京时间": "2026-05-18 16:00", "lon": 116.726, "lat": 29.345, "height": 163.0 }, "geometry": { "type": "Point", "coordinates": [ 116.726, 29.345 ] } },
{ "type": "Feature", "properties": { "pt_id": " 17079", "trajectory_id": 17, "北京时间": "2026-05-18 15:00", "lon": 117.056, "lat": 29.316, "height": 241.0 }, "geometry": { "type": "Point", "coordinates": [ 117.056, 29.316 ] } },
{ "type": "Feature", "properties": { "pt_id": " 17080", "trajectory_id": 17, "北京时间": "2026-05-18 14:00", "lon": 117.44, "lat": 29.272, "height": 335.0 }, "geometry": { "type": "Point", "coordinates": [ 117.44, 29.272 ] } },
{ "type": "Feature", "properties": { "pt_id": " 17081", "trajectory_id": 17, "北京时间": "2026-05-18 13:00", "lon": 117.865, "lat": 29.215, "height": 452.0 }, "geometry": { "type": "Point", "coordinates": [ 117.865, 29.215 ] } },
{ "type": "Feature", "properties": { "pt_id": " 17082", "trajectory_id": 17, "北京时间": "2026-05-18 12:00", "lon": 118.186, "lat": 29.144, "height": 702.0 }, "geometry": { "type": "Point", "coordinates": [ 118.186, 29.144 ] } },
{ "type": "Feature", "properties": { "pt_id": " 17083", "trajectory_id": 17, "北京时间": "2026-05-18 11:00", "lon": 118.476, "lat": 29.088, "height": 686.0 }, "geometry": { "type": "Point", "coordinates": [ 118.476, 29.088 ] } },
{ "type": "Feature", "properties": { "pt_id": " 17084", "trajectory_id": 17, "北京时间": "2026-05-18 10:00", "lon": 118.761, "lat": 29.058, "height": 759.0 }, "geometry": { "type": "Point", "coordinates": [ 118.761, 29.058 ] } },
{ "type": "Feature", "properties": { "pt_id": " 17085", "trajectory_id": 17, "北京时间": "2026-05-18 09:00", "lon": 119.022, "lat": 28.98, "height": 859.0 }, "geometry": { "type": "Point", "coordinates": [ 119.022, 28.98 ] } },
{ "type": "Feature", "properties": { "pt_id": " 17086", "trajectory_id": 17, "北京时间": "2026-05-18 08:00", "lon": 119.244, "lat": 28.779, "height": 1057.0 }, "geometry": { "type": "Point", "coordinates": [ 119.244, 28.779 ] } },
{ "type": "Feature", "properties": { "pt_id": " 17087", "trajectory_id": 17, "北京时间": "2026-05-18 07:00", "lon": 119.455, "lat": 28.493, "height": 1303.0 }, "geometry": { "type": "Point", "coordinates": [ 119.455, 28.493 ] } },
{ "type": "Feature", "properties": { "pt_id": " 17088", "trajectory_id": 17, "北京时间": "2026-05-18 06:00", "lon": 119.694, "lat": 28.238, "height": 1424.0 }, "geometry": { "type": "Point", "coordinates": [ 119.694, 28.238 ] } },
{ "type": "Feature", "properties": { "pt_id": " 17089", "trajectory_id": 17, "北京时间": "2026-05-18 05:00", "lon": 119.928, "lat": 28.01, "height": 1522.0 }, "geometry": { "type": "Point", "coordinates": [ 119.928, 28.01 ] } },
{ "type": "Feature", "properties": { "pt_id": " 17090", "trajectory_id": 17, "北京时间": "2026-05-18 04:00", "lon": 120.182, "lat": 27.833, "height": 1575.0 }, "geometry": { "type": "Point", "coordinates": [ 120.182, 27.833 ] } },
{ "type": "Feature", "properties": { "pt_id": " 17091", "trajectory_id": 17, "北京时间": "2026-05-18 03:00", "lon": 120.534, "lat": 27.723, "height": 1517.0 }, "geometry": { "type": "Point", "coordinates": [ 120.534, 27.723 ] } },
{ "type": "Feature", "properties": { "pt_id": " 17092", "trajectory_id": 17, "北京时间": "2026-05-18 02:00", "lon": 120.928, "lat": 27.671, "height": 1266.0 }, "geometry": { "type": "Point", "coordinates": [ 120.928, 27.671 ] } },
{ "type": "Feature", "properties": { "pt_id": " 17093", "trajectory_id": 17, "北京时间": "2026-05-18 01:00", "lon": 121.345, "lat": 27.61, "height": 1123.0 }, "geometry": { "type": "Point", "coordinates": [ 121.345, 27.61 ] } },
{ "type": "Feature", "properties": { "pt_id": " 17094", "trajectory_id": 17, "北京时间": "2026-05-18 00:00", "lon": 121.8, "lat": 27.551, "height": 1039.0 }, "geometry": { "type": "Point", "coordinates": [ 121.8, 27.551 ] } },
{ "type": "Feature", "properties": { "pt_id": " 17095", "trajectory_id": 17, "北京时间": "2026-05-17 23:00", "lon": 122.226, "lat": 27.482, "height": 974.0 }, "geometry": { "type": "Point", "coordinates": [ 122.226, 27.482 ] } },
{ "type": "Feature", "properties": { "pt_id": " 17096", "trajectory_id": 17, "北京时间": "2026-05-17 22:00", "lon": 122.649, "lat": 27.373, "height": 934.0 }, "geometry": { "type": "Point", "coordinates": [ 122.649, 27.373 ] } },
{ "type": "Feature", "properties": { "pt_id": " 17097", "trajectory_id": 17, "北京时间": "2026-05-17 21:00", "lon": 123.086, "lat": 27.261, "height": 844.0 }, "geometry": { "type": "Point", "coordinates": [ 123.086, 27.261 ] } },
{ "type": "Feature", "properties": { "pt_id": " 17098", "trajectory_id": 17, "北京时间": "2026-05-17 20:00", "lon": 123.505, "lat": 27.141, "height": 847.0 }, "geometry": { "type": "Point", "coordinates": [ 123.505, 27.141 ] } },
{ "type": "Feature", "properties": { "pt_id": " 17099", "trajectory_id": 17, "北京时间": "2026-05-17 19:00", "lon": 123.902, "lat": 27.037, "height": 796.0 }, "geometry": { "type": "Point", "coordinates": [ 123.902, 27.037 ] } },
{ "type": "Feature", "properties": { "pt_id": " 17100", "trajectory_id": 17, "北京时间": "2026-05-17 18:00", "lon": 124.26, "lat": 26.941, "height": 777.0 }, "geometry": { "type": "Point", "coordinates": [ 124.26, 26.941 ] } },
{ "type": "Feature", "properties": { "pt_id": " 17101", "trajectory_id": 17, "北京时间": "2026-05-17 17:00", "lon": 124.576, "lat": 26.868, "height": 751.0 }, "geometry": { "type": "Point", "coordinates": [ 124.576, 26.868 ] } },
{ "type": "Feature", "properties": { "pt_id": " 17102", "trajectory_id": 17, "北京时间": "2026-05-17 16:00", "lon": 124.87, "lat": 26.834, "height": 701.0 }, "geometry": { "type": "Point", "coordinates": [ 124.87, 26.834 ] } },
{ "type": "Feature", "properties": { "pt_id": " 17103", "trajectory_id": 17, "北京时间": "2026-05-17 15:00", "lon": 125.15, "lat": 26.841, "height": 739.0 }, "geometry": { "type": "Point", "coordinates": [ 125.15, 26.841 ] } },
{ "type": "Feature", "properties": { "pt_id": " 17104", "trajectory_id": 17, "北京时间": "2026-05-17 14:00", "lon": 125.391, "lat": 26.871, "height": 824.0 }, "geometry": { "type": "Point", "coordinates": [ 125.391, 26.871 ] } },
{ "type": "Feature", "properties": { "pt_id": " 17105", "trajectory_id": 17, "北京时间": "2026-05-17 13:00", "lon": 125.601, "lat": 26.906, "height": 867.0 }, "geometry": { "type": "Point", "coordinates": [ 125.601, 26.906 ] } },
{ "type": "Feature", "properties": { "pt_id": " 17106", "trajectory_id": 17, "北京时间": "2026-05-17 12:00", "lon": 125.792, "lat": 26.937, "height": 899.0 }, "geometry": { "type": "Point", "coordinates": [ 125.792, 26.937 ] } },
{ "type": "Feature", "properties": { "pt_id": " 17107", "trajectory_id": 17, "北京时间": "2026-05-17 11:00", "lon": 125.966, "lat": 26.947, "height": 937.0 }, "geometry": { "type": "Point", "coordinates": [ 125.966, 26.947 ] } },
{ "type": "Feature", "properties": { "pt_id": " 17108", "trajectory_id": 17, "北京时间": "2026-05-17 10:00", "lon": 126.128, "lat": 26.924, "height": 951.0 }, "geometry": { "type": "Point", "coordinates": [ 126.128, 26.924 ] } },
{ "type": "Feature", "properties": { "pt_id": " 17109", "trajectory_id": 17, "北京时间": "2026-05-17 09:00", "lon": 126.289, "lat": 26.872, "height": 907.0 }, "geometry": { "type": "Point", "coordinates": [ 126.289, 26.872 ] } },
{ "type": "Feature", "properties": { "pt_id": " 17110", "trajectory_id": 17, "北京时间": "2026-05-17 08:00", "lon": 126.449, "lat": 26.802, "height": 871.0 }, "geometry": { "type": "Point", "coordinates": [ 126.449, 26.802 ] } },
{ "type": "Feature", "properties": { "pt_id": " 17111", "trajectory_id": 17, "北京时间": "2026-05-17 07:00", "lon": 126.597, "lat": 26.734, "height": 864.0 }, "geometry": { "type": "Point", "coordinates": [ 126.597, 26.734 ] } },
{ "type": "Feature", "properties": { "pt_id": " 17112", "trajectory_id": 17, "北京时间": "2026-05-17 06:00", "lon": 126.735, "lat": 26.672, "height": 859.0 }, "geometry": { "type": "Point", "coordinates": [ 126.735, 26.672 ] } },
{ "type": "Feature", "properties": { "pt_id": " 18000", "trajectory_id": 18, "北京时间": "2026-05-19 06:00", "lon": 113.942, "lat": 30.907, "height": 10.0 }, "geometry": { "type": "Point", "coordinates": [ 113.942, 30.907 ] } },
{ "type": "Feature", "properties": { "pt_id": " 18069", "trajectory_id": 18, "北京时间": "2026-05-19 05:00", "lon": 114.182, "lat": 30.785, "height": 10.0 }, "geometry": { "type": "Point", "coordinates": [ 114.182, 30.785 ] } },
{ "type": "Feature", "properties": { "pt_id": " 18070", "trajectory_id": 18, "北京时间": "2026-05-19 04:00", "lon": 114.442, "lat": 30.676, "height": 10.0 }, "geometry": { "type": "Point", "coordinates": [ 114.442, 30.676 ] } },
{ "type": "Feature", "properties": { "pt_id": " 18071", "trajectory_id": 18, "北京时间": "2026-05-19 03:00", "lon": 114.689, "lat": 30.584, "height": 10.0 }, "geometry": { "type": "Point", "coordinates": [ 114.689, 30.584 ] } },
{ "type": "Feature", "properties": { "pt_id": " 18072", "trajectory_id": 18, "北京时间": "2026-05-19 02:00", "lon": 114.907, "lat": 30.513, "height": 11.0 }, "geometry": { "type": "Point", "coordinates": [ 114.907, 30.513 ] } },
{ "type": "Feature", "properties": { "pt_id": " 18073", "trajectory_id": 18, "北京时间": "2026-05-19 01:00", "lon": 115.069, "lat": 30.482, "height": 12.0 }, "geometry": { "type": "Point", "coordinates": [ 115.069, 30.482 ] } },
{ "type": "Feature", "properties": { "pt_id": " 18074", "trajectory_id": 18, "北京时间": "2026-05-19 00:00", "lon": 115.194, "lat": 30.469, "height": 12.0 }, "geometry": { "type": "Point", "coordinates": [ 115.194, 30.469 ] } },
{ "type": "Feature", "properties": { "pt_id": " 18075", "trajectory_id": 18, "北京时间": "2026-05-18 23:00", "lon": 115.301, "lat": 30.449, "height": 19.0 }, "geometry": { "type": "Point", "coordinates": [ 115.301, 30.449 ] } },
{ "type": "Feature", "properties": { "pt_id": " 18076", "trajectory_id": 18, "北京时间": "2026-05-18 22:00", "lon": 115.411, "lat": 30.418, "height": 49.0 }, "geometry": { "type": "Point", "coordinates": [ 115.411, 30.418 ] } },
{ "type": "Feature", "properties": { "pt_id": " 18077", "trajectory_id": 18, "北京时间": "2026-05-18 21:00", "lon": 115.532, "lat": 30.384, "height": 94.0 }, "geometry": { "type": "Point", "coordinates": [ 115.532, 30.384 ] } },
{ "type": "Feature", "properties": { "pt_id": " 18078", "trajectory_id": 18, "北京时间": "2026-05-18 20:00", "lon": 115.667, "lat": 30.345, "height": 148.0 }, "geometry": { "type": "Point", "coordinates": [ 115.667, 30.345 ] } },
{ "type": "Feature", "properties": { "pt_id": " 18079", "trajectory_id": 18, "北京时间": "2026-05-18 19:00", "lon": 115.806, "lat": 30.31, "height": 210.0 }, "geometry": { "type": "Point", "coordinates": [ 115.806, 30.31 ] } },
{ "type": "Feature", "properties": { "pt_id": " 18080", "trajectory_id": 18, "北京时间": "2026-05-18 18:00", "lon": 115.955, "lat": 30.305, "height": 223.0 }, "geometry": { "type": "Point", "coordinates": [ 115.955, 30.305 ] } },
{ "type": "Feature", "properties": { "pt_id": " 18081", "trajectory_id": 18, "北京时间": "2026-05-18 17:00", "lon": 116.106, "lat": 30.334, "height": 189.0 }, "geometry": { "type": "Point", "coordinates": [ 116.106, 30.334 ] } },
{ "type": "Feature", "properties": { "pt_id": " 18082", "trajectory_id": 18, "北京时间": "2026-05-18 16:00", "lon": 116.241, "lat": 30.386, "height": 168.0 }, "geometry": { "type": "Point", "coordinates": [ 116.241, 30.386 ] } },
{ "type": "Feature", "properties": { "pt_id": " 18083", "trajectory_id": 18, "北京时间": "2026-05-18 15:00", "lon": 116.377, "lat": 30.459, "height": 150.0 }, "geometry": { "type": "Point", "coordinates": [ 116.377, 30.459 ] } },
{ "type": "Feature", "properties": { "pt_id": " 18084", "trajectory_id": 18, "北京时间": "2026-05-18 14:00", "lon": 116.527, "lat": 30.543, "height": 111.0 }, "geometry": { "type": "Point", "coordinates": [ 116.527, 30.543 ] } },
{ "type": "Feature", "properties": { "pt_id": " 18085", "trajectory_id": 18, "北京时间": "2026-05-18 13:00", "lon": 116.661, "lat": 30.587, "height": 82.0 }, "geometry": { "type": "Point", "coordinates": [ 116.661, 30.587 ] } },
{ "type": "Feature", "properties": { "pt_id": " 18086", "trajectory_id": 18, "北京时间": "2026-05-18 12:00", "lon": 116.801, "lat": 30.597, "height": 57.0 }, "geometry": { "type": "Point", "coordinates": [ 116.801, 30.597 ] } },
{ "type": "Feature", "properties": { "pt_id": " 18087", "trajectory_id": 18, "北京时间": "2026-05-18 11:00", "lon": 116.947, "lat": 30.605, "height": 42.0 }, "geometry": { "type": "Point", "coordinates": [ 116.947, 30.605 ] } },
{ "type": "Feature", "properties": { "pt_id": " 18088", "trajectory_id": 18, "北京时间": "2026-05-18 10:00", "lon": 117.072, "lat": 30.626, "height": 42.0 }, "geometry": { "type": "Point", "coordinates": [ 117.072, 30.626 ] } },
{ "type": "Feature", "properties": { "pt_id": " 18089", "trajectory_id": 18, "北京时间": "2026-05-18 09:00", "lon": 117.182, "lat": 30.652, "height": 44.0 }, "geometry": { "type": "Point", "coordinates": [ 117.182, 30.652 ] } },
{ "type": "Feature", "properties": { "pt_id": " 18090", "trajectory_id": 18, "北京时间": "2026-05-18 08:00", "lon": 117.288, "lat": 30.676, "height": 45.0 }, "geometry": { "type": "Point", "coordinates": [ 117.288, 30.676 ] } },
{ "type": "Feature", "properties": { "pt_id": " 18091", "trajectory_id": 18, "北京时间": "2026-05-18 07:00", "lon": 117.396, "lat": 30.707, "height": 45.0 }, "geometry": { "type": "Point", "coordinates": [ 117.396, 30.707 ] } },
{ "type": "Feature", "properties": { "pt_id": " 18092", "trajectory_id": 18, "北京时间": "2026-05-18 06:00", "lon": 117.52, "lat": 30.738, "height": 47.0 }, "geometry": { "type": "Point", "coordinates": [ 117.52, 30.738 ] } },
{ "type": "Feature", "properties": { "pt_id": " 18093", "trajectory_id": 18, "北京时间": "2026-05-18 05:00", "lon": 117.667, "lat": 30.75, "height": 60.0 }, "geometry": { "type": "Point", "coordinates": [ 117.667, 30.75 ] } },
{ "type": "Feature", "properties": { "pt_id": " 18094", "trajectory_id": 18, "北京时间": "2026-05-18 04:00", "lon": 117.818, "lat": 30.735, "height": 80.0 }, "geometry": { "type": "Point", "coordinates": [ 117.818, 30.735 ] } },
{ "type": "Feature", "properties": { "pt_id": " 18095", "trajectory_id": 18, "北京时间": "2026-05-18 03:00", "lon": 117.962, "lat": 30.719, "height": 101.0 }, "geometry": { "type": "Point", "coordinates": [ 117.962, 30.719 ] } },
{ "type": "Feature", "properties": { "pt_id": " 18096", "trajectory_id": 18, "北京时间": "2026-05-18 02:00", "lon": 118.095, "lat": 30.697, "height": 123.0 }, "geometry": { "type": "Point", "coordinates": [ 118.095, 30.697 ] } },
{ "type": "Feature", "properties": { "pt_id": " 18097", "trajectory_id": 18, "北京时间": "2026-05-18 01:00", "lon": 118.209, "lat": 30.666, "height": 132.0 }, "geometry": { "type": "Point", "coordinates": [ 118.209, 30.666 ] } },
{ "type": "Feature", "properties": { "pt_id": " 18098", "trajectory_id": 18, "北京时间": "2026-05-18 00:00", "lon": 118.307, "lat": 30.624, "height": 144.0 }, "geometry": { "type": "Point", "coordinates": [ 118.307, 30.624 ] } },
{ "type": "Feature", "properties": { "pt_id": " 18099", "trajectory_id": 18, "北京时间": "2026-05-17 23:00", "lon": 118.391, "lat": 30.562, "height": 188.0 }, "geometry": { "type": "Point", "coordinates": [ 118.391, 30.562 ] } },
{ "type": "Feature", "properties": { "pt_id": " 18100", "trajectory_id": 18, "北京时间": "2026-05-17 22:00", "lon": 118.455, "lat": 30.479, "height": 258.0 }, "geometry": { "type": "Point", "coordinates": [ 118.455, 30.479 ] } },
{ "type": "Feature", "properties": { "pt_id": " 18101", "trajectory_id": 18, "北京时间": "2026-05-17 21:00", "lon": 118.514, "lat": 30.384, "height": 324.0 }, "geometry": { "type": "Point", "coordinates": [ 118.514, 30.384 ] } },
{ "type": "Feature", "properties": { "pt_id": " 18102", "trajectory_id": 18, "北京时间": "2026-05-17 20:00", "lon": 118.587, "lat": 30.274, "height": 367.0 }, "geometry": { "type": "Point", "coordinates": [ 118.587, 30.274 ] } },
{ "type": "Feature", "properties": { "pt_id": " 18103", "trajectory_id": 18, "北京时间": "2026-05-17 19:00", "lon": 118.687, "lat": 30.169, "height": 394.0 }, "geometry": { "type": "Point", "coordinates": [ 118.687, 30.169 ] } },
{ "type": "Feature", "properties": { "pt_id": " 18104", "trajectory_id": 18, "北京时间": "2026-05-17 18:00", "lon": 118.855, "lat": 30.08, "height": 486.0 }, "geometry": { "type": "Point", "coordinates": [ 118.855, 30.08 ] } },
{ "type": "Feature", "properties": { "pt_id": " 18105", "trajectory_id": 18, "北京时间": "2026-05-17 17:00", "lon": 119.11, "lat": 29.972, "height": 489.0 }, "geometry": { "type": "Point", "coordinates": [ 119.11, 29.972 ] } },
{ "type": "Feature", "properties": { "pt_id": " 18106", "trajectory_id": 18, "北京时间": "2026-05-17 16:00", "lon": 119.389, "lat": 29.832, "height": 433.0 }, "geometry": { "type": "Point", "coordinates": [ 119.389, 29.832 ] } },
{ "type": "Feature", "properties": { "pt_id": " 18107", "trajectory_id": 18, "北京时间": "2026-05-17 15:00", "lon": 119.61, "lat": 29.717, "height": 371.0 }, "geometry": { "type": "Point", "coordinates": [ 119.61, 29.717 ] } },
{ "type": "Feature", "properties": { "pt_id": " 18108", "trajectory_id": 18, "北京时间": "2026-05-17 14:00", "lon": 119.851, "lat": 29.626, "height": 392.0 }, "geometry": { "type": "Point", "coordinates": [ 119.851, 29.626 ] } },
{ "type": "Feature", "properties": { "pt_id": " 18109", "trajectory_id": 18, "北京时间": "2026-05-17 13:00", "lon": 120.121, "lat": 29.545, "height": 342.0 }, "geometry": { "type": "Point", "coordinates": [ 120.121, 29.545 ] } },
{ "type": "Feature", "properties": { "pt_id": " 18110", "trajectory_id": 18, "北京时间": "2026-05-17 12:00", "lon": 120.403, "lat": 29.466, "height": 423.0 }, "geometry": { "type": "Point", "coordinates": [ 120.403, 29.466 ] } },
{ "type": "Feature", "properties": { "pt_id": " 18111", "trajectory_id": 18, "北京时间": "2026-05-17 11:00", "lon": 120.764, "lat": 29.381, "height": 425.0 }, "geometry": { "type": "Point", "coordinates": [ 120.764, 29.381 ] } },
{ "type": "Feature", "properties": { "pt_id": " 18112", "trajectory_id": 18, "北京时间": "2026-05-17 10:00", "lon": 121.06, "lat": 29.311, "height": 413.0 }, "geometry": { "type": "Point", "coordinates": [ 121.06, 29.311 ] } },
{ "type": "Feature", "properties": { "pt_id": " 18113", "trajectory_id": 18, "北京时间": "2026-05-17 09:00", "lon": 121.283, "lat": 29.201, "height": 442.0 }, "geometry": { "type": "Point", "coordinates": [ 121.283, 29.201 ] } },
{ "type": "Feature", "properties": { "pt_id": " 18114", "trajectory_id": 18, "北京时间": "2026-05-17 08:00", "lon": 121.461, "lat": 29.078, "height": 365.0 }, "geometry": { "type": "Point", "coordinates": [ 121.461, 29.078 ] } },
{ "type": "Feature", "properties": { "pt_id": " 18115", "trajectory_id": 18, "北京时间": "2026-05-17 07:00", "lon": 121.632, "lat": 28.974, "height": 239.0 }, "geometry": { "type": "Point", "coordinates": [ 121.632, 28.974 ] } },
{ "type": "Feature", "properties": { "pt_id": " 18116", "trajectory_id": 18, "北京时间": "2026-05-17 06:00", "lon": 121.766, "lat": 28.888, "height": 131.0 }, "geometry": { "type": "Point", "coordinates": [ 121.766, 28.888 ] } },
{ "type": "Feature", "properties": { "pt_id": " 19000", "trajectory_id": 19, "北京时间": "2026-05-19 06:00", "lon": 113.942, "lat": 30.907, "height": 10.0 }, "geometry": { "type": "Point", "coordinates": [ 113.942, 30.907 ] } },
{ "type": "Feature", "properties": { "pt_id": " 19073", "trajectory_id": 19, "北京时间": "2026-05-19 05:00", "lon": 114.133, "lat": 30.879, "height": 10.0 }, "geometry": { "type": "Point", "coordinates": [ 114.133, 30.879 ] } },
{ "type": "Feature", "properties": { "pt_id": " 19074", "trajectory_id": 19, "北京时间": "2026-05-19 04:00", "lon": 114.305, "lat": 30.865, "height": 11.0 }, "geometry": { "type": "Point", "coordinates": [ 114.305, 30.865 ] } },
{ "type": "Feature", "properties": { "pt_id": " 19075", "trajectory_id": 19, "北京时间": "2026-05-19 03:00", "lon": 114.452, "lat": 30.844, "height": 11.0 }, "geometry": { "type": "Point", "coordinates": [ 114.452, 30.844 ] } },
{ "type": "Feature", "properties": { "pt_id": " 19076", "trajectory_id": 19, "北京时间": "2026-05-19 02:00", "lon": 114.579, "lat": 30.802, "height": 12.0 }, "geometry": { "type": "Point", "coordinates": [ 114.579, 30.802 ] } },
{ "type": "Feature", "properties": { "pt_id": " 19077", "trajectory_id": 19, "北京时间": "2026-05-19 01:00", "lon": 114.7, "lat": 30.749, "height": 12.0 }, "geometry": { "type": "Point", "coordinates": [ 114.7, 30.749 ] } },
{ "type": "Feature", "properties": { "pt_id": " 19078", "trajectory_id": 19, "北京时间": "2026-05-19 00:00", "lon": 114.817, "lat": 30.705, "height": 14.0 }, "geometry": { "type": "Point", "coordinates": [ 114.817, 30.705 ] } },
{ "type": "Feature", "properties": { "pt_id": " 19079", "trajectory_id": 19, "北京时间": "2026-05-18 23:00", "lon": 114.937, "lat": 30.679, "height": 31.0 }, "geometry": { "type": "Point", "coordinates": [ 114.937, 30.679 ] } },
{ "type": "Feature", "properties": { "pt_id": " 19080", "trajectory_id": 19, "北京时间": "2026-05-18 22:00", "lon": 115.067, "lat": 30.662, "height": 66.0 }, "geometry": { "type": "Point", "coordinates": [ 115.067, 30.662 ] } },
{ "type": "Feature", "properties": { "pt_id": " 19081", "trajectory_id": 19, "北京时间": "2026-05-18 21:00", "lon": 115.202, "lat": 30.652, "height": 94.0 }, "geometry": { "type": "Point", "coordinates": [ 115.202, 30.652 ] } },
{ "type": "Feature", "properties": { "pt_id": " 19082", "trajectory_id": 19, "北京时间": "2026-05-18 20:00", "lon": 115.346, "lat": 30.654, "height": 117.0 }, "geometry": { "type": "Point", "coordinates": [ 115.346, 30.654 ] } },
{ "type": "Feature", "properties": { "pt_id": " 19083", "trajectory_id": 19, "北京时间": "2026-05-18 19:00", "lon": 115.513, "lat": 30.645, "height": 192.0 }, "geometry": { "type": "Point", "coordinates": [ 115.513, 30.645 ] } },
{ "type": "Feature", "properties": { "pt_id": " 19084", "trajectory_id": 19, "北京时间": "2026-05-18 18:00", "lon": 115.687, "lat": 30.607, "height": 294.0 }, "geometry": { "type": "Point", "coordinates": [ 115.687, 30.607 ] } },
{ "type": "Feature", "properties": { "pt_id": " 19085", "trajectory_id": 19, "北京时间": "2026-05-18 17:00", "lon": 115.858, "lat": 30.563, "height": 413.0 }, "geometry": { "type": "Point", "coordinates": [ 115.858, 30.563 ] } },
{ "type": "Feature", "properties": { "pt_id": " 19086", "trajectory_id": 19, "北京时间": "2026-05-18 16:00", "lon": 116.03, "lat": 30.521, "height": 479.0 }, "geometry": { "type": "Point", "coordinates": [ 116.03, 30.521 ] } },
{ "type": "Feature", "properties": { "pt_id": " 19087", "trajectory_id": 19, "北京时间": "2026-05-18 15:00", "lon": 116.204, "lat": 30.496, "height": 484.0 }, "geometry": { "type": "Point", "coordinates": [ 116.204, 30.496 ] } },
{ "type": "Feature", "properties": { "pt_id": " 19088", "trajectory_id": 19, "北京时间": "2026-05-18 14:00", "lon": 116.373, "lat": 30.49, "height": 427.0 }, "geometry": { "type": "Point", "coordinates": [ 116.373, 30.49 ] } },
{ "type": "Feature", "properties": { "pt_id": " 19089", "trajectory_id": 19, "北京时间": "2026-05-18 13:00", "lon": 116.528, "lat": 30.508, "height": 366.0 }, "geometry": { "type": "Point", "coordinates": [ 116.528, 30.508 ] } },
{ "type": "Feature", "properties": { "pt_id": " 19090", "trajectory_id": 19, "北京时间": "2026-05-18 12:00", "lon": 116.668, "lat": 30.546, "height": 336.0 }, "geometry": { "type": "Point", "coordinates": [ 116.668, 30.546 ] } },
{ "type": "Feature", "properties": { "pt_id": " 19091", "trajectory_id": 19, "北京时间": "2026-05-18 11:00", "lon": 116.793, "lat": 30.594, "height": 346.0 }, "geometry": { "type": "Point", "coordinates": [ 116.793, 30.594 ] } },
{ "type": "Feature", "properties": { "pt_id": " 19092", "trajectory_id": 19, "北京时间": "2026-05-18 10:00", "lon": 116.911, "lat": 30.644, "height": 363.0 }, "geometry": { "type": "Point", "coordinates": [ 116.911, 30.644 ] } },
{ "type": "Feature", "properties": { "pt_id": " 19093", "trajectory_id": 19, "北京时间": "2026-05-18 09:00", "lon": 117.023, "lat": 30.683, "height": 364.0 }, "geometry": { "type": "Point", "coordinates": [ 117.023, 30.683 ] } },
{ "type": "Feature", "properties": { "pt_id": " 19094", "trajectory_id": 19, "北京时间": "2026-05-18 08:00", "lon": 117.137, "lat": 30.712, "height": 358.0 }, "geometry": { "type": "Point", "coordinates": [ 117.137, 30.712 ] } },
{ "type": "Feature", "properties": { "pt_id": " 19095", "trajectory_id": 19, "北京时间": "2026-05-18 07:00", "lon": 117.256, "lat": 30.736, "height": 348.0 }, "geometry": { "type": "Point", "coordinates": [ 117.256, 30.736 ] } },
{ "type": "Feature", "properties": { "pt_id": " 19096", "trajectory_id": 19, "北京时间": "2026-05-18 06:00", "lon": 117.379, "lat": 30.747, "height": 327.0 }, "geometry": { "type": "Point", "coordinates": [ 117.379, 30.747 ] } },
{ "type": "Feature", "properties": { "pt_id": " 19097", "trajectory_id": 19, "北京时间": "2026-05-18 05:00", "lon": 117.504, "lat": 30.746, "height": 293.0 }, "geometry": { "type": "Point", "coordinates": [ 117.504, 30.746 ] } },
{ "type": "Feature", "properties": { "pt_id": " 19098", "trajectory_id": 19, "北京时间": "2026-05-18 04:00", "lon": 117.634, "lat": 30.729, "height": 259.0 }, "geometry": { "type": "Point", "coordinates": [ 117.634, 30.729 ] } },
{ "type": "Feature", "properties": { "pt_id": " 19099", "trajectory_id": 19, "北京时间": "2026-05-18 03:00", "lon": 117.755, "lat": 30.672, "height": 245.0 }, "geometry": { "type": "Point", "coordinates": [ 117.755, 30.672 ] } },
{ "type": "Feature", "properties": { "pt_id": " 19100", "trajectory_id": 19, "北京时间": "2026-05-18 02:00", "lon": 117.849, "lat": 30.583, "height": 269.0 }, "geometry": { "type": "Point", "coordinates": [ 117.849, 30.583 ] } },
{ "type": "Feature", "properties": { "pt_id": " 19101", "trajectory_id": 19, "北京时间": "2026-05-18 01:00", "lon": 117.919, "lat": 30.492, "height": 324.0 }, "geometry": { "type": "Point", "coordinates": [ 117.919, 30.492 ] } },
{ "type": "Feature", "properties": { "pt_id": " 19102", "trajectory_id": 19, "北京时间": "2026-05-18 00:00", "lon": 117.989, "lat": 30.401, "height": 346.0 }, "geometry": { "type": "Point", "coordinates": [ 117.989, 30.401 ] } },
{ "type": "Feature", "properties": { "pt_id": " 19103", "trajectory_id": 19, "北京时间": "2026-05-17 23:00", "lon": 118.062, "lat": 30.311, "height": 337.0 }, "geometry": { "type": "Point", "coordinates": [ 118.062, 30.311 ] } },
{ "type": "Feature", "properties": { "pt_id": " 19104", "trajectory_id": 19, "北京时间": "2026-05-17 22:00", "lon": 118.149, "lat": 30.214, "height": 383.0 }, "geometry": { "type": "Point", "coordinates": [ 118.149, 30.214 ] } },
{ "type": "Feature", "properties": { "pt_id": " 19105", "trajectory_id": 19, "北京时间": "2026-05-17 21:00", "lon": 118.331, "lat": 30.098, "height": 540.0 }, "geometry": { "type": "Point", "coordinates": [ 118.331, 30.098 ] } },
{ "type": "Feature", "properties": { "pt_id": " 19106", "trajectory_id": 19, "北京时间": "2026-05-17 20:00", "lon": 118.638, "lat": 29.986, "height": 638.0 }, "geometry": { "type": "Point", "coordinates": [ 118.638, 29.986 ] } },
{ "type": "Feature", "properties": { "pt_id": " 19107", "trajectory_id": 19, "北京时间": "2026-05-17 19:00", "lon": 118.998, "lat": 29.888, "height": 730.0 }, "geometry": { "type": "Point", "coordinates": [ 118.998, 29.888 ] } },
{ "type": "Feature", "properties": { "pt_id": " 19108", "trajectory_id": 19, "北京时间": "2026-05-17 18:00", "lon": 119.355, "lat": 29.792, "height": 659.0 }, "geometry": { "type": "Point", "coordinates": [ 119.355, 29.792 ] } },
{ "type": "Feature", "properties": { "pt_id": " 19109", "trajectory_id": 19, "北京时间": "2026-05-17 17:00", "lon": 119.69, "lat": 29.711, "height": 603.0 }, "geometry": { "type": "Point", "coordinates": [ 119.69, 29.711 ] } },
{ "type": "Feature", "properties": { "pt_id": " 19110", "trajectory_id": 19, "北京时间": "2026-05-17 16:00", "lon": 120.102, "lat": 29.581, "height": 641.0 }, "geometry": { "type": "Point", "coordinates": [ 120.102, 29.581 ] } },
{ "type": "Feature", "properties": { "pt_id": " 19111", "trajectory_id": 19, "北京时间": "2026-05-17 15:00", "lon": 120.582, "lat": 29.437, "height": 814.0 }, "geometry": { "type": "Point", "coordinates": [ 120.582, 29.437 ] } },
{ "type": "Feature", "properties": { "pt_id": " 19112", "trajectory_id": 19, "北京时间": "2026-05-17 14:00", "lon": 120.997, "lat": 29.267, "height": 745.0 }, "geometry": { "type": "Point", "coordinates": [ 120.997, 29.267 ] } },
{ "type": "Feature", "properties": { "pt_id": " 19113", "trajectory_id": 19, "北京时间": "2026-05-17 13:00", "lon": 121.305, "lat": 29.08, "height": 735.0 }, "geometry": { "type": "Point", "coordinates": [ 121.305, 29.08 ] } },
{ "type": "Feature", "properties": { "pt_id": " 19114", "trajectory_id": 19, "北京时间": "2026-05-17 12:00", "lon": 121.558, "lat": 28.875, "height": 684.0 }, "geometry": { "type": "Point", "coordinates": [ 121.558, 28.875 ] } },
{ "type": "Feature", "properties": { "pt_id": " 19115", "trajectory_id": 19, "北京时间": "2026-05-17 11:00", "lon": 121.765, "lat": 28.649, "height": 576.0 }, "geometry": { "type": "Point", "coordinates": [ 121.765, 28.649 ] } },
{ "type": "Feature", "properties": { "pt_id": " 19116", "trajectory_id": 19, "北京时间": "2026-05-17 10:00", "lon": 121.935, "lat": 28.406, "height": 607.0 }, "geometry": { "type": "Point", "coordinates": [ 121.935, 28.406 ] } },
{ "type": "Feature", "properties": { "pt_id": " 19117", "trajectory_id": 19, "北京时间": "2026-05-17 09:00", "lon": 122.105, "lat": 28.207, "height": 762.0 }, "geometry": { "type": "Point", "coordinates": [ 122.105, 28.207 ] } },
{ "type": "Feature", "properties": { "pt_id": " 19118", "trajectory_id": 19, "北京时间": "2026-05-17 08:00", "lon": 122.28, "lat": 28.023, "height": 763.0 }, "geometry": { "type": "Point", "coordinates": [ 122.28, 28.023 ] } },
{ "type": "Feature", "properties": { "pt_id": " 19119", "trajectory_id": 19, "北京时间": "2026-05-17 07:00", "lon": 122.406, "lat": 27.861, "height": 692.0 }, "geometry": { "type": "Point", "coordinates": [ 122.406, 27.861 ] } },
{ "type": "Feature", "properties": { "pt_id": " 19120", "trajectory_id": 19, "北京时间": "2026-05-17 06:00", "lon": 122.487, "lat": 27.742, "height": 580.0 }, "geometry": { "type": "Point", "coordinates": [ 122.487, 27.742 ] } },
{ "type": "Feature", "properties": { "pt_id": " 20000", "trajectory_id": 20, "北京时间": "2026-05-19 06:00", "lon": 113.942, "lat": 30.907, "height": 10.0 }, "geometry": { "type": "Point", "coordinates": [ 113.942, 30.907 ] } },
{ "type": "Feature", "properties": { "pt_id": " 20077", "trajectory_id": 20, "北京时间": "2026-05-19 05:00", "lon": 114.077, "lat": 30.905, "height": 13.0 }, "geometry": { "type": "Point", "coordinates": [ 114.077, 30.905 ] } },
{ "type": "Feature", "properties": { "pt_id": " 20078", "trajectory_id": 20, "北京时间": "2026-05-19 04:00", "lon": 114.214, "lat": 30.895, "height": 18.0 }, "geometry": { "type": "Point", "coordinates": [ 114.214, 30.895 ] } },
{ "type": "Feature", "properties": { "pt_id": " 20079", "trajectory_id": 20, "北京时间": "2026-05-19 03:00", "lon": 114.343, "lat": 30.874, "height": 23.0 }, "geometry": { "type": "Point", "coordinates": [ 114.343, 30.874 ] } },
{ "type": "Feature", "properties": { "pt_id": " 20080", "trajectory_id": 20, "北京时间": "2026-05-19 02:00", "lon": 114.463, "lat": 30.847, "height": 25.0 }, "geometry": { "type": "Point", "coordinates": [ 114.463, 30.847 ] } },
{ "type": "Feature", "properties": { "pt_id": " 20081", "trajectory_id": 20, "北京时间": "2026-05-19 01:00", "lon": 114.583, "lat": 30.821, "height": 25.0 }, "geometry": { "type": "Point", "coordinates": [ 114.583, 30.821 ] } },
{ "type": "Feature", "properties": { "pt_id": " 20082", "trajectory_id": 20, "北京时间": "2026-05-19 00:00", "lon": 114.705, "lat": 30.806, "height": 25.0 }, "geometry": { "type": "Point", "coordinates": [ 114.705, 30.806 ] } },
{ "type": "Feature", "properties": { "pt_id": " 20083", "trajectory_id": 20, "北京时间": "2026-05-18 23:00", "lon": 114.82, "lat": 30.789, "height": 29.0 }, "geometry": { "type": "Point", "coordinates": [ 114.82, 30.789 ] } },
{ "type": "Feature", "properties": { "pt_id": " 20084", "trajectory_id": 20, "北京时间": "2026-05-18 22:00", "lon": 114.929, "lat": 30.751, "height": 43.0 }, "geometry": { "type": "Point", "coordinates": [ 114.929, 30.751 ] } },
{ "type": "Feature", "properties": { "pt_id": " 20085", "trajectory_id": 20, "北京时间": "2026-05-18 21:00", "lon": 115.041, "lat": 30.684, "height": 50.0 }, "geometry": { "type": "Point", "coordinates": [ 115.041, 30.684 ] } },
{ "type": "Feature", "properties": { "pt_id": " 20086", "trajectory_id": 20, "北京时间": "2026-05-18 20:00", "lon": 115.161, "lat": 30.602, "height": 45.0 }, "geometry": { "type": "Point", "coordinates": [ 115.161, 30.602 ] } },
{ "type": "Feature", "properties": { "pt_id": " 20087", "trajectory_id": 20, "北京时间": "2026-05-18 19:00", "lon": 115.28, "lat": 30.525, "height": 43.0 }, "geometry": { "type": "Point", "coordinates": [ 115.28, 30.525 ] } },
{ "type": "Feature", "properties": { "pt_id": " 20088", "trajectory_id": 20, "北京时间": "2026-05-18 18:00", "lon": 115.406, "lat": 30.441, "height": 55.0 }, "geometry": { "type": "Point", "coordinates": [ 115.406, 30.441 ] } },
{ "type": "Feature", "properties": { "pt_id": " 20089", "trajectory_id": 20, "北京时间": "2026-05-18 17:00", "lon": 115.551, "lat": 30.347, "height": 93.0 }, "geometry": { "type": "Point", "coordinates": [ 115.551, 30.347 ] } },
{ "type": "Feature", "properties": { "pt_id": " 20090", "trajectory_id": 20, "北京时间": "2026-05-18 16:00", "lon": 115.708, "lat": 30.274, "height": 150.0 }, "geometry": { "type": "Point", "coordinates": [ 115.708, 30.274 ] } },
{ "type": "Feature", "properties": { "pt_id": " 20091", "trajectory_id": 20, "北京时间": "2026-05-18 15:00", "lon": 115.859, "lat": 30.234, "height": 200.0 }, "geometry": { "type": "Point", "coordinates": [ 115.859, 30.234 ] } },
{ "type": "Feature", "properties": { "pt_id": " 20092", "trajectory_id": 20, "北京时间": "2026-05-18 14:00", "lon": 116.011, "lat": 30.227, "height": 162.0 }, "geometry": { "type": "Point", "coordinates": [ 116.011, 30.227 ] } },
{ "type": "Feature", "properties": { "pt_id": " 20093", "trajectory_id": 20, "北京时间": "2026-05-18 13:00", "lon": 116.152, "lat": 30.257, "height": 113.0 }, "geometry": { "type": "Point", "coordinates": [ 116.152, 30.257 ] } },
{ "type": "Feature", "properties": { "pt_id": " 20094", "trajectory_id": 20, "北京时间": "2026-05-18 12:00", "lon": 116.28, "lat": 30.319, "height": 80.0 }, "geometry": { "type": "Point", "coordinates": [ 116.28, 30.319 ] } },
{ "type": "Feature", "properties": { "pt_id": " 20095", "trajectory_id": 20, "北京时间": "2026-05-18 11:00", "lon": 116.385, "lat": 30.386, "height": 64.0 }, "geometry": { "type": "Point", "coordinates": [ 116.385, 30.386 ] } },
{ "type": "Feature", "properties": { "pt_id": " 20096", "trajectory_id": 20, "北京时间": "2026-05-18 10:00", "lon": 116.491, "lat": 30.459, "height": 45.0 }, "geometry": { "type": "Point", "coordinates": [ 116.491, 30.459 ] } },
{ "type": "Feature", "properties": { "pt_id": " 20097", "trajectory_id": 20, "北京时间": "2026-05-18 09:00", "lon": 116.591, "lat": 30.529, "height": 14.0 }, "geometry": { "type": "Point", "coordinates": [ 116.591, 30.529 ] } },
{ "type": "Feature", "properties": { "pt_id": " 20098", "trajectory_id": 20, "北京时间": "2026-05-18 08:00", "lon": 116.665, "lat": 30.589, "height": 1.0 }, "geometry": { "type": "Point", "coordinates": [ 116.665, 30.589 ] } },
{ "type": "Feature", "properties": { "pt_id": " 20099", "trajectory_id": 20, "北京时间": "2026-05-18 07:00", "lon": 116.732, "lat": 30.655, "height": 0.0 }, "geometry": { "type": "Point", "coordinates": [ 116.732, 30.655 ] } },
{ "type": "Feature", "properties": { "pt_id": " 20100", "trajectory_id": 20, "北京时间": "2026-05-18 06:00", "lon": 116.799, "lat": 30.729, "height": 0.0 }, "geometry": { "type": "Point", "coordinates": [ 116.799, 30.729 ] } },
{ "type": "Feature", "properties": { "pt_id": " 20101", "trajectory_id": 20, "北京时间": "2026-05-18 05:00", "lon": 116.858, "lat": 30.804, "height": 3.0 }, "geometry": { "type": "Point", "coordinates": [ 116.858, 30.804 ] } },
{ "type": "Feature", "properties": { "pt_id": " 20102", "trajectory_id": 20, "北京时间": "2026-05-18 04:00", "lon": 116.905, "lat": 30.876, "height": 22.0 }, "geometry": { "type": "Point", "coordinates": [ 116.905, 30.876 ] } },
{ "type": "Feature", "properties": { "pt_id": " 20103", "trajectory_id": 20, "北京时间": "2026-05-18 03:00", "lon": 116.955, "lat": 30.951, "height": 53.0 }, "geometry": { "type": "Point", "coordinates": [ 116.955, 30.951 ] } },
{ "type": "Feature", "properties": { "pt_id": " 20104", "trajectory_id": 20, "北京时间": "2026-05-18 02:00", "lon": 117.033, "lat": 31.023, "height": 65.0 }, "geometry": { "type": "Point", "coordinates": [ 117.033, 31.023 ] } },
{ "type": "Feature", "properties": { "pt_id": " 20105", "trajectory_id": 20, "北京时间": "2026-05-18 01:00", "lon": 117.186, "lat": 31.057, "height": 48.0 }, "geometry": { "type": "Point", "coordinates": [ 117.186, 31.057 ] } },
{ "type": "Feature", "properties": { "pt_id": " 20106", "trajectory_id": 20, "北京时间": "2026-05-18 00:00", "lon": 117.414, "lat": 31.048, "height": 45.0 }, "geometry": { "type": "Point", "coordinates": [ 117.414, 31.048 ] } },
{ "type": "Feature", "properties": { "pt_id": " 20107", "trajectory_id": 20, "北京时间": "2026-05-17 23:00", "lon": 117.694, "lat": 31.014, "height": 55.0 }, "geometry": { "type": "Point", "coordinates": [ 117.694, 31.014 ] } },
{ "type": "Feature", "properties": { "pt_id": " 20108", "trajectory_id": 20, "北京时间": "2026-05-17 22:00", "lon": 118.061, "lat": 30.96, "height": 126.0 }, "geometry": { "type": "Point", "coordinates": [ 118.061, 30.96 ] } },
{ "type": "Feature", "properties": { "pt_id": " 20109", "trajectory_id": 20, "北京时间": "2026-05-17 21:00", "lon": 118.406, "lat": 30.894, "height": 190.0 }, "geometry": { "type": "Point", "coordinates": [ 118.406, 30.894 ] } },
{ "type": "Feature", "properties": { "pt_id": " 20110", "trajectory_id": 20, "北京时间": "2026-05-17 20:00", "lon": 118.719, "lat": 30.783, "height": 364.0 }, "geometry": { "type": "Point", "coordinates": [ 118.719, 30.783 ] } },
{ "type": "Feature", "properties": { "pt_id": " 20111", "trajectory_id": 20, "北京时间": "2026-05-17 19:00", "lon": 118.984, "lat": 30.615, "height": 505.0 }, "geometry": { "type": "Point", "coordinates": [ 118.984, 30.615 ] } },
{ "type": "Feature", "properties": { "pt_id": " 20112", "trajectory_id": 20, "北京时间": "2026-05-17 18:00", "lon": 119.24, "lat": 30.419, "height": 631.0 }, "geometry": { "type": "Point", "coordinates": [ 119.24, 30.419 ] } },
{ "type": "Feature", "properties": { "pt_id": " 20113", "trajectory_id": 20, "北京时间": "2026-05-17 17:00", "lon": 119.52, "lat": 30.257, "height": 640.0 }, "geometry": { "type": "Point", "coordinates": [ 119.52, 30.257 ] } },
{ "type": "Feature", "properties": { "pt_id": " 20114", "trajectory_id": 20, "北京时间": "2026-05-17 16:00", "lon": 119.777, "lat": 30.09, "height": 640.0 }, "geometry": { "type": "Point", "coordinates": [ 119.777, 30.09 ] } },
{ "type": "Feature", "properties": { "pt_id": " 20115", "trajectory_id": 20, "北京时间": "2026-05-17 15:00", "lon": 120.027, "lat": 29.857, "height": 788.0 }, "geometry": { "type": "Point", "coordinates": [ 120.027, 29.857 ] } },
{ "type": "Feature", "properties": { "pt_id": " 20116", "trajectory_id": 20, "北京时间": "2026-05-17 14:00", "lon": 120.327, "lat": 29.609, "height": 1096.0 }, "geometry": { "type": "Point", "coordinates": [ 120.327, 29.609 ] } },
{ "type": "Feature", "properties": { "pt_id": " 20117", "trajectory_id": 20, "北京时间": "2026-05-17 13:00", "lon": 120.632, "lat": 29.368, "height": 1384.0 }, "geometry": { "type": "Point", "coordinates": [ 120.632, 29.368 ] } },
{ "type": "Feature", "properties": { "pt_id": " 20118", "trajectory_id": 20, "北京时间": "2026-05-17 12:00", "lon": 120.852, "lat": 29.092, "height": 1689.0 }, "geometry": { "type": "Point", "coordinates": [ 120.852, 29.092 ] } },
{ "type": "Feature", "properties": { "pt_id": " 20119", "trajectory_id": 20, "北京时间": "2026-05-17 11:00", "lon": 121.044, "lat": 28.824, "height": 2014.0 }, "geometry": { "type": "Point", "coordinates": [ 121.044, 28.824 ] } },
{ "type": "Feature", "properties": { "pt_id": " 20120", "trajectory_id": 20, "北京时间": "2026-05-17 10:00", "lon": 121.218, "lat": 28.584, "height": 2096.0 }, "geometry": { "type": "Point", "coordinates": [ 121.218, 28.584 ] } },
{ "type": "Feature", "properties": { "pt_id": " 20121", "trajectory_id": 20, "北京时间": "2026-05-17 09:00", "lon": 121.429, "lat": 28.368, "height": 2070.0 }, "geometry": { "type": "Point", "coordinates": [ 121.429, 28.368 ] } },
{ "type": "Feature", "properties": { "pt_id": " 20122", "trajectory_id": 20, "北京时间": "2026-05-17 08:00", "lon": 121.637, "lat": 28.166, "height": 1996.0 }, "geometry": { "type": "Point", "coordinates": [ 121.637, 28.166 ] } },
{ "type": "Feature", "properties": { "pt_id": " 20123", "trajectory_id": 20, "北京时间": "2026-05-17 07:00", "lon": 121.828, "lat": 27.974, "height": 2004.0 }, "geometry": { "type": "Point", "coordinates": [ 121.828, 27.974 ] } },
{ "type": "Feature", "properties": { "pt_id": " 20124", "trajectory_id": 20, "北京时间": "2026-05-17 06:00", "lon": 122.0, "lat": 27.803, "height": 1960.0 }, "geometry": { "type": "Point", "coordinates": [ 122.0, 27.803 ] } }
]
}
