{
"type": "FeatureCollection",
"name": "东城轨迹和高度",
"crs": { "type": "name", "properties": { "name": "urn:ogc:def:crs:OGC:1.3:CRS84" } },
"features": [
{ "type": "Feature", "properties": { "pt_id": "  1000", "trajectory_id": 1, "北京时间": "2026-05-15 06:00", "lon": 113.942, "lat": 30.907, "height": 10.0 }, "geometry": { "type": "Point", "coordinates": [ 113.942, 30.907 ] } },
{ "type": "Feature", "properties": { "pt_id": "  1001", "trajectory_id": 1, "北京时间": "2026-05-15 05:00", "lon": 113.984, "lat": 30.942, "height": 10.0 }, "geometry": { "type": "Point", "coordinates": [ 113.984, 30.942 ] } },
{ "type": "Feature", "properties": { "pt_id": "  1002", "trajectory_id": 1, "北京时间": "2026-05-15 04:00", "lon": 114.014, "lat": 30.974, "height": 10.0 }, "geometry": { "type": "Point", "coordinates": [ 114.014, 30.974 ] } },
{ "type": "Feature", "properties": { "pt_id": "  1003", "trajectory_id": 1, "北京时间": "2026-05-15 03:00", "lon": 114.041, "lat": 30.996, "height": 10.0 }, "geometry": { "type": "Point", "coordinates": [ 114.041, 30.996 ] } },
{ "type": "Feature", "properties": { "pt_id": "  1004", "trajectory_id": 1, "北京时间": "2026-05-15 02:00", "lon": 114.066, "lat": 31.012, "height": 11.0 }, "geometry": { "type": "Point", "coordinates": [ 114.066, 31.012 ] } },
{ "type": "Feature", "properties": { "pt_id": "  1005", "trajectory_id": 1, "北京时间": "2026-05-15 01:00", "lon": 114.09, "lat": 31.027, "height": 11.0 }, "geometry": { "type": "Point", "coordinates": [ 114.09, 31.027 ] } },
{ "type": "Feature", "properties": { "pt_id": "  1006", "trajectory_id": 1, "北京时间": "2026-05-15 00:00", "lon": 114.109, "lat": 31.051, "height": 11.0 }, "geometry": { "type": "Point", "coordinates": [ 114.109, 31.051 ] } },
{ "type": "Feature", "properties": { "pt_id": "  1007", "trajectory_id": 1, "北京时间": "2026-05-14 23:00", "lon": 114.123, "lat": 31.085, "height": 11.0 }, "geometry": { "type": "Point", "coordinates": [ 114.123, 31.085 ] } },
{ "type": "Feature", "properties": { "pt_id": "  1008", "trajectory_id": 1, "北京时间": "2026-05-14 22:00", "lon": 114.14, "lat": 31.127, "height": 14.0 }, "geometry": { "type": "Point", "coordinates": [ 114.14, 31.127 ] } },
{ "type": "Feature", "properties": { "pt_id": "  1009", "trajectory_id": 1, "北京时间": "2026-05-14 21:00", "lon": 114.166, "lat": 31.175, "height": 27.0 }, "geometry": { "type": "Point", "coordinates": [ 114.166, 31.175 ] } },
{ "type": "Feature", "properties": { "pt_id": "  1010", "trajectory_id": 1, "北京时间": "2026-05-14 20:00", "lon": 114.193, "lat": 31.228, "height": 60.0 }, "geometry": { "type": "Point", "coordinates": [ 114.193, 31.228 ] } },
{ "type": "Feature", "properties": { "pt_id": "  1011", "trajectory_id": 1, "北京时间": "2026-05-14 19:00", "lon": 114.22, "lat": 31.291, "height": 113.0 }, "geometry": { "type": "Point", "coordinates": [ 114.22, 31.291 ] } },
{ "type": "Feature", "properties": { "pt_id": "  1012", "trajectory_id": 1, "北京时间": "2026-05-14 18:00", "lon": 114.258, "lat": 31.365, "height": 161.0 }, "geometry": { "type": "Point", "coordinates": [ 114.258, 31.365 ] } },
{ "type": "Feature", "properties": { "pt_id": "  1013", "trajectory_id": 1, "北京时间": "2026-05-14 17:00", "lon": 114.302, "lat": 31.447, "height": 190.0 }, "geometry": { "type": "Point", "coordinates": [ 114.302, 31.447 ] } },
{ "type": "Feature", "properties": { "pt_id": "  1014", "trajectory_id": 1, "北京时间": "2026-05-14 16:00", "lon": 114.349, "lat": 31.538, "height": 211.0 }, "geometry": { "type": "Point", "coordinates": [ 114.349, 31.538 ] } },
{ "type": "Feature", "properties": { "pt_id": "  1015", "trajectory_id": 1, "北京时间": "2026-05-14 15:00", "lon": 114.391, "lat": 31.639, "height": 233.0 }, "geometry": { "type": "Point", "coordinates": [ 114.391, 31.639 ] } },
{ "type": "Feature", "properties": { "pt_id": "  1016", "trajectory_id": 1, "北京时间": "2026-05-14 14:00", "lon": 114.413, "lat": 31.758, "height": 272.0 }, "geometry": { "type": "Point", "coordinates": [ 114.413, 31.758 ] } },
{ "type": "Feature", "properties": { "pt_id": "  1017", "trajectory_id": 1, "北京时间": "2026-05-14 13:00", "lon": 114.407, "lat": 31.894, "height": 322.0 }, "geometry": { "type": "Point", "coordinates": [ 114.407, 31.894 ] } },
{ "type": "Feature", "properties": { "pt_id": "  1018", "trajectory_id": 1, "北京时间": "2026-05-14 12:00", "lon": 114.367, "lat": 32.046, "height": 361.0 }, "geometry": { "type": "Point", "coordinates": [ 114.367, 32.046 ] } },
{ "type": "Feature", "properties": { "pt_id": "  1019", "trajectory_id": 1, "北京时间": "2026-05-14 11:00", "lon": 114.32, "lat": 32.207, "height": 415.0 }, "geometry": { "type": "Point", "coordinates": [ 114.32, 32.207 ] } },
{ "type": "Feature", "properties": { "pt_id": "  1020", "trajectory_id": 1, "北京时间": "2026-05-14 10:00", "lon": 114.296, "lat": 32.369, "height": 470.0 }, "geometry": { "type": "Point", "coordinates": [ 114.296, 32.369 ] } },
{ "type": "Feature", "properties": { "pt_id": "  1021", "trajectory_id": 1, "北京时间": "2026-05-14 09:00", "lon": 114.294, "lat": 32.537, "height": 498.0 }, "geometry": { "type": "Point", "coordinates": [ 114.294, 32.537 ] } },
{ "type": "Feature", "properties": { "pt_id": "  1022", "trajectory_id": 1, "北京时间": "2026-05-14 08:00", "lon": 114.294, "lat": 32.71, "height": 496.0 }, "geometry": { "type": "Point", "coordinates": [ 114.294, 32.71 ] } },
{ "type": "Feature", "properties": { "pt_id": "  1023", "trajectory_id": 1, "北京时间": "2026-05-14 07:00", "lon": 114.274, "lat": 32.883, "height": 482.0 }, "geometry": { "type": "Point", "coordinates": [ 114.274, 32.883 ] } },
{ "type": "Feature", "properties": { "pt_id": "  1024", "trajectory_id": 1, "北京时间": "2026-05-14 06:00", "lon": 114.231, "lat": 33.075, "height": 456.0 }, "geometry": { "type": "Point", "coordinates": [ 114.231, 33.075 ] } },
{ "type": "Feature", "properties": { "pt_id": "  1025", "trajectory_id": 1, "北京时间": "2026-05-14 05:00", "lon": 114.177, "lat": 33.302, "height": 415.0 }, "geometry": { "type": "Point", "coordinates": [ 114.177, 33.302 ] } },
{ "type": "Feature", "properties": { "pt_id": "  1026", "trajectory_id": 1, "北京时间": "2026-05-14 04:00", "lon": 114.098, "lat": 33.545, "height": 340.0 }, "geometry": { "type": "Point", "coordinates": [ 114.098, 33.545 ] } },
{ "type": "Feature", "properties": { "pt_id": "  1027", "trajectory_id": 1, "北京时间": "2026-05-14 03:00", "lon": 113.971, "lat": 33.759, "height": 304.0 }, "geometry": { "type": "Point", "coordinates": [ 113.971, 33.759 ] } },
{ "type": "Feature", "properties": { "pt_id": "  1028", "trajectory_id": 1, "北京时间": "2026-05-14 02:00", "lon": 113.833, "lat": 33.893, "height": 294.0 }, "geometry": { "type": "Point", "coordinates": [ 113.833, 33.893 ] } },
{ "type": "Feature", "properties": { "pt_id": "  1029", "trajectory_id": 1, "北京时间": "2026-05-14 01:00", "lon": 113.688, "lat": 33.97, "height": 283.0 }, "geometry": { "type": "Point", "coordinates": [ 113.688, 33.97 ] } },
{ "type": "Feature", "properties": { "pt_id": "  1030", "trajectory_id": 1, "北京时间": "2026-05-14 00:00", "lon": 113.55, "lat": 34.036, "height": 263.0 }, "geometry": { "type": "Point", "coordinates": [ 113.55, 34.036 ] } },
{ "type": "Feature", "properties": { "pt_id": "  1031", "trajectory_id": 1, "北京时间": "2026-05-13 23:00", "lon": 113.427, "lat": 34.108, "height": 242.0 }, "geometry": { "type": "Point", "coordinates": [ 113.427, 34.108 ] } },
{ "type": "Feature", "properties": { "pt_id": "  1032", "trajectory_id": 1, "北京时间": "2026-05-13 22:00", "lon": 113.324, "lat": 34.179, "height": 261.0 }, "geometry": { "type": "Point", "coordinates": [ 113.324, 34.179 ] } },
{ "type": "Feature", "properties": { "pt_id": "  1033", "trajectory_id": 1, "北京时间": "2026-05-13 21:00", "lon": 113.251, "lat": 34.219, "height": 310.0 }, "geometry": { "type": "Point", "coordinates": [ 113.251, 34.219 ] } },
{ "type": "Feature", "properties": { "pt_id": "  1034", "trajectory_id": 1, "北京时间": "2026-05-13 20:00", "lon": 113.202, "lat": 34.218, "height": 363.0 }, "geometry": { "type": "Point", "coordinates": [ 113.202, 34.218 ] } },
{ "type": "Feature", "properties": { "pt_id": "  1035", "trajectory_id": 1, "北京时间": "2026-05-13 19:00", "lon": 113.141, "lat": 34.202, "height": 412.0 }, "geometry": { "type": "Point", "coordinates": [ 113.141, 34.202 ] } },
{ "type": "Feature", "properties": { "pt_id": "  1036", "trajectory_id": 1, "北京时间": "2026-05-13 18:00", "lon": 113.05, "lat": 34.197, "height": 446.0 }, "geometry": { "type": "Point", "coordinates": [ 113.05, 34.197 ] } },
{ "type": "Feature", "properties": { "pt_id": "  1037", "trajectory_id": 1, "北京时间": "2026-05-13 17:00", "lon": 112.954, "lat": 34.22, "height": 526.0 }, "geometry": { "type": "Point", "coordinates": [ 112.954, 34.22 ] } },
{ "type": "Feature", "properties": { "pt_id": "  1038", "trajectory_id": 1, "北京时间": "2026-05-13 16:00", "lon": 112.986, "lat": 34.193, "height": 946.0 }, "geometry": { "type": "Point", "coordinates": [ 112.986, 34.193 ] } },
{ "type": "Feature", "properties": { "pt_id": "  1039", "trajectory_id": 1, "北京时间": "2026-05-13 15:00", "lon": 113.08, "lat": 34.093, "height": 1140.0 }, "geometry": { "type": "Point", "coordinates": [ 113.08, 34.093 ] } },
{ "type": "Feature", "properties": { "pt_id": "  1040", "trajectory_id": 1, "北京时间": "2026-05-13 14:00", "lon": 113.087, "lat": 33.962, "height": 1065.0 }, "geometry": { "type": "Point", "coordinates": [ 113.087, 33.962 ] } },
{ "type": "Feature", "properties": { "pt_id": "  1041", "trajectory_id": 1, "北京时间": "2026-05-13 13:00", "lon": 113.03, "lat": 33.806, "height": 988.0 }, "geometry": { "type": "Point", "coordinates": [ 113.03, 33.806 ] } },
{ "type": "Feature", "properties": { "pt_id": "  1042", "trajectory_id": 1, "北京时间": "2026-05-13 12:00", "lon": 112.997, "lat": 33.667, "height": 913.0 }, "geometry": { "type": "Point", "coordinates": [ 112.997, 33.667 ] } },
{ "type": "Feature", "properties": { "pt_id": "  1043", "trajectory_id": 1, "北京时间": "2026-05-13 11:00", "lon": 112.891, "lat": 33.541, "height": 924.0 }, "geometry": { "type": "Point", "coordinates": [ 112.891, 33.541 ] } },
{ "type": "Feature", "properties": { "pt_id": "  1044", "trajectory_id": 1, "北京时间": "2026-05-13 10:00", "lon": 112.799, "lat": 33.41, "height": 1106.0 }, "geometry": { "type": "Point", "coordinates": [ 112.799, 33.41 ] } },
{ "type": "Feature", "properties": { "pt_id": "  1045", "trajectory_id": 1, "北京时间": "2026-05-13 09:00", "lon": 112.79, "lat": 33.256, "height": 1294.0 }, "geometry": { "type": "Point", "coordinates": [ 112.79, 33.256 ] } },
{ "type": "Feature", "properties": { "pt_id": "  1046", "trajectory_id": 1, "北京时间": "2026-05-13 08:00", "lon": 112.797, "lat": 33.076, "height": 1379.0 }, "geometry": { "type": "Point", "coordinates": [ 112.797, 33.076 ] } },
{ "type": "Feature", "properties": { "pt_id": "  1047", "trajectory_id": 1, "北京时间": "2026-05-13 07:00", "lon": 112.809, "lat": 32.88, "height": 1297.0 }, "geometry": { "type": "Point", "coordinates": [ 112.809, 32.88 ] } },
{ "type": "Feature", "properties": { "pt_id": "  1048", "trajectory_id": 1, "北京时间": "2026-05-13 06:00", "lon": 112.81, "lat": 32.667, "height": 1206.0 }, "geometry": { "type": "Point", "coordinates": [ 112.81, 32.667 ] } },
{ "type": "Feature", "properties": { "pt_id": "  2000", "trajectory_id": 2, "北京时间": "2026-05-15 06:00", "lon": 113.942, "lat": 30.907, "height": 10.0 }, "geometry": { "type": "Point", "coordinates": [ 113.942, 30.907 ] } },
{ "type": "Feature", "properties": { "pt_id": "  2005", "trajectory_id": 2, "北京时间": "2026-05-15 05:00", "lon": 113.975, "lat": 30.939, "height": 10.0 }, "geometry": { "type": "Point", "coordinates": [ 113.975, 30.939 ] } },
{ "type": "Feature", "properties": { "pt_id": "  2006", "trajectory_id": 2, "北京时间": "2026-05-15 04:00", "lon": 114.0, "lat": 30.967, "height": 10.0 }, "geometry": { "type": "Point", "coordinates": [ 114.0, 30.967 ] } },
{ "type": "Feature", "properties": { "pt_id": "  2007", "trajectory_id": 2, "北京时间": "2026-05-15 03:00", "lon": 114.015, "lat": 30.996, "height": 10.0 }, "geometry": { "type": "Point", "coordinates": [ 114.015, 30.996 ] } },
{ "type": "Feature", "properties": { "pt_id": "  2008", "trajectory_id": 2, "北京时间": "2026-05-15 02:00", "lon": 114.035, "lat": 31.03, "height": 12.0 }, "geometry": { "type": "Point", "coordinates": [ 114.035, 31.03 ] } },
{ "type": "Feature", "properties": { "pt_id": "  2009", "trajectory_id": 2, "北京时间": "2026-05-15 01:00", "lon": 114.074, "lat": 31.072, "height": 21.0 }, "geometry": { "type": "Point", "coordinates": [ 114.074, 31.072 ] } },
{ "type": "Feature", "properties": { "pt_id": "  2010", "trajectory_id": 2, "北京时间": "2026-05-15 00:00", "lon": 114.128, "lat": 31.121, "height": 42.0 }, "geometry": { "type": "Point", "coordinates": [ 114.128, 31.121 ] } },
{ "type": "Feature", "properties": { "pt_id": "  2011", "trajectory_id": 2, "北京时间": "2026-05-14 23:00", "lon": 114.182, "lat": 31.178, "height": 78.0 }, "geometry": { "type": "Point", "coordinates": [ 114.182, 31.178 ] } },
{ "type": "Feature", "properties": { "pt_id": "  2012", "trajectory_id": 2, "北京时间": "2026-05-14 22:00", "lon": 114.225, "lat": 31.238, "height": 127.0 }, "geometry": { "type": "Point", "coordinates": [ 114.225, 31.238 ] } },
{ "type": "Feature", "properties": { "pt_id": "  2013", "trajectory_id": 2, "北京时间": "2026-05-14 21:00", "lon": 114.27, "lat": 31.303, "height": 173.0 }, "geometry": { "type": "Point", "coordinates": [ 114.27, 31.303 ] } },
{ "type": "Feature", "properties": { "pt_id": "  2014", "trajectory_id": 2, "北京时间": "2026-05-14 20:00", "lon": 114.323, "lat": 31.38, "height": 204.0 }, "geometry": { "type": "Point", "coordinates": [ 114.323, 31.38 ] } },
{ "type": "Feature", "properties": { "pt_id": "  2015", "trajectory_id": 2, "北京时间": "2026-05-14 19:00", "lon": 114.381, "lat": 31.476, "height": 217.0 }, "geometry": { "type": "Point", "coordinates": [ 114.381, 31.476 ] } },
{ "type": "Feature", "properties": { "pt_id": "  2016", "trajectory_id": 2, "北京时间": "2026-05-14 18:00", "lon": 114.43, "lat": 31.585, "height": 217.0 }, "geometry": { "type": "Point", "coordinates": [ 114.43, 31.585 ] } },
{ "type": "Feature", "properties": { "pt_id": "  2017", "trajectory_id": 2, "北京时间": "2026-05-14 17:00", "lon": 114.445, "lat": 31.718, "height": 218.0 }, "geometry": { "type": "Point", "coordinates": [ 114.445, 31.718 ] } },
{ "type": "Feature", "properties": { "pt_id": "  2018", "trajectory_id": 2, "北京时间": "2026-05-14 16:00", "lon": 114.408, "lat": 31.876, "height": 226.0 }, "geometry": { "type": "Point", "coordinates": [ 114.408, 31.876 ] } },
{ "type": "Feature", "properties": { "pt_id": "  2019", "trajectory_id": 2, "北京时间": "2026-05-14 15:00", "lon": 114.329, "lat": 32.043, "height": 264.0 }, "geometry": { "type": "Point", "coordinates": [ 114.329, 32.043 ] } },
{ "type": "Feature", "properties": { "pt_id": "  2020", "trajectory_id": 2, "北京时间": "2026-05-14 14:00", "lon": 114.264, "lat": 32.217, "height": 343.0 }, "geometry": { "type": "Point", "coordinates": [ 114.264, 32.217 ] } },
{ "type": "Feature", "properties": { "pt_id": "  2021", "trajectory_id": 2, "北京时间": "2026-05-14 13:00", "lon": 114.232, "lat": 32.4, "height": 397.0 }, "geometry": { "type": "Point", "coordinates": [ 114.232, 32.4 ] } },
{ "type": "Feature", "properties": { "pt_id": "  2022", "trajectory_id": 2, "北京时间": "2026-05-14 12:00", "lon": 114.2, "lat": 32.608, "height": 424.0 }, "geometry": { "type": "Point", "coordinates": [ 114.2, 32.608 ] } },
{ "type": "Feature", "properties": { "pt_id": "  2023", "trajectory_id": 2, "北京时间": "2026-05-14 11:00", "lon": 114.171, "lat": 32.808, "height": 459.0 }, "geometry": { "type": "Point", "coordinates": [ 114.171, 32.808 ] } },
{ "type": "Feature", "properties": { "pt_id": "  2024", "trajectory_id": 2, "北京时间": "2026-05-14 10:00", "lon": 114.132, "lat": 33.0, "height": 474.0 }, "geometry": { "type": "Point", "coordinates": [ 114.132, 33.0 ] } },
{ "type": "Feature", "properties": { "pt_id": "  2025", "trajectory_id": 2, "北京时间": "2026-05-14 09:00", "lon": 114.081, "lat": 33.213, "height": 455.0 }, "geometry": { "type": "Point", "coordinates": [ 114.081, 33.213 ] } },
{ "type": "Feature", "properties": { "pt_id": "  2026", "trajectory_id": 2, "北京时间": "2026-05-14 08:00", "lon": 114.008, "lat": 33.455, "height": 406.0 }, "geometry": { "type": "Point", "coordinates": [ 114.008, 33.455 ] } },
{ "type": "Feature", "properties": { "pt_id": "  2027", "trajectory_id": 2, "北京时间": "2026-05-14 07:00", "lon": 113.885, "lat": 33.676, "height": 362.0 }, "geometry": { "type": "Point", "coordinates": [ 113.885, 33.676 ] } },
{ "type": "Feature", "properties": { "pt_id": "  2028", "trajectory_id": 2, "北京时间": "2026-05-14 06:00", "lon": 113.733, "lat": 33.819, "height": 366.0 }, "geometry": { "type": "Point", "coordinates": [ 113.733, 33.819 ] } },
{ "type": "Feature", "properties": { "pt_id": "  2029", "trajectory_id": 2, "北京时间": "2026-05-14 05:00", "lon": 113.589, "lat": 33.902, "height": 394.0 }, "geometry": { "type": "Point", "coordinates": [ 113.589, 33.902 ] } },
{ "type": "Feature", "properties": { "pt_id": "  2030", "trajectory_id": 2, "北京时间": "2026-05-14 04:00", "lon": 113.48, "lat": 33.974, "height": 411.0 }, "geometry": { "type": "Point", "coordinates": [ 113.48, 33.974 ] } },
{ "type": "Feature", "properties": { "pt_id": "  2031", "trajectory_id": 2, "北京时间": "2026-05-14 03:00", "lon": 113.385, "lat": 34.055, "height": 390.0 }, "geometry": { "type": "Point", "coordinates": [ 113.385, 34.055 ] } },
{ "type": "Feature", "properties": { "pt_id": "  2032", "trajectory_id": 2, "北京时间": "2026-05-14 02:00", "lon": 113.296, "lat": 34.131, "height": 384.0 }, "geometry": { "type": "Point", "coordinates": [ 113.296, 34.131 ] } },
{ "type": "Feature", "properties": { "pt_id": "  2033", "trajectory_id": 2, "北京时间": "2026-05-14 01:00", "lon": 113.229, "lat": 34.17, "height": 411.0 }, "geometry": { "type": "Point", "coordinates": [ 113.229, 34.17 ] } },
{ "type": "Feature", "properties": { "pt_id": "  2034", "trajectory_id": 2, "北京时间": "2026-05-14 00:00", "lon": 113.178, "lat": 34.172, "height": 456.0 }, "geometry": { "type": "Point", "coordinates": [ 113.178, 34.172 ] } },
{ "type": "Feature", "properties": { "pt_id": "  2035", "trajectory_id": 2, "北京时间": "2026-05-13 23:00", "lon": 113.129, "lat": 34.157, "height": 499.0 }, "geometry": { "type": "Point", "coordinates": [ 113.129, 34.157 ] } },
{ "type": "Feature", "properties": { "pt_id": "  2036", "trajectory_id": 2, "北京时间": "2026-05-13 22:00", "lon": 113.061, "lat": 34.145, "height": 534.0 }, "geometry": { "type": "Point", "coordinates": [ 113.061, 34.145 ] } },
{ "type": "Feature", "properties": { "pt_id": "  2037", "trajectory_id": 2, "北京时间": "2026-05-13 21:00", "lon": 112.989, "lat": 34.151, "height": 567.0 }, "geometry": { "type": "Point", "coordinates": [ 112.989, 34.151 ] } },
{ "type": "Feature", "properties": { "pt_id": "  2038", "trajectory_id": 2, "北京时间": "2026-05-13 20:00", "lon": 112.96, "lat": 34.135, "height": 700.0 }, "geometry": { "type": "Point", "coordinates": [ 112.96, 34.135 ] } },
{ "type": "Feature", "properties": { "pt_id": "  2039", "trajectory_id": 2, "北京时间": "2026-05-13 19:00", "lon": 112.951, "lat": 34.051, "height": 764.0 }, "geometry": { "type": "Point", "coordinates": [ 112.951, 34.051 ] } },
{ "type": "Feature", "properties": { "pt_id": "  2040", "trajectory_id": 2, "北京时间": "2026-05-13 18:00", "lon": 112.883, "lat": 33.899, "height": 764.0 }, "geometry": { "type": "Point", "coordinates": [ 112.883, 33.899 ] } },
{ "type": "Feature", "properties": { "pt_id": "  2041", "trajectory_id": 2, "北京时间": "2026-05-13 17:00", "lon": 112.835, "lat": 33.721, "height": 944.0 }, "geometry": { "type": "Point", "coordinates": [ 112.835, 33.721 ] } },
{ "type": "Feature", "properties": { "pt_id": "  2042", "trajectory_id": 2, "北京时间": "2026-05-13 16:00", "lon": 112.867, "lat": 33.576, "height": 1135.0 }, "geometry": { "type": "Point", "coordinates": [ 112.867, 33.576 ] } },
{ "type": "Feature", "properties": { "pt_id": "  2043", "trajectory_id": 2, "北京时间": "2026-05-13 15:00", "lon": 112.905, "lat": 33.451, "height": 1267.0 }, "geometry": { "type": "Point", "coordinates": [ 112.905, 33.451 ] } },
{ "type": "Feature", "properties": { "pt_id": "  2044", "trajectory_id": 2, "北京时间": "2026-05-13 14:00", "lon": 112.953, "lat": 33.306, "height": 1361.0 }, "geometry": { "type": "Point", "coordinates": [ 112.953, 33.306 ] } },
{ "type": "Feature", "properties": { "pt_id": "  2045", "trajectory_id": 2, "北京时间": "2026-05-13 13:00", "lon": 113.009, "lat": 33.121, "height": 1420.0 }, "geometry": { "type": "Point", "coordinates": [ 113.009, 33.121 ] } },
{ "type": "Feature", "properties": { "pt_id": "  2046", "trajectory_id": 2, "北京时间": "2026-05-13 12:00", "lon": 113.077, "lat": 32.925, "height": 1378.0 }, "geometry": { "type": "Point", "coordinates": [ 113.077, 32.925 ] } },
{ "type": "Feature", "properties": { "pt_id": "  2047", "trajectory_id": 2, "北京时间": "2026-05-13 11:00", "lon": 113.172, "lat": 32.77, "height": 1292.0 }, "geometry": { "type": "Point", "coordinates": [ 113.172, 32.77 ] } },
{ "type": "Feature", "properties": { "pt_id": "  2048", "trajectory_id": 2, "北京时间": "2026-05-13 10:00", "lon": 113.229, "lat": 32.639, "height": 1256.0 }, "geometry": { "type": "Point", "coordinates": [ 113.229, 32.639 ] } },
{ "type": "Feature", "properties": { "pt_id": "  2049", "trajectory_id": 2, "北京时间": "2026-05-13 09:00", "lon": 113.271, "lat": 32.503, "height": 1264.0 }, "geometry": { "type": "Point", "coordinates": [ 113.271, 32.503 ] } },
{ "type": "Feature", "properties": { "pt_id": "  2050", "trajectory_id": 2, "北京时间": "2026-05-13 08:00", "lon": 113.295, "lat": 32.331, "height": 1333.0 }, "geometry": { "type": "Point", "coordinates": [ 113.295, 32.331 ] } },
{ "type": "Feature", "properties": { "pt_id": "  2051", "trajectory_id": 2, "北京时间": "2026-05-13 07:00", "lon": 113.329, "lat": 32.112, "height": 1494.0 }, "geometry": { "type": "Point", "coordinates": [ 113.329, 32.112 ] } },
{ "type": "Feature", "properties": { "pt_id": "  2052", "trajectory_id": 2, "北京时间": "2026-05-13 06:00", "lon": 113.333, "lat": 31.912, "height": 1657.0 }, "geometry": { "type": "Point", "coordinates": [ 113.333, 31.912 ] } },
{ "type": "Feature", "properties": { "pt_id": "  3000", "trajectory_id": 3, "北京时间": "2026-05-15 06:00", "lon": 113.942, "lat": 30.907, "height": 10.0 }, "geometry": { "type": "Point", "coordinates": [ 113.942, 30.907 ] } },
{ "type": "Feature", "properties": { "pt_id": "  3009", "trajectory_id": 3, "北京时间": "2026-05-15 05:00", "lon": 113.996, "lat": 30.944, "height": 14.0 }, "geometry": { "type": "Point", "coordinates": [ 113.996, 30.944 ] } },
{ "type": "Feature", "properties": { "pt_id": "  3010", "trajectory_id": 3, "北京时间": "2026-05-15 04:00", "lon": 114.065, "lat": 30.983, "height": 22.0 }, "geometry": { "type": "Point", "coordinates": [ 114.065, 30.983 ] } },
{ "type": "Feature", "properties": { "pt_id": "  3011", "trajectory_id": 3, "北京时间": "2026-05-15 03:00", "lon": 114.142, "lat": 31.028, "height": 40.0 }, "geometry": { "type": "Point", "coordinates": [ 114.142, 31.028 ] } },
{ "type": "Feature", "properties": { "pt_id": "  3012", "trajectory_id": 3, "北京时间": "2026-05-15 02:00", "lon": 114.215, "lat": 31.078, "height": 63.0 }, "geometry": { "type": "Point", "coordinates": [ 114.215, 31.078 ] } },
{ "type": "Feature", "properties": { "pt_id": "  3013", "trajectory_id": 3, "北京时间": "2026-05-15 01:00", "lon": 114.279, "lat": 31.126, "height": 84.0 }, "geometry": { "type": "Point", "coordinates": [ 114.279, 31.126 ] } },
{ "type": "Feature", "properties": { "pt_id": "  3014", "trajectory_id": 3, "北京时间": "2026-05-15 00:00", "lon": 114.333, "lat": 31.181, "height": 98.0 }, "geometry": { "type": "Point", "coordinates": [ 114.333, 31.181 ] } },
{ "type": "Feature", "properties": { "pt_id": "  3015", "trajectory_id": 3, "北京时间": "2026-05-14 23:00", "lon": 114.377, "lat": 31.252, "height": 104.0 }, "geometry": { "type": "Point", "coordinates": [ 114.377, 31.252 ] } },
{ "type": "Feature", "properties": { "pt_id": "  3016", "trajectory_id": 3, "北京时间": "2026-05-14 22:00", "lon": 114.42, "lat": 31.336, "height": 100.0 }, "geometry": { "type": "Point", "coordinates": [ 114.42, 31.336 ] } },
{ "type": "Feature", "properties": { "pt_id": "  3017", "trajectory_id": 3, "北京时间": "2026-05-14 21:00", "lon": 114.463, "lat": 31.429, "height": 98.0 }, "geometry": { "type": "Point", "coordinates": [ 114.463, 31.429 ] } },
{ "type": "Feature", "properties": { "pt_id": "  3018", "trajectory_id": 3, "北京时间": "2026-05-14 20:00", "lon": 114.497, "lat": 31.543, "height": 111.0 }, "geometry": { "type": "Point", "coordinates": [ 114.497, 31.543 ] } },
{ "type": "Feature", "properties": { "pt_id": "  3019", "trajectory_id": 3, "北京时间": "2026-05-14 19:00", "lon": 114.492, "lat": 31.697, "height": 115.0 }, "geometry": { "type": "Point", "coordinates": [ 114.492, 31.697 ] } },
{ "type": "Feature", "properties": { "pt_id": "  3020", "trajectory_id": 3, "北京时间": "2026-05-14 18:00", "lon": 114.426, "lat": 31.865, "height": 90.0 }, "geometry": { "type": "Point", "coordinates": [ 114.426, 31.865 ] } },
{ "type": "Feature", "properties": { "pt_id": "  3021", "trajectory_id": 3, "北京时间": "2026-05-14 17:00", "lon": 114.35, "lat": 31.995, "height": 72.0 }, "geometry": { "type": "Point", "coordinates": [ 114.35, 31.995 ] } },
{ "type": "Feature", "properties": { "pt_id": "  3022", "trajectory_id": 3, "北京时间": "2026-05-14 16:00", "lon": 114.289, "lat": 32.093, "height": 62.0 }, "geometry": { "type": "Point", "coordinates": [ 114.289, 32.093 ] } },
{ "type": "Feature", "properties": { "pt_id": "  3023", "trajectory_id": 3, "北京时间": "2026-05-14 15:00", "lon": 114.256, "lat": 32.18, "height": 50.0 }, "geometry": { "type": "Point", "coordinates": [ 114.256, 32.18 ] } },
{ "type": "Feature", "properties": { "pt_id": "  3024", "trajectory_id": 3, "北京时间": "2026-05-14 14:00", "lon": 114.253, "lat": 32.271, "height": 32.0 }, "geometry": { "type": "Point", "coordinates": [ 114.253, 32.271 ] } },
{ "type": "Feature", "properties": { "pt_id": "  3025", "trajectory_id": 3, "北京时间": "2026-05-14 13:00", "lon": 114.267, "lat": 32.366, "height": 18.0 }, "geometry": { "type": "Point", "coordinates": [ 114.267, 32.366 ] } },
{ "type": "Feature", "properties": { "pt_id": "  3026", "trajectory_id": 3, "北京时间": "2026-05-14 12:00", "lon": 114.28, "lat": 32.461, "height": 12.0 }, "geometry": { "type": "Point", "coordinates": [ 114.28, 32.461 ] } },
{ "type": "Feature", "properties": { "pt_id": "  3027", "trajectory_id": 3, "北京时间": "2026-05-14 11:00", "lon": 114.287, "lat": 32.56, "height": 11.0 }, "geometry": { "type": "Point", "coordinates": [ 114.287, 32.56 ] } },
{ "type": "Feature", "properties": { "pt_id": "  3028", "trajectory_id": 3, "北京时间": "2026-05-14 10:00", "lon": 114.281, "lat": 32.653, "height": 10.0 }, "geometry": { "type": "Point", "coordinates": [ 114.281, 32.653 ] } },
{ "type": "Feature", "properties": { "pt_id": "  3029", "trajectory_id": 3, "北京时间": "2026-05-14 09:00", "lon": 114.262, "lat": 32.746, "height": 8.0 }, "geometry": { "type": "Point", "coordinates": [ 114.262, 32.746 ] } },
{ "type": "Feature", "properties": { "pt_id": "  3030", "trajectory_id": 3, "北京时间": "2026-05-14 08:00", "lon": 114.23, "lat": 32.844, "height": 5.0 }, "geometry": { "type": "Point", "coordinates": [ 114.23, 32.844 ] } },
{ "type": "Feature", "properties": { "pt_id": "  3031", "trajectory_id": 3, "北京时间": "2026-05-14 07:00", "lon": 114.18, "lat": 32.935, "height": 5.0 }, "geometry": { "type": "Point", "coordinates": [ 114.18, 32.935 ] } },
{ "type": "Feature", "properties": { "pt_id": "  3032", "trajectory_id": 3, "北京时间": "2026-05-14 06:00", "lon": 114.12, "lat": 33.02, "height": 5.0 }, "geometry": { "type": "Point", "coordinates": [ 114.12, 33.02 ] } },
{ "type": "Feature", "properties": { "pt_id": "  3033", "trajectory_id": 3, "北京时间": "2026-05-14 05:00", "lon": 114.055, "lat": 33.113, "height": 4.0 }, "geometry": { "type": "Point", "coordinates": [ 114.055, 33.113 ] } },
{ "type": "Feature", "properties": { "pt_id": "  3034", "trajectory_id": 3, "北京时间": "2026-05-14 04:00", "lon": 113.974, "lat": 33.221, "height": 3.0 }, "geometry": { "type": "Point", "coordinates": [ 113.974, 33.221 ] } },
{ "type": "Feature", "properties": { "pt_id": "  3035", "trajectory_id": 3, "北京时间": "2026-05-14 03:00", "lon": 113.874, "lat": 33.31, "height": 9.0 }, "geometry": { "type": "Point", "coordinates": [ 113.874, 33.31 ] } },
{ "type": "Feature", "properties": { "pt_id": "  3036", "trajectory_id": 3, "北京时间": "2026-05-14 02:00", "lon": 113.763, "lat": 33.363, "height": 22.0 }, "geometry": { "type": "Point", "coordinates": [ 113.763, 33.363 ] } },
{ "type": "Feature", "properties": { "pt_id": "  3037", "trajectory_id": 3, "北京时间": "2026-05-14 01:00", "lon": 113.638, "lat": 33.394, "height": 36.0 }, "geometry": { "type": "Point", "coordinates": [ 113.638, 33.394 ] } },
{ "type": "Feature", "properties": { "pt_id": "  3038", "trajectory_id": 3, "北京时间": "2026-05-14 00:00", "lon": 113.512, "lat": 33.394, "height": 51.0 }, "geometry": { "type": "Point", "coordinates": [ 113.512, 33.394 ] } },
{ "type": "Feature", "properties": { "pt_id": "  3039", "trajectory_id": 3, "北京时间": "2026-05-13 23:00", "lon": 113.393, "lat": 33.361, "height": 72.0 }, "geometry": { "type": "Point", "coordinates": [ 113.393, 33.361 ] } },
{ "type": "Feature", "properties": { "pt_id": "  3040", "trajectory_id": 3, "北京时间": "2026-05-13 22:00", "lon": 113.244, "lat": 33.306, "height": 103.0 }, "geometry": { "type": "Point", "coordinates": [ 113.244, 33.306 ] } },
{ "type": "Feature", "properties": { "pt_id": "  3041", "trajectory_id": 3, "北京时间": "2026-05-13 21:00", "lon": 113.052, "lat": 33.247, "height": 136.0 }, "geometry": { "type": "Point", "coordinates": [ 113.052, 33.247 ] } },
{ "type": "Feature", "properties": { "pt_id": "  3042", "trajectory_id": 3, "北京时间": "2026-05-13 20:00", "lon": 112.87, "lat": 33.167, "height": 146.0 }, "geometry": { "type": "Point", "coordinates": [ 112.87, 33.167 ] } },
{ "type": "Feature", "properties": { "pt_id": "  3043", "trajectory_id": 3, "北京时间": "2026-05-13 19:00", "lon": 112.709, "lat": 33.048, "height": 154.0 }, "geometry": { "type": "Point", "coordinates": [ 112.709, 33.048 ] } },
{ "type": "Feature", "properties": { "pt_id": "  3044", "trajectory_id": 3, "北京时间": "2026-05-13 18:00", "lon": 112.575, "lat": 32.927, "height": 183.0 }, "geometry": { "type": "Point", "coordinates": [ 112.575, 32.927 ] } },
{ "type": "Feature", "properties": { "pt_id": "  3045", "trajectory_id": 3, "北京时间": "2026-05-13 17:00", "lon": 112.498, "lat": 32.788, "height": 200.0 }, "geometry": { "type": "Point", "coordinates": [ 112.498, 32.788 ] } },
{ "type": "Feature", "properties": { "pt_id": "  3046", "trajectory_id": 3, "北京时间": "2026-05-13 16:00", "lon": 112.461, "lat": 32.599, "height": 203.0 }, "geometry": { "type": "Point", "coordinates": [ 112.461, 32.599 ] } },
{ "type": "Feature", "properties": { "pt_id": "  3047", "trajectory_id": 3, "北京时间": "2026-05-13 15:00", "lon": 112.425, "lat": 32.374, "height": 188.0 }, "geometry": { "type": "Point", "coordinates": [ 112.425, 32.374 ] } },
{ "type": "Feature", "properties": { "pt_id": "  3048", "trajectory_id": 3, "北京时间": "2026-05-13 14:00", "lon": 112.384, "lat": 32.14, "height": 186.0 }, "geometry": { "type": "Point", "coordinates": [ 112.384, 32.14 ] } },
{ "type": "Feature", "properties": { "pt_id": "  3049", "trajectory_id": 3, "北京时间": "2026-05-13 13:00", "lon": 112.364, "lat": 31.852, "height": 188.0 }, "geometry": { "type": "Point", "coordinates": [ 112.364, 31.852 ] } },
{ "type": "Feature", "properties": { "pt_id": "  3050", "trajectory_id": 3, "北京时间": "2026-05-13 12:00", "lon": 112.3, "lat": 31.564, "height": 190.0 }, "geometry": { "type": "Point", "coordinates": [ 112.3, 31.564 ] } },
{ "type": "Feature", "properties": { "pt_id": "  3051", "trajectory_id": 3, "北京时间": "2026-05-13 11:00", "lon": 112.151, "lat": 31.304, "height": 346.0 }, "geometry": { "type": "Point", "coordinates": [ 112.151, 31.304 ] } },
{ "type": "Feature", "properties": { "pt_id": "  3052", "trajectory_id": 3, "北京时间": "2026-05-13 10:00", "lon": 112.105, "lat": 31.046, "height": 535.0 }, "geometry": { "type": "Point", "coordinates": [ 112.105, 31.046 ] } },
{ "type": "Feature", "properties": { "pt_id": "  3053", "trajectory_id": 3, "北京时间": "2026-05-13 09:00", "lon": 112.117, "lat": 30.814, "height": 601.0 }, "geometry": { "type": "Point", "coordinates": [ 112.117, 30.814 ] } },
{ "type": "Feature", "properties": { "pt_id": "  3054", "trajectory_id": 3, "北京时间": "2026-05-13 08:00", "lon": 112.064, "lat": 30.585, "height": 565.0 }, "geometry": { "type": "Point", "coordinates": [ 112.064, 30.585 ] } },
{ "type": "Feature", "properties": { "pt_id": "  3055", "trajectory_id": 3, "北京时间": "2026-05-13 07:00", "lon": 111.988, "lat": 30.361, "height": 486.0 }, "geometry": { "type": "Point", "coordinates": [ 111.988, 30.361 ] } },
{ "type": "Feature", "properties": { "pt_id": "  3056", "trajectory_id": 3, "北京时间": "2026-05-13 06:00", "lon": 111.958, "lat": 30.199, "height": 383.0 }, "geometry": { "type": "Point", "coordinates": [ 111.958, 30.199 ] } },
{ "type": "Feature", "properties": { "pt_id": "  4000", "trajectory_id": 4, "北京时间": "2026-05-15 06:00", "lon": 113.942, "lat": 30.907, "height": 10.0 }, "geometry": { "type": "Point", "coordinates": [ 113.942, 30.907 ] } },
{ "type": "Feature", "properties": { "pt_id": "  4013", "trajectory_id": 4, "北京时间": "2026-05-15 05:00", "lon": 114.025, "lat": 30.952, "height": 19.0 }, "geometry": { "type": "Point", "coordinates": [ 114.025, 30.952 ] } },
{ "type": "Feature", "properties": { "pt_id": "  4014", "trajectory_id": 4, "北京时间": "2026-05-15 04:00", "lon": 114.106, "lat": 31.005, "height": 32.0 }, "geometry": { "type": "Point", "coordinates": [ 114.106, 31.005 ] } },
{ "type": "Feature", "properties": { "pt_id": "  4015", "trajectory_id": 4, "北京时间": "2026-05-15 03:00", "lon": 114.185, "lat": 31.074, "height": 48.0 }, "geometry": { "type": "Point", "coordinates": [ 114.185, 31.074 ] } },
{ "type": "Feature", "properties": { "pt_id": "  4016", "trajectory_id": 4, "北京时间": "2026-05-15 02:00", "lon": 114.257, "lat": 31.162, "height": 67.0 }, "geometry": { "type": "Point", "coordinates": [ 114.257, 31.162 ] } },
{ "type": "Feature", "properties": { "pt_id": "  4017", "trajectory_id": 4, "北京时间": "2026-05-15 01:00", "lon": 114.309, "lat": 31.261, "height": 83.0 }, "geometry": { "type": "Point", "coordinates": [ 114.309, 31.261 ] } },
{ "type": "Feature", "properties": { "pt_id": "  4018", "trajectory_id": 4, "北京时间": "2026-05-15 00:00", "lon": 114.347, "lat": 31.361, "height": 93.0 }, "geometry": { "type": "Point", "coordinates": [ 114.347, 31.361 ] } },
{ "type": "Feature", "properties": { "pt_id": "  4019", "trajectory_id": 4, "北京时间": "2026-05-14 23:00", "lon": 114.379, "lat": 31.475, "height": 107.0 }, "geometry": { "type": "Point", "coordinates": [ 114.379, 31.475 ] } },
{ "type": "Feature", "properties": { "pt_id": "  4020", "trajectory_id": 4, "北京时间": "2026-05-14 22:00", "lon": 114.391, "lat": 31.602, "height": 120.0 }, "geometry": { "type": "Point", "coordinates": [ 114.391, 31.602 ] } },
{ "type": "Feature", "properties": { "pt_id": "  4021", "trajectory_id": 4, "北京时间": "2026-05-14 21:00", "lon": 114.374, "lat": 31.727, "height": 120.0 }, "geometry": { "type": "Point", "coordinates": [ 114.374, 31.727 ] } },
{ "type": "Feature", "properties": { "pt_id": "  4022", "trajectory_id": 4, "北京时间": "2026-05-14 20:00", "lon": 114.343, "lat": 31.835, "height": 115.0 }, "geometry": { "type": "Point", "coordinates": [ 114.343, 31.835 ] } },
{ "type": "Feature", "properties": { "pt_id": "  4023", "trajectory_id": 4, "北京时间": "2026-05-14 19:00", "lon": 114.311, "lat": 31.924, "height": 107.0 }, "geometry": { "type": "Point", "coordinates": [ 114.311, 31.924 ] } },
{ "type": "Feature", "properties": { "pt_id": "  4024", "trajectory_id": 4, "北京时间": "2026-05-14 18:00", "lon": 114.281, "lat": 32.003, "height": 90.0 }, "geometry": { "type": "Point", "coordinates": [ 114.281, 32.003 ] } },
{ "type": "Feature", "properties": { "pt_id": "  4025", "trajectory_id": 4, "北京时间": "2026-05-14 17:00", "lon": 114.269, "lat": 32.079, "height": 64.0 }, "geometry": { "type": "Point", "coordinates": [ 114.269, 32.079 ] } },
{ "type": "Feature", "properties": { "pt_id": "  4026", "trajectory_id": 4, "北京时间": "2026-05-14 16:00", "lon": 114.265, "lat": 32.153, "height": 42.0 }, "geometry": { "type": "Point", "coordinates": [ 114.265, 32.153 ] } },
{ "type": "Feature", "properties": { "pt_id": "  4027", "trajectory_id": 4, "北京时间": "2026-05-14 15:00", "lon": 114.251, "lat": 32.223, "height": 26.0 }, "geometry": { "type": "Point", "coordinates": [ 114.251, 32.223 ] } },
{ "type": "Feature", "properties": { "pt_id": "  4028", "trajectory_id": 4, "北京时间": "2026-05-14 14:00", "lon": 114.225, "lat": 32.288, "height": 15.0 }, "geometry": { "type": "Point", "coordinates": [ 114.225, 32.288 ] } },
{ "type": "Feature", "properties": { "pt_id": "  4029", "trajectory_id": 4, "北京时间": "2026-05-14 13:00", "lon": 114.188, "lat": 32.345, "height": 12.0 }, "geometry": { "type": "Point", "coordinates": [ 114.188, 32.345 ] } },
{ "type": "Feature", "properties": { "pt_id": "  4030", "trajectory_id": 4, "北京时间": "2026-05-14 12:00", "lon": 114.141, "lat": 32.399, "height": 16.0 }, "geometry": { "type": "Point", "coordinates": [ 114.141, 32.399 ] } },
{ "type": "Feature", "properties": { "pt_id": "  4031", "trajectory_id": 4, "北京时间": "2026-05-14 11:00", "lon": 114.095, "lat": 32.465, "height": 22.0 }, "geometry": { "type": "Point", "coordinates": [ 114.095, 32.465 ] } },
{ "type": "Feature", "properties": { "pt_id": "  4032", "trajectory_id": 4, "北京时间": "2026-05-14 10:00", "lon": 114.056, "lat": 32.521, "height": 29.0 }, "geometry": { "type": "Point", "coordinates": [ 114.056, 32.521 ] } },
{ "type": "Feature", "properties": { "pt_id": "  4033", "trajectory_id": 4, "北京时间": "2026-05-14 09:00", "lon": 113.999, "lat": 32.532, "height": 38.0 }, "geometry": { "type": "Point", "coordinates": [ 113.999, 32.532 ] } },
{ "type": "Feature", "properties": { "pt_id": "  4034", "trajectory_id": 4, "北京时间": "2026-05-14 08:00", "lon": 113.901, "lat": 32.509, "height": 62.0 }, "geometry": { "type": "Point", "coordinates": [ 113.901, 32.509 ] } },
{ "type": "Feature", "properties": { "pt_id": "  4035", "trajectory_id": 4, "北京时间": "2026-05-14 07:00", "lon": 113.807, "lat": 32.502, "height": 79.0 }, "geometry": { "type": "Point", "coordinates": [ 113.807, 32.502 ] } },
{ "type": "Feature", "properties": { "pt_id": "  4036", "trajectory_id": 4, "北京时间": "2026-05-14 06:00", "lon": 113.784, "lat": 32.478, "height": 61.0 }, "geometry": { "type": "Point", "coordinates": [ 113.784, 32.478 ] } },
{ "type": "Feature", "properties": { "pt_id": "  4037", "trajectory_id": 4, "北京时间": "2026-05-14 05:00", "lon": 113.831, "lat": 32.394, "height": 37.0 }, "geometry": { "type": "Point", "coordinates": [ 113.831, 32.394 ] } },
{ "type": "Feature", "properties": { "pt_id": "  4038", "trajectory_id": 4, "北京时间": "2026-05-14 04:00", "lon": 113.917, "lat": 32.28, "height": 37.0 }, "geometry": { "type": "Point", "coordinates": [ 113.917, 32.28 ] } },
{ "type": "Feature", "properties": { "pt_id": "  4039", "trajectory_id": 4, "北京时间": "2026-05-14 03:00", "lon": 114.025, "lat": 32.172, "height": 36.0 }, "geometry": { "type": "Point", "coordinates": [ 114.025, 32.172 ] } },
{ "type": "Feature", "properties": { "pt_id": "  4040", "trajectory_id": 4, "北京时间": "2026-05-14 02:00", "lon": 114.134, "lat": 32.07, "height": 43.0 }, "geometry": { "type": "Point", "coordinates": [ 114.134, 32.07 ] } },
{ "type": "Feature", "properties": { "pt_id": "  4041", "trajectory_id": 4, "北京时间": "2026-05-14 01:00", "lon": 114.221, "lat": 31.998, "height": 56.0 }, "geometry": { "type": "Point", "coordinates": [ 114.221, 31.998 ] } },
{ "type": "Feature", "properties": { "pt_id": "  4042", "trajectory_id": 4, "北京时间": "2026-05-14 00:00", "lon": 114.276, "lat": 31.963, "height": 64.0 }, "geometry": { "type": "Point", "coordinates": [ 114.276, 31.963 ] } },
{ "type": "Feature", "properties": { "pt_id": "  4043", "trajectory_id": 4, "北京时间": "2026-05-13 23:00", "lon": 114.299, "lat": 31.949, "height": 64.0 }, "geometry": { "type": "Point", "coordinates": [ 114.299, 31.949 ] } },
{ "type": "Feature", "properties": { "pt_id": "  4044", "trajectory_id": 4, "北京时间": "2026-05-13 22:00", "lon": 114.295, "lat": 31.933, "height": 71.0 }, "geometry": { "type": "Point", "coordinates": [ 114.295, 31.933 ] } },
{ "type": "Feature", "properties": { "pt_id": "  4045", "trajectory_id": 4, "北京时间": "2026-05-13 21:00", "lon": 114.265, "lat": 31.889, "height": 92.0 }, "geometry": { "type": "Point", "coordinates": [ 114.265, 31.889 ] } },
{ "type": "Feature", "properties": { "pt_id": "  4046", "trajectory_id": 4, "北京时间": "2026-05-13 20:00", "lon": 114.21, "lat": 31.82, "height": 130.0 }, "geometry": { "type": "Point", "coordinates": [ 114.21, 31.82 ] } },
{ "type": "Feature", "properties": { "pt_id": "  4047", "trajectory_id": 4, "北京时间": "2026-05-13 19:00", "lon": 114.121, "lat": 31.749, "height": 184.0 }, "geometry": { "type": "Point", "coordinates": [ 114.121, 31.749 ] } },
{ "type": "Feature", "properties": { "pt_id": "  4048", "trajectory_id": 4, "北京时间": "2026-05-13 18:00", "lon": 113.993, "lat": 31.69, "height": 216.0 }, "geometry": { "type": "Point", "coordinates": [ 113.993, 31.69 ] } },
{ "type": "Feature", "properties": { "pt_id": "  4049", "trajectory_id": 4, "北京时间": "2026-05-13 17:00", "lon": 113.845, "lat": 31.612, "height": 187.0 }, "geometry": { "type": "Point", "coordinates": [ 113.845, 31.612 ] } },
{ "type": "Feature", "properties": { "pt_id": "  4050", "trajectory_id": 4, "北京时间": "2026-05-13 16:00", "lon": 113.693, "lat": 31.489, "height": 165.0 }, "geometry": { "type": "Point", "coordinates": [ 113.693, 31.489 ] } },
{ "type": "Feature", "properties": { "pt_id": "  4051", "trajectory_id": 4, "北京时间": "2026-05-13 15:00", "lon": 113.491, "lat": 31.346, "height": 189.0 }, "geometry": { "type": "Point", "coordinates": [ 113.491, 31.346 ] } },
{ "type": "Feature", "properties": { "pt_id": "  4052", "trajectory_id": 4, "北京时间": "2026-05-13 14:00", "lon": 113.17, "lat": 31.196, "height": 338.0 }, "geometry": { "type": "Point", "coordinates": [ 113.17, 31.196 ] } },
{ "type": "Feature", "properties": { "pt_id": "  4053", "trajectory_id": 4, "北京时间": "2026-05-13 13:00", "lon": 112.899, "lat": 30.977, "height": 447.0 }, "geometry": { "type": "Point", "coordinates": [ 112.899, 30.977 ] } },
{ "type": "Feature", "properties": { "pt_id": "  4054", "trajectory_id": 4, "北京时间": "2026-05-13 12:00", "lon": 112.674, "lat": 30.77, "height": 319.0 }, "geometry": { "type": "Point", "coordinates": [ 112.674, 30.77 ] } },
{ "type": "Feature", "properties": { "pt_id": "  4055", "trajectory_id": 4, "北京时间": "2026-05-13 11:00", "lon": 112.442, "lat": 30.651, "height": 198.0 }, "geometry": { "type": "Point", "coordinates": [ 112.442, 30.651 ] } },
{ "type": "Feature", "properties": { "pt_id": "  4056", "trajectory_id": 4, "北京时间": "2026-05-13 10:00", "lon": 112.264, "lat": 30.548, "height": 157.0 }, "geometry": { "type": "Point", "coordinates": [ 112.264, 30.548 ] } },
{ "type": "Feature", "properties": { "pt_id": "  4057", "trajectory_id": 4, "北京时间": "2026-05-13 09:00", "lon": 112.199, "lat": 30.42, "height": 148.0 }, "geometry": { "type": "Point", "coordinates": [ 112.199, 30.42 ] } },
{ "type": "Feature", "properties": { "pt_id": "  4058", "trajectory_id": 4, "北京时间": "2026-05-13 08:00", "lon": 112.223, "lat": 30.286, "height": 152.0 }, "geometry": { "type": "Point", "coordinates": [ 112.223, 30.286 ] } },
{ "type": "Feature", "properties": { "pt_id": "  4059", "trajectory_id": 4, "北京时间": "2026-05-13 07:00", "lon": 112.265, "lat": 30.147, "height": 141.0 }, "geometry": { "type": "Point", "coordinates": [ 112.265, 30.147 ] } },
{ "type": "Feature", "properties": { "pt_id": "  4060", "trajectory_id": 4, "北京时间": "2026-05-13 06:00", "lon": 112.274, "lat": 29.978, "height": 108.0 }, "geometry": { "type": "Point", "coordinates": [ 112.274, 29.978 ] } },
{ "type": "Feature", "properties": { "pt_id": "  5000", "trajectory_id": 5, "北京时间": "2026-05-15 06:00", "lon": 113.942, "lat": 30.907, "height": 10.0 }, "geometry": { "type": "Point", "coordinates": [ 113.942, 30.907 ] } },
{ "type": "Feature", "properties": { "pt_id": "  5017", "trajectory_id": 5, "北京时间": "2026-05-15 05:00", "lon": 113.991, "lat": 30.983, "height": 25.0 }, "geometry": { "type": "Point", "coordinates": [ 113.991, 30.983 ] } },
{ "type": "Feature", "properties": { "pt_id": "  5018", "trajectory_id": 5, "北京时间": "2026-05-15 04:00", "lon": 114.027, "lat": 31.061, "height": 44.0 }, "geometry": { "type": "Point", "coordinates": [ 114.027, 31.061 ] } },
{ "type": "Feature", "properties": { "pt_id": "  5019", "trajectory_id": 5, "北京时间": "2026-05-15 03:00", "lon": 114.055, "lat": 31.146, "height": 59.0 }, "geometry": { "type": "Point", "coordinates": [ 114.055, 31.146 ] } },
{ "type": "Feature", "properties": { "pt_id": "  5020", "trajectory_id": 5, "北京时间": "2026-05-15 02:00", "lon": 114.076, "lat": 31.232, "height": 72.0 }, "geometry": { "type": "Point", "coordinates": [ 114.076, 31.232 ] } },
{ "type": "Feature", "properties": { "pt_id": "  5021", "trajectory_id": 5, "北京时间": "2026-05-15 01:00", "lon": 114.097, "lat": 31.306, "height": 91.0 }, "geometry": { "type": "Point", "coordinates": [ 114.097, 31.306 ] } },
{ "type": "Feature", "properties": { "pt_id": "  5022", "trajectory_id": 5, "北京时间": "2026-05-15 00:00", "lon": 114.115, "lat": 31.361, "height": 122.0 }, "geometry": { "type": "Point", "coordinates": [ 114.115, 31.361 ] } },
{ "type": "Feature", "properties": { "pt_id": "  5023", "trajectory_id": 5, "北京时间": "2026-05-14 23:00", "lon": 114.136, "lat": 31.404, "height": 149.0 }, "geometry": { "type": "Point", "coordinates": [ 114.136, 31.404 ] } },
{ "type": "Feature", "properties": { "pt_id": "  5024", "trajectory_id": 5, "北京时间": "2026-05-14 22:00", "lon": 114.162, "lat": 31.437, "height": 164.0 }, "geometry": { "type": "Point", "coordinates": [ 114.162, 31.437 ] } },
{ "type": "Feature", "properties": { "pt_id": "  5025", "trajectory_id": 5, "北京时间": "2026-05-14 21:00", "lon": 114.194, "lat": 31.455, "height": 176.0 }, "geometry": { "type": "Point", "coordinates": [ 114.194, 31.455 ] } },
{ "type": "Feature", "properties": { "pt_id": "  5026", "trajectory_id": 5, "北京时间": "2026-05-14 20:00", "lon": 114.23, "lat": 31.454, "height": 185.0 }, "geometry": { "type": "Point", "coordinates": [ 114.23, 31.454 ] } },
{ "type": "Feature", "properties": { "pt_id": "  5027", "trajectory_id": 5, "北京时间": "2026-05-14 19:00", "lon": 114.267, "lat": 31.434, "height": 197.0 }, "geometry": { "type": "Point", "coordinates": [ 114.267, 31.434 ] } },
{ "type": "Feature", "properties": { "pt_id": "  5028", "trajectory_id": 5, "北京时间": "2026-05-14 18:00", "lon": 114.305, "lat": 31.395, "height": 218.0 }, "geometry": { "type": "Point", "coordinates": [ 114.305, 31.395 ] } },
{ "type": "Feature", "properties": { "pt_id": "  5029", "trajectory_id": 5, "北京时间": "2026-05-14 17:00", "lon": 114.341, "lat": 31.334, "height": 242.0 }, "geometry": { "type": "Point", "coordinates": [ 114.341, 31.334 ] } },
{ "type": "Feature", "properties": { "pt_id": "  5030", "trajectory_id": 5, "北京时间": "2026-05-14 16:00", "lon": 114.379, "lat": 31.247, "height": 261.0 }, "geometry": { "type": "Point", "coordinates": [ 114.379, 31.247 ] } },
{ "type": "Feature", "properties": { "pt_id": "  5031", "trajectory_id": 5, "北京时间": "2026-05-14 15:00", "lon": 114.444, "lat": 31.128, "height": 257.0 }, "geometry": { "type": "Point", "coordinates": [ 114.444, 31.128 ] } },
{ "type": "Feature", "properties": { "pt_id": "  5032", "trajectory_id": 5, "北京时间": "2026-05-14 14:00", "lon": 114.541, "lat": 30.972, "height": 233.0 }, "geometry": { "type": "Point", "coordinates": [ 114.541, 30.972 ] } },
{ "type": "Feature", "properties": { "pt_id": "  5033", "trajectory_id": 5, "北京时间": "2026-05-14 13:00", "lon": 114.673, "lat": 30.799, "height": 233.0 }, "geometry": { "type": "Point", "coordinates": [ 114.673, 30.799 ] } },
{ "type": "Feature", "properties": { "pt_id": "  5034", "trajectory_id": 5, "北京时间": "2026-05-14 12:00", "lon": 114.85, "lat": 30.622, "height": 268.0 }, "geometry": { "type": "Point", "coordinates": [ 114.85, 30.622 ] } },
{ "type": "Feature", "properties": { "pt_id": "  5035", "trajectory_id": 5, "北京时间": "2026-05-14 11:00", "lon": 115.058, "lat": 30.442, "height": 330.0 }, "geometry": { "type": "Point", "coordinates": [ 115.058, 30.442 ] } },
{ "type": "Feature", "properties": { "pt_id": "  5036", "trajectory_id": 5, "北京时间": "2026-05-14 10:00", "lon": 115.261, "lat": 30.284, "height": 451.0 }, "geometry": { "type": "Point", "coordinates": [ 115.261, 30.284 ] } },
{ "type": "Feature", "properties": { "pt_id": "  5037", "trajectory_id": 5, "北京时间": "2026-05-14 09:00", "lon": 115.46, "lat": 30.171, "height": 533.0 }, "geometry": { "type": "Point", "coordinates": [ 115.46, 30.171 ] } },
{ "type": "Feature", "properties": { "pt_id": "  5038", "trajectory_id": 5, "北京时间": "2026-05-14 08:00", "lon": 115.65, "lat": 30.087, "height": 566.0 }, "geometry": { "type": "Point", "coordinates": [ 115.65, 30.087 ] } },
{ "type": "Feature", "properties": { "pt_id": "  5039", "trajectory_id": 5, "北京时间": "2026-05-14 07:00", "lon": 115.817, "lat": 29.994, "height": 623.0 }, "geometry": { "type": "Point", "coordinates": [ 115.817, 29.994 ] } },
{ "type": "Feature", "properties": { "pt_id": "  5040", "trajectory_id": 5, "北京时间": "2026-05-14 06:00", "lon": 115.931, "lat": 29.844, "height": 675.0 }, "geometry": { "type": "Point", "coordinates": [ 115.931, 29.844 ] } },
{ "type": "Feature", "properties": { "pt_id": "  5041", "trajectory_id": 5, "北京时间": "2026-05-14 05:00", "lon": 116.016, "lat": 29.645, "height": 766.0 }, "geometry": { "type": "Point", "coordinates": [ 116.016, 29.645 ] } },
{ "type": "Feature", "properties": { "pt_id": "  5042", "trajectory_id": 5, "北京时间": "2026-05-14 04:00", "lon": 116.095, "lat": 29.398, "height": 824.0 }, "geometry": { "type": "Point", "coordinates": [ 116.095, 29.398 ] } },
{ "type": "Feature", "properties": { "pt_id": "  5043", "trajectory_id": 5, "北京时间": "2026-05-14 03:00", "lon": 116.211, "lat": 29.108, "height": 697.0 }, "geometry": { "type": "Point", "coordinates": [ 116.211, 29.108 ] } },
{ "type": "Feature", "properties": { "pt_id": "  5044", "trajectory_id": 5, "北京时间": "2026-05-14 02:00", "lon": 116.37, "lat": 28.845, "height": 575.0 }, "geometry": { "type": "Point", "coordinates": [ 116.37, 28.845 ] } },
{ "type": "Feature", "properties": { "pt_id": "  5045", "trajectory_id": 5, "北京时间": "2026-05-14 01:00", "lon": 116.535, "lat": 28.62, "height": 628.0 }, "geometry": { "type": "Point", "coordinates": [ 116.535, 28.62 ] } },
{ "type": "Feature", "properties": { "pt_id": "  5046", "trajectory_id": 5, "北京时间": "2026-05-14 00:00", "lon": 116.725, "lat": 28.451, "height": 770.0 }, "geometry": { "type": "Point", "coordinates": [ 116.725, 28.451 ] } },
{ "type": "Feature", "properties": { "pt_id": "  5047", "trajectory_id": 5, "北京时间": "2026-05-13 23:00", "lon": 116.901, "lat": 28.291, "height": 1032.0 }, "geometry": { "type": "Point", "coordinates": [ 116.901, 28.291 ] } },
{ "type": "Feature", "properties": { "pt_id": "  5048", "trajectory_id": 5, "北京时间": "2026-05-13 22:00", "lon": 117.036, "lat": 28.134, "height": 1232.0 }, "geometry": { "type": "Point", "coordinates": [ 117.036, 28.134 ] } },
{ "type": "Feature", "properties": { "pt_id": "  5049", "trajectory_id": 5, "北京时间": "2026-05-13 21:00", "lon": 117.172, "lat": 27.985, "height": 1451.0 }, "geometry": { "type": "Point", "coordinates": [ 117.172, 27.985 ] } },
{ "type": "Feature", "properties": { "pt_id": "  5050", "trajectory_id": 5, "北京时间": "2026-05-13 20:00", "lon": 117.28, "lat": 27.838, "height": 1807.0 }, "geometry": { "type": "Point", "coordinates": [ 117.28, 27.838 ] } },
{ "type": "Feature", "properties": { "pt_id": "  5051", "trajectory_id": 5, "北京时间": "2026-05-13 19:00", "lon": 117.328, "lat": 27.695, "height": 1970.0 }, "geometry": { "type": "Point", "coordinates": [ 117.328, 27.695 ] } },
{ "type": "Feature", "properties": { "pt_id": "  5052", "trajectory_id": 5, "北京时间": "2026-05-13 18:00", "lon": 117.376, "lat": 27.526, "height": 2054.0 }, "geometry": { "type": "Point", "coordinates": [ 117.376, 27.526 ] } },
{ "type": "Feature", "properties": { "pt_id": "  5053", "trajectory_id": 5, "北京时间": "2026-05-13 17:00", "lon": 117.472, "lat": 27.384, "height": 2227.0 }, "geometry": { "type": "Point", "coordinates": [ 117.472, 27.384 ] } },
{ "type": "Feature", "properties": { "pt_id": "  5054", "trajectory_id": 5, "北京时间": "2026-05-13 16:00", "lon": 117.595, "lat": 27.31, "height": 2415.0 }, "geometry": { "type": "Point", "coordinates": [ 117.595, 27.31 ] } },
{ "type": "Feature", "properties": { "pt_id": "  5055", "trajectory_id": 5, "北京时间": "2026-05-13 15:00", "lon": 117.743, "lat": 27.356, "height": 2728.0 }, "geometry": { "type": "Point", "coordinates": [ 117.743, 27.356 ] } },
{ "type": "Feature", "properties": { "pt_id": "  5056", "trajectory_id": 5, "北京时间": "2026-05-13 14:00", "lon": 117.737, "lat": 27.441, "height": 3354.0 }, "geometry": { "type": "Point", "coordinates": [ 117.737, 27.441 ] } },
{ "type": "Feature", "properties": { "pt_id": "  5057", "trajectory_id": 5, "北京时间": "2026-05-13 13:00", "lon": 117.406, "lat": 27.476, "height": 3774.0 }, "geometry": { "type": "Point", "coordinates": [ 117.406, 27.476 ] } },
{ "type": "Feature", "properties": { "pt_id": "  5058", "trajectory_id": 5, "北京时间": "2026-05-13 12:00", "lon": 117.027, "lat": 27.419, "height": 3785.0 }, "geometry": { "type": "Point", "coordinates": [ 117.027, 27.419 ] } },
{ "type": "Feature", "properties": { "pt_id": "  5059", "trajectory_id": 5, "北京时间": "2026-05-13 11:00", "lon": 116.788, "lat": 27.346, "height": 3860.0 }, "geometry": { "type": "Point", "coordinates": [ 116.788, 27.346 ] } },
{ "type": "Feature", "properties": { "pt_id": "  5060", "trajectory_id": 5, "北京时间": "2026-05-13 10:00", "lon": 116.653, "lat": 27.325, "height": 4080.0 }, "geometry": { "type": "Point", "coordinates": [ 116.653, 27.325 ] } },
{ "type": "Feature", "properties": { "pt_id": "  5061", "trajectory_id": 5, "北京时间": "2026-05-13 09:00", "lon": 116.436, "lat": 27.272, "height": 4140.0 }, "geometry": { "type": "Point", "coordinates": [ 116.436, 27.272 ] } },
{ "type": "Feature", "properties": { "pt_id": "  5062", "trajectory_id": 5, "北京时间": "2026-05-13 08:00", "lon": 116.092, "lat": 27.2, "height": 4048.0 }, "geometry": { "type": "Point", "coordinates": [ 116.092, 27.2 ] } },
{ "type": "Feature", "properties": { "pt_id": "  5063", "trajectory_id": 5, "北京时间": "2026-05-13 07:00", "lon": 115.778, "lat": 27.128, "height": 4143.0 }, "geometry": { "type": "Point", "coordinates": [ 115.778, 27.128 ] } },
{ "type": "Feature", "properties": { "pt_id": "  5064", "trajectory_id": 5, "北京时间": "2026-05-13 06:00", "lon": 115.572, "lat": 27.048, "height": 4155.0 }, "geometry": { "type": "Point", "coordinates": [ 115.572, 27.048 ] } },
{ "type": "Feature", "properties": { "pt_id": "  6000", "trajectory_id": 6, "北京时间": "2026-05-15 06:00", "lon": 113.942, "lat": 30.907, "height": 10.0 }, "geometry": { "type": "Point", "coordinates": [ 113.942, 30.907 ] } },
{ "type": "Feature", "properties": { "pt_id": "  6021", "trajectory_id": 6, "北京时间": "2026-05-15 05:00", "lon": 113.997, "lat": 30.947, "height": 19.0 }, "geometry": { "type": "Point", "coordinates": [ 113.997, 30.947 ] } },
{ "type": "Feature", "properties": { "pt_id": "  6022", "trajectory_id": 6, "北京时间": "2026-05-15 04:00", "lon": 114.056, "lat": 30.981, "height": 26.0 }, "geometry": { "type": "Point", "coordinates": [ 114.056, 30.981 ] } },
{ "type": "Feature", "properties": { "pt_id": "  6023", "trajectory_id": 6, "北京时间": "2026-05-15 03:00", "lon": 114.114, "lat": 31.008, "height": 31.0 }, "geometry": { "type": "Point", "coordinates": [ 114.114, 31.008 ] } },
{ "type": "Feature", "properties": { "pt_id": "  6024", "trajectory_id": 6, "北京时间": "2026-05-15 02:00", "lon": 114.173, "lat": 31.028, "height": 34.0 }, "geometry": { "type": "Point", "coordinates": [ 114.173, 31.028 ] } },
{ "type": "Feature", "properties": { "pt_id": "  6025", "trajectory_id": 6, "北京时间": "2026-05-15 01:00", "lon": 114.236, "lat": 31.04, "height": 36.0 }, "geometry": { "type": "Point", "coordinates": [ 114.236, 31.04 ] } },
{ "type": "Feature", "properties": { "pt_id": "  6026", "trajectory_id": 6, "北京时间": "2026-05-15 00:00", "lon": 114.301, "lat": 31.046, "height": 37.0 }, "geometry": { "type": "Point", "coordinates": [ 114.301, 31.046 ] } },
{ "type": "Feature", "properties": { "pt_id": "  6027", "trajectory_id": 6, "北京时间": "2026-05-14 23:00", "lon": 114.357, "lat": 31.051, "height": 40.0 }, "geometry": { "type": "Point", "coordinates": [ 114.357, 31.051 ] } },
{ "type": "Feature", "properties": { "pt_id": "  6028", "trajectory_id": 6, "北京时间": "2026-05-14 22:00", "lon": 114.405, "lat": 31.051, "height": 44.0 }, "geometry": { "type": "Point", "coordinates": [ 114.405, 31.051 ] } },
{ "type": "Feature", "properties": { "pt_id": "  6029", "trajectory_id": 6, "北京时间": "2026-05-14 21:00", "lon": 114.443, "lat": 31.042, "height": 51.0 }, "geometry": { "type": "Point", "coordinates": [ 114.443, 31.042 ] } },
{ "type": "Feature", "properties": { "pt_id": "  6030", "trajectory_id": 6, "北京时间": "2026-05-14 20:00", "lon": 114.476, "lat": 31.013, "height": 55.0 }, "geometry": { "type": "Point", "coordinates": [ 114.476, 31.013 ] } },
{ "type": "Feature", "properties": { "pt_id": "  6031", "trajectory_id": 6, "北京时间": "2026-05-14 19:00", "lon": 114.511, "lat": 30.959, "height": 56.0 }, "geometry": { "type": "Point", "coordinates": [ 114.511, 30.959 ] } },
{ "type": "Feature", "properties": { "pt_id": "  6032", "trajectory_id": 6, "北京时间": "2026-05-14 18:00", "lon": 114.569, "lat": 30.879, "height": 58.0 }, "geometry": { "type": "Point", "coordinates": [ 114.569, 30.879 ] } },
{ "type": "Feature", "properties": { "pt_id": "  6033", "trajectory_id": 6, "北京时间": "2026-05-14 17:00", "lon": 114.654, "lat": 30.778, "height": 65.0 }, "geometry": { "type": "Point", "coordinates": [ 114.654, 30.778 ] } },
{ "type": "Feature", "properties": { "pt_id": "  6034", "trajectory_id": 6, "北京时间": "2026-05-14 16:00", "lon": 114.77, "lat": 30.655, "height": 81.0 }, "geometry": { "type": "Point", "coordinates": [ 114.77, 30.655 ] } },
{ "type": "Feature", "properties": { "pt_id": "  6035", "trajectory_id": 6, "北京时间": "2026-05-14 15:00", "lon": 114.916, "lat": 30.519, "height": 101.0 }, "geometry": { "type": "Point", "coordinates": [ 114.916, 30.519 ] } },
{ "type": "Feature", "properties": { "pt_id": "  6036", "trajectory_id": 6, "北京时间": "2026-05-14 14:00", "lon": 115.086, "lat": 30.369, "height": 142.0 }, "geometry": { "type": "Point", "coordinates": [ 115.086, 30.369 ] } },
{ "type": "Feature", "properties": { "pt_id": "  6037", "trajectory_id": 6, "北京时间": "2026-05-14 13:00", "lon": 115.251, "lat": 30.235, "height": 222.0 }, "geometry": { "type": "Point", "coordinates": [ 115.251, 30.235 ] } },
{ "type": "Feature", "properties": { "pt_id": "  6038", "trajectory_id": 6, "北京时间": "2026-05-14 12:00", "lon": 115.424, "lat": 30.126, "height": 301.0 }, "geometry": { "type": "Point", "coordinates": [ 115.424, 30.126 ] } },
{ "type": "Feature", "properties": { "pt_id": "  6039", "trajectory_id": 6, "北京时间": "2026-05-14 11:00", "lon": 115.605, "lat": 30.041, "height": 354.0 }, "geometry": { "type": "Point", "coordinates": [ 115.605, 30.041 ] } },
{ "type": "Feature", "properties": { "pt_id": "  6040", "trajectory_id": 6, "北京时间": "2026-05-14 10:00", "lon": 115.739, "lat": 29.976, "height": 401.0 }, "geometry": { "type": "Point", "coordinates": [ 115.739, 29.976 ] } },
{ "type": "Feature", "properties": { "pt_id": "  6041", "trajectory_id": 6, "北京时间": "2026-05-14 09:00", "lon": 115.843, "lat": 29.905, "height": 435.0 }, "geometry": { "type": "Point", "coordinates": [ 115.843, 29.905 ] } },
{ "type": "Feature", "properties": { "pt_id": "  6042", "trajectory_id": 6, "北京时间": "2026-05-14 08:00", "lon": 115.929, "lat": 29.767, "height": 444.0 }, "geometry": { "type": "Point", "coordinates": [ 115.929, 29.767 ] } },
{ "type": "Feature", "properties": { "pt_id": "  6043", "trajectory_id": 6, "北京时间": "2026-05-14 07:00", "lon": 115.986, "lat": 29.588, "height": 443.0 }, "geometry": { "type": "Point", "coordinates": [ 115.986, 29.588 ] } },
{ "type": "Feature", "properties": { "pt_id": "  6044", "trajectory_id": 6, "北京时间": "2026-05-14 06:00", "lon": 116.027, "lat": 29.388, "height": 454.0 }, "geometry": { "type": "Point", "coordinates": [ 116.027, 29.388 ] } },
{ "type": "Feature", "properties": { "pt_id": "  6045", "trajectory_id": 6, "北京时间": "2026-05-14 05:00", "lon": 116.079, "lat": 29.191, "height": 400.0 }, "geometry": { "type": "Point", "coordinates": [ 116.079, 29.191 ] } },
{ "type": "Feature", "properties": { "pt_id": "  6046", "trajectory_id": 6, "北京时间": "2026-05-14 04:00", "lon": 116.121, "lat": 29.016, "height": 375.0 }, "geometry": { "type": "Point", "coordinates": [ 116.121, 29.016 ] } },
{ "type": "Feature", "properties": { "pt_id": "  6047", "trajectory_id": 6, "北京时间": "2026-05-14 03:00", "lon": 116.151, "lat": 28.858, "height": 467.0 }, "geometry": { "type": "Point", "coordinates": [ 116.151, 28.858 ] } },
{ "type": "Feature", "properties": { "pt_id": "  6048", "trajectory_id": 6, "北京时间": "2026-05-14 02:00", "lon": 116.171, "lat": 28.699, "height": 648.0 }, "geometry": { "type": "Point", "coordinates": [ 116.171, 28.699 ] } },
{ "type": "Feature", "properties": { "pt_id": "  6049", "trajectory_id": 6, "北京时间": "2026-05-14 01:00", "lon": 116.205, "lat": 28.536, "height": 651.0 }, "geometry": { "type": "Point", "coordinates": [ 116.205, 28.536 ] } },
{ "type": "Feature", "properties": { "pt_id": "  6050", "trajectory_id": 6, "北京时间": "2026-05-14 00:00", "lon": 116.297, "lat": 28.308, "height": 612.0 }, "geometry": { "type": "Point", "coordinates": [ 116.297, 28.308 ] } },
{ "type": "Feature", "properties": { "pt_id": "  6051", "trajectory_id": 6, "北京时间": "2026-05-13 23:00", "lon": 116.461, "lat": 28.037, "height": 1084.0 }, "geometry": { "type": "Point", "coordinates": [ 116.461, 28.037 ] } },
{ "type": "Feature", "properties": { "pt_id": "  6052", "trajectory_id": 6, "北京时间": "2026-05-13 22:00", "lon": 116.62, "lat": 27.814, "height": 1790.0 }, "geometry": { "type": "Point", "coordinates": [ 116.62, 27.814 ] } },
{ "type": "Feature", "properties": { "pt_id": "  6053", "trajectory_id": 6, "北京时间": "2026-05-13 21:00", "lon": 116.785, "lat": 27.612, "height": 2202.0 }, "geometry": { "type": "Point", "coordinates": [ 116.785, 27.612 ] } },
{ "type": "Feature", "properties": { "pt_id": "  6054", "trajectory_id": 6, "北京时间": "2026-05-13 20:00", "lon": 116.888, "lat": 27.424, "height": 2411.0 }, "geometry": { "type": "Point", "coordinates": [ 116.888, 27.424 ] } },
{ "type": "Feature", "properties": { "pt_id": "  6055", "trajectory_id": 6, "北京时间": "2026-05-13 19:00", "lon": 116.866, "lat": 27.305, "height": 2635.0 }, "geometry": { "type": "Point", "coordinates": [ 116.866, 27.305 ] } },
{ "type": "Feature", "properties": { "pt_id": "  6056", "trajectory_id": 6, "北京时间": "2026-05-13 18:00", "lon": 116.72, "lat": 27.225, "height": 2799.0 }, "geometry": { "type": "Point", "coordinates": [ 116.72, 27.225 ] } },
{ "type": "Feature", "properties": { "pt_id": "  6057", "trajectory_id": 6, "北京时间": "2026-05-13 17:00", "lon": 116.609, "lat": 27.192, "height": 3000.0 }, "geometry": { "type": "Point", "coordinates": [ 116.609, 27.192 ] } },
{ "type": "Feature", "properties": { "pt_id": "  6058", "trajectory_id": 6, "北京时间": "2026-05-13 16:00", "lon": 116.546, "lat": 27.146, "height": 3333.0 }, "geometry": { "type": "Point", "coordinates": [ 116.546, 27.146 ] } },
{ "type": "Feature", "properties": { "pt_id": "  6059", "trajectory_id": 6, "北京时间": "2026-05-13 15:00", "lon": 116.324, "lat": 27.05, "height": 3536.0 }, "geometry": { "type": "Point", "coordinates": [ 116.324, 27.05 ] } },
{ "type": "Feature", "properties": { "pt_id": "  6060", "trajectory_id": 6, "北京时间": "2026-05-13 14:00", "lon": 115.965, "lat": 26.984, "height": 3576.0 }, "geometry": { "type": "Point", "coordinates": [ 115.965, 26.984 ] } },
{ "type": "Feature", "properties": { "pt_id": "  6061", "trajectory_id": 6, "北京时间": "2026-05-13 13:00", "lon": 115.681, "lat": 26.877, "height": 3553.0 }, "geometry": { "type": "Point", "coordinates": [ 115.681, 26.877 ] } },
{ "type": "Feature", "properties": { "pt_id": "  6062", "trajectory_id": 6, "北京时间": "2026-05-13 12:00", "lon": 115.546, "lat": 26.816, "height": 3560.0 }, "geometry": { "type": "Point", "coordinates": [ 115.546, 26.816 ] } },
{ "type": "Feature", "properties": { "pt_id": "  6063", "trajectory_id": 6, "北京时间": "2026-05-13 11:00", "lon": 115.402, "lat": 26.788, "height": 3571.0 }, "geometry": { "type": "Point", "coordinates": [ 115.402, 26.788 ] } },
{ "type": "Feature", "properties": { "pt_id": "  6064", "trajectory_id": 6, "北京时间": "2026-05-13 10:00", "lon": 115.24, "lat": 26.781, "height": 3517.0 }, "geometry": { "type": "Point", "coordinates": [ 115.24, 26.781 ] } },
{ "type": "Feature", "properties": { "pt_id": "  6065", "trajectory_id": 6, "北京时间": "2026-05-13 09:00", "lon": 115.073, "lat": 26.772, "height": 3541.0 }, "geometry": { "type": "Point", "coordinates": [ 115.073, 26.772 ] } },
{ "type": "Feature", "properties": { "pt_id": "  6066", "trajectory_id": 6, "北京时间": "2026-05-13 08:00", "lon": 114.906, "lat": 26.736, "height": 3540.0 }, "geometry": { "type": "Point", "coordinates": [ 114.906, 26.736 ] } },
{ "type": "Feature", "properties": { "pt_id": "  6067", "trajectory_id": 6, "北京时间": "2026-05-13 07:00", "lon": 114.732, "lat": 26.672, "height": 3514.0 }, "geometry": { "type": "Point", "coordinates": [ 114.732, 26.672 ] } },
{ "type": "Feature", "properties": { "pt_id": "  6068", "trajectory_id": 6, "北京时间": "2026-05-13 06:00", "lon": 114.556, "lat": 26.623, "height": 3516.0 }, "geometry": { "type": "Point", "coordinates": [ 114.556, 26.623 ] } },
{ "type": "Feature", "properties": { "pt_id": "  7000", "trajectory_id": 7, "北京时间": "2026-05-15 06:00", "lon": 113.942, "lat": 30.907, "height": 10.0 }, "geometry": { "type": "Point", "coordinates": [ 113.942, 30.907 ] } },
{ "type": "Feature", "properties": { "pt_id": "  7025", "trajectory_id": 7, "北京时间": "2026-05-15 05:00", "lon": 114.026, "lat": 30.927, "height": 11.0 }, "geometry": { "type": "Point", "coordinates": [ 114.026, 30.927 ] } },
{ "type": "Feature", "properties": { "pt_id": "  7026", "trajectory_id": 7, "北京时间": "2026-05-15 04:00", "lon": 114.108, "lat": 30.939, "height": 11.0 }, "geometry": { "type": "Point", "coordinates": [ 114.108, 30.939 ] } },
{ "type": "Feature", "properties": { "pt_id": "  7027", "trajectory_id": 7, "北京时间": "2026-05-15 03:00", "lon": 114.187, "lat": 30.946, "height": 10.0 }, "geometry": { "type": "Point", "coordinates": [ 114.187, 30.946 ] } },
{ "type": "Feature", "properties": { "pt_id": "  7028", "trajectory_id": 7, "北京时间": "2026-05-15 02:00", "lon": 114.27, "lat": 30.946, "height": 10.0 }, "geometry": { "type": "Point", "coordinates": [ 114.27, 30.946 ] } },
{ "type": "Feature", "properties": { "pt_id": "  7029", "trajectory_id": 7, "北京时间": "2026-05-15 01:00", "lon": 114.343, "lat": 30.937, "height": 10.0 }, "geometry": { "type": "Point", "coordinates": [ 114.343, 30.937 ] } },
{ "type": "Feature", "properties": { "pt_id": "  7030", "trajectory_id": 7, "北京时间": "2026-05-15 00:00", "lon": 114.405, "lat": 30.915, "height": 10.0 }, "geometry": { "type": "Point", "coordinates": [ 114.405, 30.915 ] } },
{ "type": "Feature", "properties": { "pt_id": "  7031", "trajectory_id": 7, "北京时间": "2026-05-14 23:00", "lon": 114.463, "lat": 30.874, "height": 10.0 }, "geometry": { "type": "Point", "coordinates": [ 114.463, 30.874 ] } },
{ "type": "Feature", "properties": { "pt_id": "  7032", "trajectory_id": 7, "北京时间": "2026-05-14 22:00", "lon": 114.531, "lat": 30.814, "height": 11.0 }, "geometry": { "type": "Point", "coordinates": [ 114.531, 30.814 ] } },
{ "type": "Feature", "properties": { "pt_id": "  7033", "trajectory_id": 7, "北京时间": "2026-05-14 21:00", "lon": 114.612, "lat": 30.742, "height": 14.0 }, "geometry": { "type": "Point", "coordinates": [ 114.612, 30.742 ] } },
{ "type": "Feature", "properties": { "pt_id": "  7034", "trajectory_id": 7, "北京时间": "2026-05-14 20:00", "lon": 114.706, "lat": 30.659, "height": 20.0 }, "geometry": { "type": "Point", "coordinates": [ 114.706, 30.659 ] } },
{ "type": "Feature", "properties": { "pt_id": "  7035", "trajectory_id": 7, "北京时间": "2026-05-14 19:00", "lon": 114.82, "lat": 30.564, "height": 31.0 }, "geometry": { "type": "Point", "coordinates": [ 114.82, 30.564 ] } },
{ "type": "Feature", "properties": { "pt_id": "  7036", "trajectory_id": 7, "北京时间": "2026-05-14 18:00", "lon": 114.957, "lat": 30.455, "height": 42.0 }, "geometry": { "type": "Point", "coordinates": [ 114.957, 30.455 ] } },
{ "type": "Feature", "properties": { "pt_id": "  7037", "trajectory_id": 7, "北京时间": "2026-05-14 17:00", "lon": 115.104, "lat": 30.335, "height": 63.0 }, "geometry": { "type": "Point", "coordinates": [ 115.104, 30.335 ] } },
{ "type": "Feature", "properties": { "pt_id": "  7038", "trajectory_id": 7, "北京时间": "2026-05-14 16:00", "lon": 115.262, "lat": 30.212, "height": 97.0 }, "geometry": { "type": "Point", "coordinates": [ 115.262, 30.212 ] } },
{ "type": "Feature", "properties": { "pt_id": "  7039", "trajectory_id": 7, "北京时间": "2026-05-14 15:00", "lon": 115.435, "lat": 30.1, "height": 127.0 }, "geometry": { "type": "Point", "coordinates": [ 115.435, 30.1 ] } },
{ "type": "Feature", "properties": { "pt_id": "  7040", "trajectory_id": 7, "北京时间": "2026-05-14 14:00", "lon": 115.6, "lat": 30.008, "height": 149.0 }, "geometry": { "type": "Point", "coordinates": [ 115.6, 30.008 ] } },
{ "type": "Feature", "properties": { "pt_id": "  7041", "trajectory_id": 7, "北京时间": "2026-05-14 13:00", "lon": 115.732, "lat": 29.938, "height": 157.0 }, "geometry": { "type": "Point", "coordinates": [ 115.732, 29.938 ] } },
{ "type": "Feature", "properties": { "pt_id": "  7042", "trajectory_id": 7, "北京时间": "2026-05-14 12:00", "lon": 115.838, "lat": 29.856, "height": 153.0 }, "geometry": { "type": "Point", "coordinates": [ 115.838, 29.856 ] } },
{ "type": "Feature", "properties": { "pt_id": "  7043", "trajectory_id": 7, "北京时间": "2026-05-14 11:00", "lon": 115.92, "lat": 29.726, "height": 168.0 }, "geometry": { "type": "Point", "coordinates": [ 115.92, 29.726 ] } },
{ "type": "Feature", "properties": { "pt_id": "  7044", "trajectory_id": 7, "北京时间": "2026-05-14 10:00", "lon": 115.974, "lat": 29.594, "height": 200.0 }, "geometry": { "type": "Point", "coordinates": [ 115.974, 29.594 ] } },
{ "type": "Feature", "properties": { "pt_id": "  7045", "trajectory_id": 7, "北京时间": "2026-05-14 09:00", "lon": 115.998, "lat": 29.486, "height": 249.0 }, "geometry": { "type": "Point", "coordinates": [ 115.998, 29.486 ] } },
{ "type": "Feature", "properties": { "pt_id": "  7046", "trajectory_id": 7, "北京时间": "2026-05-14 08:00", "lon": 116.007, "lat": 29.373, "height": 289.0 }, "geometry": { "type": "Point", "coordinates": [ 116.007, 29.373 ] } },
{ "type": "Feature", "properties": { "pt_id": "  7047", "trajectory_id": 7, "北京时间": "2026-05-14 07:00", "lon": 115.97, "lat": 29.239, "height": 304.0 }, "geometry": { "type": "Point", "coordinates": [ 115.97, 29.239 ] } },
{ "type": "Feature", "properties": { "pt_id": "  7048", "trajectory_id": 7, "北京时间": "2026-05-14 06:00", "lon": 115.902, "lat": 29.094, "height": 369.0 }, "geometry": { "type": "Point", "coordinates": [ 115.902, 29.094 ] } },
{ "type": "Feature", "properties": { "pt_id": "  7049", "trajectory_id": 7, "北京时间": "2026-05-14 05:00", "lon": 115.872, "lat": 28.936, "height": 585.0 }, "geometry": { "type": "Point", "coordinates": [ 115.872, 28.936 ] } },
{ "type": "Feature", "properties": { "pt_id": "  7050", "trajectory_id": 7, "北京时间": "2026-05-14 04:00", "lon": 115.942, "lat": 28.727, "height": 933.0 }, "geometry": { "type": "Point", "coordinates": [ 115.942, 28.727 ] } },
{ "type": "Feature", "properties": { "pt_id": "  7051", "trajectory_id": 7, "北京时间": "2026-05-14 03:00", "lon": 116.108, "lat": 28.519, "height": 1120.0 }, "geometry": { "type": "Point", "coordinates": [ 116.108, 28.519 ] } },
{ "type": "Feature", "properties": { "pt_id": "  7052", "trajectory_id": 7, "北京时间": "2026-05-14 02:00", "lon": 116.292, "lat": 28.292, "height": 1298.0 }, "geometry": { "type": "Point", "coordinates": [ 116.292, 28.292 ] } },
{ "type": "Feature", "properties": { "pt_id": "  7053", "trajectory_id": 7, "北京时间": "2026-05-14 01:00", "lon": 116.494, "lat": 28.136, "height": 1831.0 }, "geometry": { "type": "Point", "coordinates": [ 116.494, 28.136 ] } },
{ "type": "Feature", "properties": { "pt_id": "  7054", "trajectory_id": 7, "北京时间": "2026-05-14 00:00", "lon": 116.671, "lat": 28.088, "height": 2429.0 }, "geometry": { "type": "Point", "coordinates": [ 116.671, 28.088 ] } },
{ "type": "Feature", "properties": { "pt_id": "  7055", "trajectory_id": 7, "北京时间": "2026-05-13 23:00", "lon": 116.751, "lat": 28.131, "height": 3072.0 }, "geometry": { "type": "Point", "coordinates": [ 116.751, 28.131 ] } },
{ "type": "Feature", "properties": { "pt_id": "  7056", "trajectory_id": 7, "北京时间": "2026-05-13 22:00", "lon": 116.687, "lat": 28.194, "height": 3843.0 }, "geometry": { "type": "Point", "coordinates": [ 116.687, 28.194 ] } },
{ "type": "Feature", "properties": { "pt_id": "  7057", "trajectory_id": 7, "北京时间": "2026-05-13 21:00", "lon": 116.643, "lat": 28.298, "height": 4392.0 }, "geometry": { "type": "Point", "coordinates": [ 116.643, 28.298 ] } },
{ "type": "Feature", "properties": { "pt_id": "  7058", "trajectory_id": 7, "北京时间": "2026-05-13 20:00", "lon": 116.481, "lat": 28.444, "height": 5144.0 }, "geometry": { "type": "Point", "coordinates": [ 116.481, 28.444 ] } },
{ "type": "Feature", "properties": { "pt_id": "  7059", "trajectory_id": 7, "北京时间": "2026-05-13 19:00", "lon": 116.02, "lat": 28.488, "height": 5497.0 }, "geometry": { "type": "Point", "coordinates": [ 116.02, 28.488 ] } },
{ "type": "Feature", "properties": { "pt_id": "  7060", "trajectory_id": 7, "北京时间": "2026-05-13 18:00", "lon": 115.715, "lat": 28.503, "height": 5254.0 }, "geometry": { "type": "Point", "coordinates": [ 115.715, 28.503 ] } },
{ "type": "Feature", "properties": { "pt_id": "  7061", "trajectory_id": 7, "北京时间": "2026-05-13 17:00", "lon": 115.487, "lat": 28.512, "height": 5159.0 }, "geometry": { "type": "Point", "coordinates": [ 115.487, 28.512 ] } },
{ "type": "Feature", "properties": { "pt_id": "  7062", "trajectory_id": 7, "北京时间": "2026-05-13 16:00", "lon": 115.227, "lat": 28.478, "height": 5145.0 }, "geometry": { "type": "Point", "coordinates": [ 115.227, 28.478 ] } },
{ "type": "Feature", "properties": { "pt_id": "  7063", "trajectory_id": 7, "北京时间": "2026-05-13 15:00", "lon": 114.962, "lat": 28.421, "height": 5104.0 }, "geometry": { "type": "Point", "coordinates": [ 114.962, 28.421 ] } },
{ "type": "Feature", "properties": { "pt_id": "  7064", "trajectory_id": 7, "北京时间": "2026-05-13 14:00", "lon": 114.623, "lat": 28.315, "height": 5045.0 }, "geometry": { "type": "Point", "coordinates": [ 114.623, 28.315 ] } },
{ "type": "Feature", "properties": { "pt_id": "  7065", "trajectory_id": 7, "北京时间": "2026-05-13 13:00", "lon": 114.155, "lat": 28.151, "height": 4914.0 }, "geometry": { "type": "Point", "coordinates": [ 114.155, 28.151 ] } },
{ "type": "Feature", "properties": { "pt_id": "  7066", "trajectory_id": 7, "北京时间": "2026-05-13 12:00", "lon": 113.78, "lat": 28.003, "height": 4805.0 }, "geometry": { "type": "Point", "coordinates": [ 113.78, 28.003 ] } },
{ "type": "Feature", "properties": { "pt_id": "  7067", "trajectory_id": 7, "北京时间": "2026-05-13 11:00", "lon": 113.525, "lat": 27.883, "height": 4755.0 }, "geometry": { "type": "Point", "coordinates": [ 113.525, 27.883 ] } },
{ "type": "Feature", "properties": { "pt_id": "  7068", "trajectory_id": 7, "北京时间": "2026-05-13 10:00", "lon": 113.294, "lat": 27.774, "height": 4788.0 }, "geometry": { "type": "Point", "coordinates": [ 113.294, 27.774 ] } },
{ "type": "Feature", "properties": { "pt_id": "  7069", "trajectory_id": 7, "北京时间": "2026-05-13 09:00", "lon": 113.072, "lat": 27.673, "height": 4851.0 }, "geometry": { "type": "Point", "coordinates": [ 113.072, 27.673 ] } },
{ "type": "Feature", "properties": { "pt_id": "  7070", "trajectory_id": 7, "北京时间": "2026-05-13 08:00", "lon": 112.887, "lat": 27.601, "height": 4908.0 }, "geometry": { "type": "Point", "coordinates": [ 112.887, 27.601 ] } },
{ "type": "Feature", "properties": { "pt_id": "  7071", "trajectory_id": 7, "北京时间": "2026-05-13 07:00", "lon": 112.712, "lat": 27.541, "height": 4906.0 }, "geometry": { "type": "Point", "coordinates": [ 112.712, 27.541 ] } },
{ "type": "Feature", "properties": { "pt_id": "  7072", "trajectory_id": 7, "北京时间": "2026-05-13 06:00", "lon": 112.534, "lat": 27.483, "height": 4837.0 }, "geometry": { "type": "Point", "coordinates": [ 112.534, 27.483 ] } },
{ "type": "Feature", "properties": { "pt_id": "  8000", "trajectory_id": 8, "北京时间": "2026-05-15 06:00", "lon": 113.942, "lat": 30.907, "height": 10.0 }, "geometry": { "type": "Point", "coordinates": [ 113.942, 30.907 ] } },
{ "type": "Feature", "properties": { "pt_id": "  8029", "trajectory_id": 8, "北京时间": "2026-05-15 05:00", "lon": 114.006, "lat": 30.931, "height": 8.0 }, "geometry": { "type": "Point", "coordinates": [ 114.006, 30.931 ] } },
{ "type": "Feature", "properties": { "pt_id": "  8030", "trajectory_id": 8, "北京时间": "2026-05-15 04:00", "lon": 114.073, "lat": 30.949, "height": 6.0 }, "geometry": { "type": "Point", "coordinates": [ 114.073, 30.949 ] } },
{ "type": "Feature", "properties": { "pt_id": "  8031", "trajectory_id": 8, "北京时间": "2026-05-15 03:00", "lon": 114.142, "lat": 30.956, "height": 4.0 }, "geometry": { "type": "Point", "coordinates": [ 114.142, 30.956 ] } },
{ "type": "Feature", "properties": { "pt_id": "  8032", "trajectory_id": 8, "北京时间": "2026-05-15 02:00", "lon": 114.211, "lat": 30.94, "height": 2.0 }, "geometry": { "type": "Point", "coordinates": [ 114.211, 30.94 ] } },
{ "type": "Feature", "properties": { "pt_id": "  8033", "trajectory_id": 8, "北京时间": "2026-05-15 01:00", "lon": 114.281, "lat": 30.9, "height": 0.0 }, "geometry": { "type": "Point", "coordinates": [ 114.281, 30.9 ] } },
{ "type": "Feature", "properties": { "pt_id": "  8034", "trajectory_id": 8, "北京时间": "2026-05-15 00:00", "lon": 114.352, "lat": 30.845, "height": 0.0 }, "geometry": { "type": "Point", "coordinates": [ 114.352, 30.845 ] } },
{ "type": "Feature", "properties": { "pt_id": "  8035", "trajectory_id": 8, "北京时间": "2026-05-14 23:00", "lon": 114.436, "lat": 30.769, "height": 0.0 }, "geometry": { "type": "Point", "coordinates": [ 114.436, 30.769 ] } },
{ "type": "Feature", "properties": { "pt_id": "  8036", "trajectory_id": 8, "北京时间": "2026-05-14 22:00", "lon": 114.545, "lat": 30.668, "height": 2.0 }, "geometry": { "type": "Point", "coordinates": [ 114.545, 30.668 ] } },
{ "type": "Feature", "properties": { "pt_id": "  8037", "trajectory_id": 8, "北京时间": "2026-05-14 21:00", "lon": 114.655, "lat": 30.563, "height": 5.0 }, "geometry": { "type": "Point", "coordinates": [ 114.655, 30.563 ] } },
{ "type": "Feature", "properties": { "pt_id": "  8038", "trajectory_id": 8, "北京时间": "2026-05-14 20:00", "lon": 114.793, "lat": 30.466, "height": 9.0 }, "geometry": { "type": "Point", "coordinates": [ 114.793, 30.466 ] } },
{ "type": "Feature", "properties": { "pt_id": "  8039", "trajectory_id": 8, "北京时间": "2026-05-14 19:00", "lon": 114.933, "lat": 30.36, "height": 16.0 }, "geometry": { "type": "Point", "coordinates": [ 114.933, 30.36 ] } },
{ "type": "Feature", "properties": { "pt_id": "  8040", "trajectory_id": 8, "北京时间": "2026-05-14 18:00", "lon": 115.088, "lat": 30.254, "height": 23.0 }, "geometry": { "type": "Point", "coordinates": [ 115.088, 30.254 ] } },
{ "type": "Feature", "properties": { "pt_id": "  8041", "trajectory_id": 8, "北京时间": "2026-05-14 17:00", "lon": 115.259, "lat": 30.137, "height": 22.0 }, "geometry": { "type": "Point", "coordinates": [ 115.259, 30.137 ] } },
{ "type": "Feature", "properties": { "pt_id": "  8042", "trajectory_id": 8, "北京时间": "2026-05-14 16:00", "lon": 115.42, "lat": 30.018, "height": 14.0 }, "geometry": { "type": "Point", "coordinates": [ 115.42, 30.018 ] } },
{ "type": "Feature", "properties": { "pt_id": "  8043", "trajectory_id": 8, "北京时间": "2026-05-14 15:00", "lon": 115.562, "lat": 29.903, "height": 24.0 }, "geometry": { "type": "Point", "coordinates": [ 115.562, 29.903 ] } },
{ "type": "Feature", "properties": { "pt_id": "  8044", "trajectory_id": 8, "北京时间": "2026-05-14 14:00", "lon": 115.658, "lat": 29.787, "height": 56.0 }, "geometry": { "type": "Point", "coordinates": [ 115.658, 29.787 ] } },
{ "type": "Feature", "properties": { "pt_id": "  8045", "trajectory_id": 8, "北京时间": "2026-05-14 13:00", "lon": 115.715, "lat": 29.671, "height": 90.0 }, "geometry": { "type": "Point", "coordinates": [ 115.715, 29.671 ] } },
{ "type": "Feature", "properties": { "pt_id": "  8046", "trajectory_id": 8, "北京时间": "2026-05-14 12:00", "lon": 115.77, "lat": 29.555, "height": 106.0 }, "geometry": { "type": "Point", "coordinates": [ 115.77, 29.555 ] } },
{ "type": "Feature", "properties": { "pt_id": "  8047", "trajectory_id": 8, "北京时间": "2026-05-14 11:00", "lon": 115.8, "lat": 29.449, "height": 101.0 }, "geometry": { "type": "Point", "coordinates": [ 115.8, 29.449 ] } },
{ "type": "Feature", "properties": { "pt_id": "  8048", "trajectory_id": 8, "北京时间": "2026-05-14 10:00", "lon": 115.777, "lat": 29.353, "height": 94.0 }, "geometry": { "type": "Point", "coordinates": [ 115.777, 29.353 ] } },
{ "type": "Feature", "properties": { "pt_id": "  8049", "trajectory_id": 8, "北京时间": "2026-05-14 09:00", "lon": 115.706, "lat": 29.255, "height": 106.0 }, "geometry": { "type": "Point", "coordinates": [ 115.706, 29.255 ] } },
{ "type": "Feature", "properties": { "pt_id": "  8050", "trajectory_id": 8, "北京时间": "2026-05-14 08:00", "lon": 115.599, "lat": 29.172, "height": 173.0 }, "geometry": { "type": "Point", "coordinates": [ 115.599, 29.172 ] } },
{ "type": "Feature", "properties": { "pt_id": "  8051", "trajectory_id": 8, "北京时间": "2026-05-14 07:00", "lon": 115.472, "lat": 29.103, "height": 328.0 }, "geometry": { "type": "Point", "coordinates": [ 115.472, 29.103 ] } },
{ "type": "Feature", "properties": { "pt_id": "  8052", "trajectory_id": 8, "北京时间": "2026-05-14 06:00", "lon": 115.359, "lat": 29.002, "height": 614.0 }, "geometry": { "type": "Point", "coordinates": [ 115.359, 29.002 ] } },
{ "type": "Feature", "properties": { "pt_id": "  8053", "trajectory_id": 8, "北京时间": "2026-05-14 05:00", "lon": 115.358, "lat": 28.787, "height": 956.0 }, "geometry": { "type": "Point", "coordinates": [ 115.358, 28.787 ] } },
{ "type": "Feature", "properties": { "pt_id": "  8054", "trajectory_id": 8, "北京时间": "2026-05-14 04:00", "lon": 115.479, "lat": 28.514, "height": 1324.0 }, "geometry": { "type": "Point", "coordinates": [ 115.479, 28.514 ] } },
{ "type": "Feature", "properties": { "pt_id": "  8055", "trajectory_id": 8, "北京时间": "2026-05-14 03:00", "lon": 115.676, "lat": 28.268, "height": 1485.0 }, "geometry": { "type": "Point", "coordinates": [ 115.676, 28.268 ] } },
{ "type": "Feature", "properties": { "pt_id": "  8056", "trajectory_id": 8, "北京时间": "2026-05-14 02:00", "lon": 115.917, "lat": 28.077, "height": 1706.0 }, "geometry": { "type": "Point", "coordinates": [ 115.917, 28.077 ] } },
{ "type": "Feature", "properties": { "pt_id": "  8057", "trajectory_id": 8, "北京时间": "2026-05-14 01:00", "lon": 116.183, "lat": 27.982, "height": 2021.0 }, "geometry": { "type": "Point", "coordinates": [ 116.183, 27.982 ] } },
{ "type": "Feature", "properties": { "pt_id": "  8058", "trajectory_id": 8, "北京时间": "2026-05-14 00:00", "lon": 116.449, "lat": 27.999, "height": 2385.0 }, "geometry": { "type": "Point", "coordinates": [ 116.449, 27.999 ] } },
{ "type": "Feature", "properties": { "pt_id": "  8059", "trajectory_id": 8, "北京时间": "2026-05-13 23:00", "lon": 116.706, "lat": 28.034, "height": 2916.0 }, "geometry": { "type": "Point", "coordinates": [ 116.706, 28.034 ] } },
{ "type": "Feature", "properties": { "pt_id": "  8060", "trajectory_id": 8, "北京时间": "2026-05-13 22:00", "lon": 116.885, "lat": 28.079, "height": 3312.0 }, "geometry": { "type": "Point", "coordinates": [ 116.885, 28.079 ] } },
{ "type": "Feature", "properties": { "pt_id": "  8061", "trajectory_id": 8, "北京时间": "2026-05-13 21:00", "lon": 117.008, "lat": 28.143, "height": 3529.0 }, "geometry": { "type": "Point", "coordinates": [ 117.008, 28.143 ] } },
{ "type": "Feature", "properties": { "pt_id": "  8062", "trajectory_id": 8, "北京时间": "2026-05-13 20:00", "lon": 117.101, "lat": 28.215, "height": 3538.0 }, "geometry": { "type": "Point", "coordinates": [ 117.101, 28.215 ] } },
{ "type": "Feature", "properties": { "pt_id": "  8063", "trajectory_id": 8, "北京时间": "2026-05-13 19:00", "lon": 117.181, "lat": 28.281, "height": 3480.0 }, "geometry": { "type": "Point", "coordinates": [ 117.181, 28.281 ] } },
{ "type": "Feature", "properties": { "pt_id": "  8064", "trajectory_id": 8, "北京时间": "2026-05-13 18:00", "lon": 117.248, "lat": 28.348, "height": 3451.0 }, "geometry": { "type": "Point", "coordinates": [ 117.248, 28.348 ] } },
{ "type": "Feature", "properties": { "pt_id": "  8065", "trajectory_id": 8, "北京时间": "2026-05-13 17:00", "lon": 117.301, "lat": 28.427, "height": 3529.0 }, "geometry": { "type": "Point", "coordinates": [ 117.301, 28.427 ] } },
{ "type": "Feature", "properties": { "pt_id": "  8066", "trajectory_id": 8, "北京时间": "2026-05-13 16:00", "lon": 117.313, "lat": 28.515, "height": 3680.0 }, "geometry": { "type": "Point", "coordinates": [ 117.313, 28.515 ] } },
{ "type": "Feature", "properties": { "pt_id": "  8067", "trajectory_id": 8, "北京时间": "2026-05-13 15:00", "lon": 117.275, "lat": 28.608, "height": 3783.0 }, "geometry": { "type": "Point", "coordinates": [ 117.275, 28.608 ] } },
{ "type": "Feature", "properties": { "pt_id": "  8068", "trajectory_id": 8, "北京时间": "2026-05-13 14:00", "lon": 117.23, "lat": 28.706, "height": 3806.0 }, "geometry": { "type": "Point", "coordinates": [ 117.23, 28.706 ] } },
{ "type": "Feature", "properties": { "pt_id": "  8069", "trajectory_id": 8, "北京时间": "2026-05-13 13:00", "lon": 117.201, "lat": 28.813, "height": 3809.0 }, "geometry": { "type": "Point", "coordinates": [ 117.201, 28.813 ] } },
{ "type": "Feature", "properties": { "pt_id": "  8070", "trajectory_id": 8, "北京时间": "2026-05-13 12:00", "lon": 117.187, "lat": 28.932, "height": 3850.0 }, "geometry": { "type": "Point", "coordinates": [ 117.187, 28.932 ] } },
{ "type": "Feature", "properties": { "pt_id": "  8071", "trajectory_id": 8, "北京时间": "2026-05-13 11:00", "lon": 117.179, "lat": 29.071, "height": 3918.0 }, "geometry": { "type": "Point", "coordinates": [ 117.179, 29.071 ] } },
{ "type": "Feature", "properties": { "pt_id": "  8072", "trajectory_id": 8, "北京时间": "2026-05-13 10:00", "lon": 117.162, "lat": 29.231, "height": 3978.0 }, "geometry": { "type": "Point", "coordinates": [ 117.162, 29.231 ] } },
{ "type": "Feature", "properties": { "pt_id": "  8073", "trajectory_id": 8, "北京时间": "2026-05-13 09:00", "lon": 117.136, "lat": 29.409, "height": 4136.0 }, "geometry": { "type": "Point", "coordinates": [ 117.136, 29.409 ] } },
{ "type": "Feature", "properties": { "pt_id": "  8074", "trajectory_id": 8, "北京时间": "2026-05-13 08:00", "lon": 117.06, "lat": 29.581, "height": 4332.0 }, "geometry": { "type": "Point", "coordinates": [ 117.06, 29.581 ] } },
{ "type": "Feature", "properties": { "pt_id": "  8075", "trajectory_id": 8, "北京时间": "2026-05-13 07:00", "lon": 116.947, "lat": 29.763, "height": 4405.0 }, "geometry": { "type": "Point", "coordinates": [ 116.947, 29.763 ] } },
{ "type": "Feature", "properties": { "pt_id": "  8076", "trajectory_id": 8, "北京时间": "2026-05-13 06:00", "lon": 116.839, "lat": 29.985, "height": 4407.0 }, "geometry": { "type": "Point", "coordinates": [ 116.839, 29.985 ] } },
{ "type": "Feature", "properties": { "pt_id": "  9000", "trajectory_id": 9, "北京时间": "2026-05-15 06:00", "lon": 113.942, "lat": 30.907, "height": 10.0 }, "geometry": { "type": "Point", "coordinates": [ 113.942, 30.907 ] } },
{ "type": "Feature", "properties": { "pt_id": "  9033", "trajectory_id": 9, "北京时间": "2026-05-15 05:00", "lon": 113.948, "lat": 30.901, "height": 9.0 }, "geometry": { "type": "Point", "coordinates": [ 113.948, 30.901 ] } },
{ "type": "Feature", "properties": { "pt_id": "  9034", "trajectory_id": 9, "北京时间": "2026-05-15 04:00", "lon": 113.931, "lat": 30.87, "height": 10.0 }, "geometry": { "type": "Point", "coordinates": [ 113.931, 30.87 ] } },
{ "type": "Feature", "properties": { "pt_id": "  9035", "trajectory_id": 9, "北京时间": "2026-05-15 03:00", "lon": 113.913, "lat": 30.814, "height": 10.0 }, "geometry": { "type": "Point", "coordinates": [ 113.913, 30.814 ] } },
{ "type": "Feature", "properties": { "pt_id": "  9036", "trajectory_id": 9, "北京时间": "2026-05-15 02:00", "lon": 113.892, "lat": 30.732, "height": 8.0 }, "geometry": { "type": "Point", "coordinates": [ 113.892, 30.732 ] } },
{ "type": "Feature", "properties": { "pt_id": "  9037", "trajectory_id": 9, "北京时间": "2026-05-15 01:00", "lon": 113.848, "lat": 30.627, "height": 6.0 }, "geometry": { "type": "Point", "coordinates": [ 113.848, 30.627 ] } },
{ "type": "Feature", "properties": { "pt_id": "  9038", "trajectory_id": 9, "北京时间": "2026-05-15 00:00", "lon": 113.814, "lat": 30.517, "height": 7.0 }, "geometry": { "type": "Point", "coordinates": [ 113.814, 30.517 ] } },
{ "type": "Feature", "properties": { "pt_id": "  9039", "trajectory_id": 9, "北京时间": "2026-05-14 23:00", "lon": 113.815, "lat": 30.415, "height": 8.0 }, "geometry": { "type": "Point", "coordinates": [ 113.815, 30.415 ] } },
{ "type": "Feature", "properties": { "pt_id": "  9040", "trajectory_id": 9, "北京时间": "2026-05-14 22:00", "lon": 113.827, "lat": 30.317, "height": 9.0 }, "geometry": { "type": "Point", "coordinates": [ 113.827, 30.317 ] } },
{ "type": "Feature", "properties": { "pt_id": "  9041", "trajectory_id": 9, "北京时间": "2026-05-14 21:00", "lon": 113.849, "lat": 30.232, "height": 9.0 }, "geometry": { "type": "Point", "coordinates": [ 113.849, 30.232 ] } },
{ "type": "Feature", "properties": { "pt_id": "  9042", "trajectory_id": 9, "北京时间": "2026-05-14 20:00", "lon": 113.891, "lat": 30.167, "height": 9.0 }, "geometry": { "type": "Point", "coordinates": [ 113.891, 30.167 ] } },
{ "type": "Feature", "properties": { "pt_id": "  9043", "trajectory_id": 9, "北京时间": "2026-05-14 19:00", "lon": 113.952, "lat": 30.115, "height": 9.0 }, "geometry": { "type": "Point", "coordinates": [ 113.952, 30.115 ] } },
{ "type": "Feature", "properties": { "pt_id": "  9044", "trajectory_id": 9, "北京时间": "2026-05-14 18:00", "lon": 114.032, "lat": 30.069, "height": 9.0 }, "geometry": { "type": "Point", "coordinates": [ 114.032, 30.069 ] } },
{ "type": "Feature", "properties": { "pt_id": "  9045", "trajectory_id": 9, "北京时间": "2026-05-14 17:00", "lon": 114.131, "lat": 30.024, "height": 15.0 }, "geometry": { "type": "Point", "coordinates": [ 114.131, 30.024 ] } },
{ "type": "Feature", "properties": { "pt_id": "  9046", "trajectory_id": 9, "北京时间": "2026-05-14 16:00", "lon": 114.263, "lat": 29.965, "height": 33.0 }, "geometry": { "type": "Point", "coordinates": [ 114.263, 29.965 ] } },
{ "type": "Feature", "properties": { "pt_id": "  9047", "trajectory_id": 9, "北京时间": "2026-05-14 15:00", "lon": 114.413, "lat": 29.901, "height": 68.0 }, "geometry": { "type": "Point", "coordinates": [ 114.413, 29.901 ] } },
{ "type": "Feature", "properties": { "pt_id": "  9048", "trajectory_id": 9, "北京时间": "2026-05-14 14:00", "lon": 114.545, "lat": 29.851, "height": 111.0 }, "geometry": { "type": "Point", "coordinates": [ 114.545, 29.851 ] } },
{ "type": "Feature", "properties": { "pt_id": "  9049", "trajectory_id": 9, "北京时间": "2026-05-14 13:00", "lon": 114.661, "lat": 29.807, "height": 134.0 }, "geometry": { "type": "Point", "coordinates": [ 114.661, 29.807 ] } },
{ "type": "Feature", "properties": { "pt_id": "  9050", "trajectory_id": 9, "北京时间": "2026-05-14 12:00", "lon": 114.74, "lat": 29.748, "height": 121.0 }, "geometry": { "type": "Point", "coordinates": [ 114.74, 29.748 ] } },
{ "type": "Feature", "properties": { "pt_id": "  9051", "trajectory_id": 9, "北京时间": "2026-05-14 11:00", "lon": 114.771, "lat": 29.667, "height": 127.0 }, "geometry": { "type": "Point", "coordinates": [ 114.771, 29.667 ] } },
{ "type": "Feature", "properties": { "pt_id": "  9052", "trajectory_id": 9, "北京时间": "2026-05-14 10:00", "lon": 114.78, "lat": 29.567, "height": 209.0 }, "geometry": { "type": "Point", "coordinates": [ 114.78, 29.567 ] } },
{ "type": "Feature", "properties": { "pt_id": "  9053", "trajectory_id": 9, "北京时间": "2026-05-14 09:00", "lon": 114.805, "lat": 29.443, "height": 426.0 }, "geometry": { "type": "Point", "coordinates": [ 114.805, 29.443 ] } },
{ "type": "Feature", "properties": { "pt_id": "  9054", "trajectory_id": 9, "北京时间": "2026-05-14 08:00", "lon": 114.842, "lat": 29.3, "height": 650.0 }, "geometry": { "type": "Point", "coordinates": [ 114.842, 29.3 ] } },
{ "type": "Feature", "properties": { "pt_id": "  9055", "trajectory_id": 9, "北京时间": "2026-05-14 07:00", "lon": 114.898, "lat": 29.117, "height": 883.0 }, "geometry": { "type": "Point", "coordinates": [ 114.898, 29.117 ] } },
{ "type": "Feature", "properties": { "pt_id": "  9056", "trajectory_id": 9, "北京时间": "2026-05-14 06:00", "lon": 115.081, "lat": 28.864, "height": 1275.0 }, "geometry": { "type": "Point", "coordinates": [ 115.081, 28.864 ] } },
{ "type": "Feature", "properties": { "pt_id": "  9057", "trajectory_id": 9, "北京时间": "2026-05-14 05:00", "lon": 115.214, "lat": 28.602, "height": 1391.0 }, "geometry": { "type": "Point", "coordinates": [ 115.214, 28.602 ] } },
{ "type": "Feature", "properties": { "pt_id": "  9058", "trajectory_id": 9, "北京时间": "2026-05-14 04:00", "lon": 115.359, "lat": 28.442, "height": 1864.0 }, "geometry": { "type": "Point", "coordinates": [ 115.359, 28.442 ] } },
{ "type": "Feature", "properties": { "pt_id": "  9059", "trajectory_id": 9, "北京时间": "2026-05-14 03:00", "lon": 115.587, "lat": 28.379, "height": 2121.0 }, "geometry": { "type": "Point", "coordinates": [ 115.587, 28.379 ] } },
{ "type": "Feature", "properties": { "pt_id": "  9060", "trajectory_id": 9, "北京时间": "2026-05-14 02:00", "lon": 115.761, "lat": 28.307, "height": 2684.0 }, "geometry": { "type": "Point", "coordinates": [ 115.761, 28.307 ] } },
{ "type": "Feature", "properties": { "pt_id": "  9061", "trajectory_id": 9, "北京时间": "2026-05-14 01:00", "lon": 115.839, "lat": 28.215, "height": 3166.0 }, "geometry": { "type": "Point", "coordinates": [ 115.839, 28.215 ] } },
{ "type": "Feature", "properties": { "pt_id": "  9062", "trajectory_id": 9, "北京时间": "2026-05-14 00:00", "lon": 115.932, "lat": 28.147, "height": 3419.0 }, "geometry": { "type": "Point", "coordinates": [ 115.932, 28.147 ] } },
{ "type": "Feature", "properties": { "pt_id": "  9063", "trajectory_id": 9, "北京时间": "2026-05-13 23:00", "lon": 116.018, "lat": 28.114, "height": 3622.0 }, "geometry": { "type": "Point", "coordinates": [ 116.018, 28.114 ] } },
{ "type": "Feature", "properties": { "pt_id": "  9064", "trajectory_id": 9, "北京时间": "2026-05-13 22:00", "lon": 116.036, "lat": 28.082, "height": 3777.0 }, "geometry": { "type": "Point", "coordinates": [ 116.036, 28.082 ] } },
{ "type": "Feature", "properties": { "pt_id": "  9065", "trajectory_id": 9, "北京时间": "2026-05-13 21:00", "lon": 116.002, "lat": 28.045, "height": 3854.0 }, "geometry": { "type": "Point", "coordinates": [ 116.002, 28.045 ] } },
{ "type": "Feature", "properties": { "pt_id": "  9066", "trajectory_id": 9, "北京时间": "2026-05-13 20:00", "lon": 115.969, "lat": 28.009, "height": 3913.0 }, "geometry": { "type": "Point", "coordinates": [ 115.969, 28.009 ] } },
{ "type": "Feature", "properties": { "pt_id": "  9067", "trajectory_id": 9, "北京时间": "2026-05-13 19:00", "lon": 115.943, "lat": 27.961, "height": 3953.0 }, "geometry": { "type": "Point", "coordinates": [ 115.943, 27.961 ] } },
{ "type": "Feature", "properties": { "pt_id": "  9068", "trajectory_id": 9, "北京时间": "2026-05-13 18:00", "lon": 115.92, "lat": 27.904, "height": 3952.0 }, "geometry": { "type": "Point", "coordinates": [ 115.92, 27.904 ] } },
{ "type": "Feature", "properties": { "pt_id": "  9069", "trajectory_id": 9, "北京时间": "2026-05-13 17:00", "lon": 115.901, "lat": 27.855, "height": 3913.0 }, "geometry": { "type": "Point", "coordinates": [ 115.901, 27.855 ] } },
{ "type": "Feature", "properties": { "pt_id": "  9070", "trajectory_id": 9, "北京时间": "2026-05-13 16:00", "lon": 115.892, "lat": 27.816, "height": 3842.0 }, "geometry": { "type": "Point", "coordinates": [ 115.892, 27.816 ] } },
{ "type": "Feature", "properties": { "pt_id": "  9071", "trajectory_id": 9, "北京时间": "2026-05-13 15:00", "lon": 115.899, "lat": 27.796, "height": 3794.0 }, "geometry": { "type": "Point", "coordinates": [ 115.899, 27.796 ] } },
{ "type": "Feature", "properties": { "pt_id": "  9072", "trajectory_id": 9, "北京时间": "2026-05-13 14:00", "lon": 115.913, "lat": 27.799, "height": 3825.0 }, "geometry": { "type": "Point", "coordinates": [ 115.913, 27.799 ] } },
{ "type": "Feature", "properties": { "pt_id": "  9073", "trajectory_id": 9, "北京时间": "2026-05-13 13:00", "lon": 115.921, "lat": 27.821, "height": 3938.0 }, "geometry": { "type": "Point", "coordinates": [ 115.921, 27.821 ] } },
{ "type": "Feature", "properties": { "pt_id": "  9074", "trajectory_id": 9, "北京时间": "2026-05-13 12:00", "lon": 115.9, "lat": 27.845, "height": 4070.0 }, "geometry": { "type": "Point", "coordinates": [ 115.9, 27.845 ] } },
{ "type": "Feature", "properties": { "pt_id": "  9075", "trajectory_id": 9, "北京时间": "2026-05-13 11:00", "lon": 115.853, "lat": 27.863, "height": 4144.0 }, "geometry": { "type": "Point", "coordinates": [ 115.853, 27.863 ] } },
{ "type": "Feature", "properties": { "pt_id": "  9076", "trajectory_id": 9, "北京时间": "2026-05-13 10:00", "lon": 115.792, "lat": 27.881, "height": 4147.0 }, "geometry": { "type": "Point", "coordinates": [ 115.792, 27.881 ] } },
{ "type": "Feature", "properties": { "pt_id": "  9077", "trajectory_id": 9, "北京时间": "2026-05-13 09:00", "lon": 115.731, "lat": 27.91, "height": 4135.0 }, "geometry": { "type": "Point", "coordinates": [ 115.731, 27.91 ] } },
{ "type": "Feature", "properties": { "pt_id": "  9078", "trajectory_id": 9, "北京时间": "2026-05-13 08:00", "lon": 115.67, "lat": 27.964, "height": 4156.0 }, "geometry": { "type": "Point", "coordinates": [ 115.67, 27.964 ] } },
{ "type": "Feature", "properties": { "pt_id": "  9079", "trajectory_id": 9, "北京时间": "2026-05-13 07:00", "lon": 115.611, "lat": 28.044, "height": 4187.0 }, "geometry": { "type": "Point", "coordinates": [ 115.611, 28.044 ] } },
{ "type": "Feature", "properties": { "pt_id": "  9080", "trajectory_id": 9, "北京时间": "2026-05-13 06:00", "lon": 115.548, "lat": 28.147, "height": 4220.0 }, "geometry": { "type": "Point", "coordinates": [ 115.548, 28.147 ] } },
{ "type": "Feature", "properties": { "pt_id": " 10000", "trajectory_id": 10, "北京时间": "2026-05-15 06:00", "lon": 113.942, "lat": 30.907, "height": 10.0 }, "geometry": { "type": "Point", "coordinates": [ 113.942, 30.907 ] } },
{ "type": "Feature", "properties": { "pt_id": " 10037", "trajectory_id": 10, "北京时间": "2026-05-15 05:00", "lon": 113.981, "lat": 30.813, "height": 8.0 }, "geometry": { "type": "Point", "coordinates": [ 113.981, 30.813 ] } },
{ "type": "Feature", "properties": { "pt_id": " 10038", "trajectory_id": 10, "北京时间": "2026-05-15 04:00", "lon": 114.019, "lat": 30.697, "height": 2.0 }, "geometry": { "type": "Point", "coordinates": [ 114.019, 30.697 ] } },
{ "type": "Feature", "properties": { "pt_id": " 10039", "trajectory_id": 10, "北京时间": "2026-05-15 03:00", "lon": 114.074, "lat": 30.578, "height": 0.0 }, "geometry": { "type": "Point", "coordinates": [ 114.074, 30.578 ] } },
{ "type": "Feature", "properties": { "pt_id": " 10040", "trajectory_id": 10, "北京时间": "2026-05-15 02:00", "lon": 114.144, "lat": 30.462, "height": 4.0 }, "geometry": { "type": "Point", "coordinates": [ 114.144, 30.462 ] } },
{ "type": "Feature", "properties": { "pt_id": " 10041", "trajectory_id": 10, "北京时间": "2026-05-15 01:00", "lon": 114.219, "lat": 30.352, "height": 12.0 }, "geometry": { "type": "Point", "coordinates": [ 114.219, 30.352 ] } },
{ "type": "Feature", "properties": { "pt_id": " 10042", "trajectory_id": 10, "北京时间": "2026-05-15 00:00", "lon": 114.301, "lat": 30.251, "height": 17.0 }, "geometry": { "type": "Point", "coordinates": [ 114.301, 30.251 ] } },
{ "type": "Feature", "properties": { "pt_id": " 10043", "trajectory_id": 10, "北京时间": "2026-05-14 23:00", "lon": 114.399, "lat": 30.159, "height": 26.0 }, "geometry": { "type": "Point", "coordinates": [ 114.399, 30.159 ] } },
{ "type": "Feature", "properties": { "pt_id": " 10044", "trajectory_id": 10, "北京时间": "2026-05-14 22:00", "lon": 114.517, "lat": 30.078, "height": 49.0 }, "geometry": { "type": "Point", "coordinates": [ 114.517, 30.078 ] } },
{ "type": "Feature", "properties": { "pt_id": " 10045", "trajectory_id": 10, "北京时间": "2026-05-14 21:00", "lon": 114.668, "lat": 30.004, "height": 92.0 }, "geometry": { "type": "Point", "coordinates": [ 114.668, 30.004 ] } },
{ "type": "Feature", "properties": { "pt_id": " 10046", "trajectory_id": 10, "北京时间": "2026-05-14 20:00", "lon": 114.856, "lat": 29.949, "height": 134.0 }, "geometry": { "type": "Point", "coordinates": [ 114.856, 29.949 ] } },
{ "type": "Feature", "properties": { "pt_id": " 10047", "trajectory_id": 10, "北京时间": "2026-05-14 19:00", "lon": 115.014, "lat": 29.914, "height": 165.0 }, "geometry": { "type": "Point", "coordinates": [ 115.014, 29.914 ] } },
{ "type": "Feature", "properties": { "pt_id": " 10048", "trajectory_id": 10, "北京时间": "2026-05-14 18:00", "lon": 115.113, "lat": 29.879, "height": 202.0 }, "geometry": { "type": "Point", "coordinates": [ 115.113, 29.879 ] } },
{ "type": "Feature", "properties": { "pt_id": " 10049", "trajectory_id": 10, "北京时间": "2026-05-14 17:00", "lon": 115.162, "lat": 29.848, "height": 228.0 }, "geometry": { "type": "Point", "coordinates": [ 115.162, 29.848 ] } },
{ "type": "Feature", "properties": { "pt_id": " 10050", "trajectory_id": 10, "北京时间": "2026-05-14 16:00", "lon": 115.158, "lat": 29.785, "height": 247.0 }, "geometry": { "type": "Point", "coordinates": [ 115.158, 29.785 ] } },
{ "type": "Feature", "properties": { "pt_id": " 10051", "trajectory_id": 10, "北京时间": "2026-05-14 15:00", "lon": 115.132, "lat": 29.646, "height": 331.0 }, "geometry": { "type": "Point", "coordinates": [ 115.132, 29.646 ] } },
{ "type": "Feature", "properties": { "pt_id": " 10052", "trajectory_id": 10, "北京时间": "2026-05-14 14:00", "lon": 115.185, "lat": 29.477, "height": 770.0 }, "geometry": { "type": "Point", "coordinates": [ 115.185, 29.477 ] } },
{ "type": "Feature", "properties": { "pt_id": " 10053", "trajectory_id": 10, "北京时间": "2026-05-14 13:00", "lon": 115.38, "lat": 29.317, "height": 1392.0 }, "geometry": { "type": "Point", "coordinates": [ 115.38, 29.317 ] } },
{ "type": "Feature", "properties": { "pt_id": " 10054", "trajectory_id": 10, "北京时间": "2026-05-14 12:00", "lon": 115.554, "lat": 29.145, "height": 1499.0 }, "geometry": { "type": "Point", "coordinates": [ 115.554, 29.145 ] } },
{ "type": "Feature", "properties": { "pt_id": " 10055", "trajectory_id": 10, "北京时间": "2026-05-14 11:00", "lon": 115.725, "lat": 28.926, "height": 1563.0 }, "geometry": { "type": "Point", "coordinates": [ 115.725, 28.926 ] } },
{ "type": "Feature", "properties": { "pt_id": " 10056", "trajectory_id": 10, "北京时间": "2026-05-14 10:00", "lon": 115.938, "lat": 28.724, "height": 1799.0 }, "geometry": { "type": "Point", "coordinates": [ 115.938, 28.724 ] } },
{ "type": "Feature", "properties": { "pt_id": " 10057", "trajectory_id": 10, "北京时间": "2026-05-14 09:00", "lon": 116.091, "lat": 28.553, "height": 1960.0 }, "geometry": { "type": "Point", "coordinates": [ 116.091, 28.553 ] } },
{ "type": "Feature", "properties": { "pt_id": " 10058", "trajectory_id": 10, "北京时间": "2026-05-14 08:00", "lon": 116.18, "lat": 28.378, "height": 2010.0 }, "geometry": { "type": "Point", "coordinates": [ 116.18, 28.378 ] } },
{ "type": "Feature", "properties": { "pt_id": " 10059", "trajectory_id": 10, "北京时间": "2026-05-14 07:00", "lon": 116.284, "lat": 28.23, "height": 2098.0 }, "geometry": { "type": "Point", "coordinates": [ 116.284, 28.23 ] } },
{ "type": "Feature", "properties": { "pt_id": " 10060", "trajectory_id": 10, "北京时间": "2026-05-14 06:00", "lon": 116.402, "lat": 28.135, "height": 2387.0 }, "geometry": { "type": "Point", "coordinates": [ 116.402, 28.135 ] } },
{ "type": "Feature", "properties": { "pt_id": " 10061", "trajectory_id": 10, "北京时间": "2026-05-14 05:00", "lon": 116.478, "lat": 28.053, "height": 2886.0 }, "geometry": { "type": "Point", "coordinates": [ 116.478, 28.053 ] } },
{ "type": "Feature", "properties": { "pt_id": " 10062", "trajectory_id": 10, "北京时间": "2026-05-14 04:00", "lon": 116.483, "lat": 27.974, "height": 3291.0 }, "geometry": { "type": "Point", "coordinates": [ 116.483, 27.974 ] } },
{ "type": "Feature", "properties": { "pt_id": " 10063", "trajectory_id": 10, "北京时间": "2026-05-14 03:00", "lon": 116.509, "lat": 27.934, "height": 3553.0 }, "geometry": { "type": "Point", "coordinates": [ 116.509, 27.934 ] } },
{ "type": "Feature", "properties": { "pt_id": " 10064", "trajectory_id": 10, "北京时间": "2026-05-14 02:00", "lon": 116.504, "lat": 27.91, "height": 3716.0 }, "geometry": { "type": "Point", "coordinates": [ 116.504, 27.91 ] } },
{ "type": "Feature", "properties": { "pt_id": " 10065", "trajectory_id": 10, "北京时间": "2026-05-14 01:00", "lon": 116.457, "lat": 27.879, "height": 3804.0 }, "geometry": { "type": "Point", "coordinates": [ 116.457, 27.879 ] } },
{ "type": "Feature", "properties": { "pt_id": " 10066", "trajectory_id": 10, "北京时间": "2026-05-14 00:00", "lon": 116.409, "lat": 27.842, "height": 3853.0 }, "geometry": { "type": "Point", "coordinates": [ 116.409, 27.842 ] } },
{ "type": "Feature", "properties": { "pt_id": " 10067", "trajectory_id": 10, "北京时间": "2026-05-13 23:00", "lon": 116.377, "lat": 27.79, "height": 3843.0 }, "geometry": { "type": "Point", "coordinates": [ 116.377, 27.79 ] } },
{ "type": "Feature", "properties": { "pt_id": " 10068", "trajectory_id": 10, "北京时间": "2026-05-13 22:00", "lon": 116.37, "lat": 27.729, "height": 3778.0 }, "geometry": { "type": "Point", "coordinates": [ 116.37, 27.729 ] } },
{ "type": "Feature", "properties": { "pt_id": " 10069", "trajectory_id": 10, "北京时间": "2026-05-13 21:00", "lon": 116.373, "lat": 27.686, "height": 3722.0 }, "geometry": { "type": "Point", "coordinates": [ 116.373, 27.686 ] } },
{ "type": "Feature", "properties": { "pt_id": " 10070", "trajectory_id": 10, "北京时间": "2026-05-13 20:00", "lon": 116.378, "lat": 27.661, "height": 3704.0 }, "geometry": { "type": "Point", "coordinates": [ 116.378, 27.661 ] } },
{ "type": "Feature", "properties": { "pt_id": " 10071", "trajectory_id": 10, "北京时间": "2026-05-13 19:00", "lon": 116.379, "lat": 27.657, "height": 3710.0 }, "geometry": { "type": "Point", "coordinates": [ 116.379, 27.657 ] } },
{ "type": "Feature", "properties": { "pt_id": " 10072", "trajectory_id": 10, "北京时间": "2026-05-13 18:00", "lon": 116.382, "lat": 27.678, "height": 3720.0 }, "geometry": { "type": "Point", "coordinates": [ 116.382, 27.678 ] } },
{ "type": "Feature", "properties": { "pt_id": " 10073", "trajectory_id": 10, "北京时间": "2026-05-13 17:00", "lon": 116.39, "lat": 27.721, "height": 3735.0 }, "geometry": { "type": "Point", "coordinates": [ 116.39, 27.721 ] } },
{ "type": "Feature", "properties": { "pt_id": " 10074", "trajectory_id": 10, "北京时间": "2026-05-13 16:00", "lon": 116.393, "lat": 27.768, "height": 3750.0 }, "geometry": { "type": "Point", "coordinates": [ 116.393, 27.768 ] } },
{ "type": "Feature", "properties": { "pt_id": " 10075", "trajectory_id": 10, "北京时间": "2026-05-13 15:00", "lon": 116.381, "lat": 27.805, "height": 3762.0 }, "geometry": { "type": "Point", "coordinates": [ 116.381, 27.805 ] } },
{ "type": "Feature", "properties": { "pt_id": " 10076", "trajectory_id": 10, "北京时间": "2026-05-13 14:00", "lon": 116.352, "lat": 27.837, "height": 3793.0 }, "geometry": { "type": "Point", "coordinates": [ 116.352, 27.837 ] } },
{ "type": "Feature", "properties": { "pt_id": " 10077", "trajectory_id": 10, "北京时间": "2026-05-13 13:00", "lon": 116.316, "lat": 27.875, "height": 3846.0 }, "geometry": { "type": "Point", "coordinates": [ 116.316, 27.875 ] } },
{ "type": "Feature", "properties": { "pt_id": " 10078", "trajectory_id": 10, "北京时间": "2026-05-13 12:00", "lon": 116.283, "lat": 27.93, "height": 3910.0 }, "geometry": { "type": "Point", "coordinates": [ 116.283, 27.93 ] } },
{ "type": "Feature", "properties": { "pt_id": " 10079", "trajectory_id": 10, "北京时间": "2026-05-13 11:00", "lon": 116.248, "lat": 28.001, "height": 3952.0 }, "geometry": { "type": "Point", "coordinates": [ 116.248, 28.001 ] } },
{ "type": "Feature", "properties": { "pt_id": " 10080", "trajectory_id": 10, "北京时间": "2026-05-13 10:00", "lon": 116.208, "lat": 28.091, "height": 3994.0 }, "geometry": { "type": "Point", "coordinates": [ 116.208, 28.091 ] } },
{ "type": "Feature", "properties": { "pt_id": " 10081", "trajectory_id": 10, "北京时间": "2026-05-13 09:00", "lon": 116.152, "lat": 28.218, "height": 4090.0 }, "geometry": { "type": "Point", "coordinates": [ 116.152, 28.218 ] } },
{ "type": "Feature", "properties": { "pt_id": " 10082", "trajectory_id": 10, "北京时间": "2026-05-13 08:00", "lon": 116.075, "lat": 28.383, "height": 4174.0 }, "geometry": { "type": "Point", "coordinates": [ 116.075, 28.383 ] } },
{ "type": "Feature", "properties": { "pt_id": " 10083", "trajectory_id": 10, "北京时间": "2026-05-13 07:00", "lon": 115.969, "lat": 28.556, "height": 4231.0 }, "geometry": { "type": "Point", "coordinates": [ 115.969, 28.556 ] } },
{ "type": "Feature", "properties": { "pt_id": " 10084", "trajectory_id": 10, "北京时间": "2026-05-13 06:00", "lon": 115.82, "lat": 28.72, "height": 4267.0 }, "geometry": { "type": "Point", "coordinates": [ 115.82, 28.72 ] } },
{ "type": "Feature", "properties": { "pt_id": " 11000", "trajectory_id": 11, "北京时间": "2026-05-15 06:00", "lon": 113.942, "lat": 30.907, "height": 10.0 }, "geometry": { "type": "Point", "coordinates": [ 113.942, 30.907 ] } },
{ "type": "Feature", "properties": { "pt_id": " 11041", "trajectory_id": 11, "北京时间": "2026-05-15 05:00", "lon": 114.116, "lat": 30.79, "height": 8.0 }, "geometry": { "type": "Point", "coordinates": [ 114.116, 30.79 ] } },
{ "type": "Feature", "properties": { "pt_id": " 11042", "trajectory_id": 11, "北京时间": "2026-05-15 04:00", "lon": 114.285, "lat": 30.692, "height": 7.0 }, "geometry": { "type": "Point", "coordinates": [ 114.285, 30.692 ] } },
{ "type": "Feature", "properties": { "pt_id": " 11043", "trajectory_id": 11, "北京时间": "2026-05-15 03:00", "lon": 114.448, "lat": 30.59, "height": 10.0 }, "geometry": { "type": "Point", "coordinates": [ 114.448, 30.59 ] } },
{ "type": "Feature", "properties": { "pt_id": " 11044", "trajectory_id": 11, "北京时间": "2026-05-15 02:00", "lon": 114.614, "lat": 30.493, "height": 12.0 }, "geometry": { "type": "Point", "coordinates": [ 114.614, 30.493 ] } },
{ "type": "Feature", "properties": { "pt_id": " 11045", "trajectory_id": 11, "北京时间": "2026-05-15 01:00", "lon": 114.782, "lat": 30.421, "height": 21.0 }, "geometry": { "type": "Point", "coordinates": [ 114.782, 30.421 ] } },
{ "type": "Feature", "properties": { "pt_id": " 11046", "trajectory_id": 11, "北京时间": "2026-05-15 00:00", "lon": 114.951, "lat": 30.373, "height": 38.0 }, "geometry": { "type": "Point", "coordinates": [ 114.951, 30.373 ] } },
{ "type": "Feature", "properties": { "pt_id": " 11047", "trajectory_id": 11, "北京时间": "2026-05-14 23:00", "lon": 115.072, "lat": 30.326, "height": 55.0 }, "geometry": { "type": "Point", "coordinates": [ 115.072, 30.326 ] } },
{ "type": "Feature", "properties": { "pt_id": " 11048", "trajectory_id": 11, "北京时间": "2026-05-14 22:00", "lon": 115.12, "lat": 30.282, "height": 72.0 }, "geometry": { "type": "Point", "coordinates": [ 115.12, 30.282 ] } },
{ "type": "Feature", "properties": { "pt_id": " 11049", "trajectory_id": 11, "北京时间": "2026-05-14 21:00", "lon": 115.101, "lat": 30.238, "height": 89.0 }, "geometry": { "type": "Point", "coordinates": [ 115.101, 30.238 ] } },
{ "type": "Feature", "properties": { "pt_id": " 11050", "trajectory_id": 11, "北京时间": "2026-05-14 20:00", "lon": 115.037, "lat": 30.18, "height": 116.0 }, "geometry": { "type": "Point", "coordinates": [ 115.037, 30.18 ] } },
{ "type": "Feature", "properties": { "pt_id": " 11051", "trajectory_id": 11, "北京时间": "2026-05-14 19:00", "lon": 114.938, "lat": 30.09, "height": 155.0 }, "geometry": { "type": "Point", "coordinates": [ 114.938, 30.09 ] } },
{ "type": "Feature", "properties": { "pt_id": " 11052", "trajectory_id": 11, "北京时间": "2026-05-14 18:00", "lon": 114.815, "lat": 29.955, "height": 202.0 }, "geometry": { "type": "Point", "coordinates": [ 114.815, 29.955 ] } },
{ "type": "Feature", "properties": { "pt_id": " 11053", "trajectory_id": 11, "北京时间": "2026-05-14 17:00", "lon": 114.752, "lat": 29.827, "height": 196.0 }, "geometry": { "type": "Point", "coordinates": [ 114.752, 29.827 ] } },
{ "type": "Feature", "properties": { "pt_id": " 11054", "trajectory_id": 11, "北京时间": "2026-05-14 16:00", "lon": 114.744, "lat": 29.742, "height": 165.0 }, "geometry": { "type": "Point", "coordinates": [ 114.744, 29.742 ] } },
{ "type": "Feature", "properties": { "pt_id": " 11055", "trajectory_id": 11, "北京时间": "2026-05-14 15:00", "lon": 114.749, "lat": 29.678, "height": 156.0 }, "geometry": { "type": "Point", "coordinates": [ 114.749, 29.678 ] } },
{ "type": "Feature", "properties": { "pt_id": " 11056", "trajectory_id": 11, "北京时间": "2026-05-14 14:00", "lon": 114.744, "lat": 29.614, "height": 184.0 }, "geometry": { "type": "Point", "coordinates": [ 114.744, 29.614 ] } },
{ "type": "Feature", "properties": { "pt_id": " 11057", "trajectory_id": 11, "北京时间": "2026-05-14 13:00", "lon": 114.726, "lat": 29.552, "height": 242.0 }, "geometry": { "type": "Point", "coordinates": [ 114.726, 29.552 ] } },
{ "type": "Feature", "properties": { "pt_id": " 11058", "trajectory_id": 11, "北京时间": "2026-05-14 12:00", "lon": 114.703, "lat": 29.517, "height": 315.0 }, "geometry": { "type": "Point", "coordinates": [ 114.703, 29.517 ] } },
{ "type": "Feature", "properties": { "pt_id": " 11059", "trajectory_id": 11, "北京时间": "2026-05-14 11:00", "lon": 114.681, "lat": 29.498, "height": 381.0 }, "geometry": { "type": "Point", "coordinates": [ 114.681, 29.498 ] } },
{ "type": "Feature", "properties": { "pt_id": " 11060", "trajectory_id": 11, "北京时间": "2026-05-14 10:00", "lon": 114.665, "lat": 29.47, "height": 409.0 }, "geometry": { "type": "Point", "coordinates": [ 114.665, 29.47 ] } },
{ "type": "Feature", "properties": { "pt_id": " 11061", "trajectory_id": 11, "北京时间": "2026-05-14 09:00", "lon": 114.655, "lat": 29.436, "height": 404.0 }, "geometry": { "type": "Point", "coordinates": [ 114.655, 29.436 ] } },
{ "type": "Feature", "properties": { "pt_id": " 11062", "trajectory_id": 11, "北京时间": "2026-05-14 08:00", "lon": 114.645, "lat": 29.398, "height": 392.0 }, "geometry": { "type": "Point", "coordinates": [ 114.645, 29.398 ] } },
{ "type": "Feature", "properties": { "pt_id": " 11063", "trajectory_id": 11, "北京时间": "2026-05-14 07:00", "lon": 114.63, "lat": 29.359, "height": 389.0 }, "geometry": { "type": "Point", "coordinates": [ 114.63, 29.359 ] } },
{ "type": "Feature", "properties": { "pt_id": " 11064", "trajectory_id": 11, "北京时间": "2026-05-14 06:00", "lon": 114.606, "lat": 29.319, "height": 405.0 }, "geometry": { "type": "Point", "coordinates": [ 114.606, 29.319 ] } },
{ "type": "Feature", "properties": { "pt_id": " 11065", "trajectory_id": 11, "北京时间": "2026-05-14 05:00", "lon": 114.582, "lat": 29.276, "height": 444.0 }, "geometry": { "type": "Point", "coordinates": [ 114.582, 29.276 ] } },
{ "type": "Feature", "properties": { "pt_id": " 11066", "trajectory_id": 11, "北京时间": "2026-05-14 04:00", "lon": 114.569, "lat": 29.232, "height": 490.0 }, "geometry": { "type": "Point", "coordinates": [ 114.569, 29.232 ] } },
{ "type": "Feature", "properties": { "pt_id": " 11067", "trajectory_id": 11, "北京时间": "2026-05-14 03:00", "lon": 114.572, "lat": 29.183, "height": 511.0 }, "geometry": { "type": "Point", "coordinates": [ 114.572, 29.183 ] } },
{ "type": "Feature", "properties": { "pt_id": " 11068", "trajectory_id": 11, "北京时间": "2026-05-14 02:00", "lon": 114.59, "lat": 29.128, "height": 520.0 }, "geometry": { "type": "Point", "coordinates": [ 114.59, 29.128 ] } },
{ "type": "Feature", "properties": { "pt_id": " 11069", "trajectory_id": 11, "北京时间": "2026-05-14 01:00", "lon": 114.617, "lat": 29.072, "height": 532.0 }, "geometry": { "type": "Point", "coordinates": [ 114.617, 29.072 ] } },
{ "type": "Feature", "properties": { "pt_id": " 11070", "trajectory_id": 11, "北京时间": "2026-05-14 00:00", "lon": 114.651, "lat": 29.024, "height": 553.0 }, "geometry": { "type": "Point", "coordinates": [ 114.651, 29.024 ] } },
{ "type": "Feature", "properties": { "pt_id": " 11071", "trajectory_id": 11, "北京时间": "2026-05-13 23:00", "lon": 114.683, "lat": 28.981, "height": 573.0 }, "geometry": { "type": "Point", "coordinates": [ 114.683, 28.981 ] } },
{ "type": "Feature", "properties": { "pt_id": " 11072", "trajectory_id": 11, "北京时间": "2026-05-13 22:00", "lon": 114.702, "lat": 28.937, "height": 591.0 }, "geometry": { "type": "Point", "coordinates": [ 114.702, 28.937 ] } },
{ "type": "Feature", "properties": { "pt_id": " 11073", "trajectory_id": 11, "北京时间": "2026-05-13 21:00", "lon": 114.712, "lat": 28.891, "height": 631.0 }, "geometry": { "type": "Point", "coordinates": [ 114.712, 28.891 ] } },
{ "type": "Feature", "properties": { "pt_id": " 11074", "trajectory_id": 11, "北京时间": "2026-05-13 20:00", "lon": 114.717, "lat": 28.837, "height": 697.0 }, "geometry": { "type": "Point", "coordinates": [ 114.717, 28.837 ] } },
{ "type": "Feature", "properties": { "pt_id": " 11075", "trajectory_id": 11, "北京时间": "2026-05-13 19:00", "lon": 114.727, "lat": 28.768, "height": 779.0 }, "geometry": { "type": "Point", "coordinates": [ 114.727, 28.768 ] } },
{ "type": "Feature", "properties": { "pt_id": " 11076", "trajectory_id": 11, "北京时间": "2026-05-13 18:00", "lon": 114.741, "lat": 28.687, "height": 865.0 }, "geometry": { "type": "Point", "coordinates": [ 114.741, 28.687 ] } },
{ "type": "Feature", "properties": { "pt_id": " 11077", "trajectory_id": 11, "北京时间": "2026-05-13 17:00", "lon": 114.736, "lat": 28.6, "height": 916.0 }, "geometry": { "type": "Point", "coordinates": [ 114.736, 28.6 ] } },
{ "type": "Feature", "properties": { "pt_id": " 11078", "trajectory_id": 11, "北京时间": "2026-05-13 16:00", "lon": 114.709, "lat": 28.513, "height": 934.0 }, "geometry": { "type": "Point", "coordinates": [ 114.709, 28.513 ] } },
{ "type": "Feature", "properties": { "pt_id": " 11079", "trajectory_id": 11, "北京时间": "2026-05-13 15:00", "lon": 114.674, "lat": 28.434, "height": 937.0 }, "geometry": { "type": "Point", "coordinates": [ 114.674, 28.434 ] } },
{ "type": "Feature", "properties": { "pt_id": " 11080", "trajectory_id": 11, "北京时间": "2026-05-13 14:00", "lon": 114.635, "lat": 28.368, "height": 934.0 }, "geometry": { "type": "Point", "coordinates": [ 114.635, 28.368 ] } },
{ "type": "Feature", "properties": { "pt_id": " 11081", "trajectory_id": 11, "北京时间": "2026-05-13 13:00", "lon": 114.585, "lat": 28.311, "height": 922.0 }, "geometry": { "type": "Point", "coordinates": [ 114.585, 28.311 ] } },
{ "type": "Feature", "properties": { "pt_id": " 11082", "trajectory_id": 11, "北京时间": "2026-05-13 12:00", "lon": 114.53, "lat": 28.265, "height": 909.0 }, "geometry": { "type": "Point", "coordinates": [ 114.53, 28.265 ] } },
{ "type": "Feature", "properties": { "pt_id": " 11083", "trajectory_id": 11, "北京时间": "2026-05-13 11:00", "lon": 114.464, "lat": 28.221, "height": 894.0 }, "geometry": { "type": "Point", "coordinates": [ 114.464, 28.221 ] } },
{ "type": "Feature", "properties": { "pt_id": " 11084", "trajectory_id": 11, "北京时间": "2026-05-13 10:00", "lon": 114.375, "lat": 28.175, "height": 900.0 }, "geometry": { "type": "Point", "coordinates": [ 114.375, 28.175 ] } },
{ "type": "Feature", "properties": { "pt_id": " 11085", "trajectory_id": 11, "北京时间": "2026-05-13 09:00", "lon": 114.272, "lat": 28.143, "height": 991.0 }, "geometry": { "type": "Point", "coordinates": [ 114.272, 28.143 ] } },
{ "type": "Feature", "properties": { "pt_id": " 11086", "trajectory_id": 11, "北京时间": "2026-05-13 08:00", "lon": 114.177, "lat": 28.124, "height": 1137.0 }, "geometry": { "type": "Point", "coordinates": [ 114.177, 28.124 ] } },
{ "type": "Feature", "properties": { "pt_id": " 11087", "trajectory_id": 11, "北京时间": "2026-05-13 07:00", "lon": 114.091, "lat": 28.104, "height": 1254.0 }, "geometry": { "type": "Point", "coordinates": [ 114.091, 28.104 ] } },
{ "type": "Feature", "properties": { "pt_id": " 11088", "trajectory_id": 11, "北京时间": "2026-05-13 06:00", "lon": 114.005, "lat": 28.08, "height": 1330.0 }, "geometry": { "type": "Point", "coordinates": [ 114.005, 28.08 ] } },
{ "type": "Feature", "properties": { "pt_id": " 12000", "trajectory_id": 12, "北京时间": "2026-05-15 06:00", "lon": 113.942, "lat": 30.907, "height": 10.0 }, "geometry": { "type": "Point", "coordinates": [ 113.942, 30.907 ] } },
{ "type": "Feature", "properties": { "pt_id": " 12045", "trajectory_id": 12, "北京时间": "2026-05-15 05:00", "lon": 114.049, "lat": 30.901, "height": 12.0 }, "geometry": { "type": "Point", "coordinates": [ 114.049, 30.901 ] } },
{ "type": "Feature", "properties": { "pt_id": " 12046", "trajectory_id": 12, "北京时间": "2026-05-15 04:00", "lon": 114.121, "lat": 30.942, "height": 17.0 }, "geometry": { "type": "Point", "coordinates": [ 114.121, 30.942 ] } },
{ "type": "Feature", "properties": { "pt_id": " 12047", "trajectory_id": 12, "北京时间": "2026-05-15 03:00", "lon": 114.144, "lat": 31.002, "height": 25.0 }, "geometry": { "type": "Point", "coordinates": [ 114.144, 31.002 ] } },
{ "type": "Feature", "properties": { "pt_id": " 12048", "trajectory_id": 12, "北京时间": "2026-05-15 02:00", "lon": 114.112, "lat": 31.025, "height": 26.0 }, "geometry": { "type": "Point", "coordinates": [ 114.112, 31.025 ] } },
{ "type": "Feature", "properties": { "pt_id": " 12049", "trajectory_id": 12, "北京时间": "2026-05-15 01:00", "lon": 114.033, "lat": 30.995, "height": 19.0 }, "geometry": { "type": "Point", "coordinates": [ 114.033, 30.995 ] } },
{ "type": "Feature", "properties": { "pt_id": " 12050", "trajectory_id": 12, "北京时间": "2026-05-15 00:00", "lon": 113.925, "lat": 30.927, "height": 13.0 }, "geometry": { "type": "Point", "coordinates": [ 113.925, 30.927 ] } },
{ "type": "Feature", "properties": { "pt_id": " 12051", "trajectory_id": 12, "北京时间": "2026-05-14 23:00", "lon": 113.793, "lat": 30.846, "height": 10.0 }, "geometry": { "type": "Point", "coordinates": [ 113.793, 30.846 ] } },
{ "type": "Feature", "properties": { "pt_id": " 12052", "trajectory_id": 12, "北京时间": "2026-05-14 22:00", "lon": 113.617, "lat": 30.753, "height": 9.0 }, "geometry": { "type": "Point", "coordinates": [ 113.617, 30.753 ] } },
{ "type": "Feature", "properties": { "pt_id": " 12053", "trajectory_id": 12, "北京时间": "2026-05-14 21:00", "lon": 113.45, "lat": 30.654, "height": 8.0 }, "geometry": { "type": "Point", "coordinates": [ 113.45, 30.654 ] } },
{ "type": "Feature", "properties": { "pt_id": " 12054", "trajectory_id": 12, "北京时间": "2026-05-14 20:00", "lon": 113.308, "lat": 30.526, "height": 6.0 }, "geometry": { "type": "Point", "coordinates": [ 113.308, 30.526 ] } },
{ "type": "Feature", "properties": { "pt_id": " 12055", "trajectory_id": 12, "北京时间": "2026-05-14 19:00", "lon": 113.137, "lat": 30.349, "height": 7.0 }, "geometry": { "type": "Point", "coordinates": [ 113.137, 30.349 ] } },
{ "type": "Feature", "properties": { "pt_id": " 12056", "trajectory_id": 12, "北京时间": "2026-05-14 18:00", "lon": 112.962, "lat": 30.185, "height": 10.0 }, "geometry": { "type": "Point", "coordinates": [ 112.962, 30.185 ] } },
{ "type": "Feature", "properties": { "pt_id": " 12057", "trajectory_id": 12, "北京时间": "2026-05-14 17:00", "lon": 112.868, "lat": 30.05, "height": 14.0 }, "geometry": { "type": "Point", "coordinates": [ 112.868, 30.05 ] } },
{ "type": "Feature", "properties": { "pt_id": " 12058", "trajectory_id": 12, "北京时间": "2026-05-14 16:00", "lon": 112.852, "lat": 29.942, "height": 21.0 }, "geometry": { "type": "Point", "coordinates": [ 112.852, 29.942 ] } },
{ "type": "Feature", "properties": { "pt_id": " 12059", "trajectory_id": 12, "北京时间": "2026-05-14 15:00", "lon": 112.856, "lat": 29.836, "height": 25.0 }, "geometry": { "type": "Point", "coordinates": [ 112.856, 29.836 ] } },
{ "type": "Feature", "properties": { "pt_id": " 12060", "trajectory_id": 12, "北京时间": "2026-05-14 14:00", "lon": 112.857, "lat": 29.722, "height": 23.0 }, "geometry": { "type": "Point", "coordinates": [ 112.857, 29.722 ] } },
{ "type": "Feature", "properties": { "pt_id": " 12061", "trajectory_id": 12, "北京时间": "2026-05-14 13:00", "lon": 112.859, "lat": 29.596, "height": 14.0 }, "geometry": { "type": "Point", "coordinates": [ 112.859, 29.596 ] } },
{ "type": "Feature", "properties": { "pt_id": " 12062", "trajectory_id": 12, "北京时间": "2026-05-14 12:00", "lon": 112.864, "lat": 29.462, "height": 0.0 }, "geometry": { "type": "Point", "coordinates": [ 112.864, 29.462 ] } },
{ "type": "Feature", "properties": { "pt_id": " 12063", "trajectory_id": 12, "北京时间": "2026-05-14 11:00", "lon": 112.876, "lat": 29.325, "height": 0.0 }, "geometry": { "type": "Point", "coordinates": [ 112.876, 29.325 ] } },
{ "type": "Feature", "properties": { "pt_id": " 12064", "trajectory_id": 12, "北京时间": "2026-05-14 10:00", "lon": 112.891, "lat": 29.186, "height": 0.0 }, "geometry": { "type": "Point", "coordinates": [ 112.891, 29.186 ] } },
{ "type": "Feature", "properties": { "pt_id": " 12065", "trajectory_id": 12, "北京时间": "2026-05-14 09:00", "lon": 112.896, "lat": 29.046, "height": 0.0 }, "geometry": { "type": "Point", "coordinates": [ 112.896, 29.046 ] } },
{ "type": "Feature", "properties": { "pt_id": " 12066", "trajectory_id": 12, "北京时间": "2026-05-14 08:00", "lon": 112.89, "lat": 28.901, "height": 0.0 }, "geometry": { "type": "Point", "coordinates": [ 112.89, 28.901 ] } },
{ "type": "Feature", "properties": { "pt_id": " 12067", "trajectory_id": 12, "北京时间": "2026-05-14 07:00", "lon": 112.882, "lat": 28.756, "height": 2.0 }, "geometry": { "type": "Point", "coordinates": [ 112.882, 28.756 ] } },
{ "type": "Feature", "properties": { "pt_id": " 12068", "trajectory_id": 12, "北京时间": "2026-05-14 06:00", "lon": 112.888, "lat": 28.624, "height": 4.0 }, "geometry": { "type": "Point", "coordinates": [ 112.888, 28.624 ] } },
{ "type": "Feature", "properties": { "pt_id": " 12069", "trajectory_id": 12, "北京时间": "2026-05-14 05:00", "lon": 112.919, "lat": 28.518, "height": 5.0 }, "geometry": { "type": "Point", "coordinates": [ 112.919, 28.518 ] } },
{ "type": "Feature", "properties": { "pt_id": " 12070", "trajectory_id": 12, "北京时间": "2026-05-14 04:00", "lon": 112.966, "lat": 28.439, "height": 8.0 }, "geometry": { "type": "Point", "coordinates": [ 112.966, 28.439 ] } },
{ "type": "Feature", "properties": { "pt_id": " 12071", "trajectory_id": 12, "北京时间": "2026-05-14 03:00", "lon": 113.018, "lat": 28.378, "height": 8.0 }, "geometry": { "type": "Point", "coordinates": [ 113.018, 28.378 ] } },
{ "type": "Feature", "properties": { "pt_id": " 12072", "trajectory_id": 12, "北京时间": "2026-05-14 02:00", "lon": 113.071, "lat": 28.322, "height": 7.0 }, "geometry": { "type": "Point", "coordinates": [ 113.071, 28.322 ] } },
{ "type": "Feature", "properties": { "pt_id": " 12073", "trajectory_id": 12, "北京时间": "2026-05-14 01:00", "lon": 113.124, "lat": 28.265, "height": 6.0 }, "geometry": { "type": "Point", "coordinates": [ 113.124, 28.265 ] } },
{ "type": "Feature", "properties": { "pt_id": " 12074", "trajectory_id": 12, "北京时间": "2026-05-14 00:00", "lon": 113.173, "lat": 28.208, "height": 7.0 }, "geometry": { "type": "Point", "coordinates": [ 113.173, 28.208 ] } },
{ "type": "Feature", "properties": { "pt_id": " 12075", "trajectory_id": 12, "北京时间": "2026-05-13 23:00", "lon": 113.214, "lat": 28.149, "height": 8.0 }, "geometry": { "type": "Point", "coordinates": [ 113.214, 28.149 ] } },
{ "type": "Feature", "properties": { "pt_id": " 12076", "trajectory_id": 12, "北京时间": "2026-05-13 22:00", "lon": 113.247, "lat": 28.085, "height": 11.0 }, "geometry": { "type": "Point", "coordinates": [ 113.247, 28.085 ] } },
{ "type": "Feature", "properties": { "pt_id": " 12077", "trajectory_id": 12, "北京时间": "2026-05-13 21:00", "lon": 113.273, "lat": 28.015, "height": 20.0 }, "geometry": { "type": "Point", "coordinates": [ 113.273, 28.015 ] } },
{ "type": "Feature", "properties": { "pt_id": " 12078", "trajectory_id": 12, "北京时间": "2026-05-13 20:00", "lon": 113.293, "lat": 27.941, "height": 36.0 }, "geometry": { "type": "Point", "coordinates": [ 113.293, 27.941 ] } },
{ "type": "Feature", "properties": { "pt_id": " 12079", "trajectory_id": 12, "北京时间": "2026-05-13 19:00", "lon": 113.303, "lat": 27.867, "height": 52.0 }, "geometry": { "type": "Point", "coordinates": [ 113.303, 27.867 ] } },
{ "type": "Feature", "properties": { "pt_id": " 12080", "trajectory_id": 12, "北京时间": "2026-05-13 18:00", "lon": 113.302, "lat": 27.787, "height": 60.0 }, "geometry": { "type": "Point", "coordinates": [ 113.302, 27.787 ] } },
{ "type": "Feature", "properties": { "pt_id": " 12081", "trajectory_id": 12, "北京时间": "2026-05-13 17:00", "lon": 113.294, "lat": 27.696, "height": 62.0 }, "geometry": { "type": "Point", "coordinates": [ 113.294, 27.696 ] } },
{ "type": "Feature", "properties": { "pt_id": " 12082", "trajectory_id": 12, "北京时间": "2026-05-13 16:00", "lon": 113.279, "lat": 27.588, "height": 82.0 }, "geometry": { "type": "Point", "coordinates": [ 113.279, 27.588 ] } },
{ "type": "Feature", "properties": { "pt_id": " 12083", "trajectory_id": 12, "北京时间": "2026-05-13 15:00", "lon": 113.251, "lat": 27.472, "height": 132.0 }, "geometry": { "type": "Point", "coordinates": [ 113.251, 27.472 ] } },
{ "type": "Feature", "properties": { "pt_id": " 12084", "trajectory_id": 12, "北京时间": "2026-05-13 14:00", "lon": 113.2, "lat": 27.362, "height": 182.0 }, "geometry": { "type": "Point", "coordinates": [ 113.2, 27.362 ] } },
{ "type": "Feature", "properties": { "pt_id": " 12085", "trajectory_id": 12, "北京时间": "2026-05-13 13:00", "lon": 113.122, "lat": 27.25, "height": 188.0 }, "geometry": { "type": "Point", "coordinates": [ 113.122, 27.25 ] } },
{ "type": "Feature", "properties": { "pt_id": " 12086", "trajectory_id": 12, "北京时间": "2026-05-13 12:00", "lon": 113.035, "lat": 27.144, "height": 190.0 }, "geometry": { "type": "Point", "coordinates": [ 113.035, 27.144 ] } },
{ "type": "Feature", "properties": { "pt_id": " 12087", "trajectory_id": 12, "北京时间": "2026-05-13 11:00", "lon": 112.946, "lat": 27.049, "height": 191.0 }, "geometry": { "type": "Point", "coordinates": [ 112.946, 27.049 ] } },
{ "type": "Feature", "properties": { "pt_id": " 12088", "trajectory_id": 12, "北京时间": "2026-05-13 10:00", "lon": 112.849, "lat": 26.964, "height": 178.0 }, "geometry": { "type": "Point", "coordinates": [ 112.849, 26.964 ] } },
{ "type": "Feature", "properties": { "pt_id": " 12089", "trajectory_id": 12, "北京时间": "2026-05-13 09:00", "lon": 112.76, "lat": 26.887, "height": 164.0 }, "geometry": { "type": "Point", "coordinates": [ 112.76, 26.887 ] } },
{ "type": "Feature", "properties": { "pt_id": " 12090", "trajectory_id": 12, "北京时间": "2026-05-13 08:00", "lon": 112.693, "lat": 26.815, "height": 167.0 }, "geometry": { "type": "Point", "coordinates": [ 112.693, 26.815 ] } },
{ "type": "Feature", "properties": { "pt_id": " 12091", "trajectory_id": 12, "北京时间": "2026-05-13 07:00", "lon": 112.647, "lat": 26.748, "height": 183.0 }, "geometry": { "type": "Point", "coordinates": [ 112.647, 26.748 ] } },
{ "type": "Feature", "properties": { "pt_id": " 12092", "trajectory_id": 12, "北京时间": "2026-05-13 06:00", "lon": 112.619, "lat": 26.685, "height": 197.0 }, "geometry": { "type": "Point", "coordinates": [ 112.619, 26.685 ] } },
{ "type": "Feature", "properties": { "pt_id": " 13000", "trajectory_id": 13, "北京时间": "2026-05-15 06:00", "lon": 113.942, "lat": 30.907, "height": 10.0 }, "geometry": { "type": "Point", "coordinates": [ 113.942, 30.907 ] } },
{ "type": "Feature", "properties": { "pt_id": " 13049", "trajectory_id": 13, "北京时间": "2026-05-15 05:00", "lon": 113.908, "lat": 30.853, "height": 9.0 }, "geometry": { "type": "Point", "coordinates": [ 113.908, 30.853 ] } },
{ "type": "Feature", "properties": { "pt_id": " 13050", "trajectory_id": 13, "北京时间": "2026-05-15 04:00", "lon": 113.852, "lat": 30.771, "height": 8.0 }, "geometry": { "type": "Point", "coordinates": [ 113.852, 30.771 ] } },
{ "type": "Feature", "properties": { "pt_id": " 13051", "trajectory_id": 13, "北京时间": "2026-05-15 03:00", "lon": 113.756, "lat": 30.682, "height": 8.0 }, "geometry": { "type": "Point", "coordinates": [ 113.756, 30.682 ] } },
{ "type": "Feature", "properties": { "pt_id": " 13052", "trajectory_id": 13, "北京时间": "2026-05-15 02:00", "lon": 113.603, "lat": 30.59, "height": 6.0 }, "geometry": { "type": "Point", "coordinates": [ 113.603, 30.59 ] } },
{ "type": "Feature", "properties": { "pt_id": " 13053", "trajectory_id": 13, "北京时间": "2026-05-15 01:00", "lon": 113.435, "lat": 30.485, "height": 5.0 }, "geometry": { "type": "Point", "coordinates": [ 113.435, 30.485 ] } },
{ "type": "Feature", "properties": { "pt_id": " 13054", "trajectory_id": 13, "北京时间": "2026-05-15 00:00", "lon": 113.284, "lat": 30.347, "height": 5.0 }, "geometry": { "type": "Point", "coordinates": [ 113.284, 30.347 ] } },
{ "type": "Feature", "properties": { "pt_id": " 13055", "trajectory_id": 13, "北京时间": "2026-05-14 23:00", "lon": 113.102, "lat": 30.191, "height": 8.0 }, "geometry": { "type": "Point", "coordinates": [ 113.102, 30.191 ] } },
{ "type": "Feature", "properties": { "pt_id": " 13056", "trajectory_id": 13, "北京时间": "2026-05-14 22:00", "lon": 112.94, "lat": 30.038, "height": 10.0 }, "geometry": { "type": "Point", "coordinates": [ 112.94, 30.038 ] } },
{ "type": "Feature", "properties": { "pt_id": " 13057", "trajectory_id": 13, "北京时间": "2026-05-14 21:00", "lon": 112.858, "lat": 29.905, "height": 14.0 }, "geometry": { "type": "Point", "coordinates": [ 112.858, 29.905 ] } },
{ "type": "Feature", "properties": { "pt_id": " 13058", "trajectory_id": 13, "北京时间": "2026-05-14 20:00", "lon": 112.83, "lat": 29.793, "height": 16.0 }, "geometry": { "type": "Point", "coordinates": [ 112.83, 29.793 ] } },
{ "type": "Feature", "properties": { "pt_id": " 13059", "trajectory_id": 13, "北京时间": "2026-05-14 19:00", "lon": 112.818, "lat": 29.688, "height": 13.0 }, "geometry": { "type": "Point", "coordinates": [ 112.818, 29.688 ] } },
{ "type": "Feature", "properties": { "pt_id": " 13060", "trajectory_id": 13, "北京时间": "2026-05-14 18:00", "lon": 112.803, "lat": 29.564, "height": 2.0 }, "geometry": { "type": "Point", "coordinates": [ 112.803, 29.564 ] } },
{ "type": "Feature", "properties": { "pt_id": " 13061", "trajectory_id": 13, "北京时间": "2026-05-14 17:00", "lon": 112.794, "lat": 29.419, "height": 0.0 }, "geometry": { "type": "Point", "coordinates": [ 112.794, 29.419 ] } },
{ "type": "Feature", "properties": { "pt_id": " 13062", "trajectory_id": 13, "北京时间": "2026-05-14 16:00", "lon": 112.804, "lat": 29.275, "height": 0.0 }, "geometry": { "type": "Point", "coordinates": [ 112.804, 29.275 ] } },
{ "type": "Feature", "properties": { "pt_id": " 13063", "trajectory_id": 13, "北京时间": "2026-05-14 15:00", "lon": 112.819, "lat": 29.13, "height": 0.0 }, "geometry": { "type": "Point", "coordinates": [ 112.819, 29.13 ] } },
{ "type": "Feature", "properties": { "pt_id": " 13064", "trajectory_id": 13, "北京时间": "2026-05-14 14:00", "lon": 112.826, "lat": 28.979, "height": 0.0 }, "geometry": { "type": "Point", "coordinates": [ 112.826, 28.979 ] } },
{ "type": "Feature", "properties": { "pt_id": " 13065", "trajectory_id": 13, "北京时间": "2026-05-14 13:00", "lon": 112.824, "lat": 28.828, "height": 2.0 }, "geometry": { "type": "Point", "coordinates": [ 112.824, 28.828 ] } },
{ "type": "Feature", "properties": { "pt_id": " 13066", "trajectory_id": 13, "北京时间": "2026-05-14 12:00", "lon": 112.821, "lat": 28.679, "height": 6.0 }, "geometry": { "type": "Point", "coordinates": [ 112.821, 28.679 ] } },
{ "type": "Feature", "properties": { "pt_id": " 13067", "trajectory_id": 13, "北京时间": "2026-05-14 11:00", "lon": 112.821, "lat": 28.537, "height": 6.0 }, "geometry": { "type": "Point", "coordinates": [ 112.821, 28.537 ] } },
{ "type": "Feature", "properties": { "pt_id": " 13068", "trajectory_id": 13, "北京时间": "2026-05-14 10:00", "lon": 112.833, "lat": 28.409, "height": 5.0 }, "geometry": { "type": "Point", "coordinates": [ 112.833, 28.409 ] } },
{ "type": "Feature", "properties": { "pt_id": " 13069", "trajectory_id": 13, "北京时间": "2026-05-14 09:00", "lon": 112.862, "lat": 28.3, "height": 2.0 }, "geometry": { "type": "Point", "coordinates": [ 112.862, 28.3 ] } },
{ "type": "Feature", "properties": { "pt_id": " 13070", "trajectory_id": 13, "北京时间": "2026-05-14 08:00", "lon": 112.905, "lat": 28.21, "height": 0.0 }, "geometry": { "type": "Point", "coordinates": [ 112.905, 28.21 ] } },
{ "type": "Feature", "properties": { "pt_id": " 13071", "trajectory_id": 13, "北京时间": "2026-05-14 07:00", "lon": 112.952, "lat": 28.131, "height": 0.0 }, "geometry": { "type": "Point", "coordinates": [ 112.952, 28.131 ] } },
{ "type": "Feature", "properties": { "pt_id": " 13072", "trajectory_id": 13, "北京时间": "2026-05-14 06:00", "lon": 112.989, "lat": 28.054, "height": 0.0 }, "geometry": { "type": "Point", "coordinates": [ 112.989, 28.054 ] } },
{ "type": "Feature", "properties": { "pt_id": " 13073", "trajectory_id": 13, "北京时间": "2026-05-14 05:00", "lon": 113.017, "lat": 27.978, "height": 0.0 }, "geometry": { "type": "Point", "coordinates": [ 113.017, 27.978 ] } },
{ "type": "Feature", "properties": { "pt_id": " 13074", "trajectory_id": 13, "北京时间": "2026-05-14 04:00", "lon": 113.04, "lat": 27.904, "height": 1.0 }, "geometry": { "type": "Point", "coordinates": [ 113.04, 27.904 ] } },
{ "type": "Feature", "properties": { "pt_id": " 13075", "trajectory_id": 13, "北京时间": "2026-05-14 03:00", "lon": 113.057, "lat": 27.835, "height": 1.0 }, "geometry": { "type": "Point", "coordinates": [ 113.057, 27.835 ] } },
{ "type": "Feature", "properties": { "pt_id": " 13076", "trajectory_id": 13, "北京时间": "2026-05-14 02:00", "lon": 113.07, "lat": 27.777, "height": 2.0 }, "geometry": { "type": "Point", "coordinates": [ 113.07, 27.777 ] } },
{ "type": "Feature", "properties": { "pt_id": " 13077", "trajectory_id": 13, "北京时间": "2026-05-14 01:00", "lon": 113.079, "lat": 27.725, "height": 2.0 }, "geometry": { "type": "Point", "coordinates": [ 113.079, 27.725 ] } },
{ "type": "Feature", "properties": { "pt_id": " 13078", "trajectory_id": 13, "北京时间": "2026-05-14 00:00", "lon": 113.085, "lat": 27.674, "height": 2.0 }, "geometry": { "type": "Point", "coordinates": [ 113.085, 27.674 ] } },
{ "type": "Feature", "properties": { "pt_id": " 13079", "trajectory_id": 13, "北京时间": "2026-05-13 23:00", "lon": 113.086, "lat": 27.621, "height": 3.0 }, "geometry": { "type": "Point", "coordinates": [ 113.086, 27.621 ] } },
{ "type": "Feature", "properties": { "pt_id": " 13080", "trajectory_id": 13, "北京时间": "2026-05-13 22:00", "lon": 113.087, "lat": 27.561, "height": 6.0 }, "geometry": { "type": "Point", "coordinates": [ 113.087, 27.561 ] } },
{ "type": "Feature", "properties": { "pt_id": " 13081", "trajectory_id": 13, "北京时间": "2026-05-13 21:00", "lon": 113.087, "lat": 27.488, "height": 16.0 }, "geometry": { "type": "Point", "coordinates": [ 113.087, 27.488 ] } },
{ "type": "Feature", "properties": { "pt_id": " 13082", "trajectory_id": 13, "北京时间": "2026-05-13 20:00", "lon": 113.083, "lat": 27.398, "height": 32.0 }, "geometry": { "type": "Point", "coordinates": [ 113.083, 27.398 ] } },
{ "type": "Feature", "properties": { "pt_id": " 13083", "trajectory_id": 13, "北京时间": "2026-05-13 19:00", "lon": 113.069, "lat": 27.305, "height": 42.0 }, "geometry": { "type": "Point", "coordinates": [ 113.069, 27.305 ] } },
{ "type": "Feature", "properties": { "pt_id": " 13084", "trajectory_id": 13, "北京时间": "2026-05-13 18:00", "lon": 113.04, "lat": 27.222, "height": 45.0 }, "geometry": { "type": "Point", "coordinates": [ 113.04, 27.222 ] } },
{ "type": "Feature", "properties": { "pt_id": " 13085", "trajectory_id": 13, "北京时间": "2026-05-13 17:00", "lon": 113.001, "lat": 27.142, "height": 52.0 }, "geometry": { "type": "Point", "coordinates": [ 113.001, 27.142 ] } },
{ "type": "Feature", "properties": { "pt_id": " 13086", "trajectory_id": 13, "北京时间": "2026-05-13 16:00", "lon": 112.946, "lat": 27.062, "height": 65.0 }, "geometry": { "type": "Point", "coordinates": [ 112.946, 27.062 ] } },
{ "type": "Feature", "properties": { "pt_id": " 13087", "trajectory_id": 13, "北京时间": "2026-05-13 15:00", "lon": 112.87, "lat": 26.985, "height": 73.0 }, "geometry": { "type": "Point", "coordinates": [ 112.87, 26.985 ] } },
{ "type": "Feature", "properties": { "pt_id": " 13088", "trajectory_id": 13, "北京时间": "2026-05-13 14:00", "lon": 112.785, "lat": 26.912, "height": 70.0 }, "geometry": { "type": "Point", "coordinates": [ 112.785, 26.912 ] } },
{ "type": "Feature", "properties": { "pt_id": " 13089", "trajectory_id": 13, "北京时间": "2026-05-13 13:00", "lon": 112.708, "lat": 26.842, "height": 74.0 }, "geometry": { "type": "Point", "coordinates": [ 112.708, 26.842 ] } },
{ "type": "Feature", "properties": { "pt_id": " 13090", "trajectory_id": 13, "北京时间": "2026-05-13 12:00", "lon": 112.65, "lat": 26.776, "height": 88.0 }, "geometry": { "type": "Point", "coordinates": [ 112.65, 26.776 ] } },
{ "type": "Feature", "properties": { "pt_id": " 13091", "trajectory_id": 13, "北京时间": "2026-05-13 11:00", "lon": 112.609, "lat": 26.715, "height": 108.0 }, "geometry": { "type": "Point", "coordinates": [ 112.609, 26.715 ] } },
{ "type": "Feature", "properties": { "pt_id": " 13092", "trajectory_id": 13, "北京时间": "2026-05-13 10:00", "lon": 112.582, "lat": 26.659, "height": 127.0 }, "geometry": { "type": "Point", "coordinates": [ 112.582, 26.659 ] } },
{ "type": "Feature", "properties": { "pt_id": " 13093", "trajectory_id": 13, "北京时间": "2026-05-13 09:00", "lon": 112.568, "lat": 26.609, "height": 141.0 }, "geometry": { "type": "Point", "coordinates": [ 112.568, 26.609 ] } },
{ "type": "Feature", "properties": { "pt_id": " 13094", "trajectory_id": 13, "北京时间": "2026-05-13 08:00", "lon": 112.568, "lat": 26.567, "height": 146.0 }, "geometry": { "type": "Point", "coordinates": [ 112.568, 26.567 ] } },
{ "type": "Feature", "properties": { "pt_id": " 13095", "trajectory_id": 13, "北京时间": "2026-05-13 07:00", "lon": 112.578, "lat": 26.533, "height": 146.0 }, "geometry": { "type": "Point", "coordinates": [ 112.578, 26.533 ] } },
{ "type": "Feature", "properties": { "pt_id": " 13096", "trajectory_id": 13, "北京时间": "2026-05-13 06:00", "lon": 112.592, "lat": 26.506, "height": 146.0 }, "geometry": { "type": "Point", "coordinates": [ 112.592, 26.506 ] } },
{ "type": "Feature", "properties": { "pt_id": " 14000", "trajectory_id": 14, "北京时间": "2026-05-15 06:00", "lon": 113.942, "lat": 30.907, "height": 10.0 }, "geometry": { "type": "Point", "coordinates": [ 113.942, 30.907 ] } },
{ "type": "Feature", "properties": { "pt_id": " 14053", "trajectory_id": 14, "北京时间": "2026-05-15 05:00", "lon": 113.752, "lat": 30.821, "height": 6.0 }, "geometry": { "type": "Point", "coordinates": [ 113.752, 30.821 ] } },
{ "type": "Feature", "properties": { "pt_id": " 14054", "trajectory_id": 14, "北京时间": "2026-05-15 04:00", "lon": 113.621, "lat": 30.714, "height": 8.0 }, "geometry": { "type": "Point", "coordinates": [ 113.621, 30.714 ] } },
{ "type": "Feature", "properties": { "pt_id": " 14055", "trajectory_id": 14, "北京时间": "2026-05-15 03:00", "lon": 113.515, "lat": 30.585, "height": 9.0 }, "geometry": { "type": "Point", "coordinates": [ 113.515, 30.585 ] } },
{ "type": "Feature", "properties": { "pt_id": " 14056", "trajectory_id": 14, "北京时间": "2026-05-15 02:00", "lon": 113.383, "lat": 30.439, "height": 12.0 }, "geometry": { "type": "Point", "coordinates": [ 113.383, 30.439 ] } },
{ "type": "Feature", "properties": { "pt_id": " 14057", "trajectory_id": 14, "北京时间": "2026-05-15 01:00", "lon": 113.26, "lat": 30.304, "height": 12.0 }, "geometry": { "type": "Point", "coordinates": [ 113.26, 30.304 ] } },
{ "type": "Feature", "properties": { "pt_id": " 14058", "trajectory_id": 14, "北京时间": "2026-05-15 00:00", "lon": 113.179, "lat": 30.175, "height": 8.0 }, "geometry": { "type": "Point", "coordinates": [ 113.179, 30.175 ] } },
{ "type": "Feature", "properties": { "pt_id": " 14059", "trajectory_id": 14, "北京时间": "2026-05-14 23:00", "lon": 113.143, "lat": 30.058, "height": 9.0 }, "geometry": { "type": "Point", "coordinates": [ 113.143, 30.058 ] } },
{ "type": "Feature", "properties": { "pt_id": " 14060", "trajectory_id": 14, "北京时间": "2026-05-14 22:00", "lon": 113.135, "lat": 29.952, "height": 11.0 }, "geometry": { "type": "Point", "coordinates": [ 113.135, 29.952 ] } },
{ "type": "Feature", "properties": { "pt_id": " 14061", "trajectory_id": 14, "北京时间": "2026-05-14 21:00", "lon": 113.148, "lat": 29.858, "height": 12.0 }, "geometry": { "type": "Point", "coordinates": [ 113.148, 29.858 ] } },
{ "type": "Feature", "properties": { "pt_id": " 14062", "trajectory_id": 14, "北京时间": "2026-05-14 20:00", "lon": 113.163, "lat": 29.766, "height": 14.0 }, "geometry": { "type": "Point", "coordinates": [ 113.163, 29.766 ] } },
{ "type": "Feature", "properties": { "pt_id": " 14063", "trajectory_id": 14, "北京时间": "2026-05-14 19:00", "lon": 113.167, "lat": 29.664, "height": 22.0 }, "geometry": { "type": "Point", "coordinates": [ 113.167, 29.664 ] } },
{ "type": "Feature", "properties": { "pt_id": " 14064", "trajectory_id": 14, "北京时间": "2026-05-14 18:00", "lon": 113.166, "lat": 29.553, "height": 33.0 }, "geometry": { "type": "Point", "coordinates": [ 113.166, 29.553 ] } },
{ "type": "Feature", "properties": { "pt_id": " 14065", "trajectory_id": 14, "北京时间": "2026-05-14 17:00", "lon": 113.168, "lat": 29.441, "height": 37.0 }, "geometry": { "type": "Point", "coordinates": [ 113.168, 29.441 ] } },
{ "type": "Feature", "properties": { "pt_id": " 14066", "trajectory_id": 14, "北京时间": "2026-05-14 16:00", "lon": 113.167, "lat": 29.326, "height": 34.0 }, "geometry": { "type": "Point", "coordinates": [ 113.167, 29.326 ] } },
{ "type": "Feature", "properties": { "pt_id": " 14067", "trajectory_id": 14, "北京时间": "2026-05-14 15:00", "lon": 113.168, "lat": 29.219, "height": 23.0 }, "geometry": { "type": "Point", "coordinates": [ 113.168, 29.219 ] } },
{ "type": "Feature", "properties": { "pt_id": " 14068", "trajectory_id": 14, "北京时间": "2026-05-14 14:00", "lon": 113.18, "lat": 29.119, "height": 13.0 }, "geometry": { "type": "Point", "coordinates": [ 113.18, 29.119 ] } },
{ "type": "Feature", "properties": { "pt_id": " 14069", "trajectory_id": 14, "北京时间": "2026-05-14 13:00", "lon": 113.213, "lat": 29.02, "height": 13.0 }, "geometry": { "type": "Point", "coordinates": [ 113.213, 29.02 ] } },
{ "type": "Feature", "properties": { "pt_id": " 14070", "trajectory_id": 14, "北京时间": "2026-05-14 12:00", "lon": 113.268, "lat": 28.928, "height": 25.0 }, "geometry": { "type": "Point", "coordinates": [ 113.268, 28.928 ] } },
{ "type": "Feature", "properties": { "pt_id": " 14071", "trajectory_id": 14, "北京时间": "2026-05-14 11:00", "lon": 113.343, "lat": 28.845, "height": 58.0 }, "geometry": { "type": "Point", "coordinates": [ 113.343, 28.845 ] } },
{ "type": "Feature", "properties": { "pt_id": " 14072", "trajectory_id": 14, "北京时间": "2026-05-14 10:00", "lon": 113.432, "lat": 28.767, "height": 92.0 }, "geometry": { "type": "Point", "coordinates": [ 113.432, 28.767 ] } },
{ "type": "Feature", "properties": { "pt_id": " 14073", "trajectory_id": 14, "北京时间": "2026-05-14 09:00", "lon": 113.523, "lat": 28.713, "height": 106.0 }, "geometry": { "type": "Point", "coordinates": [ 113.523, 28.713 ] } },
{ "type": "Feature", "properties": { "pt_id": " 14074", "trajectory_id": 14, "北京时间": "2026-05-14 08:00", "lon": 113.599, "lat": 28.677, "height": 118.0 }, "geometry": { "type": "Point", "coordinates": [ 113.599, 28.677 ] } },
{ "type": "Feature", "properties": { "pt_id": " 14075", "trajectory_id": 14, "北京时间": "2026-05-14 07:00", "lon": 113.65, "lat": 28.641, "height": 136.0 }, "geometry": { "type": "Point", "coordinates": [ 113.65, 28.641 ] } },
{ "type": "Feature", "properties": { "pt_id": " 14076", "trajectory_id": 14, "北京时间": "2026-05-14 06:00", "lon": 113.681, "lat": 28.601, "height": 152.0 }, "geometry": { "type": "Point", "coordinates": [ 113.681, 28.601 ] } },
{ "type": "Feature", "properties": { "pt_id": " 14077", "trajectory_id": 14, "北京时间": "2026-05-14 05:00", "lon": 113.7, "lat": 28.553, "height": 166.0 }, "geometry": { "type": "Point", "coordinates": [ 113.7, 28.553 ] } },
{ "type": "Feature", "properties": { "pt_id": " 14078", "trajectory_id": 14, "北京时间": "2026-05-14 04:00", "lon": 113.709, "lat": 28.5, "height": 178.0 }, "geometry": { "type": "Point", "coordinates": [ 113.709, 28.5 ] } },
{ "type": "Feature", "properties": { "pt_id": " 14079", "trajectory_id": 14, "北京时间": "2026-05-14 03:00", "lon": 113.708, "lat": 28.441, "height": 186.0 }, "geometry": { "type": "Point", "coordinates": [ 113.708, 28.441 ] } },
{ "type": "Feature", "properties": { "pt_id": " 14080", "trajectory_id": 14, "北京时间": "2026-05-14 02:00", "lon": 113.705, "lat": 28.379, "height": 194.0 }, "geometry": { "type": "Point", "coordinates": [ 113.705, 28.379 ] } },
{ "type": "Feature", "properties": { "pt_id": " 14081", "trajectory_id": 14, "北京时间": "2026-05-14 01:00", "lon": 113.706, "lat": 28.314, "height": 215.0 }, "geometry": { "type": "Point", "coordinates": [ 113.706, 28.314 ] } },
{ "type": "Feature", "properties": { "pt_id": " 14082", "trajectory_id": 14, "北京时间": "2026-05-14 00:00", "lon": 113.705, "lat": 28.249, "height": 251.0 }, "geometry": { "type": "Point", "coordinates": [ 113.705, 28.249 ] } },
{ "type": "Feature", "properties": { "pt_id": " 14083", "trajectory_id": 14, "北京时间": "2026-05-13 23:00", "lon": 113.685, "lat": 28.171, "height": 285.0 }, "geometry": { "type": "Point", "coordinates": [ 113.685, 28.171 ] } },
{ "type": "Feature", "properties": { "pt_id": " 14084", "trajectory_id": 14, "北京时间": "2026-05-13 22:00", "lon": 113.643, "lat": 28.082, "height": 315.0 }, "geometry": { "type": "Point", "coordinates": [ 113.643, 28.082 ] } },
{ "type": "Feature", "properties": { "pt_id": " 14085", "trajectory_id": 14, "北京时间": "2026-05-13 21:00", "lon": 113.587, "lat": 28.005, "height": 370.0 }, "geometry": { "type": "Point", "coordinates": [ 113.587, 28.005 ] } },
{ "type": "Feature", "properties": { "pt_id": " 14086", "trajectory_id": 14, "北京时间": "2026-05-13 20:00", "lon": 113.518, "lat": 27.929, "height": 420.0 }, "geometry": { "type": "Point", "coordinates": [ 113.518, 27.929 ] } },
{ "type": "Feature", "properties": { "pt_id": " 14087", "trajectory_id": 14, "北京时间": "2026-05-13 19:00", "lon": 113.444, "lat": 27.84, "height": 413.0 }, "geometry": { "type": "Point", "coordinates": [ 113.444, 27.84 ] } },
{ "type": "Feature", "properties": { "pt_id": " 14088", "trajectory_id": 14, "北京时间": "2026-05-13 18:00", "lon": 113.365, "lat": 27.75, "height": 384.0 }, "geometry": { "type": "Point", "coordinates": [ 113.365, 27.75 ] } },
{ "type": "Feature", "properties": { "pt_id": " 14089", "trajectory_id": 14, "北京时间": "2026-05-13 17:00", "lon": 113.285, "lat": 27.654, "height": 363.0 }, "geometry": { "type": "Point", "coordinates": [ 113.285, 27.654 ] } },
{ "type": "Feature", "properties": { "pt_id": " 14090", "trajectory_id": 14, "北京时间": "2026-05-13 16:00", "lon": 113.21, "lat": 27.551, "height": 356.0 }, "geometry": { "type": "Point", "coordinates": [ 113.21, 27.551 ] } },
{ "type": "Feature", "properties": { "pt_id": " 14091", "trajectory_id": 14, "北京时间": "2026-05-13 15:00", "lon": 113.137, "lat": 27.436, "height": 368.0 }, "geometry": { "type": "Point", "coordinates": [ 113.137, 27.436 ] } },
{ "type": "Feature", "properties": { "pt_id": " 14092", "trajectory_id": 14, "北京时间": "2026-05-13 14:00", "lon": 113.056, "lat": 27.299, "height": 386.0 }, "geometry": { "type": "Point", "coordinates": [ 113.056, 27.299 ] } },
{ "type": "Feature", "properties": { "pt_id": " 14093", "trajectory_id": 14, "北京时间": "2026-05-13 13:00", "lon": 112.966, "lat": 27.153, "height": 402.0 }, "geometry": { "type": "Point", "coordinates": [ 112.966, 27.153 ] } },
{ "type": "Feature", "properties": { "pt_id": " 14094", "trajectory_id": 14, "北京时间": "2026-05-13 12:00", "lon": 112.879, "lat": 27.018, "height": 407.0 }, "geometry": { "type": "Point", "coordinates": [ 112.879, 27.018 ] } },
{ "type": "Feature", "properties": { "pt_id": " 14095", "trajectory_id": 14, "北京时间": "2026-05-13 11:00", "lon": 112.803, "lat": 26.906, "height": 404.0 }, "geometry": { "type": "Point", "coordinates": [ 112.803, 26.906 ] } },
{ "type": "Feature", "properties": { "pt_id": " 14096", "trajectory_id": 14, "北京时间": "2026-05-13 10:00", "lon": 112.737, "lat": 26.822, "height": 406.0 }, "geometry": { "type": "Point", "coordinates": [ 112.737, 26.822 ] } },
{ "type": "Feature", "properties": { "pt_id": " 14097", "trajectory_id": 14, "北京时间": "2026-05-13 09:00", "lon": 112.678, "lat": 26.762, "height": 408.0 }, "geometry": { "type": "Point", "coordinates": [ 112.678, 26.762 ] } },
{ "type": "Feature", "properties": { "pt_id": " 14098", "trajectory_id": 14, "北京时间": "2026-05-13 08:00", "lon": 112.615, "lat": 26.71, "height": 415.0 }, "geometry": { "type": "Point", "coordinates": [ 112.615, 26.71 ] } },
{ "type": "Feature", "properties": { "pt_id": " 14099", "trajectory_id": 14, "北京时间": "2026-05-13 07:00", "lon": 112.542, "lat": 26.656, "height": 424.0 }, "geometry": { "type": "Point", "coordinates": [ 112.542, 26.656 ] } },
{ "type": "Feature", "properties": { "pt_id": " 14100", "trajectory_id": 14, "北京时间": "2026-05-13 06:00", "lon": 112.455, "lat": 26.6, "height": 429.0 }, "geometry": { "type": "Point", "coordinates": [ 112.455, 26.6 ] } },
{ "type": "Feature", "properties": { "pt_id": " 15000", "trajectory_id": 15, "北京时间": "2026-05-15 06:00", "lon": 113.942, "lat": 30.907, "height": 10.0 }, "geometry": { "type": "Point", "coordinates": [ 113.942, 30.907 ] } },
{ "type": "Feature", "properties": { "pt_id": " 15057", "trajectory_id": 15, "北京时间": "2026-05-15 05:00", "lon": 113.892, "lat": 30.877, "height": 11.0 }, "geometry": { "type": "Point", "coordinates": [ 113.892, 30.877 ] } },
{ "type": "Feature", "properties": { "pt_id": " 15058", "trajectory_id": 15, "北京时间": "2026-05-15 04:00", "lon": 113.842, "lat": 30.846, "height": 12.0 }, "geometry": { "type": "Point", "coordinates": [ 113.842, 30.846 ] } },
{ "type": "Feature", "properties": { "pt_id": " 15059", "trajectory_id": 15, "北京时间": "2026-05-15 03:00", "lon": 113.794, "lat": 30.803, "height": 12.0 }, "geometry": { "type": "Point", "coordinates": [ 113.794, 30.803 ] } },
{ "type": "Feature", "properties": { "pt_id": " 15060", "trajectory_id": 15, "北京时间": "2026-05-15 02:00", "lon": 113.751, "lat": 30.735, "height": 16.0 }, "geometry": { "type": "Point", "coordinates": [ 113.751, 30.735 ] } },
{ "type": "Feature", "properties": { "pt_id": " 15061", "trajectory_id": 15, "北京时间": "2026-05-15 01:00", "lon": 113.729, "lat": 30.654, "height": 26.0 }, "geometry": { "type": "Point", "coordinates": [ 113.729, 30.654 ] } },
{ "type": "Feature", "properties": { "pt_id": " 15062", "trajectory_id": 15, "北京时间": "2026-05-15 00:00", "lon": 113.735, "lat": 30.573, "height": 34.0 }, "geometry": { "type": "Point", "coordinates": [ 113.735, 30.573 ] } },
{ "type": "Feature", "properties": { "pt_id": " 15063", "trajectory_id": 15, "北京时间": "2026-05-14 23:00", "lon": 113.756, "lat": 30.499, "height": 36.0 }, "geometry": { "type": "Point", "coordinates": [ 113.756, 30.499 ] } },
{ "type": "Feature", "properties": { "pt_id": " 15064", "trajectory_id": 15, "北京时间": "2026-05-14 22:00", "lon": 113.776, "lat": 30.428, "height": 36.0 }, "geometry": { "type": "Point", "coordinates": [ 113.776, 30.428 ] } },
{ "type": "Feature", "properties": { "pt_id": " 15065", "trajectory_id": 15, "北京时间": "2026-05-14 21:00", "lon": 113.795, "lat": 30.366, "height": 34.0 }, "geometry": { "type": "Point", "coordinates": [ 113.795, 30.366 ] } },
{ "type": "Feature", "properties": { "pt_id": " 15066", "trajectory_id": 15, "北京时间": "2026-05-14 20:00", "lon": 113.827, "lat": 30.319, "height": 29.0 }, "geometry": { "type": "Point", "coordinates": [ 113.827, 30.319 ] } },
{ "type": "Feature", "properties": { "pt_id": " 15067", "trajectory_id": 15, "北京时间": "2026-05-14 19:00", "lon": 113.874, "lat": 30.284, "height": 18.0 }, "geometry": { "type": "Point", "coordinates": [ 113.874, 30.284 ] } },
{ "type": "Feature", "properties": { "pt_id": " 15068", "trajectory_id": 15, "北京时间": "2026-05-14 18:00", "lon": 113.936, "lat": 30.252, "height": 6.0 }, "geometry": { "type": "Point", "coordinates": [ 113.936, 30.252 ] } },
{ "type": "Feature", "properties": { "pt_id": " 15069", "trajectory_id": 15, "北京时间": "2026-05-14 17:00", "lon": 114.009, "lat": 30.216, "height": 0.0 }, "geometry": { "type": "Point", "coordinates": [ 114.009, 30.216 ] } },
{ "type": "Feature", "properties": { "pt_id": " 15070", "trajectory_id": 15, "北京时间": "2026-05-14 16:00", "lon": 114.088, "lat": 30.175, "height": 0.0 }, "geometry": { "type": "Point", "coordinates": [ 114.088, 30.175 ] } },
{ "type": "Feature", "properties": { "pt_id": " 15071", "trajectory_id": 15, "北京时间": "2026-05-14 15:00", "lon": 114.169, "lat": 30.129, "height": 0.0 }, "geometry": { "type": "Point", "coordinates": [ 114.169, 30.129 ] } },
{ "type": "Feature", "properties": { "pt_id": " 15072", "trajectory_id": 15, "北京时间": "2026-05-14 14:00", "lon": 114.258, "lat": 30.083, "height": 0.0 }, "geometry": { "type": "Point", "coordinates": [ 114.258, 30.083 ] } },
{ "type": "Feature", "properties": { "pt_id": " 15073", "trajectory_id": 15, "北京时间": "2026-05-14 13:00", "lon": 114.351, "lat": 30.038, "height": 7.0 }, "geometry": { "type": "Point", "coordinates": [ 114.351, 30.038 ] } },
{ "type": "Feature", "properties": { "pt_id": " 15074", "trajectory_id": 15, "北京时间": "2026-05-14 12:00", "lon": 114.441, "lat": 29.997, "height": 23.0 }, "geometry": { "type": "Point", "coordinates": [ 114.441, 29.997 ] } },
{ "type": "Feature", "properties": { "pt_id": " 15075", "trajectory_id": 15, "北京时间": "2026-05-14 11:00", "lon": 114.524, "lat": 29.968, "height": 42.0 }, "geometry": { "type": "Point", "coordinates": [ 114.524, 29.968 ] } },
{ "type": "Feature", "properties": { "pt_id": " 15076", "trajectory_id": 15, "北京时间": "2026-05-14 10:00", "lon": 114.6, "lat": 29.958, "height": 58.0 }, "geometry": { "type": "Point", "coordinates": [ 114.6, 29.958 ] } },
{ "type": "Feature", "properties": { "pt_id": " 15077", "trajectory_id": 15, "北京时间": "2026-05-14 09:00", "lon": 114.661, "lat": 29.952, "height": 77.0 }, "geometry": { "type": "Point", "coordinates": [ 114.661, 29.952 ] } },
{ "type": "Feature", "properties": { "pt_id": " 15078", "trajectory_id": 15, "北京时间": "2026-05-14 08:00", "lon": 114.709, "lat": 29.937, "height": 98.0 }, "geometry": { "type": "Point", "coordinates": [ 114.709, 29.937 ] } },
{ "type": "Feature", "properties": { "pt_id": " 15079", "trajectory_id": 15, "北京时间": "2026-05-14 07:00", "lon": 114.747, "lat": 29.914, "height": 114.0 }, "geometry": { "type": "Point", "coordinates": [ 114.747, 29.914 ] } },
{ "type": "Feature", "properties": { "pt_id": " 15080", "trajectory_id": 15, "北京时间": "2026-05-14 06:00", "lon": 114.775, "lat": 29.882, "height": 125.0 }, "geometry": { "type": "Point", "coordinates": [ 114.775, 29.882 ] } },
{ "type": "Feature", "properties": { "pt_id": " 15081", "trajectory_id": 15, "北京时间": "2026-05-14 05:00", "lon": 114.791, "lat": 29.839, "height": 133.0 }, "geometry": { "type": "Point", "coordinates": [ 114.791, 29.839 ] } },
{ "type": "Feature", "properties": { "pt_id": " 15082", "trajectory_id": 15, "北京时间": "2026-05-14 04:00", "lon": 114.795, "lat": 29.788, "height": 138.0 }, "geometry": { "type": "Point", "coordinates": [ 114.795, 29.788 ] } },
{ "type": "Feature", "properties": { "pt_id": " 15083", "trajectory_id": 15, "北京时间": "2026-05-14 03:00", "lon": 114.8, "lat": 29.73, "height": 133.0 }, "geometry": { "type": "Point", "coordinates": [ 114.8, 29.73 ] } },
{ "type": "Feature", "properties": { "pt_id": " 15084", "trajectory_id": 15, "北京时间": "2026-05-14 02:00", "lon": 114.811, "lat": 29.663, "height": 121.0 }, "geometry": { "type": "Point", "coordinates": [ 114.811, 29.663 ] } },
{ "type": "Feature", "properties": { "pt_id": " 15085", "trajectory_id": 15, "北京时间": "2026-05-14 01:00", "lon": 114.824, "lat": 29.587, "height": 121.0 }, "geometry": { "type": "Point", "coordinates": [ 114.824, 29.587 ] } },
{ "type": "Feature", "properties": { "pt_id": " 15086", "trajectory_id": 15, "北京时间": "2026-05-14 00:00", "lon": 114.83, "lat": 29.51, "height": 144.0 }, "geometry": { "type": "Point", "coordinates": [ 114.83, 29.51 ] } },
{ "type": "Feature", "properties": { "pt_id": " 15087", "trajectory_id": 15, "北京时间": "2026-05-13 23:00", "lon": 114.819, "lat": 29.441, "height": 166.0 }, "geometry": { "type": "Point", "coordinates": [ 114.819, 29.441 ] } },
{ "type": "Feature", "properties": { "pt_id": " 15088", "trajectory_id": 15, "北京时间": "2026-05-13 22:00", "lon": 114.791, "lat": 29.375, "height": 164.0 }, "geometry": { "type": "Point", "coordinates": [ 114.791, 29.375 ] } },
{ "type": "Feature", "properties": { "pt_id": " 15089", "trajectory_id": 15, "北京时间": "2026-05-13 21:00", "lon": 114.752, "lat": 29.309, "height": 153.0 }, "geometry": { "type": "Point", "coordinates": [ 114.752, 29.309 ] } },
{ "type": "Feature", "properties": { "pt_id": " 15090", "trajectory_id": 15, "北京时间": "2026-05-13 20:00", "lon": 114.703, "lat": 29.248, "height": 150.0 }, "geometry": { "type": "Point", "coordinates": [ 114.703, 29.248 ] } },
{ "type": "Feature", "properties": { "pt_id": " 15091", "trajectory_id": 15, "北京时间": "2026-05-13 19:00", "lon": 114.649, "lat": 29.196, "height": 158.0 }, "geometry": { "type": "Point", "coordinates": [ 114.649, 29.196 ] } },
{ "type": "Feature", "properties": { "pt_id": " 15092", "trajectory_id": 15, "北京时间": "2026-05-13 18:00", "lon": 114.601, "lat": 29.146, "height": 167.0 }, "geometry": { "type": "Point", "coordinates": [ 114.601, 29.146 ] } },
{ "type": "Feature", "properties": { "pt_id": " 15093", "trajectory_id": 15, "北京时间": "2026-05-13 17:00", "lon": 114.56, "lat": 29.092, "height": 176.0 }, "geometry": { "type": "Point", "coordinates": [ 114.56, 29.092 ] } },
{ "type": "Feature", "properties": { "pt_id": " 15094", "trajectory_id": 15, "北京时间": "2026-05-13 16:00", "lon": 114.529, "lat": 29.038, "height": 194.0 }, "geometry": { "type": "Point", "coordinates": [ 114.529, 29.038 ] } },
{ "type": "Feature", "properties": { "pt_id": " 15095", "trajectory_id": 15, "北京时间": "2026-05-13 15:00", "lon": 114.505, "lat": 28.988, "height": 215.0 }, "geometry": { "type": "Point", "coordinates": [ 114.505, 28.988 ] } },
{ "type": "Feature", "properties": { "pt_id": " 15096", "trajectory_id": 15, "北京时间": "2026-05-13 14:00", "lon": 114.488, "lat": 28.937, "height": 232.0 }, "geometry": { "type": "Point", "coordinates": [ 114.488, 28.937 ] } },
{ "type": "Feature", "properties": { "pt_id": " 15097", "trajectory_id": 15, "北京时间": "2026-05-13 13:00", "lon": 114.478, "lat": 28.883, "height": 241.0 }, "geometry": { "type": "Point", "coordinates": [ 114.478, 28.883 ] } },
{ "type": "Feature", "properties": { "pt_id": " 15098", "trajectory_id": 15, "北京时间": "2026-05-13 12:00", "lon": 114.472, "lat": 28.829, "height": 244.0 }, "geometry": { "type": "Point", "coordinates": [ 114.472, 28.829 ] } },
{ "type": "Feature", "properties": { "pt_id": " 15099", "trajectory_id": 15, "北京时间": "2026-05-13 11:00", "lon": 114.467, "lat": 28.781, "height": 243.0 }, "geometry": { "type": "Point", "coordinates": [ 114.467, 28.781 ] } },
{ "type": "Feature", "properties": { "pt_id": " 15100", "trajectory_id": 15, "北京时间": "2026-05-13 10:00", "lon": 114.466, "lat": 28.739, "height": 238.0 }, "geometry": { "type": "Point", "coordinates": [ 114.466, 28.739 ] } },
{ "type": "Feature", "properties": { "pt_id": " 15101", "trajectory_id": 15, "北京时间": "2026-05-13 09:00", "lon": 114.464, "lat": 28.697, "height": 230.0 }, "geometry": { "type": "Point", "coordinates": [ 114.464, 28.697 ] } },
{ "type": "Feature", "properties": { "pt_id": " 15102", "trajectory_id": 15, "北京时间": "2026-05-13 08:00", "lon": 114.46, "lat": 28.646, "height": 223.0 }, "geometry": { "type": "Point", "coordinates": [ 114.46, 28.646 ] } },
{ "type": "Feature", "properties": { "pt_id": " 15103", "trajectory_id": 15, "北京时间": "2026-05-13 07:00", "lon": 114.455, "lat": 28.589, "height": 213.0 }, "geometry": { "type": "Point", "coordinates": [ 114.455, 28.589 ] } },
{ "type": "Feature", "properties": { "pt_id": " 15104", "trajectory_id": 15, "北京时间": "2026-05-13 06:00", "lon": 114.456, "lat": 28.529, "height": 196.0 }, "geometry": { "type": "Point", "coordinates": [ 114.456, 28.529 ] } },
{ "type": "Feature", "properties": { "pt_id": " 16000", "trajectory_id": 16, "北京时间": "2026-05-15 06:00", "lon": 113.942, "lat": 30.907, "height": 10.0 }, "geometry": { "type": "Point", "coordinates": [ 113.942, 30.907 ] } },
{ "type": "Feature", "properties": { "pt_id": " 16061", "trajectory_id": 16, "北京时间": "2026-05-15 05:00", "lon": 113.899, "lat": 30.833, "height": 5.0 }, "geometry": { "type": "Point", "coordinates": [ 113.899, 30.833 ] } },
{ "type": "Feature", "properties": { "pt_id": " 16062", "trajectory_id": 16, "北京时间": "2026-05-15 04:00", "lon": 113.87, "lat": 30.745, "height": 5.0 }, "geometry": { "type": "Point", "coordinates": [ 113.87, 30.745 ] } },
{ "type": "Feature", "properties": { "pt_id": " 16063", "trajectory_id": 16, "北京时间": "2026-05-15 03:00", "lon": 113.868, "lat": 30.664, "height": 7.0 }, "geometry": { "type": "Point", "coordinates": [ 113.868, 30.664 ] } },
{ "type": "Feature", "properties": { "pt_id": " 16064", "trajectory_id": 16, "北京时间": "2026-05-15 02:00", "lon": 113.887, "lat": 30.589, "height": 7.0 }, "geometry": { "type": "Point", "coordinates": [ 113.887, 30.589 ] } },
{ "type": "Feature", "properties": { "pt_id": " 16065", "trajectory_id": 16, "北京时间": "2026-05-15 01:00", "lon": 113.916, "lat": 30.525, "height": 6.0 }, "geometry": { "type": "Point", "coordinates": [ 113.916, 30.525 ] } },
{ "type": "Feature", "properties": { "pt_id": " 16066", "trajectory_id": 16, "北京时间": "2026-05-15 00:00", "lon": 113.952, "lat": 30.47, "height": 0.0 }, "geometry": { "type": "Point", "coordinates": [ 113.952, 30.47 ] } },
{ "type": "Feature", "properties": { "pt_id": " 16067", "trajectory_id": 16, "北京时间": "2026-05-14 23:00", "lon": 113.995, "lat": 30.423, "height": 0.0 }, "geometry": { "type": "Point", "coordinates": [ 113.995, 30.423 ] } },
{ "type": "Feature", "properties": { "pt_id": " 16068", "trajectory_id": 16, "北京时间": "2026-05-14 22:00", "lon": 114.052, "lat": 30.38, "height": 0.0 }, "geometry": { "type": "Point", "coordinates": [ 114.052, 30.38 ] } },
{ "type": "Feature", "properties": { "pt_id": " 16069", "trajectory_id": 16, "北京时间": "2026-05-14 21:00", "lon": 114.126, "lat": 30.338, "height": 0.0 }, "geometry": { "type": "Point", "coordinates": [ 114.126, 30.338 ] } },
{ "type": "Feature", "properties": { "pt_id": " 16070", "trajectory_id": 16, "北京时间": "2026-05-14 20:00", "lon": 114.212, "lat": 30.296, "height": 0.0 }, "geometry": { "type": "Point", "coordinates": [ 114.212, 30.296 ] } },
{ "type": "Feature", "properties": { "pt_id": " 16071", "trajectory_id": 16, "北京时间": "2026-05-14 19:00", "lon": 114.305, "lat": 30.255, "height": 0.0 }, "geometry": { "type": "Point", "coordinates": [ 114.305, 30.255 ] } },
{ "type": "Feature", "properties": { "pt_id": " 16072", "trajectory_id": 16, "北京时间": "2026-05-14 18:00", "lon": 114.402, "lat": 30.219, "height": 0.0 }, "geometry": { "type": "Point", "coordinates": [ 114.402, 30.219 ] } },
{ "type": "Feature", "properties": { "pt_id": " 16073", "trajectory_id": 16, "北京时间": "2026-05-14 17:00", "lon": 114.504, "lat": 30.185, "height": 0.0 }, "geometry": { "type": "Point", "coordinates": [ 114.504, 30.185 ] } },
{ "type": "Feature", "properties": { "pt_id": " 16074", "trajectory_id": 16, "北京时间": "2026-05-14 16:00", "lon": 114.597, "lat": 30.156, "height": 4.0 }, "geometry": { "type": "Point", "coordinates": [ 114.597, 30.156 ] } },
{ "type": "Feature", "properties": { "pt_id": " 16075", "trajectory_id": 16, "北京时间": "2026-05-14 15:00", "lon": 114.67, "lat": 30.14, "height": 13.0 }, "geometry": { "type": "Point", "coordinates": [ 114.67, 30.14 ] } },
{ "type": "Feature", "properties": { "pt_id": " 16076", "trajectory_id": 16, "北京时间": "2026-05-14 14:00", "lon": 114.731, "lat": 30.138, "height": 21.0 }, "geometry": { "type": "Point", "coordinates": [ 114.731, 30.138 ] } },
{ "type": "Feature", "properties": { "pt_id": " 16077", "trajectory_id": 16, "北京时间": "2026-05-14 13:00", "lon": 114.782, "lat": 30.139, "height": 29.0 }, "geometry": { "type": "Point", "coordinates": [ 114.782, 30.139 ] } },
{ "type": "Feature", "properties": { "pt_id": " 16078", "trajectory_id": 16, "北京时间": "2026-05-14 12:00", "lon": 114.825, "lat": 30.126, "height": 37.0 }, "geometry": { "type": "Point", "coordinates": [ 114.825, 30.126 ] } },
{ "type": "Feature", "properties": { "pt_id": " 16079", "trajectory_id": 16, "北京时间": "2026-05-14 11:00", "lon": 114.865, "lat": 30.099, "height": 46.0 }, "geometry": { "type": "Point", "coordinates": [ 114.865, 30.099 ] } },
{ "type": "Feature", "properties": { "pt_id": " 16080", "trajectory_id": 16, "北京时间": "2026-05-14 10:00", "lon": 114.895, "lat": 30.061, "height": 55.0 }, "geometry": { "type": "Point", "coordinates": [ 114.895, 30.061 ] } },
{ "type": "Feature", "properties": { "pt_id": " 16081", "trajectory_id": 16, "北京时间": "2026-05-14 09:00", "lon": 114.91, "lat": 30.014, "height": 64.0 }, "geometry": { "type": "Point", "coordinates": [ 114.91, 30.014 ] } },
{ "type": "Feature", "properties": { "pt_id": " 16082", "trajectory_id": 16, "北京时间": "2026-05-14 08:00", "lon": 114.915, "lat": 29.961, "height": 70.0 }, "geometry": { "type": "Point", "coordinates": [ 114.915, 29.961 ] } },
{ "type": "Feature", "properties": { "pt_id": " 16083", "trajectory_id": 16, "北京时间": "2026-05-14 07:00", "lon": 114.92, "lat": 29.903, "height": 74.0 }, "geometry": { "type": "Point", "coordinates": [ 114.92, 29.903 ] } },
{ "type": "Feature", "properties": { "pt_id": " 16084", "trajectory_id": 16, "北京时间": "2026-05-14 06:00", "lon": 114.944, "lat": 29.837, "height": 74.0 }, "geometry": { "type": "Point", "coordinates": [ 114.944, 29.837 ] } },
{ "type": "Feature", "properties": { "pt_id": " 16085", "trajectory_id": 16, "北京时间": "2026-05-14 05:00", "lon": 115.001, "lat": 29.762, "height": 73.0 }, "geometry": { "type": "Point", "coordinates": [ 115.001, 29.762 ] } },
{ "type": "Feature", "properties": { "pt_id": " 16086", "trajectory_id": 16, "北京时间": "2026-05-14 04:00", "lon": 115.059, "lat": 29.686, "height": 88.0 }, "geometry": { "type": "Point", "coordinates": [ 115.059, 29.686 ] } },
{ "type": "Feature", "properties": { "pt_id": " 16087", "trajectory_id": 16, "北京时间": "2026-05-14 03:00", "lon": 115.085, "lat": 29.62, "height": 112.0 }, "geometry": { "type": "Point", "coordinates": [ 115.085, 29.62 ] } },
{ "type": "Feature", "properties": { "pt_id": " 16088", "trajectory_id": 16, "北京时间": "2026-05-14 02:00", "lon": 115.094, "lat": 29.562, "height": 122.0 }, "geometry": { "type": "Point", "coordinates": [ 115.094, 29.562 ] } },
{ "type": "Feature", "properties": { "pt_id": " 16089", "trajectory_id": 16, "北京时间": "2026-05-14 01:00", "lon": 115.097, "lat": 29.513, "height": 126.0 }, "geometry": { "type": "Point", "coordinates": [ 115.097, 29.513 ] } },
{ "type": "Feature", "properties": { "pt_id": " 16090", "trajectory_id": 16, "北京时间": "2026-05-14 00:00", "lon": 115.097, "lat": 29.477, "height": 129.0 }, "geometry": { "type": "Point", "coordinates": [ 115.097, 29.477 ] } },
{ "type": "Feature", "properties": { "pt_id": " 16091", "trajectory_id": 16, "北京时间": "2026-05-13 23:00", "lon": 115.091, "lat": 29.452, "height": 135.0 }, "geometry": { "type": "Point", "coordinates": [ 115.091, 29.452 ] } },
{ "type": "Feature", "properties": { "pt_id": " 16092", "trajectory_id": 16, "北京时间": "2026-05-13 22:00", "lon": 115.082, "lat": 29.429, "height": 145.0 }, "geometry": { "type": "Point", "coordinates": [ 115.082, 29.429 ] } },
{ "type": "Feature", "properties": { "pt_id": " 16093", "trajectory_id": 16, "北京时间": "2026-05-13 21:00", "lon": 115.07, "lat": 29.398, "height": 160.0 }, "geometry": { "type": "Point", "coordinates": [ 115.07, 29.398 ] } },
{ "type": "Feature", "properties": { "pt_id": " 16094", "trajectory_id": 16, "北京时间": "2026-05-13 20:00", "lon": 115.052, "lat": 29.36, "height": 176.0 }, "geometry": { "type": "Point", "coordinates": [ 115.052, 29.36 ] } },
{ "type": "Feature", "properties": { "pt_id": " 16095", "trajectory_id": 16, "北京时间": "2026-05-13 19:00", "lon": 115.028, "lat": 29.317, "height": 190.0 }, "geometry": { "type": "Point", "coordinates": [ 115.028, 29.317 ] } },
{ "type": "Feature", "properties": { "pt_id": " 16096", "trajectory_id": 16, "北京时间": "2026-05-13 18:00", "lon": 115.0, "lat": 29.272, "height": 202.0 }, "geometry": { "type": "Point", "coordinates": [ 115.0, 29.272 ] } },
{ "type": "Feature", "properties": { "pt_id": " 16097", "trajectory_id": 16, "北京时间": "2026-05-13 17:00", "lon": 114.973, "lat": 29.225, "height": 219.0 }, "geometry": { "type": "Point", "coordinates": [ 114.973, 29.225 ] } },
{ "type": "Feature", "properties": { "pt_id": " 16098", "trajectory_id": 16, "北京时间": "2026-05-13 16:00", "lon": 114.951, "lat": 29.177, "height": 236.0 }, "geometry": { "type": "Point", "coordinates": [ 114.951, 29.177 ] } },
{ "type": "Feature", "properties": { "pt_id": " 16099", "trajectory_id": 16, "北京时间": "2026-05-13 15:00", "lon": 114.928, "lat": 29.136, "height": 248.0 }, "geometry": { "type": "Point", "coordinates": [ 114.928, 29.136 ] } },
{ "type": "Feature", "properties": { "pt_id": " 16100", "trajectory_id": 16, "北京时间": "2026-05-13 14:00", "lon": 114.903, "lat": 29.104, "height": 255.0 }, "geometry": { "type": "Point", "coordinates": [ 114.903, 29.104 ] } },
{ "type": "Feature", "properties": { "pt_id": " 16101", "trajectory_id": 16, "北京时间": "2026-05-13 13:00", "lon": 114.878, "lat": 29.074, "height": 262.0 }, "geometry": { "type": "Point", "coordinates": [ 114.878, 29.074 ] } },
{ "type": "Feature", "properties": { "pt_id": " 16102", "trajectory_id": 16, "北京时间": "2026-05-13 12:00", "lon": 114.853, "lat": 29.037, "height": 276.0 }, "geometry": { "type": "Point", "coordinates": [ 114.853, 29.037 ] } },
{ "type": "Feature", "properties": { "pt_id": " 16103", "trajectory_id": 16, "北京时间": "2026-05-13 11:00", "lon": 114.828, "lat": 28.995, "height": 301.0 }, "geometry": { "type": "Point", "coordinates": [ 114.828, 28.995 ] } },
{ "type": "Feature", "properties": { "pt_id": " 16104", "trajectory_id": 16, "北京时间": "2026-05-13 10:00", "lon": 114.803, "lat": 28.947, "height": 335.0 }, "geometry": { "type": "Point", "coordinates": [ 114.803, 28.947 ] } },
{ "type": "Feature", "properties": { "pt_id": " 16105", "trajectory_id": 16, "北京时间": "2026-05-13 09:00", "lon": 114.782, "lat": 28.892, "height": 375.0 }, "geometry": { "type": "Point", "coordinates": [ 114.782, 28.892 ] } },
{ "type": "Feature", "properties": { "pt_id": " 16106", "trajectory_id": 16, "北京时间": "2026-05-13 08:00", "lon": 114.765, "lat": 28.831, "height": 412.0 }, "geometry": { "type": "Point", "coordinates": [ 114.765, 28.831 ] } },
{ "type": "Feature", "properties": { "pt_id": " 16107", "trajectory_id": 16, "北京时间": "2026-05-13 07:00", "lon": 114.752, "lat": 28.771, "height": 439.0 }, "geometry": { "type": "Point", "coordinates": [ 114.752, 28.771 ] } },
{ "type": "Feature", "properties": { "pt_id": " 16108", "trajectory_id": 16, "北京时间": "2026-05-13 06:00", "lon": 114.742, "lat": 28.716, "height": 459.0 }, "geometry": { "type": "Point", "coordinates": [ 114.742, 28.716 ] } },
{ "type": "Feature", "properties": { "pt_id": " 17000", "trajectory_id": 17, "北京时间": "2026-05-15 06:00", "lon": 113.942, "lat": 30.907, "height": 10.0 }, "geometry": { "type": "Point", "coordinates": [ 113.942, 30.907 ] } },
{ "type": "Feature", "properties": { "pt_id": " 17065", "trajectory_id": 17, "北京时间": "2026-05-15 05:00", "lon": 113.976, "lat": 30.831, "height": 7.0 }, "geometry": { "type": "Point", "coordinates": [ 113.976, 30.831 ] } },
{ "type": "Feature", "properties": { "pt_id": " 17066", "trajectory_id": 17, "北京时间": "2026-05-15 04:00", "lon": 114.005, "lat": 30.769, "height": 0.0 }, "geometry": { "type": "Point", "coordinates": [ 114.005, 30.769 ] } },
{ "type": "Feature", "properties": { "pt_id": " 17067", "trajectory_id": 17, "北京时间": "2026-05-15 03:00", "lon": 114.039, "lat": 30.719, "height": 0.0 }, "geometry": { "type": "Point", "coordinates": [ 114.039, 30.719 ] } },
{ "type": "Feature", "properties": { "pt_id": " 17068", "trajectory_id": 17, "北京时间": "2026-05-15 02:00", "lon": 114.093, "lat": 30.672, "height": 0.0 }, "geometry": { "type": "Point", "coordinates": [ 114.093, 30.672 ] } },
{ "type": "Feature", "properties": { "pt_id": " 17069", "trajectory_id": 17, "北京时间": "2026-05-15 01:00", "lon": 114.172, "lat": 30.62, "height": 0.0 }, "geometry": { "type": "Point", "coordinates": [ 114.172, 30.62 ] } },
{ "type": "Feature", "properties": { "pt_id": " 17070", "trajectory_id": 17, "北京时间": "2026-05-15 00:00", "lon": 114.269, "lat": 30.565, "height": 0.0 }, "geometry": { "type": "Point", "coordinates": [ 114.269, 30.565 ] } },
{ "type": "Feature", "properties": { "pt_id": " 17071", "trajectory_id": 17, "北京时间": "2026-05-14 23:00", "lon": 114.372, "lat": 30.516, "height": 0.0 }, "geometry": { "type": "Point", "coordinates": [ 114.372, 30.516 ] } },
{ "type": "Feature", "properties": { "pt_id": " 17072", "trajectory_id": 17, "北京时间": "2026-05-14 22:00", "lon": 114.48, "lat": 30.475, "height": 0.0 }, "geometry": { "type": "Point", "coordinates": [ 114.48, 30.475 ] } },
{ "type": "Feature", "properties": { "pt_id": " 17073", "trajectory_id": 17, "北京时间": "2026-05-14 21:00", "lon": 114.597, "lat": 30.438, "height": 0.0 }, "geometry": { "type": "Point", "coordinates": [ 114.597, 30.438 ] } },
{ "type": "Feature", "properties": { "pt_id": " 17074", "trajectory_id": 17, "北京时间": "2026-05-14 20:00", "lon": 114.712, "lat": 30.406, "height": 0.0 }, "geometry": { "type": "Point", "coordinates": [ 114.712, 30.406 ] } },
{ "type": "Feature", "properties": { "pt_id": " 17075", "trajectory_id": 17, "北京时间": "2026-05-14 19:00", "lon": 114.811, "lat": 30.385, "height": 1.0 }, "geometry": { "type": "Point", "coordinates": [ 114.811, 30.385 ] } },
{ "type": "Feature", "properties": { "pt_id": " 17076", "trajectory_id": 17, "北京时间": "2026-05-14 18:00", "lon": 114.895, "lat": 30.377, "height": 1.0 }, "geometry": { "type": "Point", "coordinates": [ 114.895, 30.377 ] } },
{ "type": "Feature", "properties": { "pt_id": " 17077", "trajectory_id": 17, "北京时间": "2026-05-14 17:00", "lon": 114.968, "lat": 30.365, "height": 1.0 }, "geometry": { "type": "Point", "coordinates": [ 114.968, 30.365 ] } },
{ "type": "Feature", "properties": { "pt_id": " 17078", "trajectory_id": 17, "北京时间": "2026-05-14 16:00", "lon": 115.039, "lat": 30.338, "height": 1.0 }, "geometry": { "type": "Point", "coordinates": [ 115.039, 30.338 ] } },
{ "type": "Feature", "properties": { "pt_id": " 17079", "trajectory_id": 17, "北京时间": "2026-05-14 15:00", "lon": 115.111, "lat": 30.3, "height": 1.0 }, "geometry": { "type": "Point", "coordinates": [ 115.111, 30.3 ] } },
{ "type": "Feature", "properties": { "pt_id": " 17080", "trajectory_id": 17, "北京时间": "2026-05-14 14:00", "lon": 115.185, "lat": 30.251, "height": 1.0 }, "geometry": { "type": "Point", "coordinates": [ 115.185, 30.251 ] } },
{ "type": "Feature", "properties": { "pt_id": " 17081", "trajectory_id": 17, "北京时间": "2026-05-14 13:00", "lon": 115.262, "lat": 30.194, "height": 1.0 }, "geometry": { "type": "Point", "coordinates": [ 115.262, 30.194 ] } },
{ "type": "Feature", "properties": { "pt_id": " 17082", "trajectory_id": 17, "北京时间": "2026-05-14 12:00", "lon": 115.34, "lat": 30.134, "height": 5.0 }, "geometry": { "type": "Point", "coordinates": [ 115.34, 30.134 ] } },
{ "type": "Feature", "properties": { "pt_id": " 17083", "trajectory_id": 17, "北京时间": "2026-05-14 11:00", "lon": 115.407, "lat": 30.065, "height": 11.0 }, "geometry": { "type": "Point", "coordinates": [ 115.407, 30.065 ] } },
{ "type": "Feature", "properties": { "pt_id": " 17084", "trajectory_id": 17, "北京时间": "2026-05-14 10:00", "lon": 115.462, "lat": 29.98, "height": 10.0 }, "geometry": { "type": "Point", "coordinates": [ 115.462, 29.98 ] } },
{ "type": "Feature", "properties": { "pt_id": " 17085", "trajectory_id": 17, "北京时间": "2026-05-14 09:00", "lon": 115.513, "lat": 29.878, "height": 16.0 }, "geometry": { "type": "Point", "coordinates": [ 115.513, 29.878 ] } },
{ "type": "Feature", "properties": { "pt_id": " 17086", "trajectory_id": 17, "北京时间": "2026-05-14 08:00", "lon": 115.551, "lat": 29.763, "height": 38.0 }, "geometry": { "type": "Point", "coordinates": [ 115.551, 29.763 ] } },
{ "type": "Feature", "properties": { "pt_id": " 17087", "trajectory_id": 17, "北京时间": "2026-05-14 07:00", "lon": 115.577, "lat": 29.649, "height": 65.0 }, "geometry": { "type": "Point", "coordinates": [ 115.577, 29.649 ] } },
{ "type": "Feature", "properties": { "pt_id": " 17088", "trajectory_id": 17, "北京时间": "2026-05-14 06:00", "lon": 115.598, "lat": 29.55, "height": 85.0 }, "geometry": { "type": "Point", "coordinates": [ 115.598, 29.55 ] } },
{ "type": "Feature", "properties": { "pt_id": " 17089", "trajectory_id": 17, "北京时间": "2026-05-14 05:00", "lon": 115.613, "lat": 29.464, "height": 99.0 }, "geometry": { "type": "Point", "coordinates": [ 115.613, 29.464 ] } },
{ "type": "Feature", "properties": { "pt_id": " 17090", "trajectory_id": 17, "北京时间": "2026-05-14 04:00", "lon": 115.625, "lat": 29.389, "height": 110.0 }, "geometry": { "type": "Point", "coordinates": [ 115.625, 29.389 ] } },
{ "type": "Feature", "properties": { "pt_id": " 17091", "trajectory_id": 17, "北京时间": "2026-05-14 03:00", "lon": 115.628, "lat": 29.325, "height": 120.0 }, "geometry": { "type": "Point", "coordinates": [ 115.628, 29.325 ] } },
{ "type": "Feature", "properties": { "pt_id": " 17092", "trajectory_id": 17, "北京时间": "2026-05-14 02:00", "lon": 115.627, "lat": 29.267, "height": 130.0 }, "geometry": { "type": "Point", "coordinates": [ 115.627, 29.267 ] } },
{ "type": "Feature", "properties": { "pt_id": " 17093", "trajectory_id": 17, "北京时间": "2026-05-14 01:00", "lon": 115.619, "lat": 29.206, "height": 132.0 }, "geometry": { "type": "Point", "coordinates": [ 115.619, 29.206 ] } },
{ "type": "Feature", "properties": { "pt_id": " 17094", "trajectory_id": 17, "北京时间": "2026-05-14 00:00", "lon": 115.596, "lat": 29.137, "height": 136.0 }, "geometry": { "type": "Point", "coordinates": [ 115.596, 29.137 ] } },
{ "type": "Feature", "properties": { "pt_id": " 17095", "trajectory_id": 17, "北京时间": "2026-05-13 23:00", "lon": 115.556, "lat": 29.063, "height": 146.0 }, "geometry": { "type": "Point", "coordinates": [ 115.556, 29.063 ] } },
{ "type": "Feature", "properties": { "pt_id": " 17096", "trajectory_id": 17, "北京时间": "2026-05-13 22:00", "lon": 115.508, "lat": 28.986, "height": 160.0 }, "geometry": { "type": "Point", "coordinates": [ 115.508, 28.986 ] } },
{ "type": "Feature", "properties": { "pt_id": " 17097", "trajectory_id": 17, "北京时间": "2026-05-13 21:00", "lon": 115.463, "lat": 28.907, "height": 162.0 }, "geometry": { "type": "Point", "coordinates": [ 115.463, 28.907 ] } },
{ "type": "Feature", "properties": { "pt_id": " 17098", "trajectory_id": 17, "北京时间": "2026-05-13 20:00", "lon": 115.423, "lat": 28.831, "height": 156.0 }, "geometry": { "type": "Point", "coordinates": [ 115.423, 28.831 ] } },
{ "type": "Feature", "properties": { "pt_id": " 17099", "trajectory_id": 17, "北京时间": "2026-05-13 19:00", "lon": 115.383, "lat": 28.759, "height": 151.0 }, "geometry": { "type": "Point", "coordinates": [ 115.383, 28.759 ] } },
{ "type": "Feature", "properties": { "pt_id": " 17100", "trajectory_id": 17, "北京时间": "2026-05-13 18:00", "lon": 115.342, "lat": 28.693, "height": 150.0 }, "geometry": { "type": "Point", "coordinates": [ 115.342, 28.693 ] } },
{ "type": "Feature", "properties": { "pt_id": " 17101", "trajectory_id": 17, "北京时间": "2026-05-13 17:00", "lon": 115.297, "lat": 28.631, "height": 150.0 }, "geometry": { "type": "Point", "coordinates": [ 115.297, 28.631 ] } },
{ "type": "Feature", "properties": { "pt_id": " 17102", "trajectory_id": 17, "北京时间": "2026-05-13 16:00", "lon": 115.247, "lat": 28.56, "height": 142.0 }, "geometry": { "type": "Point", "coordinates": [ 115.247, 28.56 ] } },
{ "type": "Feature", "properties": { "pt_id": " 17103", "trajectory_id": 17, "北京时间": "2026-05-13 15:00", "lon": 115.198, "lat": 28.475, "height": 119.0 }, "geometry": { "type": "Point", "coordinates": [ 115.198, 28.475 ] } },
{ "type": "Feature", "properties": { "pt_id": " 17104", "trajectory_id": 17, "北京时间": "2026-05-13 14:00", "lon": 115.16, "lat": 28.375, "height": 94.0 }, "geometry": { "type": "Point", "coordinates": [ 115.16, 28.375 ] } },
{ "type": "Feature", "properties": { "pt_id": " 17105", "trajectory_id": 17, "北京时间": "2026-05-13 13:00", "lon": 115.136, "lat": 28.251, "height": 83.0 }, "geometry": { "type": "Point", "coordinates": [ 115.136, 28.251 ] } },
{ "type": "Feature", "properties": { "pt_id": " 17106", "trajectory_id": 17, "北京时间": "2026-05-13 12:00", "lon": 115.116, "lat": 28.103, "height": 87.0 }, "geometry": { "type": "Point", "coordinates": [ 115.116, 28.103 ] } },
{ "type": "Feature", "properties": { "pt_id": " 17107", "trajectory_id": 17, "北京时间": "2026-05-13 11:00", "lon": 115.099, "lat": 27.963, "height": 97.0 }, "geometry": { "type": "Point", "coordinates": [ 115.099, 27.963 ] } },
{ "type": "Feature", "properties": { "pt_id": " 17108", "trajectory_id": 17, "北京时间": "2026-05-13 10:00", "lon": 115.097, "lat": 27.837, "height": 113.0 }, "geometry": { "type": "Point", "coordinates": [ 115.097, 27.837 ] } },
{ "type": "Feature", "properties": { "pt_id": " 17109", "trajectory_id": 17, "北京时间": "2026-05-13 09:00", "lon": 115.118, "lat": 27.717, "height": 156.0 }, "geometry": { "type": "Point", "coordinates": [ 115.118, 27.717 ] } },
{ "type": "Feature", "properties": { "pt_id": " 17110", "trajectory_id": 17, "北京时间": "2026-05-13 08:00", "lon": 115.131, "lat": 27.617, "height": 222.0 }, "geometry": { "type": "Point", "coordinates": [ 115.131, 27.617 ] } },
{ "type": "Feature", "properties": { "pt_id": " 17111", "trajectory_id": 17, "北京时间": "2026-05-13 07:00", "lon": 115.12, "lat": 27.538, "height": 289.0 }, "geometry": { "type": "Point", "coordinates": [ 115.12, 27.538 ] } },
{ "type": "Feature", "properties": { "pt_id": " 17112", "trajectory_id": 17, "北京时间": "2026-05-13 06:00", "lon": 115.089, "lat": 27.469, "height": 387.0 }, "geometry": { "type": "Point", "coordinates": [ 115.089, 27.469 ] } },
{ "type": "Feature", "properties": { "pt_id": " 18000", "trajectory_id": 18, "北京时间": "2026-05-15 06:00", "lon": 113.942, "lat": 30.907, "height": 10.0 }, "geometry": { "type": "Point", "coordinates": [ 113.942, 30.907 ] } },
{ "type": "Feature", "properties": { "pt_id": " 18069", "trajectory_id": 18, "北京时间": "2026-05-15 05:00", "lon": 113.999, "lat": 30.846, "height": 1.0 }, "geometry": { "type": "Point", "coordinates": [ 113.999, 30.846 ] } },
{ "type": "Feature", "properties": { "pt_id": " 18070", "trajectory_id": 18, "北京时间": "2026-05-15 04:00", "lon": 114.085, "lat": 30.785, "height": 0.0 }, "geometry": { "type": "Point", "coordinates": [ 114.085, 30.785 ] } },
{ "type": "Feature", "properties": { "pt_id": " 18071", "trajectory_id": 18, "北京时间": "2026-05-15 03:00", "lon": 114.189, "lat": 30.723, "height": 0.0 }, "geometry": { "type": "Point", "coordinates": [ 114.189, 30.723 ] } },
{ "type": "Feature", "properties": { "pt_id": " 18072", "trajectory_id": 18, "北京时间": "2026-05-15 02:00", "lon": 114.295, "lat": 30.668, "height": 0.0 }, "geometry": { "type": "Point", "coordinates": [ 114.295, 30.668 ] } },
{ "type": "Feature", "properties": { "pt_id": " 18073", "trajectory_id": 18, "北京时间": "2026-05-15 01:00", "lon": 114.402, "lat": 30.624, "height": 0.0 }, "geometry": { "type": "Point", "coordinates": [ 114.402, 30.624 ] } },
{ "type": "Feature", "properties": { "pt_id": " 18074", "trajectory_id": 18, "北京时间": "2026-05-15 00:00", "lon": 114.507, "lat": 30.589, "height": 0.0 }, "geometry": { "type": "Point", "coordinates": [ 114.507, 30.589 ] } },
{ "type": "Feature", "properties": { "pt_id": " 18075", "trajectory_id": 18, "北京时间": "2026-05-14 23:00", "lon": 114.6, "lat": 30.565, "height": 0.0 }, "geometry": { "type": "Point", "coordinates": [ 114.6, 30.565 ] } },
{ "type": "Feature", "properties": { "pt_id": " 18076", "trajectory_id": 18, "北京时间": "2026-05-14 22:00", "lon": 114.685, "lat": 30.553, "height": 0.0 }, "geometry": { "type": "Point", "coordinates": [ 114.685, 30.553 ] } },
{ "type": "Feature", "properties": { "pt_id": " 18077", "trajectory_id": 18, "北京时间": "2026-05-14 21:00", "lon": 114.76, "lat": 30.542, "height": 0.0 }, "geometry": { "type": "Point", "coordinates": [ 114.76, 30.542 ] } },
{ "type": "Feature", "properties": { "pt_id": " 18078", "trajectory_id": 18, "北京时间": "2026-05-14 20:00", "lon": 114.82, "lat": 30.515, "height": 0.0 }, "geometry": { "type": "Point", "coordinates": [ 114.82, 30.515 ] } },
{ "type": "Feature", "properties": { "pt_id": " 18079", "trajectory_id": 18, "北京时间": "2026-05-14 19:00", "lon": 114.868, "lat": 30.474, "height": 0.0 }, "geometry": { "type": "Point", "coordinates": [ 114.868, 30.474 ] } },
{ "type": "Feature", "properties": { "pt_id": " 18080", "trajectory_id": 18, "北京时间": "2026-05-14 18:00", "lon": 114.901, "lat": 30.423, "height": 0.0 }, "geometry": { "type": "Point", "coordinates": [ 114.901, 30.423 ] } },
{ "type": "Feature", "properties": { "pt_id": " 18081", "trajectory_id": 18, "北京时间": "2026-05-14 17:00", "lon": 114.906, "lat": 30.368, "height": 0.0 }, "geometry": { "type": "Point", "coordinates": [ 114.906, 30.368 ] } },
{ "type": "Feature", "properties": { "pt_id": " 18082", "trajectory_id": 18, "北京时间": "2026-05-14 16:00", "lon": 114.878, "lat": 30.312, "height": 0.0 }, "geometry": { "type": "Point", "coordinates": [ 114.878, 30.312 ] } },
{ "type": "Feature", "properties": { "pt_id": " 18083", "trajectory_id": 18, "北京时间": "2026-05-14 15:00", "lon": 114.828, "lat": 30.263, "height": 0.0 }, "geometry": { "type": "Point", "coordinates": [ 114.828, 30.263 ] } },
{ "type": "Feature", "properties": { "pt_id": " 18084", "trajectory_id": 18, "北京时间": "2026-05-14 14:00", "lon": 114.77, "lat": 30.23, "height": 0.0 }, "geometry": { "type": "Point", "coordinates": [ 114.77, 30.23 ] } },
{ "type": "Feature", "properties": { "pt_id": " 18085", "trajectory_id": 18, "北京时间": "2026-05-14 13:00", "lon": 114.692, "lat": 30.209, "height": 0.0 }, "geometry": { "type": "Point", "coordinates": [ 114.692, 30.209 ] } },
{ "type": "Feature", "properties": { "pt_id": " 18086", "trajectory_id": 18, "北京时间": "2026-05-14 12:00", "lon": 114.605, "lat": 30.173, "height": 0.0 }, "geometry": { "type": "Point", "coordinates": [ 114.605, 30.173 ] } },
{ "type": "Feature", "properties": { "pt_id": " 18087", "trajectory_id": 18, "北京时间": "2026-05-14 11:00", "lon": 114.522, "lat": 30.116, "height": 0.0 }, "geometry": { "type": "Point", "coordinates": [ 114.522, 30.116 ] } },
{ "type": "Feature", "properties": { "pt_id": " 18088", "trajectory_id": 18, "北京时间": "2026-05-14 10:00", "lon": 114.445, "lat": 30.046, "height": 1.0 }, "geometry": { "type": "Point", "coordinates": [ 114.445, 30.046 ] } },
{ "type": "Feature", "properties": { "pt_id": " 18089", "trajectory_id": 18, "北京时间": "2026-05-14 09:00", "lon": 114.381, "lat": 29.975, "height": 2.0 }, "geometry": { "type": "Point", "coordinates": [ 114.381, 29.975 ] } },
{ "type": "Feature", "properties": { "pt_id": " 18090", "trajectory_id": 18, "北京时间": "2026-05-14 08:00", "lon": 114.334, "lat": 29.908, "height": 10.0 }, "geometry": { "type": "Point", "coordinates": [ 114.334, 29.908 ] } },
{ "type": "Feature", "properties": { "pt_id": " 18091", "trajectory_id": 18, "北京时间": "2026-05-14 07:00", "lon": 114.302, "lat": 29.844, "height": 28.0 }, "geometry": { "type": "Point", "coordinates": [ 114.302, 29.844 ] } },
{ "type": "Feature", "properties": { "pt_id": " 18092", "trajectory_id": 18, "北京时间": "2026-05-14 06:00", "lon": 114.282, "lat": 29.778, "height": 63.0 }, "geometry": { "type": "Point", "coordinates": [ 114.282, 29.778 ] } },
{ "type": "Feature", "properties": { "pt_id": " 18093", "trajectory_id": 18, "北京时间": "2026-05-14 05:00", "lon": 114.274, "lat": 29.707, "height": 116.0 }, "geometry": { "type": "Point", "coordinates": [ 114.274, 29.707 ] } },
{ "type": "Feature", "properties": { "pt_id": " 18094", "trajectory_id": 18, "北京时间": "2026-05-14 04:00", "lon": 114.273, "lat": 29.633, "height": 174.0 }, "geometry": { "type": "Point", "coordinates": [ 114.273, 29.633 ] } },
{ "type": "Feature", "properties": { "pt_id": " 18095", "trajectory_id": 18, "北京时间": "2026-05-14 03:00", "lon": 114.277, "lat": 29.557, "height": 236.0 }, "geometry": { "type": "Point", "coordinates": [ 114.277, 29.557 ] } },
{ "type": "Feature", "properties": { "pt_id": " 18096", "trajectory_id": 18, "北京时间": "2026-05-14 02:00", "lon": 114.284, "lat": 29.479, "height": 291.0 }, "geometry": { "type": "Point", "coordinates": [ 114.284, 29.479 ] } },
{ "type": "Feature", "properties": { "pt_id": " 18097", "trajectory_id": 18, "北京时间": "2026-05-14 01:00", "lon": 114.294, "lat": 29.401, "height": 340.0 }, "geometry": { "type": "Point", "coordinates": [ 114.294, 29.401 ] } },
{ "type": "Feature", "properties": { "pt_id": " 18098", "trajectory_id": 18, "北京时间": "2026-05-14 00:00", "lon": 114.297, "lat": 29.323, "height": 385.0 }, "geometry": { "type": "Point", "coordinates": [ 114.297, 29.323 ] } },
{ "type": "Feature", "properties": { "pt_id": " 18099", "trajectory_id": 18, "北京时间": "2026-05-13 23:00", "lon": 114.287, "lat": 29.25, "height": 423.0 }, "geometry": { "type": "Point", "coordinates": [ 114.287, 29.25 ] } },
{ "type": "Feature", "properties": { "pt_id": " 18100", "trajectory_id": 18, "北京时间": "2026-05-13 22:00", "lon": 114.265, "lat": 29.182, "height": 452.0 }, "geometry": { "type": "Point", "coordinates": [ 114.265, 29.182 ] } },
{ "type": "Feature", "properties": { "pt_id": " 18101", "trajectory_id": 18, "北京时间": "2026-05-13 21:00", "lon": 114.232, "lat": 29.115, "height": 475.0 }, "geometry": { "type": "Point", "coordinates": [ 114.232, 29.115 ] } },
{ "type": "Feature", "properties": { "pt_id": " 18102", "trajectory_id": 18, "北京时间": "2026-05-13 20:00", "lon": 114.188, "lat": 29.039, "height": 502.0 }, "geometry": { "type": "Point", "coordinates": [ 114.188, 29.039 ] } },
{ "type": "Feature", "properties": { "pt_id": " 18103", "trajectory_id": 18, "北京时间": "2026-05-13 19:00", "lon": 114.141, "lat": 28.953, "height": 528.0 }, "geometry": { "type": "Point", "coordinates": [ 114.141, 28.953 ] } },
{ "type": "Feature", "properties": { "pt_id": " 18104", "trajectory_id": 18, "北京时间": "2026-05-13 18:00", "lon": 114.099, "lat": 28.862, "height": 552.0 }, "geometry": { "type": "Point", "coordinates": [ 114.099, 28.862 ] } },
{ "type": "Feature", "properties": { "pt_id": " 18105", "trajectory_id": 18, "北京时间": "2026-05-13 17:00", "lon": 114.056, "lat": 28.777, "height": 568.0 }, "geometry": { "type": "Point", "coordinates": [ 114.056, 28.777 ] } },
{ "type": "Feature", "properties": { "pt_id": " 18106", "trajectory_id": 18, "北京时间": "2026-05-13 16:00", "lon": 114.002, "lat": 28.705, "height": 568.0 }, "geometry": { "type": "Point", "coordinates": [ 114.002, 28.705 ] } },
{ "type": "Feature", "properties": { "pt_id": " 18107", "trajectory_id": 18, "北京时间": "2026-05-13 15:00", "lon": 113.941, "lat": 28.639, "height": 543.0 }, "geometry": { "type": "Point", "coordinates": [ 113.941, 28.639 ] } },
{ "type": "Feature", "properties": { "pt_id": " 18108", "trajectory_id": 18, "北京时间": "2026-05-13 14:00", "lon": 113.879, "lat": 28.573, "height": 480.0 }, "geometry": { "type": "Point", "coordinates": [ 113.879, 28.573 ] } },
{ "type": "Feature", "properties": { "pt_id": " 18109", "trajectory_id": 18, "北京时间": "2026-05-13 13:00", "lon": 113.814, "lat": 28.515, "height": 364.0 }, "geometry": { "type": "Point", "coordinates": [ 113.814, 28.515 ] } },
{ "type": "Feature", "properties": { "pt_id": " 18110", "trajectory_id": 18, "北京时间": "2026-05-13 12:00", "lon": 113.744, "lat": 28.466, "height": 256.0 }, "geometry": { "type": "Point", "coordinates": [ 113.744, 28.466 ] } },
{ "type": "Feature", "properties": { "pt_id": " 18111", "trajectory_id": 18, "北京时间": "2026-05-13 11:00", "lon": 113.677, "lat": 28.413, "height": 200.0 }, "geometry": { "type": "Point", "coordinates": [ 113.677, 28.413 ] } },
{ "type": "Feature", "properties": { "pt_id": " 18112", "trajectory_id": 18, "北京时间": "2026-05-13 10:00", "lon": 113.615, "lat": 28.35, "height": 176.0 }, "geometry": { "type": "Point", "coordinates": [ 113.615, 28.35 ] } },
{ "type": "Feature", "properties": { "pt_id": " 18113", "trajectory_id": 18, "北京时间": "2026-05-13 09:00", "lon": 113.558, "lat": 28.285, "height": 155.0 }, "geometry": { "type": "Point", "coordinates": [ 113.558, 28.285 ] } },
{ "type": "Feature", "properties": { "pt_id": " 18114", "trajectory_id": 18, "北京时间": "2026-05-13 08:00", "lon": 113.514, "lat": 28.218, "height": 133.0 }, "geometry": { "type": "Point", "coordinates": [ 113.514, 28.218 ] } },
{ "type": "Feature", "properties": { "pt_id": " 18115", "trajectory_id": 18, "北京时间": "2026-05-13 07:00", "lon": 113.488, "lat": 28.152, "height": 122.0 }, "geometry": { "type": "Point", "coordinates": [ 113.488, 28.152 ] } },
{ "type": "Feature", "properties": { "pt_id": " 18116", "trajectory_id": 18, "北京时间": "2026-05-13 06:00", "lon": 113.478, "lat": 28.089, "height": 123.0 }, "geometry": { "type": "Point", "coordinates": [ 113.478, 28.089 ] } },
{ "type": "Feature", "properties": { "pt_id": " 19000", "trajectory_id": 19, "北京时间": "2026-05-15 06:00", "lon": 113.942, "lat": 30.907, "height": 10.0 }, "geometry": { "type": "Point", "coordinates": [ 113.942, 30.907 ] } },
{ "type": "Feature", "properties": { "pt_id": " 19073", "trajectory_id": 19, "北京时间": "2026-05-15 05:00", "lon": 114.044, "lat": 30.856, "height": 9.0 }, "geometry": { "type": "Point", "coordinates": [ 114.044, 30.856 ] } },
{ "type": "Feature", "properties": { "pt_id": " 19074", "trajectory_id": 19, "北京时间": "2026-05-15 04:00", "lon": 114.142, "lat": 30.818, "height": 8.0 }, "geometry": { "type": "Point", "coordinates": [ 114.142, 30.818 ] } },
{ "type": "Feature", "properties": { "pt_id": " 19075", "trajectory_id": 19, "北京时间": "2026-05-15 03:00", "lon": 114.225, "lat": 30.789, "height": 6.0 }, "geometry": { "type": "Point", "coordinates": [ 114.225, 30.789 ] } },
{ "type": "Feature", "properties": { "pt_id": " 19076", "trajectory_id": 19, "北京时间": "2026-05-15 02:00", "lon": 114.299, "lat": 30.772, "height": 3.0 }, "geometry": { "type": "Point", "coordinates": [ 114.299, 30.772 ] } },
{ "type": "Feature", "properties": { "pt_id": " 19077", "trajectory_id": 19, "北京时间": "2026-05-15 01:00", "lon": 114.354, "lat": 30.752, "height": 0.0 }, "geometry": { "type": "Point", "coordinates": [ 114.354, 30.752 ] } },
{ "type": "Feature", "properties": { "pt_id": " 19078", "trajectory_id": 19, "北京时间": "2026-05-15 00:00", "lon": 114.376, "lat": 30.715, "height": 0.0 }, "geometry": { "type": "Point", "coordinates": [ 114.376, 30.715 ] } },
{ "type": "Feature", "properties": { "pt_id": " 19079", "trajectory_id": 19, "北京时间": "2026-05-14 23:00", "lon": 114.361, "lat": 30.665, "height": 0.0 }, "geometry": { "type": "Point", "coordinates": [ 114.361, 30.665 ] } },
{ "type": "Feature", "properties": { "pt_id": " 19080", "trajectory_id": 19, "北京时间": "2026-05-14 22:00", "lon": 114.322, "lat": 30.601, "height": 0.0 }, "geometry": { "type": "Point", "coordinates": [ 114.322, 30.601 ] } },
{ "type": "Feature", "properties": { "pt_id": " 19081", "trajectory_id": 19, "北京时间": "2026-05-14 21:00", "lon": 114.274, "lat": 30.521, "height": 0.0 }, "geometry": { "type": "Point", "coordinates": [ 114.274, 30.521 ] } },
{ "type": "Feature", "properties": { "pt_id": " 19082", "trajectory_id": 19, "北京时间": "2026-05-14 20:00", "lon": 114.214, "lat": 30.423, "height": 3.0 }, "geometry": { "type": "Point", "coordinates": [ 114.214, 30.423 ] } },
{ "type": "Feature", "properties": { "pt_id": " 19083", "trajectory_id": 19, "北京时间": "2026-05-14 19:00", "lon": 114.143, "lat": 30.314, "height": 5.0 }, "geometry": { "type": "Point", "coordinates": [ 114.143, 30.314 ] } },
{ "type": "Feature", "properties": { "pt_id": " 19084", "trajectory_id": 19, "北京时间": "2026-05-14 18:00", "lon": 114.072, "lat": 30.201, "height": 5.0 }, "geometry": { "type": "Point", "coordinates": [ 114.072, 30.201 ] } },
{ "type": "Feature", "properties": { "pt_id": " 19085", "trajectory_id": 19, "北京时间": "2026-05-14 17:00", "lon": 114.013, "lat": 30.093, "height": 6.0 }, "geometry": { "type": "Point", "coordinates": [ 114.013, 30.093 ] } },
{ "type": "Feature", "properties": { "pt_id": " 19086", "trajectory_id": 19, "北京时间": "2026-05-14 16:00", "lon": 113.962, "lat": 29.993, "height": 7.0 }, "geometry": { "type": "Point", "coordinates": [ 113.962, 29.993 ] } },
{ "type": "Feature", "properties": { "pt_id": " 19087", "trajectory_id": 19, "北京时间": "2026-05-14 15:00", "lon": 113.907, "lat": 29.895, "height": 12.0 }, "geometry": { "type": "Point", "coordinates": [ 113.907, 29.895 ] } },
{ "type": "Feature", "properties": { "pt_id": " 19088", "trajectory_id": 19, "北京时间": "2026-05-14 14:00", "lon": 113.853, "lat": 29.795, "height": 28.0 }, "geometry": { "type": "Point", "coordinates": [ 113.853, 29.795 ] } },
{ "type": "Feature", "properties": { "pt_id": " 19089", "trajectory_id": 19, "北京时间": "2026-05-14 13:00", "lon": 113.807, "lat": 29.694, "height": 57.0 }, "geometry": { "type": "Point", "coordinates": [ 113.807, 29.694 ] } },
{ "type": "Feature", "properties": { "pt_id": " 19090", "trajectory_id": 19, "北京时间": "2026-05-14 12:00", "lon": 113.774, "lat": 29.598, "height": 95.0 }, "geometry": { "type": "Point", "coordinates": [ 113.774, 29.598 ] } },
{ "type": "Feature", "properties": { "pt_id": " 19091", "trajectory_id": 19, "北京时间": "2026-05-14 11:00", "lon": 113.756, "lat": 29.513, "height": 136.0 }, "geometry": { "type": "Point", "coordinates": [ 113.756, 29.513 ] } },
{ "type": "Feature", "properties": { "pt_id": " 19092", "trajectory_id": 19, "北京时间": "2026-05-14 10:00", "lon": 113.744, "lat": 29.431, "height": 174.0 }, "geometry": { "type": "Point", "coordinates": [ 113.744, 29.431 ] } },
{ "type": "Feature", "properties": { "pt_id": " 19093", "trajectory_id": 19, "北京时间": "2026-05-14 09:00", "lon": 113.73, "lat": 29.336, "height": 216.0 }, "geometry": { "type": "Point", "coordinates": [ 113.73, 29.336 ] } },
{ "type": "Feature", "properties": { "pt_id": " 19094", "trajectory_id": 19, "北京时间": "2026-05-14 08:00", "lon": 113.721, "lat": 29.231, "height": 268.0 }, "geometry": { "type": "Point", "coordinates": [ 113.721, 29.231 ] } },
{ "type": "Feature", "properties": { "pt_id": " 19095", "trajectory_id": 19, "北京时间": "2026-05-14 07:00", "lon": 113.719, "lat": 29.115, "height": 333.0 }, "geometry": { "type": "Point", "coordinates": [ 113.719, 29.115 ] } },
{ "type": "Feature", "properties": { "pt_id": " 19096", "trajectory_id": 19, "北京时间": "2026-05-14 06:00", "lon": 113.721, "lat": 28.981, "height": 414.0 }, "geometry": { "type": "Point", "coordinates": [ 113.721, 28.981 ] } },
{ "type": "Feature", "properties": { "pt_id": " 19097", "trajectory_id": 19, "北京时间": "2026-05-14 05:00", "lon": 113.717, "lat": 28.848, "height": 476.0 }, "geometry": { "type": "Point", "coordinates": [ 113.717, 28.848 ] } },
{ "type": "Feature", "properties": { "pt_id": " 19098", "trajectory_id": 19, "北京时间": "2026-05-14 04:00", "lon": 113.705, "lat": 28.737, "height": 511.0 }, "geometry": { "type": "Point", "coordinates": [ 113.705, 28.737 ] } },
{ "type": "Feature", "properties": { "pt_id": " 19099", "trajectory_id": 19, "北京时间": "2026-05-14 03:00", "lon": 113.677, "lat": 28.642, "height": 546.0 }, "geometry": { "type": "Point", "coordinates": [ 113.677, 28.642 ] } },
{ "type": "Feature", "properties": { "pt_id": " 19100", "trajectory_id": 19, "北京时间": "2026-05-14 02:00", "lon": 113.636, "lat": 28.556, "height": 586.0 }, "geometry": { "type": "Point", "coordinates": [ 113.636, 28.556 ] } },
{ "type": "Feature", "properties": { "pt_id": " 19101", "trajectory_id": 19, "北京时间": "2026-05-14 01:00", "lon": 113.593, "lat": 28.46, "height": 621.0 }, "geometry": { "type": "Point", "coordinates": [ 113.593, 28.46 ] } },
{ "type": "Feature", "properties": { "pt_id": " 19102", "trajectory_id": 19, "北京时间": "2026-05-14 00:00", "lon": 113.555, "lat": 28.337, "height": 637.0 }, "geometry": { "type": "Point", "coordinates": [ 113.555, 28.337 ] } },
{ "type": "Feature", "properties": { "pt_id": " 19103", "trajectory_id": 19, "北京时间": "2026-05-13 23:00", "lon": 113.524, "lat": 28.198, "height": 617.0 }, "geometry": { "type": "Point", "coordinates": [ 113.524, 28.198 ] } },
{ "type": "Feature", "properties": { "pt_id": " 19104", "trajectory_id": 19, "北京时间": "2026-05-13 22:00", "lon": 113.486, "lat": 28.057, "height": 626.0 }, "geometry": { "type": "Point", "coordinates": [ 113.486, 28.057 ] } },
{ "type": "Feature", "properties": { "pt_id": " 19105", "trajectory_id": 19, "北京时间": "2026-05-13 21:00", "lon": 113.437, "lat": 27.921, "height": 701.0 }, "geometry": { "type": "Point", "coordinates": [ 113.437, 27.921 ] } },
{ "type": "Feature", "properties": { "pt_id": " 19106", "trajectory_id": 19, "北京时间": "2026-05-13 20:00", "lon": 113.397, "lat": 27.798, "height": 791.0 }, "geometry": { "type": "Point", "coordinates": [ 113.397, 27.798 ] } },
{ "type": "Feature", "properties": { "pt_id": " 19107", "trajectory_id": 19, "北京时间": "2026-05-13 19:00", "lon": 113.354, "lat": 27.691, "height": 861.0 }, "geometry": { "type": "Point", "coordinates": [ 113.354, 27.691 ] } },
{ "type": "Feature", "properties": { "pt_id": " 19108", "trajectory_id": 19, "北京时间": "2026-05-13 18:00", "lon": 113.293, "lat": 27.604, "height": 912.0 }, "geometry": { "type": "Point", "coordinates": [ 113.293, 27.604 ] } },
{ "type": "Feature", "properties": { "pt_id": " 19109", "trajectory_id": 19, "北京时间": "2026-05-13 17:00", "lon": 113.231, "lat": 27.541, "height": 968.0 }, "geometry": { "type": "Point", "coordinates": [ 113.231, 27.541 ] } },
{ "type": "Feature", "properties": { "pt_id": " 19110", "trajectory_id": 19, "北京时间": "2026-05-13 16:00", "lon": 113.157, "lat": 27.493, "height": 1014.0 }, "geometry": { "type": "Point", "coordinates": [ 113.157, 27.493 ] } },
{ "type": "Feature", "properties": { "pt_id": " 19111", "trajectory_id": 19, "北京时间": "2026-05-13 15:00", "lon": 113.056, "lat": 27.452, "height": 1035.0 }, "geometry": { "type": "Point", "coordinates": [ 113.056, 27.452 ] } },
{ "type": "Feature", "properties": { "pt_id": " 19112", "trajectory_id": 19, "北京时间": "2026-05-13 14:00", "lon": 112.938, "lat": 27.409, "height": 1050.0 }, "geometry": { "type": "Point", "coordinates": [ 112.938, 27.409 ] } },
{ "type": "Feature", "properties": { "pt_id": " 19113", "trajectory_id": 19, "北京时间": "2026-05-13 13:00", "lon": 112.806, "lat": 27.374, "height": 1080.0 }, "geometry": { "type": "Point", "coordinates": [ 112.806, 27.374 ] } },
{ "type": "Feature", "properties": { "pt_id": " 19114", "trajectory_id": 19, "北京时间": "2026-05-13 12:00", "lon": 112.66, "lat": 27.356, "height": 1116.0 }, "geometry": { "type": "Point", "coordinates": [ 112.66, 27.356 ] } },
{ "type": "Feature", "properties": { "pt_id": " 19115", "trajectory_id": 19, "北京时间": "2026-05-13 11:00", "lon": 112.511, "lat": 27.347, "height": 1130.0 }, "geometry": { "type": "Point", "coordinates": [ 112.511, 27.347 ] } },
{ "type": "Feature", "properties": { "pt_id": " 19116", "trajectory_id": 19, "北京时间": "2026-05-13 10:00", "lon": 112.362, "lat": 27.344, "height": 1139.0 }, "geometry": { "type": "Point", "coordinates": [ 112.362, 27.344 ] } },
{ "type": "Feature", "properties": { "pt_id": " 19117", "trajectory_id": 19, "北京时间": "2026-05-13 09:00", "lon": 112.217, "lat": 27.346, "height": 1155.0 }, "geometry": { "type": "Point", "coordinates": [ 112.217, 27.346 ] } },
{ "type": "Feature", "properties": { "pt_id": " 19118", "trajectory_id": 19, "北京时间": "2026-05-13 08:00", "lon": 112.083, "lat": 27.351, "height": 1182.0 }, "geometry": { "type": "Point", "coordinates": [ 112.083, 27.351 ] } },
{ "type": "Feature", "properties": { "pt_id": " 19119", "trajectory_id": 19, "北京时间": "2026-05-13 07:00", "lon": 111.962, "lat": 27.362, "height": 1222.0 }, "geometry": { "type": "Point", "coordinates": [ 111.962, 27.362 ] } },
{ "type": "Feature", "properties": { "pt_id": " 19120", "trajectory_id": 19, "北京时间": "2026-05-13 06:00", "lon": 111.844, "lat": 27.381, "height": 1251.0 }, "geometry": { "type": "Point", "coordinates": [ 111.844, 27.381 ] } },
{ "type": "Feature", "properties": { "pt_id": " 20000", "trajectory_id": 20, "北京时间": "2026-05-15 06:00", "lon": 113.942, "lat": 30.907, "height": 10.0 }, "geometry": { "type": "Point", "coordinates": [ 113.942, 30.907 ] } },
{ "type": "Feature", "properties": { "pt_id": " 20077", "trajectory_id": 20, "北京时间": "2026-05-15 05:00", "lon": 113.964, "lat": 30.842, "height": 5.0 }, "geometry": { "type": "Point", "coordinates": [ 113.964, 30.842 ] } },
{ "type": "Feature", "properties": { "pt_id": " 20078", "trajectory_id": 20, "北京时间": "2026-05-15 04:00", "lon": 113.963, "lat": 30.762, "height": 2.0 }, "geometry": { "type": "Point", "coordinates": [ 113.963, 30.762 ] } },
{ "type": "Feature", "properties": { "pt_id": " 20079", "trajectory_id": 20, "北京时间": "2026-05-15 03:00", "lon": 113.943, "lat": 30.67, "height": 2.0 }, "geometry": { "type": "Point", "coordinates": [ 113.943, 30.67 ] } },
{ "type": "Feature", "properties": { "pt_id": " 20080", "trajectory_id": 20, "北京时间": "2026-05-15 02:00", "lon": 113.912, "lat": 30.57, "height": 2.0 }, "geometry": { "type": "Point", "coordinates": [ 113.912, 30.57 ] } },
{ "type": "Feature", "properties": { "pt_id": " 20081", "trajectory_id": 20, "北京时间": "2026-05-15 01:00", "lon": 113.872, "lat": 30.454, "height": 2.0 }, "geometry": { "type": "Point", "coordinates": [ 113.872, 30.454 ] } },
{ "type": "Feature", "properties": { "pt_id": " 20082", "trajectory_id": 20, "北京时间": "2026-05-15 00:00", "lon": 113.816, "lat": 30.324, "height": 4.0 }, "geometry": { "type": "Point", "coordinates": [ 113.816, 30.324 ] } },
{ "type": "Feature", "properties": { "pt_id": " 20083", "trajectory_id": 20, "北京时间": "2026-05-14 23:00", "lon": 113.744, "lat": 30.192, "height": 7.0 }, "geometry": { "type": "Point", "coordinates": [ 113.744, 30.192 ] } },
{ "type": "Feature", "properties": { "pt_id": " 20084", "trajectory_id": 20, "北京时间": "2026-05-14 22:00", "lon": 113.672, "lat": 30.066, "height": 12.0 }, "geometry": { "type": "Point", "coordinates": [ 113.672, 30.066 ] } },
{ "type": "Feature", "properties": { "pt_id": " 20085", "trajectory_id": 20, "北京时间": "2026-05-14 21:00", "lon": 113.605, "lat": 29.94, "height": 14.0 }, "geometry": { "type": "Point", "coordinates": [ 113.605, 29.94 ] } },
{ "type": "Feature", "properties": { "pt_id": " 20086", "trajectory_id": 20, "北京时间": "2026-05-14 20:00", "lon": 113.538, "lat": 29.806, "height": 18.0 }, "geometry": { "type": "Point", "coordinates": [ 113.538, 29.806 ] } },
{ "type": "Feature", "properties": { "pt_id": " 20087", "trajectory_id": 20, "北京时间": "2026-05-14 19:00", "lon": 113.466, "lat": 29.659, "height": 36.0 }, "geometry": { "type": "Point", "coordinates": [ 113.466, 29.659 ] } },
{ "type": "Feature", "properties": { "pt_id": " 20088", "trajectory_id": 20, "北京时间": "2026-05-14 18:00", "lon": 113.4, "lat": 29.507, "height": 80.0 }, "geometry": { "type": "Point", "coordinates": [ 113.4, 29.507 ] } },
{ "type": "Feature", "properties": { "pt_id": " 20089", "trajectory_id": 20, "北京时间": "2026-05-14 17:00", "lon": 113.353, "lat": 29.35, "height": 119.0 }, "geometry": { "type": "Point", "coordinates": [ 113.353, 29.35 ] } },
{ "type": "Feature", "properties": { "pt_id": " 20090", "trajectory_id": 20, "北京时间": "2026-05-14 16:00", "lon": 113.33, "lat": 29.189, "height": 139.0 }, "geometry": { "type": "Point", "coordinates": [ 113.33, 29.189 ] } },
{ "type": "Feature", "properties": { "pt_id": " 20091", "trajectory_id": 20, "北京时间": "2026-05-14 15:00", "lon": 113.334, "lat": 29.03, "height": 171.0 }, "geometry": { "type": "Point", "coordinates": [ 113.334, 29.03 ] } },
{ "type": "Feature", "properties": { "pt_id": " 20092", "trajectory_id": 20, "北京时间": "2026-05-14 14:00", "lon": 113.352, "lat": 28.865, "height": 210.0 }, "geometry": { "type": "Point", "coordinates": [ 113.352, 28.865 ] } },
{ "type": "Feature", "properties": { "pt_id": " 20093", "trajectory_id": 20, "北京时间": "2026-05-14 13:00", "lon": 113.367, "lat": 28.696, "height": 237.0 }, "geometry": { "type": "Point", "coordinates": [ 113.367, 28.696 ] } },
{ "type": "Feature", "properties": { "pt_id": " 20094", "trajectory_id": 20, "北京时间": "2026-05-14 12:00", "lon": 113.375, "lat": 28.54, "height": 269.0 }, "geometry": { "type": "Point", "coordinates": [ 113.375, 28.54 ] } },
{ "type": "Feature", "properties": { "pt_id": " 20095", "trajectory_id": 20, "北京时间": "2026-05-14 11:00", "lon": 113.374, "lat": 28.391, "height": 300.0 }, "geometry": { "type": "Point", "coordinates": [ 113.374, 28.391 ] } },
{ "type": "Feature", "properties": { "pt_id": " 20096", "trajectory_id": 20, "北京时间": "2026-05-14 10:00", "lon": 113.373, "lat": 28.248, "height": 304.0 }, "geometry": { "type": "Point", "coordinates": [ 113.373, 28.248 ] } },
{ "type": "Feature", "properties": { "pt_id": " 20097", "trajectory_id": 20, "北京时间": "2026-05-14 09:00", "lon": 113.372, "lat": 28.11, "height": 310.0 }, "geometry": { "type": "Point", "coordinates": [ 113.372, 28.11 ] } },
{ "type": "Feature", "properties": { "pt_id": " 20098", "trajectory_id": 20, "北京时间": "2026-05-14 08:00", "lon": 113.354, "lat": 27.975, "height": 335.0 }, "geometry": { "type": "Point", "coordinates": [ 113.354, 27.975 ] } },
{ "type": "Feature", "properties": { "pt_id": " 20099", "trajectory_id": 20, "北京时间": "2026-05-14 07:00", "lon": 113.317, "lat": 27.844, "height": 348.0 }, "geometry": { "type": "Point", "coordinates": [ 113.317, 27.844 ] } },
{ "type": "Feature", "properties": { "pt_id": " 20100", "trajectory_id": 20, "北京时间": "2026-05-14 06:00", "lon": 113.276, "lat": 27.715, "height": 340.0 }, "geometry": { "type": "Point", "coordinates": [ 113.276, 27.715 ] } },
{ "type": "Feature", "properties": { "pt_id": " 20101", "trajectory_id": 20, "北京时间": "2026-05-14 05:00", "lon": 113.23, "lat": 27.589, "height": 345.0 }, "geometry": { "type": "Point", "coordinates": [ 113.23, 27.589 ] } },
{ "type": "Feature", "properties": { "pt_id": " 20102", "trajectory_id": 20, "北京时间": "2026-05-14 04:00", "lon": 113.161, "lat": 27.459, "height": 370.0 }, "geometry": { "type": "Point", "coordinates": [ 113.161, 27.459 ] } },
{ "type": "Feature", "properties": { "pt_id": " 20103", "trajectory_id": 20, "北京时间": "2026-05-14 03:00", "lon": 113.062, "lat": 27.308, "height": 380.0 }, "geometry": { "type": "Point", "coordinates": [ 113.062, 27.308 ] } },
{ "type": "Feature", "properties": { "pt_id": " 20104", "trajectory_id": 20, "北京时间": "2026-05-14 02:00", "lon": 112.956, "lat": 27.151, "height": 382.0 }, "geometry": { "type": "Point", "coordinates": [ 112.956, 27.151 ] } },
{ "type": "Feature", "properties": { "pt_id": " 20105", "trajectory_id": 20, "北京时间": "2026-05-14 01:00", "lon": 112.856, "lat": 27.023, "height": 410.0 }, "geometry": { "type": "Point", "coordinates": [ 112.856, 27.023 ] } },
{ "type": "Feature", "properties": { "pt_id": " 20106", "trajectory_id": 20, "北京时间": "2026-05-14 00:00", "lon": 112.758, "lat": 26.924, "height": 460.0 }, "geometry": { "type": "Point", "coordinates": [ 112.758, 26.924 ] } },
{ "type": "Feature", "properties": { "pt_id": " 20107", "trajectory_id": 20, "北京时间": "2026-05-13 23:00", "lon": 112.668, "lat": 26.844, "height": 524.0 }, "geometry": { "type": "Point", "coordinates": [ 112.668, 26.844 ] } },
{ "type": "Feature", "properties": { "pt_id": " 20108", "trajectory_id": 20, "北京时间": "2026-05-13 22:00", "lon": 112.576, "lat": 26.778, "height": 597.0 }, "geometry": { "type": "Point", "coordinates": [ 112.576, 26.778 ] } },
{ "type": "Feature", "properties": { "pt_id": " 20109", "trajectory_id": 20, "北京时间": "2026-05-13 21:00", "lon": 112.466, "lat": 26.73, "height": 686.0 }, "geometry": { "type": "Point", "coordinates": [ 112.466, 26.73 ] } },
{ "type": "Feature", "properties": { "pt_id": " 20110", "trajectory_id": 20, "北京时间": "2026-05-13 20:00", "lon": 112.333, "lat": 26.681, "height": 767.0 }, "geometry": { "type": "Point", "coordinates": [ 112.333, 26.681 ] } },
{ "type": "Feature", "properties": { "pt_id": " 20111", "trajectory_id": 20, "北京时间": "2026-05-13 19:00", "lon": 112.199, "lat": 26.625, "height": 832.0 }, "geometry": { "type": "Point", "coordinates": [ 112.199, 26.625 ] } },
{ "type": "Feature", "properties": { "pt_id": " 20112", "trajectory_id": 20, "北京时间": "2026-05-13 18:00", "lon": 112.055, "lat": 26.564, "height": 909.0 }, "geometry": { "type": "Point", "coordinates": [ 112.055, 26.564 ] } },
{ "type": "Feature", "properties": { "pt_id": " 20113", "trajectory_id": 20, "北京时间": "2026-05-13 17:00", "lon": 111.907, "lat": 26.506, "height": 1011.0 }, "geometry": { "type": "Point", "coordinates": [ 111.907, 26.506 ] } },
{ "type": "Feature", "properties": { "pt_id": " 20114", "trajectory_id": 20, "北京时间": "2026-05-13 16:00", "lon": 111.773, "lat": 26.466, "height": 1118.0 }, "geometry": { "type": "Point", "coordinates": [ 111.773, 26.466 ] } },
{ "type": "Feature", "properties": { "pt_id": " 20115", "trajectory_id": 20, "北京时间": "2026-05-13 15:00", "lon": 111.641, "lat": 26.455, "height": 1220.0 }, "geometry": { "type": "Point", "coordinates": [ 111.641, 26.455 ] } },
{ "type": "Feature", "properties": { "pt_id": " 20116", "trajectory_id": 20, "北京时间": "2026-05-13 14:00", "lon": 111.487, "lat": 26.47, "height": 1321.0 }, "geometry": { "type": "Point", "coordinates": [ 111.487, 26.47 ] } },
{ "type": "Feature", "properties": { "pt_id": " 20117", "trajectory_id": 20, "北京时间": "2026-05-13 13:00", "lon": 111.294, "lat": 26.489, "height": 1411.0 }, "geometry": { "type": "Point", "coordinates": [ 111.294, 26.489 ] } },
{ "type": "Feature", "properties": { "pt_id": " 20118", "trajectory_id": 20, "北京时间": "2026-05-13 12:00", "lon": 111.045, "lat": 26.502, "height": 1479.0 }, "geometry": { "type": "Point", "coordinates": [ 111.045, 26.502 ] } },
{ "type": "Feature", "properties": { "pt_id": " 20119", "trajectory_id": 20, "北京时间": "2026-05-13 11:00", "lon": 110.757, "lat": 26.516, "height": 1509.0 }, "geometry": { "type": "Point", "coordinates": [ 110.757, 26.516 ] } },
{ "type": "Feature", "properties": { "pt_id": " 20120", "trajectory_id": 20, "北京时间": "2026-05-13 10:00", "lon": 110.45, "lat": 26.537, "height": 1470.0 }, "geometry": { "type": "Point", "coordinates": [ 110.45, 26.537 ] } },
{ "type": "Feature", "properties": { "pt_id": " 20121", "trajectory_id": 20, "北京时间": "2026-05-13 09:00", "lon": 110.173, "lat": 26.553, "height": 1478.0 }, "geometry": { "type": "Point", "coordinates": [ 110.173, 26.553 ] } },
{ "type": "Feature", "properties": { "pt_id": " 20122", "trajectory_id": 20, "北京时间": "2026-05-13 08:00", "lon": 109.935, "lat": 26.573, "height": 1483.0 }, "geometry": { "type": "Point", "coordinates": [ 109.935, 26.573 ] } },
{ "type": "Feature", "properties": { "pt_id": " 20123", "trajectory_id": 20, "北京时间": "2026-05-13 07:00", "lon": 109.723, "lat": 26.603, "height": 1499.0 }, "geometry": { "type": "Point", "coordinates": [ 109.723, 26.603 ] } },
{ "type": "Feature", "properties": { "pt_id": " 20124", "trajectory_id": 20, "北京时间": "2026-05-13 06:00", "lon": 109.527, "lat": 26.641, "height": 1493.0 }, "geometry": { "type": "Point", "coordinates": [ 109.527, 26.641 ] } }
]
}
