{
"type": "FeatureCollection",
"name": "东城轨迹和高度",
"crs": { "type": "name", "properties": { "name": "urn:ogc:def:crs:OGC:1.3:CRS84" } },
"features": [
{ "type": "Feature", "properties": { "pt_id": "  1000", "trajectory_id": 1, "北京时间": "2026-05-16 06:00", "lon": 113.942, "lat": 30.907, "height": 10.0 }, "geometry": { "type": "Point", "coordinates": [ 113.942, 30.907 ] } },
{ "type": "Feature", "properties": { "pt_id": "  1001", "trajectory_id": 1, "北京时间": "2026-05-16 05:00", "lon": 114.169, "lat": 30.835, "height": 10.0 }, "geometry": { "type": "Point", "coordinates": [ 114.169, 30.835 ] } },
{ "type": "Feature", "properties": { "pt_id": "  1002", "trajectory_id": 1, "北京时间": "2026-05-16 04:00", "lon": 114.385, "lat": 30.772, "height": 10.0 }, "geometry": { "type": "Point", "coordinates": [ 114.385, 30.772 ] } },
{ "type": "Feature", "properties": { "pt_id": "  1003", "trajectory_id": 1, "北京时间": "2026-05-16 03:00", "lon": 114.587, "lat": 30.707, "height": 11.0 }, "geometry": { "type": "Point", "coordinates": [ 114.587, 30.707 ] } },
{ "type": "Feature", "properties": { "pt_id": "  1004", "trajectory_id": 1, "北京时间": "2026-05-16 02:00", "lon": 114.767, "lat": 30.647, "height": 13.0 }, "geometry": { "type": "Point", "coordinates": [ 114.767, 30.647 ] } },
{ "type": "Feature", "properties": { "pt_id": "  1005", "trajectory_id": 1, "北京时间": "2026-05-16 01:00", "lon": 114.929, "lat": 30.592, "height": 23.0 }, "geometry": { "type": "Point", "coordinates": [ 114.929, 30.592 ] } },
{ "type": "Feature", "properties": { "pt_id": "  1006", "trajectory_id": 1, "北京时间": "2026-05-16 00:00", "lon": 115.079, "lat": 30.539, "height": 35.0 }, "geometry": { "type": "Point", "coordinates": [ 115.079, 30.539 ] } },
{ "type": "Feature", "properties": { "pt_id": "  1007", "trajectory_id": 1, "北京时间": "2026-05-15 23:00", "lon": 115.216, "lat": 30.485, "height": 46.0 }, "geometry": { "type": "Point", "coordinates": [ 115.216, 30.485 ] } },
{ "type": "Feature", "properties": { "pt_id": "  1008", "trajectory_id": 1, "北京时间": "2026-05-15 22:00", "lon": 115.356, "lat": 30.428, "height": 69.0 }, "geometry": { "type": "Point", "coordinates": [ 115.356, 30.428 ] } },
{ "type": "Feature", "properties": { "pt_id": "  1009", "trajectory_id": 1, "北京时间": "2026-05-15 21:00", "lon": 115.505, "lat": 30.376, "height": 121.0 }, "geometry": { "type": "Point", "coordinates": [ 115.505, 30.376 ] } },
{ "type": "Feature", "properties": { "pt_id": "  1010", "trajectory_id": 1, "北京时间": "2026-05-15 20:00", "lon": 115.68, "lat": 30.333, "height": 203.0 }, "geometry": { "type": "Point", "coordinates": [ 115.68, 30.333 ] } },
{ "type": "Feature", "properties": { "pt_id": "  1011", "trajectory_id": 1, "北京时间": "2026-05-15 19:00", "lon": 115.888, "lat": 30.305, "height": 287.0 }, "geometry": { "type": "Point", "coordinates": [ 115.888, 30.305 ] } },
{ "type": "Feature", "properties": { "pt_id": "  1012", "trajectory_id": 1, "北京时间": "2026-05-15 18:00", "lon": 116.103, "lat": 30.307, "height": 248.0 }, "geometry": { "type": "Point", "coordinates": [ 116.103, 30.307 ] } },
{ "type": "Feature", "properties": { "pt_id": "  1013", "trajectory_id": 1, "北京时间": "2026-05-15 17:00", "lon": 116.31, "lat": 30.334, "height": 201.0 }, "geometry": { "type": "Point", "coordinates": [ 116.31, 30.334 ] } },
{ "type": "Feature", "properties": { "pt_id": "  1014", "trajectory_id": 1, "北京时间": "2026-05-15 16:00", "lon": 116.513, "lat": 30.389, "height": 160.0 }, "geometry": { "type": "Point", "coordinates": [ 116.513, 30.389 ] } },
{ "type": "Feature", "properties": { "pt_id": "  1015", "trajectory_id": 1, "北京时间": "2026-05-15 15:00", "lon": 116.706, "lat": 30.45, "height": 124.0 }, "geometry": { "type": "Point", "coordinates": [ 116.706, 30.45 ] } },
{ "type": "Feature", "properties": { "pt_id": "  1016", "trajectory_id": 1, "北京时间": "2026-05-15 14:00", "lon": 116.884, "lat": 30.489, "height": 118.0 }, "geometry": { "type": "Point", "coordinates": [ 116.884, 30.489 ] } },
{ "type": "Feature", "properties": { "pt_id": "  1017", "trajectory_id": 1, "北京时间": "2026-05-15 13:00", "lon": 117.058, "lat": 30.506, "height": 105.0 }, "geometry": { "type": "Point", "coordinates": [ 117.058, 30.506 ] } },
{ "type": "Feature", "properties": { "pt_id": "  1018", "trajectory_id": 1, "北京时间": "2026-05-15 12:00", "lon": 117.203, "lat": 30.526, "height": 107.0 }, "geometry": { "type": "Point", "coordinates": [ 117.203, 30.526 ] } },
{ "type": "Feature", "properties": { "pt_id": "  1019", "trajectory_id": 1, "北京时间": "2026-05-15 11:00", "lon": 117.32, "lat": 30.546, "height": 120.0 }, "geometry": { "type": "Point", "coordinates": [ 117.32, 30.546 ] } },
{ "type": "Feature", "properties": { "pt_id": "  1020", "trajectory_id": 1, "北京时间": "2026-05-15 10:00", "lon": 117.421, "lat": 30.561, "height": 137.0 }, "geometry": { "type": "Point", "coordinates": [ 117.421, 30.561 ] } },
{ "type": "Feature", "properties": { "pt_id": "  1021", "trajectory_id": 1, "北京时间": "2026-05-15 09:00", "lon": 117.523, "lat": 30.566, "height": 166.0 }, "geometry": { "type": "Point", "coordinates": [ 117.523, 30.566 ] } },
{ "type": "Feature", "properties": { "pt_id": "  1022", "trajectory_id": 1, "北京时间": "2026-05-15 08:00", "lon": 117.624, "lat": 30.551, "height": 196.0 }, "geometry": { "type": "Point", "coordinates": [ 117.624, 30.551 ] } },
{ "type": "Feature", "properties": { "pt_id": "  1023", "trajectory_id": 1, "北京时间": "2026-05-15 07:00", "lon": 117.712, "lat": 30.52, "height": 225.0 }, "geometry": { "type": "Point", "coordinates": [ 117.712, 30.52 ] } },
{ "type": "Feature", "properties": { "pt_id": "  1024", "trajectory_id": 1, "北京时间": "2026-05-15 06:00", "lon": 117.784, "lat": 30.485, "height": 244.0 }, "geometry": { "type": "Point", "coordinates": [ 117.784, 30.485 ] } },
{ "type": "Feature", "properties": { "pt_id": "  1025", "trajectory_id": 1, "北京时间": "2026-05-15 05:00", "lon": 117.856, "lat": 30.457, "height": 252.0 }, "geometry": { "type": "Point", "coordinates": [ 117.856, 30.457 ] } },
{ "type": "Feature", "properties": { "pt_id": "  1026", "trajectory_id": 1, "北京时间": "2026-05-15 04:00", "lon": 117.93, "lat": 30.429, "height": 250.0 }, "geometry": { "type": "Point", "coordinates": [ 117.93, 30.429 ] } },
{ "type": "Feature", "properties": { "pt_id": "  1027", "trajectory_id": 1, "北京时间": "2026-05-15 03:00", "lon": 118.002, "lat": 30.385, "height": 239.0 }, "geometry": { "type": "Point", "coordinates": [ 118.002, 30.385 ] } },
{ "type": "Feature", "properties": { "pt_id": "  1028", "trajectory_id": 1, "北京时间": "2026-05-15 02:00", "lon": 118.073, "lat": 30.32, "height": 244.0 }, "geometry": { "type": "Point", "coordinates": [ 118.073, 30.32 ] } },
{ "type": "Feature", "properties": { "pt_id": "  1029", "trajectory_id": 1, "北京时间": "2026-05-15 01:00", "lon": 118.154, "lat": 30.227, "height": 301.0 }, "geometry": { "type": "Point", "coordinates": [ 118.154, 30.227 ] } },
{ "type": "Feature", "properties": { "pt_id": "  1030", "trajectory_id": 1, "北京时间": "2026-05-15 00:00", "lon": 118.309, "lat": 30.108, "height": 430.0 }, "geometry": { "type": "Point", "coordinates": [ 118.309, 30.108 ] } },
{ "type": "Feature", "properties": { "pt_id": "  1031", "trajectory_id": 1, "北京时间": "2026-05-14 23:00", "lon": 118.57, "lat": 29.973, "height": 416.0 }, "geometry": { "type": "Point", "coordinates": [ 118.57, 29.973 ] } },
{ "type": "Feature", "properties": { "pt_id": "  1032", "trajectory_id": 1, "北京时间": "2026-05-14 22:00", "lon": 118.884, "lat": 29.873, "height": 510.0 }, "geometry": { "type": "Point", "coordinates": [ 118.884, 29.873 ] } },
{ "type": "Feature", "properties": { "pt_id": "  1033", "trajectory_id": 1, "北京时间": "2026-05-14 21:00", "lon": 119.184, "lat": 29.794, "height": 557.0 }, "geometry": { "type": "Point", "coordinates": [ 119.184, 29.794 ] } },
{ "type": "Feature", "properties": { "pt_id": "  1034", "trajectory_id": 1, "北京时间": "2026-05-14 20:00", "lon": 119.497, "lat": 29.684, "height": 515.0 }, "geometry": { "type": "Point", "coordinates": [ 119.497, 29.684 ] } },
{ "type": "Feature", "properties": { "pt_id": "  1035", "trajectory_id": 1, "北京时间": "2026-05-14 19:00", "lon": 119.806, "lat": 29.583, "height": 467.0 }, "geometry": { "type": "Point", "coordinates": [ 119.806, 29.583 ] } },
{ "type": "Feature", "properties": { "pt_id": "  1036", "trajectory_id": 1, "北京时间": "2026-05-14 18:00", "lon": 120.161, "lat": 29.498, "height": 466.0 }, "geometry": { "type": "Point", "coordinates": [ 120.161, 29.498 ] } },
{ "type": "Feature", "properties": { "pt_id": "  1037", "trajectory_id": 1, "北京时间": "2026-05-14 17:00", "lon": 120.585, "lat": 29.371, "height": 660.0 }, "geometry": { "type": "Point", "coordinates": [ 120.585, 29.371 ] } },
{ "type": "Feature", "properties": { "pt_id": "  1038", "trajectory_id": 1, "北京时间": "2026-05-14 16:00", "lon": 121.005, "lat": 29.178, "height": 899.0 }, "geometry": { "type": "Point", "coordinates": [ 121.005, 29.178 ] } },
{ "type": "Feature", "properties": { "pt_id": "  1039", "trajectory_id": 1, "北京时间": "2026-05-14 15:00", "lon": 121.354, "lat": 29.003, "height": 948.0 }, "geometry": { "type": "Point", "coordinates": [ 121.354, 29.003 ] } },
{ "type": "Feature", "properties": { "pt_id": "  1040", "trajectory_id": 1, "北京时间": "2026-05-14 14:00", "lon": 121.644, "lat": 28.828, "height": 1193.0 }, "geometry": { "type": "Point", "coordinates": [ 121.644, 28.828 ] } },
{ "type": "Feature", "properties": { "pt_id": "  1041", "trajectory_id": 1, "北京时间": "2026-05-14 13:00", "lon": 121.912, "lat": 28.648, "height": 1288.0 }, "geometry": { "type": "Point", "coordinates": [ 121.912, 28.648 ] } },
{ "type": "Feature", "properties": { "pt_id": "  1042", "trajectory_id": 1, "北京时间": "2026-05-14 12:00", "lon": 122.197, "lat": 28.473, "height": 1296.0 }, "geometry": { "type": "Point", "coordinates": [ 122.197, 28.473 ] } },
{ "type": "Feature", "properties": { "pt_id": "  1043", "trajectory_id": 1, "北京时间": "2026-05-14 11:00", "lon": 122.48, "lat": 28.316, "height": 1390.0 }, "geometry": { "type": "Point", "coordinates": [ 122.48, 28.316 ] } },
{ "type": "Feature", "properties": { "pt_id": "  1044", "trajectory_id": 1, "北京时间": "2026-05-14 10:00", "lon": 122.724, "lat": 28.186, "height": 1503.0 }, "geometry": { "type": "Point", "coordinates": [ 122.724, 28.186 ] } },
{ "type": "Feature", "properties": { "pt_id": "  1045", "trajectory_id": 1, "北京时间": "2026-05-14 09:00", "lon": 122.932, "lat": 28.075, "height": 1551.0 }, "geometry": { "type": "Point", "coordinates": [ 122.932, 28.075 ] } },
{ "type": "Feature", "properties": { "pt_id": "  1046", "trajectory_id": 1, "北京时间": "2026-05-14 08:00", "lon": 123.102, "lat": 27.962, "height": 1495.0 }, "geometry": { "type": "Point", "coordinates": [ 123.102, 27.962 ] } },
{ "type": "Feature", "properties": { "pt_id": "  1047", "trajectory_id": 1, "北京时间": "2026-05-14 07:00", "lon": 123.247, "lat": 27.845, "height": 1411.0 }, "geometry": { "type": "Point", "coordinates": [ 123.247, 27.845 ] } },
{ "type": "Feature", "properties": { "pt_id": "  1048", "trajectory_id": 1, "北京时间": "2026-05-14 06:00", "lon": 123.356, "lat": 27.729, "height": 1388.0 }, "geometry": { "type": "Point", "coordinates": [ 123.356, 27.729 ] } },
{ "type": "Feature", "properties": { "pt_id": "  2000", "trajectory_id": 2, "北京时间": "2026-05-16 06:00", "lon": 113.942, "lat": 30.907, "height": 10.0 }, "geometry": { "type": "Point", "coordinates": [ 113.942, 30.907 ] } },
{ "type": "Feature", "properties": { "pt_id": "  2005", "trajectory_id": 2, "北京时间": "2026-05-16 05:00", "lon": 114.106, "lat": 30.896, "height": 13.0 }, "geometry": { "type": "Point", "coordinates": [ 114.106, 30.896 ] } },
{ "type": "Feature", "properties": { "pt_id": "  2006", "trajectory_id": 2, "北京时间": "2026-05-16 04:00", "lon": 114.262, "lat": 30.874, "height": 21.0 }, "geometry": { "type": "Point", "coordinates": [ 114.262, 30.874 ] } },
{ "type": "Feature", "properties": { "pt_id": "  2007", "trajectory_id": 2, "北京时间": "2026-05-16 03:00", "lon": 114.402, "lat": 30.843, "height": 28.0 }, "geometry": { "type": "Point", "coordinates": [ 114.402, 30.843 ] } },
{ "type": "Feature", "properties": { "pt_id": "  2008", "trajectory_id": 2, "北京时间": "2026-05-16 02:00", "lon": 114.523, "lat": 30.794, "height": 29.0 }, "geometry": { "type": "Point", "coordinates": [ 114.523, 30.794 ] } },
{ "type": "Feature", "properties": { "pt_id": "  2009", "trajectory_id": 2, "北京时间": "2026-05-16 01:00", "lon": 114.647, "lat": 30.721, "height": 29.0 }, "geometry": { "type": "Point", "coordinates": [ 114.647, 30.721 ] } },
{ "type": "Feature", "properties": { "pt_id": "  2010", "trajectory_id": 2, "北京时间": "2026-05-16 00:00", "lon": 114.795, "lat": 30.626, "height": 34.0 }, "geometry": { "type": "Point", "coordinates": [ 114.795, 30.626 ] } },
{ "type": "Feature", "properties": { "pt_id": "  2011", "trajectory_id": 2, "北京时间": "2026-05-15 23:00", "lon": 114.964, "lat": 30.513, "height": 44.0 }, "geometry": { "type": "Point", "coordinates": [ 114.964, 30.513 ] } },
{ "type": "Feature", "properties": { "pt_id": "  2012", "trajectory_id": 2, "北京时间": "2026-05-15 22:00", "lon": 115.15, "lat": 30.385, "height": 61.0 }, "geometry": { "type": "Point", "coordinates": [ 115.15, 30.385 ] } },
{ "type": "Feature", "properties": { "pt_id": "  2013", "trajectory_id": 2, "北京时间": "2026-05-15 21:00", "lon": 115.38, "lat": 30.249, "height": 79.0 }, "geometry": { "type": "Point", "coordinates": [ 115.38, 30.249 ] } },
{ "type": "Feature", "properties": { "pt_id": "  2014", "trajectory_id": 2, "北京时间": "2026-05-15 20:00", "lon": 115.63, "lat": 30.153, "height": 109.0 }, "geometry": { "type": "Point", "coordinates": [ 115.63, 30.153 ] } },
{ "type": "Feature", "properties": { "pt_id": "  2015", "trajectory_id": 2, "北京时间": "2026-05-15 19:00", "lon": 115.878, "lat": 30.124, "height": 160.0 }, "geometry": { "type": "Point", "coordinates": [ 115.878, 30.124 ] } },
{ "type": "Feature", "properties": { "pt_id": "  2016", "trajectory_id": 2, "北京时间": "2026-05-15 18:00", "lon": 116.095, "lat": 30.14, "height": 150.0 }, "geometry": { "type": "Point", "coordinates": [ 116.095, 30.14 ] } },
{ "type": "Feature", "properties": { "pt_id": "  2017", "trajectory_id": 2, "北京时间": "2026-05-15 17:00", "lon": 116.282, "lat": 30.172, "height": 139.0 }, "geometry": { "type": "Point", "coordinates": [ 116.282, 30.172 ] } },
{ "type": "Feature", "properties": { "pt_id": "  2018", "trajectory_id": 2, "北京时间": "2026-05-15 16:00", "lon": 116.454, "lat": 30.232, "height": 134.0 }, "geometry": { "type": "Point", "coordinates": [ 116.454, 30.232 ] } },
{ "type": "Feature", "properties": { "pt_id": "  2019", "trajectory_id": 2, "北京时间": "2026-05-15 15:00", "lon": 116.604, "lat": 30.32, "height": 155.0 }, "geometry": { "type": "Point", "coordinates": [ 116.604, 30.32 ] } },
{ "type": "Feature", "properties": { "pt_id": "  2020", "trajectory_id": 2, "北京时间": "2026-05-15 14:00", "lon": 116.742, "lat": 30.42, "height": 169.0 }, "geometry": { "type": "Point", "coordinates": [ 116.742, 30.42 ] } },
{ "type": "Feature", "properties": { "pt_id": "  2021", "trajectory_id": 2, "北京时间": "2026-05-15 13:00", "lon": 116.867, "lat": 30.531, "height": 179.0 }, "geometry": { "type": "Point", "coordinates": [ 116.867, 30.531 ] } },
{ "type": "Feature", "properties": { "pt_id": "  2022", "trajectory_id": 2, "北京时间": "2026-05-15 12:00", "lon": 116.992, "lat": 30.648, "height": 174.0 }, "geometry": { "type": "Point", "coordinates": [ 116.992, 30.648 ] } },
{ "type": "Feature", "properties": { "pt_id": "  2023", "trajectory_id": 2, "北京时间": "2026-05-15 11:00", "lon": 117.149, "lat": 30.747, "height": 146.0 }, "geometry": { "type": "Point", "coordinates": [ 117.149, 30.747 ] } },
{ "type": "Feature", "properties": { "pt_id": "  2024", "trajectory_id": 2, "北京时间": "2026-05-15 10:00", "lon": 117.364, "lat": 30.811, "height": 134.0 }, "geometry": { "type": "Point", "coordinates": [ 117.364, 30.811 ] } },
{ "type": "Feature", "properties": { "pt_id": "  2025", "trajectory_id": 2, "北京时间": "2026-05-15 09:00", "lon": 117.63, "lat": 30.854, "height": 143.0 }, "geometry": { "type": "Point", "coordinates": [ 117.63, 30.854 ] } },
{ "type": "Feature", "properties": { "pt_id": "  2026", "trajectory_id": 2, "北京时间": "2026-05-15 08:00", "lon": 117.915, "lat": 30.867, "height": 159.0 }, "geometry": { "type": "Point", "coordinates": [ 117.915, 30.867 ] } },
{ "type": "Feature", "properties": { "pt_id": "  2027", "trajectory_id": 2, "北京时间": "2026-05-15 07:00", "lon": 118.205, "lat": 30.853, "height": 189.0 }, "geometry": { "type": "Point", "coordinates": [ 118.205, 30.853 ] } },
{ "type": "Feature", "properties": { "pt_id": "  2028", "trajectory_id": 2, "北京时间": "2026-05-15 06:00", "lon": 118.464, "lat": 30.837, "height": 170.0 }, "geometry": { "type": "Point", "coordinates": [ 118.464, 30.837 ] } },
{ "type": "Feature", "properties": { "pt_id": "  2029", "trajectory_id": 2, "北京时间": "2026-05-15 05:00", "lon": 118.759, "lat": 30.766, "height": 218.0 }, "geometry": { "type": "Point", "coordinates": [ 118.759, 30.766 ] } },
{ "type": "Feature", "properties": { "pt_id": "  2030", "trajectory_id": 2, "北京时间": "2026-05-15 04:00", "lon": 119.021, "lat": 30.617, "height": 330.0 }, "geometry": { "type": "Point", "coordinates": [ 119.021, 30.617 ] } },
{ "type": "Feature", "properties": { "pt_id": "  2031", "trajectory_id": 2, "北京时间": "2026-05-15 03:00", "lon": 119.29, "lat": 30.376, "height": 490.0 }, "geometry": { "type": "Point", "coordinates": [ 119.29, 30.376 ] } },
{ "type": "Feature", "properties": { "pt_id": "  2032", "trajectory_id": 2, "北京时间": "2026-05-15 02:00", "lon": 119.601, "lat": 30.152, "height": 537.0 }, "geometry": { "type": "Point", "coordinates": [ 119.601, 30.152 ] } },
{ "type": "Feature", "properties": { "pt_id": "  2033", "trajectory_id": 2, "北京时间": "2026-05-15 01:00", "lon": 119.906, "lat": 29.989, "height": 504.0 }, "geometry": { "type": "Point", "coordinates": [ 119.906, 29.989 ] } },
{ "type": "Feature", "properties": { "pt_id": "  2034", "trajectory_id": 2, "北京时间": "2026-05-15 00:00", "lon": 120.241, "lat": 29.814, "height": 553.0 }, "geometry": { "type": "Point", "coordinates": [ 120.241, 29.814 ] } },
{ "type": "Feature", "properties": { "pt_id": "  2035", "trajectory_id": 2, "北京时间": "2026-05-14 23:00", "lon": 120.637, "lat": 29.606, "height": 763.0 }, "geometry": { "type": "Point", "coordinates": [ 120.637, 29.606 ] } },
{ "type": "Feature", "properties": { "pt_id": "  2036", "trajectory_id": 2, "北京时间": "2026-05-14 22:00", "lon": 121.038, "lat": 29.414, "height": 812.0 }, "geometry": { "type": "Point", "coordinates": [ 121.038, 29.414 ] } },
{ "type": "Feature", "properties": { "pt_id": "  2037", "trajectory_id": 2, "北京时间": "2026-05-14 21:00", "lon": 121.393, "lat": 29.266, "height": 767.0 }, "geometry": { "type": "Point", "coordinates": [ 121.393, 29.266 ] } },
{ "type": "Feature", "properties": { "pt_id": "  2038", "trajectory_id": 2, "北京时间": "2026-05-14 20:00", "lon": 121.6, "lat": 29.16, "height": 579.0 }, "geometry": { "type": "Point", "coordinates": [ 121.6, 29.16 ] } },
{ "type": "Feature", "properties": { "pt_id": "  2039", "trajectory_id": 2, "北京时间": "2026-05-14 19:00", "lon": 121.721, "lat": 29.009, "height": 543.0 }, "geometry": { "type": "Point", "coordinates": [ 121.721, 29.009 ] } },
{ "type": "Feature", "properties": { "pt_id": "  2040", "trajectory_id": 2, "北京时间": "2026-05-14 18:00", "lon": 121.833, "lat": 28.81, "height": 637.0 }, "geometry": { "type": "Point", "coordinates": [ 121.833, 28.81 ] } },
{ "type": "Feature", "properties": { "pt_id": "  2041", "trajectory_id": 2, "北京时间": "2026-05-14 17:00", "lon": 122.006, "lat": 28.584, "height": 584.0 }, "geometry": { "type": "Point", "coordinates": [ 122.006, 28.584 ] } },
{ "type": "Feature", "properties": { "pt_id": "  2042", "trajectory_id": 2, "北京时间": "2026-05-14 16:00", "lon": 122.174, "lat": 28.325, "height": 676.0 }, "geometry": { "type": "Point", "coordinates": [ 122.174, 28.325 ] } },
{ "type": "Feature", "properties": { "pt_id": "  2043", "trajectory_id": 2, "北京时间": "2026-05-14 15:00", "lon": 122.352, "lat": 28.078, "height": 736.0 }, "geometry": { "type": "Point", "coordinates": [ 122.352, 28.078 ] } },
{ "type": "Feature", "properties": { "pt_id": "  2044", "trajectory_id": 2, "北京时间": "2026-05-14 14:00", "lon": 122.539, "lat": 27.862, "height": 747.0 }, "geometry": { "type": "Point", "coordinates": [ 122.539, 27.862 ] } },
{ "type": "Feature", "properties": { "pt_id": "  2045", "trajectory_id": 2, "北京时间": "2026-05-14 13:00", "lon": 122.711, "lat": 27.663, "height": 728.0 }, "geometry": { "type": "Point", "coordinates": [ 122.711, 27.663 ] } },
{ "type": "Feature", "properties": { "pt_id": "  2046", "trajectory_id": 2, "北京时间": "2026-05-14 12:00", "lon": 122.867, "lat": 27.463, "height": 646.0 }, "geometry": { "type": "Point", "coordinates": [ 122.867, 27.463 ] } },
{ "type": "Feature", "properties": { "pt_id": "  2047", "trajectory_id": 2, "北京时间": "2026-05-14 11:00", "lon": 123.025, "lat": 27.271, "height": 575.0 }, "geometry": { "type": "Point", "coordinates": [ 123.025, 27.271 ] } },
{ "type": "Feature", "properties": { "pt_id": "  2048", "trajectory_id": 2, "北京时间": "2026-05-14 10:00", "lon": 123.177, "lat": 27.103, "height": 634.0 }, "geometry": { "type": "Point", "coordinates": [ 123.177, 27.103 ] } },
{ "type": "Feature", "properties": { "pt_id": "  2049", "trajectory_id": 2, "北京时间": "2026-05-14 09:00", "lon": 123.306, "lat": 26.969, "height": 896.0 }, "geometry": { "type": "Point", "coordinates": [ 123.306, 26.969 ] } },
{ "type": "Feature", "properties": { "pt_id": "  2050", "trajectory_id": 2, "北京时间": "2026-05-14 08:00", "lon": 123.42, "lat": 26.85, "height": 1171.0 }, "geometry": { "type": "Point", "coordinates": [ 123.42, 26.85 ] } },
{ "type": "Feature", "properties": { "pt_id": "  2051", "trajectory_id": 2, "北京时间": "2026-05-14 07:00", "lon": 123.51, "lat": 26.726, "height": 1367.0 }, "geometry": { "type": "Point", "coordinates": [ 123.51, 26.726 ] } },
{ "type": "Feature", "properties": { "pt_id": "  2052", "trajectory_id": 2, "北京时间": "2026-05-14 06:00", "lon": 123.577, "lat": 26.606, "height": 1519.0 }, "geometry": { "type": "Point", "coordinates": [ 123.577, 26.606 ] } },
{ "type": "Feature", "properties": { "pt_id": "  3000", "trajectory_id": 3, "北京时间": "2026-05-16 06:00", "lon": 113.942, "lat": 30.907, "height": 10.0 }, "geometry": { "type": "Point", "coordinates": [ 113.942, 30.907 ] } },
{ "type": "Feature", "properties": { "pt_id": "  3009", "trajectory_id": 3, "北京时间": "2026-05-16 05:00", "lon": 114.08, "lat": 30.885, "height": 13.0 }, "geometry": { "type": "Point", "coordinates": [ 114.08, 30.885 ] } },
{ "type": "Feature", "properties": { "pt_id": "  3010", "trajectory_id": 3, "北京时间": "2026-05-16 04:00", "lon": 114.217, "lat": 30.845, "height": 16.0 }, "geometry": { "type": "Point", "coordinates": [ 114.217, 30.845 ] } },
{ "type": "Feature", "properties": { "pt_id": "  3011", "trajectory_id": 3, "北京时间": "2026-05-16 03:00", "lon": 114.357, "lat": 30.784, "height": 18.0 }, "geometry": { "type": "Point", "coordinates": [ 114.357, 30.784 ] } },
{ "type": "Feature", "properties": { "pt_id": "  3012", "trajectory_id": 3, "北京时间": "2026-05-16 02:00", "lon": 114.51, "lat": 30.694, "height": 22.0 }, "geometry": { "type": "Point", "coordinates": [ 114.51, 30.694 ] } },
{ "type": "Feature", "properties": { "pt_id": "  3013", "trajectory_id": 3, "北京时间": "2026-05-16 01:00", "lon": 114.692, "lat": 30.575, "height": 30.0 }, "geometry": { "type": "Point", "coordinates": [ 114.692, 30.575 ] } },
{ "type": "Feature", "properties": { "pt_id": "  3014", "trajectory_id": 3, "北京时间": "2026-05-16 00:00", "lon": 114.898, "lat": 30.432, "height": 46.0 }, "geometry": { "type": "Point", "coordinates": [ 114.898, 30.432 ] } },
{ "type": "Feature", "properties": { "pt_id": "  3015", "trajectory_id": 3, "北京时间": "2026-05-15 23:00", "lon": 115.116, "lat": 30.28, "height": 84.0 }, "geometry": { "type": "Point", "coordinates": [ 115.116, 30.28 ] } },
{ "type": "Feature", "properties": { "pt_id": "  3016", "trajectory_id": 3, "北京时间": "2026-05-15 22:00", "lon": 115.343, "lat": 30.127, "height": 105.0 }, "geometry": { "type": "Point", "coordinates": [ 115.343, 30.127 ] } },
{ "type": "Feature", "properties": { "pt_id": "  3017", "trajectory_id": 3, "北京时间": "2026-05-15 21:00", "lon": 115.596, "lat": 30.021, "height": 129.0 }, "geometry": { "type": "Point", "coordinates": [ 115.596, 30.021 ] } },
{ "type": "Feature", "properties": { "pt_id": "  3018", "trajectory_id": 3, "北京时间": "2026-05-15 20:00", "lon": 115.867, "lat": 30.002, "height": 143.0 }, "geometry": { "type": "Point", "coordinates": [ 115.867, 30.002 ] } },
{ "type": "Feature", "properties": { "pt_id": "  3019", "trajectory_id": 3, "北京时间": "2026-05-15 19:00", "lon": 116.091, "lat": 30.033, "height": 131.0 }, "geometry": { "type": "Point", "coordinates": [ 116.091, 30.033 ] } },
{ "type": "Feature", "properties": { "pt_id": "  3020", "trajectory_id": 3, "北京时间": "2026-05-15 18:00", "lon": 116.302, "lat": 30.114, "height": 122.0 }, "geometry": { "type": "Point", "coordinates": [ 116.302, 30.114 ] } },
{ "type": "Feature", "properties": { "pt_id": "  3021", "trajectory_id": 3, "北京时间": "2026-05-15 17:00", "lon": 116.483, "lat": 30.228, "height": 137.0 }, "geometry": { "type": "Point", "coordinates": [ 116.483, 30.228 ] } },
{ "type": "Feature", "properties": { "pt_id": "  3022", "trajectory_id": 3, "北京时间": "2026-05-15 16:00", "lon": 116.641, "lat": 30.363, "height": 163.0 }, "geometry": { "type": "Point", "coordinates": [ 116.641, 30.363 ] } },
{ "type": "Feature", "properties": { "pt_id": "  3023", "trajectory_id": 3, "北京时间": "2026-05-15 15:00", "lon": 116.78, "lat": 30.512, "height": 190.0 }, "geometry": { "type": "Point", "coordinates": [ 116.78, 30.512 ] } },
{ "type": "Feature", "properties": { "pt_id": "  3024", "trajectory_id": 3, "北京时间": "2026-05-15 14:00", "lon": 116.926, "lat": 30.648, "height": 205.0 }, "geometry": { "type": "Point", "coordinates": [ 116.926, 30.648 ] } },
{ "type": "Feature", "properties": { "pt_id": "  3025", "trajectory_id": 3, "北京时间": "2026-05-15 13:00", "lon": 117.102, "lat": 30.748, "height": 169.0 }, "geometry": { "type": "Point", "coordinates": [ 117.102, 30.748 ] } },
{ "type": "Feature", "properties": { "pt_id": "  3026", "trajectory_id": 3, "北京时间": "2026-05-15 12:00", "lon": 117.318, "lat": 30.815, "height": 142.0 }, "geometry": { "type": "Point", "coordinates": [ 117.318, 30.815 ] } },
{ "type": "Feature", "properties": { "pt_id": "  3027", "trajectory_id": 3, "北京时间": "2026-05-15 11:00", "lon": 117.545, "lat": 30.851, "height": 139.0 }, "geometry": { "type": "Point", "coordinates": [ 117.545, 30.851 ] } },
{ "type": "Feature", "properties": { "pt_id": "  3028", "trajectory_id": 3, "北京时间": "2026-05-15 10:00", "lon": 117.771, "lat": 30.856, "height": 137.0 }, "geometry": { "type": "Point", "coordinates": [ 117.771, 30.856 ] } },
{ "type": "Feature", "properties": { "pt_id": "  3029", "trajectory_id": 3, "北京时间": "2026-05-15 09:00", "lon": 118.007, "lat": 30.838, "height": 170.0 }, "geometry": { "type": "Point", "coordinates": [ 118.007, 30.838 ] } },
{ "type": "Feature", "properties": { "pt_id": "  3030", "trajectory_id": 3, "北京时间": "2026-05-15 08:00", "lon": 118.247, "lat": 30.796, "height": 193.0 }, "geometry": { "type": "Point", "coordinates": [ 118.247, 30.796 ] } },
{ "type": "Feature", "properties": { "pt_id": "  3031", "trajectory_id": 3, "北京时间": "2026-05-15 07:00", "lon": 118.462, "lat": 30.738, "height": 209.0 }, "geometry": { "type": "Point", "coordinates": [ 118.462, 30.738 ] } },
{ "type": "Feature", "properties": { "pt_id": "  3032", "trajectory_id": 3, "北京时间": "2026-05-15 06:00", "lon": 118.711, "lat": 30.61, "height": 298.0 }, "geometry": { "type": "Point", "coordinates": [ 118.711, 30.61 ] } },
{ "type": "Feature", "properties": { "pt_id": "  3033", "trajectory_id": 3, "北京时间": "2026-05-15 05:00", "lon": 119.001, "lat": 30.382, "height": 442.0 }, "geometry": { "type": "Point", "coordinates": [ 119.001, 30.382 ] } },
{ "type": "Feature", "properties": { "pt_id": "  3034", "trajectory_id": 3, "北京时间": "2026-05-15 04:00", "lon": 119.399, "lat": 30.134, "height": 521.0 }, "geometry": { "type": "Point", "coordinates": [ 119.399, 30.134 ] } },
{ "type": "Feature", "properties": { "pt_id": "  3035", "trajectory_id": 3, "北京时间": "2026-05-15 03:00", "lon": 119.763, "lat": 30.003, "height": 458.0 }, "geometry": { "type": "Point", "coordinates": [ 119.763, 30.003 ] } },
{ "type": "Feature", "properties": { "pt_id": "  3036", "trajectory_id": 3, "北京时间": "2026-05-15 02:00", "lon": 120.132, "lat": 29.862, "height": 469.0 }, "geometry": { "type": "Point", "coordinates": [ 120.132, 29.862 ] } },
{ "type": "Feature", "properties": { "pt_id": "  3037", "trajectory_id": 3, "北京时间": "2026-05-15 01:00", "lon": 120.466, "lat": 29.735, "height": 502.0 }, "geometry": { "type": "Point", "coordinates": [ 120.466, 29.735 ] } },
{ "type": "Feature", "properties": { "pt_id": "  3038", "trajectory_id": 3, "北京时间": "2026-05-15 00:00", "lon": 120.864, "lat": 29.596, "height": 652.0 }, "geometry": { "type": "Point", "coordinates": [ 120.864, 29.596 ] } },
{ "type": "Feature", "properties": { "pt_id": "  3039", "trajectory_id": 3, "北京时间": "2026-05-14 23:00", "lon": 121.259, "lat": 29.457, "height": 887.0 }, "geometry": { "type": "Point", "coordinates": [ 121.259, 29.457 ] } },
{ "type": "Feature", "properties": { "pt_id": "  3040", "trajectory_id": 3, "北京时间": "2026-05-14 22:00", "lon": 121.541, "lat": 29.293, "height": 894.0 }, "geometry": { "type": "Point", "coordinates": [ 121.541, 29.293 ] } },
{ "type": "Feature", "properties": { "pt_id": "  3041", "trajectory_id": 3, "北京时间": "2026-05-14 21:00", "lon": 121.728, "lat": 29.078, "height": 801.0 }, "geometry": { "type": "Point", "coordinates": [ 121.728, 29.078 ] } },
{ "type": "Feature", "properties": { "pt_id": "  3042", "trajectory_id": 3, "北京时间": "2026-05-14 20:00", "lon": 121.933, "lat": 28.83, "height": 715.0 }, "geometry": { "type": "Point", "coordinates": [ 121.933, 28.83 ] } },
{ "type": "Feature", "properties": { "pt_id": "  3043", "trajectory_id": 3, "北京时间": "2026-05-14 19:00", "lon": 122.114, "lat": 28.549, "height": 739.0 }, "geometry": { "type": "Point", "coordinates": [ 122.114, 28.549 ] } },
{ "type": "Feature", "properties": { "pt_id": "  3044", "trajectory_id": 3, "北京时间": "2026-05-14 18:00", "lon": 122.303, "lat": 28.283, "height": 827.0 }, "geometry": { "type": "Point", "coordinates": [ 122.303, 28.283 ] } },
{ "type": "Feature", "properties": { "pt_id": "  3045", "trajectory_id": 3, "北京时间": "2026-05-14 17:00", "lon": 122.492, "lat": 28.057, "height": 792.0 }, "geometry": { "type": "Point", "coordinates": [ 122.492, 28.057 ] } },
{ "type": "Feature", "properties": { "pt_id": "  3046", "trajectory_id": 3, "北京时间": "2026-05-14 16:00", "lon": 122.633, "lat": 27.832, "height": 726.0 }, "geometry": { "type": "Point", "coordinates": [ 122.633, 27.832 ] } },
{ "type": "Feature", "properties": { "pt_id": "  3047", "trajectory_id": 3, "北京时间": "2026-05-14 15:00", "lon": 122.737, "lat": 27.627, "height": 621.0 }, "geometry": { "type": "Point", "coordinates": [ 122.737, 27.627 ] } },
{ "type": "Feature", "properties": { "pt_id": "  3048", "trajectory_id": 3, "北京时间": "2026-05-14 14:00", "lon": 122.822, "lat": 27.462, "height": 480.0 }, "geometry": { "type": "Point", "coordinates": [ 122.822, 27.462 ] } },
{ "type": "Feature", "properties": { "pt_id": "  3049", "trajectory_id": 3, "北京时间": "2026-05-14 13:00", "lon": 122.881, "lat": 27.332, "height": 370.0 }, "geometry": { "type": "Point", "coordinates": [ 122.881, 27.332 ] } },
{ "type": "Feature", "properties": { "pt_id": "  3050", "trajectory_id": 3, "北京时间": "2026-05-14 12:00", "lon": 122.929, "lat": 27.211, "height": 304.0 }, "geometry": { "type": "Point", "coordinates": [ 122.929, 27.211 ] } },
{ "type": "Feature", "properties": { "pt_id": "  3051", "trajectory_id": 3, "北京时间": "2026-05-14 11:00", "lon": 123.007, "lat": 27.087, "height": 268.0 }, "geometry": { "type": "Point", "coordinates": [ 123.007, 27.087 ] } },
{ "type": "Feature", "properties": { "pt_id": "  3052", "trajectory_id": 3, "北京时间": "2026-05-14 10:00", "lon": 123.108, "lat": 26.969, "height": 276.0 }, "geometry": { "type": "Point", "coordinates": [ 123.108, 26.969 ] } },
{ "type": "Feature", "properties": { "pt_id": "  3053", "trajectory_id": 3, "北京时间": "2026-05-14 09:00", "lon": 123.201, "lat": 26.862, "height": 264.0 }, "geometry": { "type": "Point", "coordinates": [ 123.201, 26.862 ] } },
{ "type": "Feature", "properties": { "pt_id": "  3054", "trajectory_id": 3, "北京时间": "2026-05-14 08:00", "lon": 123.282, "lat": 26.759, "height": 225.0 }, "geometry": { "type": "Point", "coordinates": [ 123.282, 26.759 ] } },
{ "type": "Feature", "properties": { "pt_id": "  3055", "trajectory_id": 3, "北京时间": "2026-05-14 07:00", "lon": 123.354, "lat": 26.665, "height": 194.0 }, "geometry": { "type": "Point", "coordinates": [ 123.354, 26.665 ] } },
{ "type": "Feature", "properties": { "pt_id": "  3056", "trajectory_id": 3, "北京时间": "2026-05-14 06:00", "lon": 123.441, "lat": 26.595, "height": 180.0 }, "geometry": { "type": "Point", "coordinates": [ 123.441, 26.595 ] } },
{ "type": "Feature", "properties": { "pt_id": "  4000", "trajectory_id": 4, "北京时间": "2026-05-16 06:00", "lon": 113.942, "lat": 30.907, "height": 10.0 }, "geometry": { "type": "Point", "coordinates": [ 113.942, 30.907 ] } },
{ "type": "Feature", "properties": { "pt_id": "  4013", "trajectory_id": 4, "北京时间": "2026-05-16 05:00", "lon": 114.101, "lat": 30.897, "height": 12.0 }, "geometry": { "type": "Point", "coordinates": [ 114.101, 30.897 ] } },
{ "type": "Feature", "properties": { "pt_id": "  4014", "trajectory_id": 4, "北京时间": "2026-05-16 04:00", "lon": 114.264, "lat": 30.874, "height": 16.0 }, "geometry": { "type": "Point", "coordinates": [ 114.264, 30.874 ] } },
{ "type": "Feature", "properties": { "pt_id": "  4015", "trajectory_id": 4, "北京时间": "2026-05-16 03:00", "lon": 114.41, "lat": 30.853, "height": 16.0 }, "geometry": { "type": "Point", "coordinates": [ 114.41, 30.853 ] } },
{ "type": "Feature", "properties": { "pt_id": "  4016", "trajectory_id": 4, "北京时间": "2026-05-16 02:00", "lon": 114.529, "lat": 30.85, "height": 10.0 }, "geometry": { "type": "Point", "coordinates": [ 114.529, 30.85 ] } },
{ "type": "Feature", "properties": { "pt_id": "  4017", "trajectory_id": 4, "北京时间": "2026-05-16 01:00", "lon": 114.62, "lat": 30.851, "height": 3.0 }, "geometry": { "type": "Point", "coordinates": [ 114.62, 30.851 ] } },
{ "type": "Feature", "properties": { "pt_id": "  4018", "trajectory_id": 4, "北京时间": "2026-05-16 00:00", "lon": 114.692, "lat": 30.841, "height": 0.0 }, "geometry": { "type": "Point", "coordinates": [ 114.692, 30.841 ] } },
{ "type": "Feature", "properties": { "pt_id": "  4019", "trajectory_id": 4, "北京时间": "2026-05-15 23:00", "lon": 114.755, "lat": 30.826, "height": 0.0 }, "geometry": { "type": "Point", "coordinates": [ 114.755, 30.826 ] } },
{ "type": "Feature", "properties": { "pt_id": "  4020", "trajectory_id": 4, "北京时间": "2026-05-15 22:00", "lon": 114.814, "lat": 30.811, "height": 3.0 }, "geometry": { "type": "Point", "coordinates": [ 114.814, 30.811 ] } },
{ "type": "Feature", "properties": { "pt_id": "  4021", "trajectory_id": 4, "北京时间": "2026-05-15 21:00", "lon": 114.871, "lat": 30.791, "height": 6.0 }, "geometry": { "type": "Point", "coordinates": [ 114.871, 30.791 ] } },
{ "type": "Feature", "properties": { "pt_id": "  4022", "trajectory_id": 4, "北京时间": "2026-05-15 20:00", "lon": 114.924, "lat": 30.763, "height": 7.0 }, "geometry": { "type": "Point", "coordinates": [ 114.924, 30.763 ] } },
{ "type": "Feature", "properties": { "pt_id": "  4023", "trajectory_id": 4, "北京时间": "2026-05-15 19:00", "lon": 114.978, "lat": 30.732, "height": 7.0 }, "geometry": { "type": "Point", "coordinates": [ 114.978, 30.732 ] } },
{ "type": "Feature", "properties": { "pt_id": "  4024", "trajectory_id": 4, "北京时间": "2026-05-15 18:00", "lon": 115.037, "lat": 30.711, "height": 7.0 }, "geometry": { "type": "Point", "coordinates": [ 115.037, 30.711 ] } },
{ "type": "Feature", "properties": { "pt_id": "  4025", "trajectory_id": 4, "北京时间": "2026-05-15 17:00", "lon": 115.097, "lat": 30.704, "height": 9.0 }, "geometry": { "type": "Point", "coordinates": [ 115.097, 30.704 ] } },
{ "type": "Feature", "properties": { "pt_id": "  4026", "trajectory_id": 4, "北京时间": "2026-05-15 16:00", "lon": 115.159, "lat": 30.71, "height": 12.0 }, "geometry": { "type": "Point", "coordinates": [ 115.159, 30.71 ] } },
{ "type": "Feature", "properties": { "pt_id": "  4027", "trajectory_id": 4, "北京时间": "2026-05-15 15:00", "lon": 115.222, "lat": 30.722, "height": 16.0 }, "geometry": { "type": "Point", "coordinates": [ 115.222, 30.722 ] } },
{ "type": "Feature", "properties": { "pt_id": "  4028", "trajectory_id": 4, "北京时间": "2026-05-15 14:00", "lon": 115.281, "lat": 30.739, "height": 20.0 }, "geometry": { "type": "Point", "coordinates": [ 115.281, 30.739 ] } },
{ "type": "Feature", "properties": { "pt_id": "  4029", "trajectory_id": 4, "北京时间": "2026-05-15 13:00", "lon": 115.342, "lat": 30.753, "height": 33.0 }, "geometry": { "type": "Point", "coordinates": [ 115.342, 30.753 ] } },
{ "type": "Feature", "properties": { "pt_id": "  4030", "trajectory_id": 4, "北京时间": "2026-05-15 12:00", "lon": 115.412, "lat": 30.766, "height": 59.0 }, "geometry": { "type": "Point", "coordinates": [ 115.412, 30.766 ] } },
{ "type": "Feature", "properties": { "pt_id": "  4031", "trajectory_id": 4, "北京时间": "2026-05-15 11:00", "lon": 115.494, "lat": 30.779, "height": 96.0 }, "geometry": { "type": "Point", "coordinates": [ 115.494, 30.779 ] } },
{ "type": "Feature", "properties": { "pt_id": "  4032", "trajectory_id": 4, "北京时间": "2026-05-15 10:00", "lon": 115.587, "lat": 30.788, "height": 133.0 }, "geometry": { "type": "Point", "coordinates": [ 115.587, 30.788 ] } },
{ "type": "Feature", "properties": { "pt_id": "  4033", "trajectory_id": 4, "北京时间": "2026-05-15 09:00", "lon": 115.684, "lat": 30.786, "height": 170.0 }, "geometry": { "type": "Point", "coordinates": [ 115.684, 30.786 ] } },
{ "type": "Feature", "properties": { "pt_id": "  4034", "trajectory_id": 4, "北京时间": "2026-05-15 08:00", "lon": 115.78, "lat": 30.774, "height": 210.0 }, "geometry": { "type": "Point", "coordinates": [ 115.78, 30.774 ] } },
{ "type": "Feature", "properties": { "pt_id": "  4035", "trajectory_id": 4, "北京时间": "2026-05-15 07:00", "lon": 115.874, "lat": 30.763, "height": 264.0 }, "geometry": { "type": "Point", "coordinates": [ 115.874, 30.763 ] } },
{ "type": "Feature", "properties": { "pt_id": "  4036", "trajectory_id": 4, "北京时间": "2026-05-15 06:00", "lon": 115.973, "lat": 30.764, "height": 355.0 }, "geometry": { "type": "Point", "coordinates": [ 115.973, 30.764 ] } },
{ "type": "Feature", "properties": { "pt_id": "  4037", "trajectory_id": 4, "北京时间": "2026-05-15 05:00", "lon": 116.079, "lat": 30.791, "height": 497.0 }, "geometry": { "type": "Point", "coordinates": [ 116.079, 30.791 ] } },
{ "type": "Feature", "properties": { "pt_id": "  4038", "trajectory_id": 4, "北京时间": "2026-05-15 04:00", "lon": 116.197, "lat": 30.837, "height": 556.0 }, "geometry": { "type": "Point", "coordinates": [ 116.197, 30.837 ] } },
{ "type": "Feature", "properties": { "pt_id": "  4039", "trajectory_id": 4, "北京时间": "2026-05-15 03:00", "lon": 116.324, "lat": 30.873, "height": 456.0 }, "geometry": { "type": "Point", "coordinates": [ 116.324, 30.873 ] } },
{ "type": "Feature", "properties": { "pt_id": "  4040", "trajectory_id": 4, "北京时间": "2026-05-15 02:00", "lon": 116.503, "lat": 30.911, "height": 418.0 }, "geometry": { "type": "Point", "coordinates": [ 116.503, 30.911 ] } },
{ "type": "Feature", "properties": { "pt_id": "  4041", "trajectory_id": 4, "北京时间": "2026-05-15 01:00", "lon": 116.754, "lat": 30.958, "height": 366.0 }, "geometry": { "type": "Point", "coordinates": [ 116.754, 30.958 ] } },
{ "type": "Feature", "properties": { "pt_id": "  4042", "trajectory_id": 4, "北京时间": "2026-05-15 00:00", "lon": 117.005, "lat": 30.994, "height": 215.0 }, "geometry": { "type": "Point", "coordinates": [ 117.005, 30.994 ] } },
{ "type": "Feature", "properties": { "pt_id": "  4043", "trajectory_id": 4, "北京时间": "2026-05-14 23:00", "lon": 117.27, "lat": 30.966, "height": 182.0 }, "geometry": { "type": "Point", "coordinates": [ 117.27, 30.966 ] } },
{ "type": "Feature", "properties": { "pt_id": "  4044", "trajectory_id": 4, "北京时间": "2026-05-14 22:00", "lon": 117.505, "lat": 30.921, "height": 255.0 }, "geometry": { "type": "Point", "coordinates": [ 117.505, 30.921 ] } },
{ "type": "Feature", "properties": { "pt_id": "  4045", "trajectory_id": 4, "北京时间": "2026-05-14 21:00", "lon": 117.719, "lat": 30.872, "height": 284.0 }, "geometry": { "type": "Point", "coordinates": [ 117.719, 30.872 ] } },
{ "type": "Feature", "properties": { "pt_id": "  4046", "trajectory_id": 4, "北京时间": "2026-05-14 20:00", "lon": 117.892, "lat": 30.801, "height": 284.0 }, "geometry": { "type": "Point", "coordinates": [ 117.892, 30.801 ] } },
{ "type": "Feature", "properties": { "pt_id": "  4047", "trajectory_id": 4, "北京时间": "2026-05-14 19:00", "lon": 118.026, "lat": 30.716, "height": 269.0 }, "geometry": { "type": "Point", "coordinates": [ 118.026, 30.716 ] } },
{ "type": "Feature", "properties": { "pt_id": "  4048", "trajectory_id": 4, "北京时间": "2026-05-14 18:00", "lon": 118.146, "lat": 30.652, "height": 250.0 }, "geometry": { "type": "Point", "coordinates": [ 118.146, 30.652 ] } },
{ "type": "Feature", "properties": { "pt_id": "  4049", "trajectory_id": 4, "北京时间": "2026-05-14 17:00", "lon": 118.279, "lat": 30.606, "height": 261.0 }, "geometry": { "type": "Point", "coordinates": [ 118.279, 30.606 ] } },
{ "type": "Feature", "properties": { "pt_id": "  4050", "trajectory_id": 4, "北京时间": "2026-05-14 16:00", "lon": 118.417, "lat": 30.565, "height": 377.0 }, "geometry": { "type": "Point", "coordinates": [ 118.417, 30.565 ] } },
{ "type": "Feature", "properties": { "pt_id": "  4051", "trajectory_id": 4, "北京时间": "2026-05-14 15:00", "lon": 118.571, "lat": 30.496, "height": 557.0 }, "geometry": { "type": "Point", "coordinates": [ 118.571, 30.496 ] } },
{ "type": "Feature", "properties": { "pt_id": "  4052", "trajectory_id": 4, "北京时间": "2026-05-14 14:00", "lon": 118.728, "lat": 30.381, "height": 673.0 }, "geometry": { "type": "Point", "coordinates": [ 118.728, 30.381 ] } },
{ "type": "Feature", "properties": { "pt_id": "  4053", "trajectory_id": 4, "北京时间": "2026-05-14 13:00", "lon": 118.88, "lat": 30.229, "height": 815.0 }, "geometry": { "type": "Point", "coordinates": [ 118.88, 30.229 ] } },
{ "type": "Feature", "properties": { "pt_id": "  4054", "trajectory_id": 4, "北京时间": "2026-05-14 12:00", "lon": 119.079, "lat": 30.015, "height": 841.0 }, "geometry": { "type": "Point", "coordinates": [ 119.079, 30.015 ] } },
{ "type": "Feature", "properties": { "pt_id": "  4055", "trajectory_id": 4, "北京时间": "2026-05-14 11:00", "lon": 119.275, "lat": 29.792, "height": 811.0 }, "geometry": { "type": "Point", "coordinates": [ 119.275, 29.792 ] } },
{ "type": "Feature", "properties": { "pt_id": "  4056", "trajectory_id": 4, "北京时间": "2026-05-14 10:00", "lon": 119.463, "lat": 29.555, "height": 799.0 }, "geometry": { "type": "Point", "coordinates": [ 119.463, 29.555 ] } },
{ "type": "Feature", "properties": { "pt_id": "  4057", "trajectory_id": 4, "北京时间": "2026-05-14 09:00", "lon": 119.623, "lat": 29.338, "height": 782.0 }, "geometry": { "type": "Point", "coordinates": [ 119.623, 29.338 ] } },
{ "type": "Feature", "properties": { "pt_id": "  4058", "trajectory_id": 4, "北京时间": "2026-05-14 08:00", "lon": 119.741, "lat": 29.105, "height": 788.0 }, "geometry": { "type": "Point", "coordinates": [ 119.741, 29.105 ] } },
{ "type": "Feature", "properties": { "pt_id": "  4059", "trajectory_id": 4, "北京时间": "2026-05-14 07:00", "lon": 119.865, "lat": 28.837, "height": 912.0 }, "geometry": { "type": "Point", "coordinates": [ 119.865, 28.837 ] } },
{ "type": "Feature", "properties": { "pt_id": "  4060", "trajectory_id": 4, "北京时间": "2026-05-14 06:00", "lon": 120.039, "lat": 28.559, "height": 1253.0 }, "geometry": { "type": "Point", "coordinates": [ 120.039, 28.559 ] } },
{ "type": "Feature", "properties": { "pt_id": "  5000", "trajectory_id": 5, "北京时间": "2026-05-16 06:00", "lon": 113.942, "lat": 30.907, "height": 10.0 }, "geometry": { "type": "Point", "coordinates": [ 113.942, 30.907 ] } },
{ "type": "Feature", "properties": { "pt_id": "  5017", "trajectory_id": 5, "北京时间": "2026-05-16 05:00", "lon": 114.061, "lat": 30.947, "height": 14.0 }, "geometry": { "type": "Point", "coordinates": [ 114.061, 30.947 ] } },
{ "type": "Feature", "properties": { "pt_id": "  5018", "trajectory_id": 5, "北京时间": "2026-05-16 04:00", "lon": 114.178, "lat": 30.989, "height": 29.0 }, "geometry": { "type": "Point", "coordinates": [ 114.178, 30.989 ] } },
{ "type": "Feature", "properties": { "pt_id": "  5019", "trajectory_id": 5, "北京时间": "2026-05-16 03:00", "lon": 114.29, "lat": 31.039, "height": 63.0 }, "geometry": { "type": "Point", "coordinates": [ 114.29, 31.039 ] } },
{ "type": "Feature", "properties": { "pt_id": "  5020", "trajectory_id": 5, "北京时间": "2026-05-16 02:00", "lon": 114.381, "lat": 31.089, "height": 85.0 }, "geometry": { "type": "Point", "coordinates": [ 114.381, 31.089 ] } },
{ "type": "Feature", "properties": { "pt_id": "  5021", "trajectory_id": 5, "北京时间": "2026-05-16 01:00", "lon": 114.451, "lat": 31.152, "height": 92.0 }, "geometry": { "type": "Point", "coordinates": [ 114.451, 31.152 ] } },
{ "type": "Feature", "properties": { "pt_id": "  5022", "trajectory_id": 5, "北京时间": "2026-05-16 00:00", "lon": 114.492, "lat": 31.243, "height": 94.0 }, "geometry": { "type": "Point", "coordinates": [ 114.492, 31.243 ] } },
{ "type": "Feature", "properties": { "pt_id": "  5023", "trajectory_id": 5, "北京时间": "2026-05-15 23:00", "lon": 114.516, "lat": 31.347, "height": 105.0 }, "geometry": { "type": "Point", "coordinates": [ 114.516, 31.347 ] } },
{ "type": "Feature", "properties": { "pt_id": "  5024", "trajectory_id": 5, "北京时间": "2026-05-15 22:00", "lon": 114.545, "lat": 31.447, "height": 135.0 }, "geometry": { "type": "Point", "coordinates": [ 114.545, 31.447 ] } },
{ "type": "Feature", "properties": { "pt_id": "  5025", "trajectory_id": 5, "北京时间": "2026-05-15 21:00", "lon": 114.573, "lat": 31.538, "height": 172.0 }, "geometry": { "type": "Point", "coordinates": [ 114.573, 31.538 ] } },
{ "type": "Feature", "properties": { "pt_id": "  5026", "trajectory_id": 5, "北京时间": "2026-05-15 20:00", "lon": 114.605, "lat": 31.609, "height": 174.0 }, "geometry": { "type": "Point", "coordinates": [ 114.605, 31.609 ] } },
{ "type": "Feature", "properties": { "pt_id": "  5027", "trajectory_id": 5, "北京时间": "2026-05-15 19:00", "lon": 114.645, "lat": 31.651, "height": 155.0 }, "geometry": { "type": "Point", "coordinates": [ 114.645, 31.651 ] } },
{ "type": "Feature", "properties": { "pt_id": "  5028", "trajectory_id": 5, "北京时间": "2026-05-15 18:00", "lon": 114.695, "lat": 31.666, "height": 133.0 }, "geometry": { "type": "Point", "coordinates": [ 114.695, 31.666 ] } },
{ "type": "Feature", "properties": { "pt_id": "  5029", "trajectory_id": 5, "北京时间": "2026-05-15 17:00", "lon": 114.764, "lat": 31.673, "height": 111.0 }, "geometry": { "type": "Point", "coordinates": [ 114.764, 31.673 ] } },
{ "type": "Feature", "properties": { "pt_id": "  5030", "trajectory_id": 5, "北京时间": "2026-05-15 16:00", "lon": 114.87, "lat": 31.689, "height": 96.0 }, "geometry": { "type": "Point", "coordinates": [ 114.87, 31.689 ] } },
{ "type": "Feature", "properties": { "pt_id": "  5031", "trajectory_id": 5, "北京时间": "2026-05-15 15:00", "lon": 115.012, "lat": 31.711, "height": 92.0 }, "geometry": { "type": "Point", "coordinates": [ 115.012, 31.711 ] } },
{ "type": "Feature", "properties": { "pt_id": "  5032", "trajectory_id": 5, "北京时间": "2026-05-15 14:00", "lon": 115.168, "lat": 31.722, "height": 103.0 }, "geometry": { "type": "Point", "coordinates": [ 115.168, 31.722 ] } },
{ "type": "Feature", "properties": { "pt_id": "  5033", "trajectory_id": 5, "北京时间": "2026-05-15 13:00", "lon": 115.328, "lat": 31.716, "height": 129.0 }, "geometry": { "type": "Point", "coordinates": [ 115.328, 31.716 ] } },
{ "type": "Feature", "properties": { "pt_id": "  5034", "trajectory_id": 5, "北京时间": "2026-05-15 12:00", "lon": 115.574, "lat": 31.69, "height": 280.0 }, "geometry": { "type": "Point", "coordinates": [ 115.574, 31.69 ] } },
{ "type": "Feature", "properties": { "pt_id": "  5035", "trajectory_id": 5, "北京时间": "2026-05-15 11:00", "lon": 115.908, "lat": 31.635, "height": 359.0 }, "geometry": { "type": "Point", "coordinates": [ 115.908, 31.635 ] } },
{ "type": "Feature", "properties": { "pt_id": "  5036", "trajectory_id": 5, "北京时间": "2026-05-15 10:00", "lon": 116.257, "lat": 31.549, "height": 350.0 }, "geometry": { "type": "Point", "coordinates": [ 116.257, 31.549 ] } },
{ "type": "Feature", "properties": { "pt_id": "  5037", "trajectory_id": 5, "北京时间": "2026-05-15 09:00", "lon": 116.614, "lat": 31.469, "height": 291.0 }, "geometry": { "type": "Point", "coordinates": [ 116.614, 31.469 ] } },
{ "type": "Feature", "properties": { "pt_id": "  5038", "trajectory_id": 5, "北京时间": "2026-05-15 08:00", "lon": 117.008, "lat": 31.378, "height": 236.0 }, "geometry": { "type": "Point", "coordinates": [ 117.008, 31.378 ] } },
{ "type": "Feature", "properties": { "pt_id": "  5039", "trajectory_id": 5, "北京时间": "2026-05-15 07:00", "lon": 117.411, "lat": 31.297, "height": 220.0 }, "geometry": { "type": "Point", "coordinates": [ 117.411, 31.297 ] } },
{ "type": "Feature", "properties": { "pt_id": "  5040", "trajectory_id": 5, "北京时间": "2026-05-15 06:00", "lon": 117.864, "lat": 31.242, "height": 210.0 }, "geometry": { "type": "Point", "coordinates": [ 117.864, 31.242 ] } },
{ "type": "Feature", "properties": { "pt_id": "  5041", "trajectory_id": 5, "北京时间": "2026-05-15 05:00", "lon": 118.365, "lat": 31.164, "height": 242.0 }, "geometry": { "type": "Point", "coordinates": [ 118.365, 31.164 ] } },
{ "type": "Feature", "properties": { "pt_id": "  5042", "trajectory_id": 5, "北京时间": "2026-05-15 04:00", "lon": 118.802, "lat": 31.043, "height": 317.0 }, "geometry": { "type": "Point", "coordinates": [ 118.802, 31.043 ] } },
{ "type": "Feature", "properties": { "pt_id": "  5043", "trajectory_id": 5, "北京时间": "2026-05-15 03:00", "lon": 119.113, "lat": 30.939, "height": 348.0 }, "geometry": { "type": "Point", "coordinates": [ 119.113, 30.939 ] } },
{ "type": "Feature", "properties": { "pt_id": "  5044", "trajectory_id": 5, "北京时间": "2026-05-15 02:00", "lon": 119.364, "lat": 30.815, "height": 587.0 }, "geometry": { "type": "Point", "coordinates": [ 119.364, 30.815 ] } },
{ "type": "Feature", "properties": { "pt_id": "  5045", "trajectory_id": 5, "北京时间": "2026-05-15 01:00", "lon": 119.567, "lat": 30.637, "height": 770.0 }, "geometry": { "type": "Point", "coordinates": [ 119.567, 30.637 ] } },
{ "type": "Feature", "properties": { "pt_id": "  5046", "trajectory_id": 5, "北京时间": "2026-05-15 00:00", "lon": 119.731, "lat": 30.412, "height": 855.0 }, "geometry": { "type": "Point", "coordinates": [ 119.731, 30.412 ] } },
{ "type": "Feature", "properties": { "pt_id": "  5047", "trajectory_id": 5, "北京时间": "2026-05-14 23:00", "lon": 119.885, "lat": 30.183, "height": 807.0 }, "geometry": { "type": "Point", "coordinates": [ 119.885, 30.183 ] } },
{ "type": "Feature", "properties": { "pt_id": "  5048", "trajectory_id": 5, "北京时间": "2026-05-14 22:00", "lon": 120.032, "lat": 29.942, "height": 852.0 }, "geometry": { "type": "Point", "coordinates": [ 120.032, 29.942 ] } },
{ "type": "Feature", "properties": { "pt_id": "  5049", "trajectory_id": 5, "北京时间": "2026-05-14 21:00", "lon": 120.164, "lat": 29.688, "height": 860.0 }, "geometry": { "type": "Point", "coordinates": [ 120.164, 29.688 ] } },
{ "type": "Feature", "properties": { "pt_id": "  5050", "trajectory_id": 5, "北京时间": "2026-05-14 20:00", "lon": 120.307, "lat": 29.408, "height": 838.0 }, "geometry": { "type": "Point", "coordinates": [ 120.307, 29.408 ] } },
{ "type": "Feature", "properties": { "pt_id": "  5051", "trajectory_id": 5, "北京时间": "2026-05-14 19:00", "lon": 120.465, "lat": 29.092, "height": 999.0 }, "geometry": { "type": "Point", "coordinates": [ 120.465, 29.092 ] } },
{ "type": "Feature", "properties": { "pt_id": "  5052", "trajectory_id": 5, "北京时间": "2026-05-14 18:00", "lon": 120.658, "lat": 28.722, "height": 1334.0 }, "geometry": { "type": "Point", "coordinates": [ 120.658, 28.722 ] } },
{ "type": "Feature", "properties": { "pt_id": "  5053", "trajectory_id": 5, "北京时间": "2026-05-14 17:00", "lon": 120.842, "lat": 28.381, "height": 1460.0 }, "geometry": { "type": "Point", "coordinates": [ 120.842, 28.381 ] } },
{ "type": "Feature", "properties": { "pt_id": "  5054", "trajectory_id": 5, "北京时间": "2026-05-14 16:00", "lon": 120.996, "lat": 28.089, "height": 1571.0 }, "geometry": { "type": "Point", "coordinates": [ 120.996, 28.089 ] } },
{ "type": "Feature", "properties": { "pt_id": "  5055", "trajectory_id": 5, "北京时间": "2026-05-14 15:00", "lon": 121.143, "lat": 27.82, "height": 1587.0 }, "geometry": { "type": "Point", "coordinates": [ 121.143, 27.82 ] } },
{ "type": "Feature", "properties": { "pt_id": "  5056", "trajectory_id": 5, "北京时间": "2026-05-14 14:00", "lon": 121.296, "lat": 27.562, "height": 1632.0 }, "geometry": { "type": "Point", "coordinates": [ 121.296, 27.562 ] } },
{ "type": "Feature", "properties": { "pt_id": "  5057", "trajectory_id": 5, "北京时间": "2026-05-14 13:00", "lon": 121.449, "lat": 27.331, "height": 1850.0 }, "geometry": { "type": "Point", "coordinates": [ 121.449, 27.331 ] } },
{ "type": "Feature", "properties": { "pt_id": "  5058", "trajectory_id": 5, "北京时间": "2026-05-14 12:00", "lon": 121.613, "lat": 27.144, "height": 2031.0 }, "geometry": { "type": "Point", "coordinates": [ 121.613, 27.144 ] } },
{ "type": "Feature", "properties": { "pt_id": "  5059", "trajectory_id": 5, "北京时间": "2026-05-14 11:00", "lon": 121.817, "lat": 26.998, "height": 2038.0 }, "geometry": { "type": "Point", "coordinates": [ 121.817, 26.998 ] } },
{ "type": "Feature", "properties": { "pt_id": "  5060", "trajectory_id": 5, "北京时间": "2026-05-14 10:00", "lon": 122.014, "lat": 26.903, "height": 2058.0 }, "geometry": { "type": "Point", "coordinates": [ 122.014, 26.903 ] } },
{ "type": "Feature", "properties": { "pt_id": "  5061", "trajectory_id": 5, "北京时间": "2026-05-14 09:00", "lon": 122.19, "lat": 26.871, "height": 2221.0 }, "geometry": { "type": "Point", "coordinates": [ 122.19, 26.871 ] } },
{ "type": "Feature", "properties": { "pt_id": "  5062", "trajectory_id": 5, "北京时间": "2026-05-14 08:00", "lon": 122.325, "lat": 26.872, "height": 2310.0 }, "geometry": { "type": "Point", "coordinates": [ 122.325, 26.872 ] } },
{ "type": "Feature", "properties": { "pt_id": "  5063", "trajectory_id": 5, "北京时间": "2026-05-14 07:00", "lon": 122.39, "lat": 26.874, "height": 2285.0 }, "geometry": { "type": "Point", "coordinates": [ 122.39, 26.874 ] } },
{ "type": "Feature", "properties": { "pt_id": "  5064", "trajectory_id": 5, "北京时间": "2026-05-14 06:00", "lon": 122.395, "lat": 26.878, "height": 2184.0 }, "geometry": { "type": "Point", "coordinates": [ 122.395, 26.878 ] } },
{ "type": "Feature", "properties": { "pt_id": "  6000", "trajectory_id": 6, "北京时间": "2026-05-16 06:00", "lon": 113.942, "lat": 30.907, "height": 10.0 }, "geometry": { "type": "Point", "coordinates": [ 113.942, 30.907 ] } },
{ "type": "Feature", "properties": { "pt_id": "  6021", "trajectory_id": 6, "北京时间": "2026-05-16 05:00", "lon": 114.056, "lat": 30.95, "height": 11.0 }, "geometry": { "type": "Point", "coordinates": [ 114.056, 30.95 ] } },
{ "type": "Feature", "properties": { "pt_id": "  6022", "trajectory_id": 6, "北京时间": "2026-05-16 04:00", "lon": 114.166, "lat": 30.984, "height": 15.0 }, "geometry": { "type": "Point", "coordinates": [ 114.166, 30.984 ] } },
{ "type": "Feature", "properties": { "pt_id": "  6023", "trajectory_id": 6, "北京时间": "2026-05-16 03:00", "lon": 114.273, "lat": 31.026, "height": 24.0 }, "geometry": { "type": "Point", "coordinates": [ 114.273, 31.026 ] } },
{ "type": "Feature", "properties": { "pt_id": "  6024", "trajectory_id": 6, "北京时间": "2026-05-16 02:00", "lon": 114.362, "lat": 31.087, "height": 36.0 }, "geometry": { "type": "Point", "coordinates": [ 114.362, 31.087 ] } },
{ "type": "Feature", "properties": { "pt_id": "  6025", "trajectory_id": 6, "北京时间": "2026-05-16 01:00", "lon": 114.428, "lat": 31.16, "height": 43.0 }, "geometry": { "type": "Point", "coordinates": [ 114.428, 31.16 ] } },
{ "type": "Feature", "properties": { "pt_id": "  6026", "trajectory_id": 6, "北京时间": "2026-05-16 00:00", "lon": 114.477, "lat": 31.222, "height": 42.0 }, "geometry": { "type": "Point", "coordinates": [ 114.477, 31.222 ] } },
{ "type": "Feature", "properties": { "pt_id": "  6027", "trajectory_id": 6, "北京时间": "2026-05-15 23:00", "lon": 114.51, "lat": 31.252, "height": 33.0 }, "geometry": { "type": "Point", "coordinates": [ 114.51, 31.252 ] } },
{ "type": "Feature", "properties": { "pt_id": "  6028", "trajectory_id": 6, "北京时间": "2026-05-15 22:00", "lon": 114.535, "lat": 31.257, "height": 20.0 }, "geometry": { "type": "Point", "coordinates": [ 114.535, 31.257 ] } },
{ "type": "Feature", "properties": { "pt_id": "  6029", "trajectory_id": 6, "北京时间": "2026-05-15 21:00", "lon": 114.562, "lat": 31.245, "height": 9.0 }, "geometry": { "type": "Point", "coordinates": [ 114.562, 31.245 ] } },
{ "type": "Feature", "properties": { "pt_id": "  6030", "trajectory_id": 6, "北京时间": "2026-05-15 20:00", "lon": 114.596, "lat": 31.222, "height": 3.0 }, "geometry": { "type": "Point", "coordinates": [ 114.596, 31.222 ] } },
{ "type": "Feature", "properties": { "pt_id": "  6031", "trajectory_id": 6, "北京时间": "2026-05-15 19:00", "lon": 114.638, "lat": 31.183, "height": 1.0 }, "geometry": { "type": "Point", "coordinates": [ 114.638, 31.183 ] } },
{ "type": "Feature", "properties": { "pt_id": "  6032", "trajectory_id": 6, "北京时间": "2026-05-15 18:00", "lon": 114.701, "lat": 31.145, "height": 1.0 }, "geometry": { "type": "Point", "coordinates": [ 114.701, 31.145 ] } },
{ "type": "Feature", "properties": { "pt_id": "  6033", "trajectory_id": 6, "北京时间": "2026-05-15 17:00", "lon": 114.791, "lat": 31.118, "height": 7.0 }, "geometry": { "type": "Point", "coordinates": [ 114.791, 31.118 ] } },
{ "type": "Feature", "properties": { "pt_id": "  6034", "trajectory_id": 6, "北京时间": "2026-05-15 16:00", "lon": 114.903, "lat": 31.077, "height": 35.0 }, "geometry": { "type": "Point", "coordinates": [ 114.903, 31.077 ] } },
{ "type": "Feature", "properties": { "pt_id": "  6035", "trajectory_id": 6, "北京时间": "2026-05-15 15:00", "lon": 115.024, "lat": 30.999, "height": 94.0 }, "geometry": { "type": "Point", "coordinates": [ 115.024, 30.999 ] } },
{ "type": "Feature", "properties": { "pt_id": "  6036", "trajectory_id": 6, "北京时间": "2026-05-15 14:00", "lon": 115.105, "lat": 30.944, "height": 106.0 }, "geometry": { "type": "Point", "coordinates": [ 115.105, 30.944 ] } },
{ "type": "Feature", "properties": { "pt_id": "  6037", "trajectory_id": 6, "北京时间": "2026-05-15 13:00", "lon": 115.151, "lat": 30.932, "height": 79.0 }, "geometry": { "type": "Point", "coordinates": [ 115.151, 30.932 ] } },
{ "type": "Feature", "properties": { "pt_id": "  6038", "trajectory_id": 6, "北京时间": "2026-05-15 12:00", "lon": 115.189, "lat": 30.944, "height": 57.0 }, "geometry": { "type": "Point", "coordinates": [ 115.189, 30.944 ] } },
{ "type": "Feature", "properties": { "pt_id": "  6039", "trajectory_id": 6, "北京时间": "2026-05-15 11:00", "lon": 115.234, "lat": 30.978, "height": 56.0 }, "geometry": { "type": "Point", "coordinates": [ 115.234, 30.978 ] } },
{ "type": "Feature", "properties": { "pt_id": "  6040", "trajectory_id": 6, "北京时间": "2026-05-15 10:00", "lon": 115.288, "lat": 31.052, "height": 82.0 }, "geometry": { "type": "Point", "coordinates": [ 115.288, 31.052 ] } },
{ "type": "Feature", "properties": { "pt_id": "  6041", "trajectory_id": 6, "北京时间": "2026-05-15 09:00", "lon": 115.345, "lat": 31.135, "height": 140.0 }, "geometry": { "type": "Point", "coordinates": [ 115.345, 31.135 ] } },
{ "type": "Feature", "properties": { "pt_id": "  6042", "trajectory_id": 6, "北京时间": "2026-05-15 08:00", "lon": 115.399, "lat": 31.198, "height": 186.0 }, "geometry": { "type": "Point", "coordinates": [ 115.399, 31.198 ] } },
{ "type": "Feature", "properties": { "pt_id": "  6043", "trajectory_id": 6, "北京时间": "2026-05-15 07:00", "lon": 115.432, "lat": 31.242, "height": 188.0 }, "geometry": { "type": "Point", "coordinates": [ 115.432, 31.242 ] } },
{ "type": "Feature", "properties": { "pt_id": "  6044", "trajectory_id": 6, "北京时间": "2026-05-15 06:00", "lon": 115.449, "lat": 31.278, "height": 173.0 }, "geometry": { "type": "Point", "coordinates": [ 115.449, 31.278 ] } },
{ "type": "Feature", "properties": { "pt_id": "  6045", "trajectory_id": 6, "北京时间": "2026-05-15 05:00", "lon": 115.471, "lat": 31.321, "height": 169.0 }, "geometry": { "type": "Point", "coordinates": [ 115.471, 31.321 ] } },
{ "type": "Feature", "properties": { "pt_id": "  6046", "trajectory_id": 6, "北京时间": "2026-05-15 04:00", "lon": 115.493, "lat": 31.369, "height": 166.0 }, "geometry": { "type": "Point", "coordinates": [ 115.493, 31.369 ] } },
{ "type": "Feature", "properties": { "pt_id": "  6047", "trajectory_id": 6, "北京时间": "2026-05-15 03:00", "lon": 115.517, "lat": 31.416, "height": 165.0 }, "geometry": { "type": "Point", "coordinates": [ 115.517, 31.416 ] } },
{ "type": "Feature", "properties": { "pt_id": "  6048", "trajectory_id": 6, "北京时间": "2026-05-15 02:00", "lon": 115.549, "lat": 31.456, "height": 170.0 }, "geometry": { "type": "Point", "coordinates": [ 115.549, 31.456 ] } },
{ "type": "Feature", "properties": { "pt_id": "  6049", "trajectory_id": 6, "北京时间": "2026-05-15 01:00", "lon": 115.587, "lat": 31.485, "height": 175.0 }, "geometry": { "type": "Point", "coordinates": [ 115.587, 31.485 ] } },
{ "type": "Feature", "properties": { "pt_id": "  6050", "trajectory_id": 6, "北京时间": "2026-05-15 00:00", "lon": 115.624, "lat": 31.504, "height": 176.0 }, "geometry": { "type": "Point", "coordinates": [ 115.624, 31.504 ] } },
{ "type": "Feature", "properties": { "pt_id": "  6051", "trajectory_id": 6, "北京时间": "2026-05-14 23:00", "lon": 115.654, "lat": 31.517, "height": 173.0 }, "geometry": { "type": "Point", "coordinates": [ 115.654, 31.517 ] } },
{ "type": "Feature", "properties": { "pt_id": "  6052", "trajectory_id": 6, "北京时间": "2026-05-14 22:00", "lon": 115.676, "lat": 31.527, "height": 168.0 }, "geometry": { "type": "Point", "coordinates": [ 115.676, 31.527 ] } },
{ "type": "Feature", "properties": { "pt_id": "  6053", "trajectory_id": 6, "北京时间": "2026-05-14 21:00", "lon": 115.69, "lat": 31.53, "height": 165.0 }, "geometry": { "type": "Point", "coordinates": [ 115.69, 31.53 ] } },
{ "type": "Feature", "properties": { "pt_id": "  6054", "trajectory_id": 6, "北京时间": "2026-05-14 20:00", "lon": 115.694, "lat": 31.524, "height": 171.0 }, "geometry": { "type": "Point", "coordinates": [ 115.694, 31.524 ] } },
{ "type": "Feature", "properties": { "pt_id": "  6055", "trajectory_id": 6, "北京时间": "2026-05-14 19:00", "lon": 115.69, "lat": 31.506, "height": 187.0 }, "geometry": { "type": "Point", "coordinates": [ 115.69, 31.506 ] } },
{ "type": "Feature", "properties": { "pt_id": "  6056", "trajectory_id": 6, "北京时间": "2026-05-14 18:00", "lon": 115.684, "lat": 31.477, "height": 216.0 }, "geometry": { "type": "Point", "coordinates": [ 115.684, 31.477 ] } },
{ "type": "Feature", "properties": { "pt_id": "  6057", "trajectory_id": 6, "北京时间": "2026-05-14 17:00", "lon": 115.686, "lat": 31.441, "height": 260.0 }, "geometry": { "type": "Point", "coordinates": [ 115.686, 31.441 ] } },
{ "type": "Feature", "properties": { "pt_id": "  6058", "trajectory_id": 6, "北京时间": "2026-05-14 16:00", "lon": 115.695, "lat": 31.395, "height": 314.0 }, "geometry": { "type": "Point", "coordinates": [ 115.695, 31.395 ] } },
{ "type": "Feature", "properties": { "pt_id": "  6059", "trajectory_id": 6, "北京时间": "2026-05-14 15:00", "lon": 115.713, "lat": 31.343, "height": 382.0 }, "geometry": { "type": "Point", "coordinates": [ 115.713, 31.343 ] } },
{ "type": "Feature", "properties": { "pt_id": "  6060", "trajectory_id": 6, "北京时间": "2026-05-14 14:00", "lon": 115.736, "lat": 31.292, "height": 432.0 }, "geometry": { "type": "Point", "coordinates": [ 115.736, 31.292 ] } },
{ "type": "Feature", "properties": { "pt_id": "  6061", "trajectory_id": 6, "北京时间": "2026-05-14 13:00", "lon": 115.764, "lat": 31.24, "height": 432.0 }, "geometry": { "type": "Point", "coordinates": [ 115.764, 31.24 ] } },
{ "type": "Feature", "properties": { "pt_id": "  6062", "trajectory_id": 6, "北京时间": "2026-05-14 12:00", "lon": 115.802, "lat": 31.175, "height": 415.0 }, "geometry": { "type": "Point", "coordinates": [ 115.802, 31.175 ] } },
{ "type": "Feature", "properties": { "pt_id": "  6063", "trajectory_id": 6, "北京时间": "2026-05-14 11:00", "lon": 115.855, "lat": 31.096, "height": 434.0 }, "geometry": { "type": "Point", "coordinates": [ 115.855, 31.096 ] } },
{ "type": "Feature", "properties": { "pt_id": "  6064", "trajectory_id": 6, "北京时间": "2026-05-14 10:00", "lon": 115.932, "lat": 31.014, "height": 528.0 }, "geometry": { "type": "Point", "coordinates": [ 115.932, 31.014 ] } },
{ "type": "Feature", "properties": { "pt_id": "  6065", "trajectory_id": 6, "北京时间": "2026-05-14 09:00", "lon": 116.035, "lat": 30.921, "height": 691.0 }, "geometry": { "type": "Point", "coordinates": [ 116.035, 30.921 ] } },
{ "type": "Feature", "properties": { "pt_id": "  6066", "trajectory_id": 6, "北京时间": "2026-05-14 08:00", "lon": 116.129, "lat": 30.801, "height": 804.0 }, "geometry": { "type": "Point", "coordinates": [ 116.129, 30.801 ] } },
{ "type": "Feature", "properties": { "pt_id": "  6067", "trajectory_id": 6, "北京时间": "2026-05-14 07:00", "lon": 116.201, "lat": 30.635, "height": 852.0 }, "geometry": { "type": "Point", "coordinates": [ 116.201, 30.635 ] } },
{ "type": "Feature", "properties": { "pt_id": "  6068", "trajectory_id": 6, "北京时间": "2026-05-14 06:00", "lon": 116.241, "lat": 30.424, "height": 771.0 }, "geometry": { "type": "Point", "coordinates": [ 116.241, 30.424 ] } },
{ "type": "Feature", "properties": { "pt_id": "  7000", "trajectory_id": 7, "北京时间": "2026-05-16 06:00", "lon": 113.942, "lat": 30.907, "height": 10.0 }, "geometry": { "type": "Point", "coordinates": [ 113.942, 30.907 ] } },
{ "type": "Feature", "properties": { "pt_id": "  7025", "trajectory_id": 7, "北京时间": "2026-05-16 05:00", "lon": 114.054, "lat": 30.951, "height": 9.0 }, "geometry": { "type": "Point", "coordinates": [ 114.054, 30.951 ] } },
{ "type": "Feature", "properties": { "pt_id": "  7026", "trajectory_id": 7, "北京时间": "2026-05-16 04:00", "lon": 114.151, "lat": 30.987, "height": 11.0 }, "geometry": { "type": "Point", "coordinates": [ 114.151, 30.987 ] } },
{ "type": "Feature", "properties": { "pt_id": "  7027", "trajectory_id": 7, "北京时间": "2026-05-16 03:00", "lon": 114.243, "lat": 30.998, "height": 13.0 }, "geometry": { "type": "Point", "coordinates": [ 114.243, 30.998 ] } },
{ "type": "Feature", "properties": { "pt_id": "  7028", "trajectory_id": 7, "北京时间": "2026-05-16 02:00", "lon": 114.329, "lat": 30.982, "height": 12.0 }, "geometry": { "type": "Point", "coordinates": [ 114.329, 30.982 ] } },
{ "type": "Feature", "properties": { "pt_id": "  7029", "trajectory_id": 7, "北京时间": "2026-05-16 01:00", "lon": 114.409, "lat": 30.947, "height": 6.0 }, "geometry": { "type": "Point", "coordinates": [ 114.409, 30.947 ] } },
{ "type": "Feature", "properties": { "pt_id": "  7030", "trajectory_id": 7, "北京时间": "2026-05-16 00:00", "lon": 114.493, "lat": 30.887, "height": 0.0 }, "geometry": { "type": "Point", "coordinates": [ 114.493, 30.887 ] } },
{ "type": "Feature", "properties": { "pt_id": "  7031", "trajectory_id": 7, "北京时间": "2026-05-15 23:00", "lon": 114.594, "lat": 30.786, "height": 0.0 }, "geometry": { "type": "Point", "coordinates": [ 114.594, 30.786 ] } },
{ "type": "Feature", "properties": { "pt_id": "  7032", "trajectory_id": 7, "北京时间": "2026-05-15 22:00", "lon": 114.706, "lat": 30.664, "height": 2.0 }, "geometry": { "type": "Point", "coordinates": [ 114.706, 30.664 ] } },
{ "type": "Feature", "properties": { "pt_id": "  7033", "trajectory_id": 7, "北京时间": "2026-05-15 21:00", "lon": 114.818, "lat": 30.556, "height": 8.0 }, "geometry": { "type": "Point", "coordinates": [ 114.818, 30.556 ] } },
{ "type": "Feature", "properties": { "pt_id": "  7034", "trajectory_id": 7, "北京时间": "2026-05-15 20:00", "lon": 114.921, "lat": 30.452, "height": 12.0 }, "geometry": { "type": "Point", "coordinates": [ 114.921, 30.452 ] } },
{ "type": "Feature", "properties": { "pt_id": "  7035", "trajectory_id": 7, "北京时间": "2026-05-15 19:00", "lon": 115.01, "lat": 30.351, "height": 23.0 }, "geometry": { "type": "Point", "coordinates": [ 115.01, 30.351 ] } },
{ "type": "Feature", "properties": { "pt_id": "  7036", "trajectory_id": 7, "北京时间": "2026-05-15 18:00", "lon": 115.077, "lat": 30.275, "height": 43.0 }, "geometry": { "type": "Point", "coordinates": [ 115.077, 30.275 ] } },
{ "type": "Feature", "properties": { "pt_id": "  7037", "trajectory_id": 7, "北京时间": "2026-05-15 17:00", "lon": 115.112, "lat": 30.239, "height": 61.0 }, "geometry": { "type": "Point", "coordinates": [ 115.112, 30.239 ] } },
{ "type": "Feature", "properties": { "pt_id": "  7038", "trajectory_id": 7, "北京时间": "2026-05-15 16:00", "lon": 115.128, "lat": 30.229, "height": 73.0 }, "geometry": { "type": "Point", "coordinates": [ 115.128, 30.229 ] } },
{ "type": "Feature", "properties": { "pt_id": "  7039", "trajectory_id": 7, "北京时间": "2026-05-15 15:00", "lon": 115.144, "lat": 30.224, "height": 86.0 }, "geometry": { "type": "Point", "coordinates": [ 115.144, 30.224 ] } },
{ "type": "Feature", "properties": { "pt_id": "  7040", "trajectory_id": 7, "北京时间": "2026-05-15 14:00", "lon": 115.156, "lat": 30.224, "height": 101.0 }, "geometry": { "type": "Point", "coordinates": [ 115.156, 30.224 ] } },
{ "type": "Feature", "properties": { "pt_id": "  7041", "trajectory_id": 7, "北京时间": "2026-05-15 13:00", "lon": 115.165, "lat": 30.218, "height": 117.0 }, "geometry": { "type": "Point", "coordinates": [ 115.165, 30.218 ] } },
{ "type": "Feature", "properties": { "pt_id": "  7042", "trajectory_id": 7, "北京时间": "2026-05-15 12:00", "lon": 115.177, "lat": 30.194, "height": 130.0 }, "geometry": { "type": "Point", "coordinates": [ 115.177, 30.194 ] } },
{ "type": "Feature", "properties": { "pt_id": "  7043", "trajectory_id": 7, "北京时间": "2026-05-15 11:00", "lon": 115.189, "lat": 30.154, "height": 144.0 }, "geometry": { "type": "Point", "coordinates": [ 115.189, 30.154 ] } },
{ "type": "Feature", "properties": { "pt_id": "  7044", "trajectory_id": 7, "北京时间": "2026-05-15 10:00", "lon": 115.208, "lat": 30.113, "height": 160.0 }, "geometry": { "type": "Point", "coordinates": [ 115.208, 30.113 ] } },
{ "type": "Feature", "properties": { "pt_id": "  7045", "trajectory_id": 7, "北京时间": "2026-05-15 09:00", "lon": 115.241, "lat": 30.084, "height": 176.0 }, "geometry": { "type": "Point", "coordinates": [ 115.241, 30.084 ] } },
{ "type": "Feature", "properties": { "pt_id": "  7046", "trajectory_id": 7, "北京时间": "2026-05-15 08:00", "lon": 115.29, "lat": 30.067, "height": 190.0 }, "geometry": { "type": "Point", "coordinates": [ 115.29, 30.067 ] } },
{ "type": "Feature", "properties": { "pt_id": "  7047", "trajectory_id": 7, "北京时间": "2026-05-15 07:00", "lon": 115.354, "lat": 30.053, "height": 198.0 }, "geometry": { "type": "Point", "coordinates": [ 115.354, 30.053 ] } },
{ "type": "Feature", "properties": { "pt_id": "  7048", "trajectory_id": 7, "北京时间": "2026-05-15 06:00", "lon": 115.426, "lat": 30.037, "height": 202.0 }, "geometry": { "type": "Point", "coordinates": [ 115.426, 30.037 ] } },
{ "type": "Feature", "properties": { "pt_id": "  7049", "trajectory_id": 7, "北京时间": "2026-05-15 05:00", "lon": 115.509, "lat": 30.019, "height": 202.0 }, "geometry": { "type": "Point", "coordinates": [ 115.509, 30.019 ] } },
{ "type": "Feature", "properties": { "pt_id": "  7050", "trajectory_id": 7, "北京时间": "2026-05-15 04:00", "lon": 115.6, "lat": 30.0, "height": 208.0 }, "geometry": { "type": "Point", "coordinates": [ 115.6, 30.0 ] } },
{ "type": "Feature", "properties": { "pt_id": "  7051", "trajectory_id": 7, "北京时间": "2026-05-15 03:00", "lon": 115.69, "lat": 29.984, "height": 214.0 }, "geometry": { "type": "Point", "coordinates": [ 115.69, 29.984 ] } },
{ "type": "Feature", "properties": { "pt_id": "  7052", "trajectory_id": 7, "北京时间": "2026-05-15 02:00", "lon": 115.774, "lat": 29.965, "height": 202.0 }, "geometry": { "type": "Point", "coordinates": [ 115.774, 29.965 ] } },
{ "type": "Feature", "properties": { "pt_id": "  7053", "trajectory_id": 7, "北京时间": "2026-05-15 01:00", "lon": 115.853, "lat": 29.937, "height": 185.0 }, "geometry": { "type": "Point", "coordinates": [ 115.853, 29.937 ] } },
{ "type": "Feature", "properties": { "pt_id": "  7054", "trajectory_id": 7, "北京时间": "2026-05-15 00:00", "lon": 115.93, "lat": 29.897, "height": 171.0 }, "geometry": { "type": "Point", "coordinates": [ 115.93, 29.897 ] } },
{ "type": "Feature", "properties": { "pt_id": "  7055", "trajectory_id": 7, "北京时间": "2026-05-14 23:00", "lon": 116.004, "lat": 29.845, "height": 163.0 }, "geometry": { "type": "Point", "coordinates": [ 116.004, 29.845 ] } },
{ "type": "Feature", "properties": { "pt_id": "  7056", "trajectory_id": 7, "北京时间": "2026-05-14 22:00", "lon": 116.072, "lat": 29.76, "height": 174.0 }, "geometry": { "type": "Point", "coordinates": [ 116.072, 29.76 ] } },
{ "type": "Feature", "properties": { "pt_id": "  7057", "trajectory_id": 7, "北京时间": "2026-05-14 21:00", "lon": 116.137, "lat": 29.633, "height": 228.0 }, "geometry": { "type": "Point", "coordinates": [ 116.137, 29.633 ] } },
{ "type": "Feature", "properties": { "pt_id": "  7058", "trajectory_id": 7, "北京时间": "2026-05-14 20:00", "lon": 116.207, "lat": 29.504, "height": 330.0 }, "geometry": { "type": "Point", "coordinates": [ 116.207, 29.504 ] } },
{ "type": "Feature", "properties": { "pt_id": "  7059", "trajectory_id": 7, "北京时间": "2026-05-14 19:00", "lon": 116.291, "lat": 29.364, "height": 418.0 }, "geometry": { "type": "Point", "coordinates": [ 116.291, 29.364 ] } },
{ "type": "Feature", "properties": { "pt_id": "  7060", "trajectory_id": 7, "北京时间": "2026-05-14 18:00", "lon": 116.387, "lat": 29.218, "height": 425.0 }, "geometry": { "type": "Point", "coordinates": [ 116.387, 29.218 ] } },
{ "type": "Feature", "properties": { "pt_id": "  7061", "trajectory_id": 7, "北京时间": "2026-05-14 17:00", "lon": 116.487, "lat": 29.068, "height": 429.0 }, "geometry": { "type": "Point", "coordinates": [ 116.487, 29.068 ] } },
{ "type": "Feature", "properties": { "pt_id": "  7062", "trajectory_id": 7, "北京时间": "2026-05-14 16:00", "lon": 116.593, "lat": 28.902, "height": 465.0 }, "geometry": { "type": "Point", "coordinates": [ 116.593, 28.902 ] } },
{ "type": "Feature", "properties": { "pt_id": "  7063", "trajectory_id": 7, "北京时间": "2026-05-14 15:00", "lon": 116.707, "lat": 28.739, "height": 535.0 }, "geometry": { "type": "Point", "coordinates": [ 116.707, 28.739 ] } },
{ "type": "Feature", "properties": { "pt_id": "  7064", "trajectory_id": 7, "北京时间": "2026-05-14 14:00", "lon": 116.833, "lat": 28.579, "height": 612.0 }, "geometry": { "type": "Point", "coordinates": [ 116.833, 28.579 ] } },
{ "type": "Feature", "properties": { "pt_id": "  7065", "trajectory_id": 7, "北京时间": "2026-05-14 13:00", "lon": 116.966, "lat": 28.415, "height": 678.0 }, "geometry": { "type": "Point", "coordinates": [ 116.966, 28.415 ] } },
{ "type": "Feature", "properties": { "pt_id": "  7066", "trajectory_id": 7, "北京时间": "2026-05-14 12:00", "lon": 117.09, "lat": 28.252, "height": 756.0 }, "geometry": { "type": "Point", "coordinates": [ 117.09, 28.252 ] } },
{ "type": "Feature", "properties": { "pt_id": "  7067", "trajectory_id": 7, "北京时间": "2026-05-14 11:00", "lon": 117.209, "lat": 28.086, "height": 932.0 }, "geometry": { "type": "Point", "coordinates": [ 117.209, 28.086 ] } },
{ "type": "Feature", "properties": { "pt_id": "  7068", "trajectory_id": 7, "北京时间": "2026-05-14 10:00", "lon": 117.269, "lat": 27.871, "height": 1169.0 }, "geometry": { "type": "Point", "coordinates": [ 117.269, 27.871 ] } },
{ "type": "Feature", "properties": { "pt_id": "  7069", "trajectory_id": 7, "北京时间": "2026-05-14 09:00", "lon": 117.203, "lat": 27.627, "height": 1324.0 }, "geometry": { "type": "Point", "coordinates": [ 117.203, 27.627 ] } },
{ "type": "Feature", "properties": { "pt_id": "  7070", "trajectory_id": 7, "北京时间": "2026-05-14 08:00", "lon": 117.188, "lat": 27.397, "height": 1372.0 }, "geometry": { "type": "Point", "coordinates": [ 117.188, 27.397 ] } },
{ "type": "Feature", "properties": { "pt_id": "  7071", "trajectory_id": 7, "北京时间": "2026-05-14 07:00", "lon": 117.169, "lat": 27.169, "height": 1380.0 }, "geometry": { "type": "Point", "coordinates": [ 117.169, 27.169 ] } },
{ "type": "Feature", "properties": { "pt_id": "  7072", "trajectory_id": 7, "北京时间": "2026-05-14 06:00", "lon": 117.172, "lat": 26.929, "height": 1216.0 }, "geometry": { "type": "Point", "coordinates": [ 117.172, 26.929 ] } },
{ "type": "Feature", "properties": { "pt_id": "  8000", "trajectory_id": 8, "北京时间": "2026-05-16 06:00", "lon": 113.942, "lat": 30.907, "height": 10.0 }, "geometry": { "type": "Point", "coordinates": [ 113.942, 30.907 ] } },
{ "type": "Feature", "properties": { "pt_id": "  8029", "trajectory_id": 8, "北京时间": "2026-05-16 05:00", "lon": 114.051, "lat": 30.857, "height": 7.0 }, "geometry": { "type": "Point", "coordinates": [ 114.051, 30.857 ] } },
{ "type": "Feature", "properties": { "pt_id": "  8030", "trajectory_id": 8, "北京时间": "2026-05-16 04:00", "lon": 114.152, "lat": 30.802, "height": 8.0 }, "geometry": { "type": "Point", "coordinates": [ 114.152, 30.802 ] } },
{ "type": "Feature", "properties": { "pt_id": "  8031", "trajectory_id": 8, "北京时间": "2026-05-16 03:00", "lon": 114.249, "lat": 30.72, "height": 9.0 }, "geometry": { "type": "Point", "coordinates": [ 114.249, 30.72 ] } },
{ "type": "Feature", "properties": { "pt_id": "  8032", "trajectory_id": 8, "北京时间": "2026-05-16 02:00", "lon": 114.338, "lat": 30.633, "height": 12.0 }, "geometry": { "type": "Point", "coordinates": [ 114.338, 30.633 ] } },
{ "type": "Feature", "properties": { "pt_id": "  8033", "trajectory_id": 8, "北京时间": "2026-05-16 01:00", "lon": 114.408, "lat": 30.55, "height": 15.0 }, "geometry": { "type": "Point", "coordinates": [ 114.408, 30.55 ] } },
{ "type": "Feature", "properties": { "pt_id": "  8034", "trajectory_id": 8, "北京时间": "2026-05-16 00:00", "lon": 114.469, "lat": 30.461, "height": 18.0 }, "geometry": { "type": "Point", "coordinates": [ 114.469, 30.461 ] } },
{ "type": "Feature", "properties": { "pt_id": "  8035", "trajectory_id": 8, "北京时间": "2026-05-15 23:00", "lon": 114.535, "lat": 30.399, "height": 21.0 }, "geometry": { "type": "Point", "coordinates": [ 114.535, 30.399 ] } },
{ "type": "Feature", "properties": { "pt_id": "  8036", "trajectory_id": 8, "北京时间": "2026-05-15 22:00", "lon": 114.606, "lat": 30.378, "height": 28.0 }, "geometry": { "type": "Point", "coordinates": [ 114.606, 30.378 ] } },
{ "type": "Feature", "properties": { "pt_id": "  8037", "trajectory_id": 8, "北京时间": "2026-05-15 21:00", "lon": 114.662, "lat": 30.389, "height": 37.0 }, "geometry": { "type": "Point", "coordinates": [ 114.662, 30.389 ] } },
{ "type": "Feature", "properties": { "pt_id": "  8038", "trajectory_id": 8, "北京时间": "2026-05-15 20:00", "lon": 114.699, "lat": 30.416, "height": 46.0 }, "geometry": { "type": "Point", "coordinates": [ 114.699, 30.416 ] } },
{ "type": "Feature", "properties": { "pt_id": "  8039", "trajectory_id": 8, "北京时间": "2026-05-15 19:00", "lon": 114.734, "lat": 30.437, "height": 60.0 }, "geometry": { "type": "Point", "coordinates": [ 114.734, 30.437 ] } },
{ "type": "Feature", "properties": { "pt_id": "  8040", "trajectory_id": 8, "北京时间": "2026-05-15 18:00", "lon": 114.77, "lat": 30.447, "height": 86.0 }, "geometry": { "type": "Point", "coordinates": [ 114.77, 30.447 ] } },
{ "type": "Feature", "properties": { "pt_id": "  8041", "trajectory_id": 8, "北京时间": "2026-05-15 17:00", "lon": 114.808, "lat": 30.442, "height": 116.0 }, "geometry": { "type": "Point", "coordinates": [ 114.808, 30.442 ] } },
{ "type": "Feature", "properties": { "pt_id": "  8042", "trajectory_id": 8, "北京时间": "2026-05-15 16:00", "lon": 114.843, "lat": 30.419, "height": 135.0 }, "geometry": { "type": "Point", "coordinates": [ 114.843, 30.419 ] } },
{ "type": "Feature", "properties": { "pt_id": "  8043", "trajectory_id": 8, "北京时间": "2026-05-15 15:00", "lon": 114.875, "lat": 30.38, "height": 147.0 }, "geometry": { "type": "Point", "coordinates": [ 114.875, 30.38 ] } },
{ "type": "Feature", "properties": { "pt_id": "  8044", "trajectory_id": 8, "北京时间": "2026-05-15 14:00", "lon": 114.911, "lat": 30.339, "height": 156.0 }, "geometry": { "type": "Point", "coordinates": [ 114.911, 30.339 ] } },
{ "type": "Feature", "properties": { "pt_id": "  8045", "trajectory_id": 8, "北京时间": "2026-05-15 13:00", "lon": 114.957, "lat": 30.305, "height": 165.0 }, "geometry": { "type": "Point", "coordinates": [ 114.957, 30.305 ] } },
{ "type": "Feature", "properties": { "pt_id": "  8046", "trajectory_id": 8, "北京时间": "2026-05-15 12:00", "lon": 115.015, "lat": 30.273, "height": 175.0 }, "geometry": { "type": "Point", "coordinates": [ 115.015, 30.273 ] } },
{ "type": "Feature", "properties": { "pt_id": "  8047", "trajectory_id": 8, "北京时间": "2026-05-15 11:00", "lon": 115.079, "lat": 30.24, "height": 186.0 }, "geometry": { "type": "Point", "coordinates": [ 115.079, 30.24 ] } },
{ "type": "Feature", "properties": { "pt_id": "  8048", "trajectory_id": 8, "北京时间": "2026-05-15 10:00", "lon": 115.146, "lat": 30.201, "height": 195.0 }, "geometry": { "type": "Point", "coordinates": [ 115.146, 30.201 ] } },
{ "type": "Feature", "properties": { "pt_id": "  8049", "trajectory_id": 8, "北京时间": "2026-05-15 09:00", "lon": 115.22, "lat": 30.154, "height": 200.0 }, "geometry": { "type": "Point", "coordinates": [ 115.22, 30.154 ] } },
{ "type": "Feature", "properties": { "pt_id": "  8050", "trajectory_id": 8, "北京时间": "2026-05-15 08:00", "lon": 115.3, "lat": 30.104, "height": 205.0 }, "geometry": { "type": "Point", "coordinates": [ 115.3, 30.104 ] } },
{ "type": "Feature", "properties": { "pt_id": "  8051", "trajectory_id": 8, "北京时间": "2026-05-15 07:00", "lon": 115.379, "lat": 30.057, "height": 215.0 }, "geometry": { "type": "Point", "coordinates": [ 115.379, 30.057 ] } },
{ "type": "Feature", "properties": { "pt_id": "  8052", "trajectory_id": 8, "北京时间": "2026-05-15 06:00", "lon": 115.457, "lat": 30.0, "height": 233.0 }, "geometry": { "type": "Point", "coordinates": [ 115.457, 30.0 ] } },
{ "type": "Feature", "properties": { "pt_id": "  8053", "trajectory_id": 8, "北京时间": "2026-05-15 05:00", "lon": 115.538, "lat": 29.926, "height": 260.0 }, "geometry": { "type": "Point", "coordinates": [ 115.538, 29.926 ] } },
{ "type": "Feature", "properties": { "pt_id": "  8054", "trajectory_id": 8, "北京时间": "2026-05-15 04:00", "lon": 115.617, "lat": 29.843, "height": 282.0 }, "geometry": { "type": "Point", "coordinates": [ 115.617, 29.843 ] } },
{ "type": "Feature", "properties": { "pt_id": "  8055", "trajectory_id": 8, "北京时间": "2026-05-15 03:00", "lon": 115.68, "lat": 29.759, "height": 290.0 }, "geometry": { "type": "Point", "coordinates": [ 115.68, 29.759 ] } },
{ "type": "Feature", "properties": { "pt_id": "  8056", "trajectory_id": 8, "北京时间": "2026-05-15 02:00", "lon": 115.733, "lat": 29.68, "height": 280.0 }, "geometry": { "type": "Point", "coordinates": [ 115.733, 29.68 ] } },
{ "type": "Feature", "properties": { "pt_id": "  8057", "trajectory_id": 8, "北京时间": "2026-05-15 01:00", "lon": 115.811, "lat": 29.586, "height": 290.0 }, "geometry": { "type": "Point", "coordinates": [ 115.811, 29.586 ] } },
{ "type": "Feature", "properties": { "pt_id": "  8058", "trajectory_id": 8, "北京时间": "2026-05-15 00:00", "lon": 115.914, "lat": 29.479, "height": 367.0 }, "geometry": { "type": "Point", "coordinates": [ 115.914, 29.479 ] } },
{ "type": "Feature", "properties": { "pt_id": "  8059", "trajectory_id": 8, "北京时间": "2026-05-14 23:00", "lon": 116.006, "lat": 29.37, "height": 450.0 }, "geometry": { "type": "Point", "coordinates": [ 116.006, 29.37 ] } },
{ "type": "Feature", "properties": { "pt_id": "  8060", "trajectory_id": 8, "北京时间": "2026-05-14 22:00", "lon": 116.102, "lat": 29.241, "height": 476.0 }, "geometry": { "type": "Point", "coordinates": [ 116.102, 29.241 ] } },
{ "type": "Feature", "properties": { "pt_id": "  8061", "trajectory_id": 8, "北京时间": "2026-05-14 21:00", "lon": 116.208, "lat": 29.092, "height": 490.0 }, "geometry": { "type": "Point", "coordinates": [ 116.208, 29.092 ] } },
{ "type": "Feature", "properties": { "pt_id": "  8062", "trajectory_id": 8, "北京时间": "2026-05-14 20:00", "lon": 116.306, "lat": 28.924, "height": 548.0 }, "geometry": { "type": "Point", "coordinates": [ 116.306, 28.924 ] } },
{ "type": "Feature", "properties": { "pt_id": "  8063", "trajectory_id": 8, "北京时间": "2026-05-14 19:00", "lon": 116.414, "lat": 28.753, "height": 660.0 }, "geometry": { "type": "Point", "coordinates": [ 116.414, 28.753 ] } },
{ "type": "Feature", "properties": { "pt_id": "  8064", "trajectory_id": 8, "北京时间": "2026-05-14 18:00", "lon": 116.525, "lat": 28.571, "height": 816.0 }, "geometry": { "type": "Point", "coordinates": [ 116.525, 28.571 ] } },
{ "type": "Feature", "properties": { "pt_id": "  8065", "trajectory_id": 8, "北京时间": "2026-05-14 17:00", "lon": 116.609, "lat": 28.365, "height": 919.0 }, "geometry": { "type": "Point", "coordinates": [ 116.609, 28.365 ] } },
{ "type": "Feature", "properties": { "pt_id": "  8066", "trajectory_id": 8, "北京时间": "2026-05-14 16:00", "lon": 116.681, "lat": 28.111, "height": 1049.0 }, "geometry": { "type": "Point", "coordinates": [ 116.681, 28.111 ] } },
{ "type": "Feature", "properties": { "pt_id": "  8067", "trajectory_id": 8, "北京时间": "2026-05-14 15:00", "lon": 116.692, "lat": 27.837, "height": 1221.0 }, "geometry": { "type": "Point", "coordinates": [ 116.692, 27.837 ] } },
{ "type": "Feature", "properties": { "pt_id": "  8068", "trajectory_id": 8, "北京时间": "2026-05-14 14:00", "lon": 116.61, "lat": 27.612, "height": 1358.0 }, "geometry": { "type": "Point", "coordinates": [ 116.61, 27.612 ] } },
{ "type": "Feature", "properties": { "pt_id": "  8069", "trajectory_id": 8, "北京时间": "2026-05-14 13:00", "lon": 116.482, "lat": 27.383, "height": 1465.0 }, "geometry": { "type": "Point", "coordinates": [ 116.482, 27.383 ] } },
{ "type": "Feature", "properties": { "pt_id": "  8070", "trajectory_id": 8, "北京时间": "2026-05-14 12:00", "lon": 116.242, "lat": 27.12, "height": 1418.0 }, "geometry": { "type": "Point", "coordinates": [ 116.242, 27.12 ] } },
{ "type": "Feature", "properties": { "pt_id": "  8071", "trajectory_id": 8, "北京时间": "2026-05-14 11:00", "lon": 116.014, "lat": 26.858, "height": 1438.0 }, "geometry": { "type": "Point", "coordinates": [ 116.014, 26.858 ] } },
{ "type": "Feature", "properties": { "pt_id": "  8072", "trajectory_id": 8, "北京时间": "2026-05-14 10:00", "lon": 115.841, "lat": 26.554, "height": 1322.0 }, "geometry": { "type": "Point", "coordinates": [ 115.841, 26.554 ] } },
{ "type": "Feature", "properties": { "pt_id": "  8073", "trajectory_id": 8, "北京时间": "2026-05-14 09:00", "lon": 115.708, "lat": 26.249, "height": 1236.0 }, "geometry": { "type": "Point", "coordinates": [ 115.708, 26.249 ] } },
{ "type": "Feature", "properties": { "pt_id": "  8074", "trajectory_id": 8, "北京时间": "2026-05-14 08:00", "lon": 115.595, "lat": 25.973, "height": 1180.0 }, "geometry": { "type": "Point", "coordinates": [ 115.595, 25.973 ] } },
{ "type": "Feature", "properties": { "pt_id": "  8075", "trajectory_id": 8, "北京时间": "2026-05-14 07:00", "lon": 115.477, "lat": 25.724, "height": 1180.0 }, "geometry": { "type": "Point", "coordinates": [ 115.477, 25.724 ] } },
{ "type": "Feature", "properties": { "pt_id": "  8076", "trajectory_id": 8, "北京时间": "2026-05-14 06:00", "lon": 115.352, "lat": 25.499, "height": 1141.0 }, "geometry": { "type": "Point", "coordinates": [ 115.352, 25.499 ] } },
{ "type": "Feature", "properties": { "pt_id": "  9000", "trajectory_id": 9, "北京时间": "2026-05-16 06:00", "lon": 113.942, "lat": 30.907, "height": 10.0 }, "geometry": { "type": "Point", "coordinates": [ 113.942, 30.907 ] } },
{ "type": "Feature", "properties": { "pt_id": "  9033", "trajectory_id": 9, "北京时间": "2026-05-16 05:00", "lon": 114.021, "lat": 30.937, "height": 15.0 }, "geometry": { "type": "Point", "coordinates": [ 114.021, 30.937 ] } },
{ "type": "Feature", "properties": { "pt_id": "  9034", "trajectory_id": 9, "北京时间": "2026-05-16 04:00", "lon": 114.127, "lat": 31.02, "height": 37.0 }, "geometry": { "type": "Point", "coordinates": [ 114.127, 31.02 ] } },
{ "type": "Feature", "properties": { "pt_id": "  9035", "trajectory_id": 9, "北京时间": "2026-05-16 03:00", "lon": 114.29, "lat": 31.144, "height": 67.0 }, "geometry": { "type": "Point", "coordinates": [ 114.29, 31.144 ] } },
{ "type": "Feature", "properties": { "pt_id": "  9036", "trajectory_id": 9, "北京时间": "2026-05-16 02:00", "lon": 114.523, "lat": 31.274, "height": 58.0 }, "geometry": { "type": "Point", "coordinates": [ 114.523, 31.274 ] } },
{ "type": "Feature", "properties": { "pt_id": "  9037", "trajectory_id": 9, "北京时间": "2026-05-16 01:00", "lon": 114.858, "lat": 31.419, "height": 136.0 }, "geometry": { "type": "Point", "coordinates": [ 114.858, 31.419 ] } },
{ "type": "Feature", "properties": { "pt_id": "  9038", "trajectory_id": 9, "北京时间": "2026-05-16 00:00", "lon": 115.293, "lat": 31.518, "height": 514.0 }, "geometry": { "type": "Point", "coordinates": [ 115.293, 31.518 ] } },
{ "type": "Feature", "properties": { "pt_id": "  9039", "trajectory_id": 9, "北京时间": "2026-05-15 23:00", "lon": 115.734, "lat": 31.535, "height": 616.0 }, "geometry": { "type": "Point", "coordinates": [ 115.734, 31.535 ] } },
{ "type": "Feature", "properties": { "pt_id": "  9040", "trajectory_id": 9, "北京时间": "2026-05-15 22:00", "lon": 116.234, "lat": 31.462, "height": 707.0 }, "geometry": { "type": "Point", "coordinates": [ 116.234, 31.462 ] } },
{ "type": "Feature", "properties": { "pt_id": "  9041", "trajectory_id": 9, "北京时间": "2026-05-15 21:00", "lon": 116.698, "lat": 31.34, "height": 832.0 }, "geometry": { "type": "Point", "coordinates": [ 116.698, 31.34 ] } },
{ "type": "Feature", "properties": { "pt_id": "  9042", "trajectory_id": 9, "北京时间": "2026-05-15 20:00", "lon": 117.214, "lat": 31.211, "height": 870.0 }, "geometry": { "type": "Point", "coordinates": [ 117.214, 31.211 ] } },
{ "type": "Feature", "properties": { "pt_id": "  9043", "trajectory_id": 9, "北京时间": "2026-05-15 19:00", "lon": 117.802, "lat": 31.036, "height": 939.0 }, "geometry": { "type": "Point", "coordinates": [ 117.802, 31.036 ] } },
{ "type": "Feature", "properties": { "pt_id": "  9044", "trajectory_id": 9, "北京时间": "2026-05-15 18:00", "lon": 118.361, "lat": 30.868, "height": 956.0 }, "geometry": { "type": "Point", "coordinates": [ 118.361, 30.868 ] } },
{ "type": "Feature", "properties": { "pt_id": "  9045", "trajectory_id": 9, "北京时间": "2026-05-15 17:00", "lon": 118.876, "lat": 30.676, "height": 1316.0 }, "geometry": { "type": "Point", "coordinates": [ 118.876, 30.676 ] } },
{ "type": "Feature", "properties": { "pt_id": "  9046", "trajectory_id": 9, "北京时间": "2026-05-15 16:00", "lon": 119.337, "lat": 30.468, "height": 1813.0 }, "geometry": { "type": "Point", "coordinates": [ 119.337, 30.468 ] } },
{ "type": "Feature", "properties": { "pt_id": "  9047", "trajectory_id": 9, "北京时间": "2026-05-15 15:00", "lon": 119.759, "lat": 30.226, "height": 1697.0 }, "geometry": { "type": "Point", "coordinates": [ 119.759, 30.226 ] } },
{ "type": "Feature", "properties": { "pt_id": "  9048", "trajectory_id": 9, "北京时间": "2026-05-15 14:00", "lon": 120.069, "lat": 29.974, "height": 1687.0 }, "geometry": { "type": "Point", "coordinates": [ 120.069, 29.974 ] } },
{ "type": "Feature", "properties": { "pt_id": "  9049", "trajectory_id": 9, "北京时间": "2026-05-15 13:00", "lon": 120.308, "lat": 29.69, "height": 1614.0 }, "geometry": { "type": "Point", "coordinates": [ 120.308, 29.69 ] } },
{ "type": "Feature", "properties": { "pt_id": "  9050", "trajectory_id": 9, "北京时间": "2026-05-15 12:00", "lon": 120.508, "lat": 29.387, "height": 1550.0 }, "geometry": { "type": "Point", "coordinates": [ 120.508, 29.387 ] } },
{ "type": "Feature", "properties": { "pt_id": "  9051", "trajectory_id": 9, "北京时间": "2026-05-15 11:00", "lon": 120.69, "lat": 29.089, "height": 1656.0 }, "geometry": { "type": "Point", "coordinates": [ 120.69, 29.089 ] } },
{ "type": "Feature", "properties": { "pt_id": "  9052", "trajectory_id": 9, "北京时间": "2026-05-15 10:00", "lon": 120.884, "lat": 28.761, "height": 1896.0 }, "geometry": { "type": "Point", "coordinates": [ 120.884, 28.761 ] } },
{ "type": "Feature", "properties": { "pt_id": "  9053", "trajectory_id": 9, "北京时间": "2026-05-15 09:00", "lon": 121.052, "lat": 28.448, "height": 2046.0 }, "geometry": { "type": "Point", "coordinates": [ 121.052, 28.448 ] } },
{ "type": "Feature", "properties": { "pt_id": "  9054", "trajectory_id": 9, "北京时间": "2026-05-15 08:00", "lon": 121.223, "lat": 28.16, "height": 2146.0 }, "geometry": { "type": "Point", "coordinates": [ 121.223, 28.16 ] } },
{ "type": "Feature", "properties": { "pt_id": "  9055", "trajectory_id": 9, "北京时间": "2026-05-15 07:00", "lon": 121.404, "lat": 27.896, "height": 2093.0 }, "geometry": { "type": "Point", "coordinates": [ 121.404, 27.896 ] } },
{ "type": "Feature", "properties": { "pt_id": "  9056", "trajectory_id": 9, "北京时间": "2026-05-15 06:00", "lon": 121.579, "lat": 27.657, "height": 1966.0 }, "geometry": { "type": "Point", "coordinates": [ 121.579, 27.657 ] } },
{ "type": "Feature", "properties": { "pt_id": "  9057", "trajectory_id": 9, "北京时间": "2026-05-15 05:00", "lon": 121.75, "lat": 27.444, "height": 1994.0 }, "geometry": { "type": "Point", "coordinates": [ 121.75, 27.444 ] } },
{ "type": "Feature", "properties": { "pt_id": "  9058", "trajectory_id": 9, "北京时间": "2026-05-15 04:00", "lon": 121.926, "lat": 27.257, "height": 1982.0 }, "geometry": { "type": "Point", "coordinates": [ 121.926, 27.257 ] } },
{ "type": "Feature", "properties": { "pt_id": "  9059", "trajectory_id": 9, "北京时间": "2026-05-15 03:00", "lon": 122.091, "lat": 27.103, "height": 1834.0 }, "geometry": { "type": "Point", "coordinates": [ 122.091, 27.103 ] } },
{ "type": "Feature", "properties": { "pt_id": "  9060", "trajectory_id": 9, "北京时间": "2026-05-15 02:00", "lon": 122.18, "lat": 26.965, "height": 1573.0 }, "geometry": { "type": "Point", "coordinates": [ 122.18, 26.965 ] } },
{ "type": "Feature", "properties": { "pt_id": "  9061", "trajectory_id": 9, "北京时间": "2026-05-15 01:00", "lon": 122.207, "lat": 26.823, "height": 1477.0 }, "geometry": { "type": "Point", "coordinates": [ 122.207, 26.823 ] } },
{ "type": "Feature", "properties": { "pt_id": "  9062", "trajectory_id": 9, "北京时间": "2026-05-15 00:00", "lon": 122.227, "lat": 26.703, "height": 1515.0 }, "geometry": { "type": "Point", "coordinates": [ 122.227, 26.703 ] } },
{ "type": "Feature", "properties": { "pt_id": "  9063", "trajectory_id": 9, "北京时间": "2026-05-14 23:00", "lon": 122.247, "lat": 26.64, "height": 1582.0 }, "geometry": { "type": "Point", "coordinates": [ 122.247, 26.64 ] } },
{ "type": "Feature", "properties": { "pt_id": "  9064", "trajectory_id": 9, "北京时间": "2026-05-14 22:00", "lon": 122.248, "lat": 26.619, "height": 1595.0 }, "geometry": { "type": "Point", "coordinates": [ 122.248, 26.619 ] } },
{ "type": "Feature", "properties": { "pt_id": "  9065", "trajectory_id": 9, "北京时间": "2026-05-14 21:00", "lon": 122.244, "lat": 26.617, "height": 1545.0 }, "geometry": { "type": "Point", "coordinates": [ 122.244, 26.617 ] } },
{ "type": "Feature", "properties": { "pt_id": "  9066", "trajectory_id": 9, "北京时间": "2026-05-14 20:00", "lon": 122.262, "lat": 26.619, "height": 1447.0 }, "geometry": { "type": "Point", "coordinates": [ 122.262, 26.619 ] } },
{ "type": "Feature", "properties": { "pt_id": "  9067", "trajectory_id": 9, "北京时间": "2026-05-14 19:00", "lon": 122.308, "lat": 26.623, "height": 1310.0 }, "geometry": { "type": "Point", "coordinates": [ 122.308, 26.623 ] } },
{ "type": "Feature", "properties": { "pt_id": "  9068", "trajectory_id": 9, "北京时间": "2026-05-14 18:00", "lon": 122.379, "lat": 26.622, "height": 1175.0 }, "geometry": { "type": "Point", "coordinates": [ 122.379, 26.622 ] } },
{ "type": "Feature", "properties": { "pt_id": "  9069", "trajectory_id": 9, "北京时间": "2026-05-14 17:00", "lon": 122.462, "lat": 26.61, "height": 1078.0 }, "geometry": { "type": "Point", "coordinates": [ 122.462, 26.61 ] } },
{ "type": "Feature", "properties": { "pt_id": "  9070", "trajectory_id": 9, "北京时间": "2026-05-14 16:00", "lon": 122.549, "lat": 26.588, "height": 1034.0 }, "geometry": { "type": "Point", "coordinates": [ 122.549, 26.588 ] } },
{ "type": "Feature", "properties": { "pt_id": "  9071", "trajectory_id": 9, "北京时间": "2026-05-14 15:00", "lon": 122.635, "lat": 26.582, "height": 1018.0 }, "geometry": { "type": "Point", "coordinates": [ 122.635, 26.582 ] } },
{ "type": "Feature", "properties": { "pt_id": "  9072", "trajectory_id": 9, "北京时间": "2026-05-14 14:00", "lon": 122.723, "lat": 26.613, "height": 980.0 }, "geometry": { "type": "Point", "coordinates": [ 122.723, 26.613 ] } },
{ "type": "Feature", "properties": { "pt_id": "  9073", "trajectory_id": 9, "北京时间": "2026-05-14 13:00", "lon": 122.815, "lat": 26.68, "height": 941.0 }, "geometry": { "type": "Point", "coordinates": [ 122.815, 26.68 ] } },
{ "type": "Feature", "properties": { "pt_id": "  9074", "trajectory_id": 9, "北京时间": "2026-05-14 12:00", "lon": 122.894, "lat": 26.765, "height": 989.0 }, "geometry": { "type": "Point", "coordinates": [ 122.894, 26.765 ] } },
{ "type": "Feature", "properties": { "pt_id": "  9075", "trajectory_id": 9, "北京时间": "2026-05-14 11:00", "lon": 122.94, "lat": 26.853, "height": 1117.0 }, "geometry": { "type": "Point", "coordinates": [ 122.94, 26.853 ] } },
{ "type": "Feature", "properties": { "pt_id": "  9076", "trajectory_id": 9, "北京时间": "2026-05-14 10:00", "lon": 122.958, "lat": 26.95, "height": 1261.0 }, "geometry": { "type": "Point", "coordinates": [ 122.958, 26.95 ] } },
{ "type": "Feature", "properties": { "pt_id": "  9077", "trajectory_id": 9, "北京时间": "2026-05-14 09:00", "lon": 122.961, "lat": 27.059, "height": 1374.0 }, "geometry": { "type": "Point", "coordinates": [ 122.961, 27.059 ] } },
{ "type": "Feature", "properties": { "pt_id": "  9078", "trajectory_id": 9, "北京时间": "2026-05-14 08:00", "lon": 122.946, "lat": 27.174, "height": 1487.0 }, "geometry": { "type": "Point", "coordinates": [ 122.946, 27.174 ] } },
{ "type": "Feature", "properties": { "pt_id": "  9079", "trajectory_id": 9, "北京时间": "2026-05-14 07:00", "lon": 122.913, "lat": 27.3, "height": 1600.0 }, "geometry": { "type": "Point", "coordinates": [ 122.913, 27.3 ] } },
{ "type": "Feature", "properties": { "pt_id": "  9080", "trajectory_id": 9, "北京时间": "2026-05-14 06:00", "lon": 122.876, "lat": 27.436, "height": 1646.0 }, "geometry": { "type": "Point", "coordinates": [ 122.876, 27.436 ] } },
{ "type": "Feature", "properties": { "pt_id": " 10000", "trajectory_id": 10, "北京时间": "2026-05-16 06:00", "lon": 113.942, "lat": 30.907, "height": 10.0 }, "geometry": { "type": "Point", "coordinates": [ 113.942, 30.907 ] } },
{ "type": "Feature", "properties": { "pt_id": " 10037", "trajectory_id": 10, "北京时间": "2026-05-16 05:00", "lon": 114.053, "lat": 31.009, "height": 27.0 }, "geometry": { "type": "Point", "coordinates": [ 114.053, 31.009 ] } },
{ "type": "Feature", "properties": { "pt_id": " 10038", "trajectory_id": 10, "北京时间": "2026-05-16 04:00", "lon": 114.186, "lat": 31.106, "height": 54.0 }, "geometry": { "type": "Point", "coordinates": [ 114.186, 31.106 ] } },
{ "type": "Feature", "properties": { "pt_id": " 10039", "trajectory_id": 10, "北京时间": "2026-05-16 03:00", "lon": 114.312, "lat": 31.194, "height": 55.0 }, "geometry": { "type": "Point", "coordinates": [ 114.312, 31.194 ] } },
{ "type": "Feature", "properties": { "pt_id": " 10040", "trajectory_id": 10, "北京时间": "2026-05-16 02:00", "lon": 114.409, "lat": 31.285, "height": 50.0 }, "geometry": { "type": "Point", "coordinates": [ 114.409, 31.285 ] } },
{ "type": "Feature", "properties": { "pt_id": " 10041", "trajectory_id": 10, "北京时间": "2026-05-16 01:00", "lon": 114.493, "lat": 31.387, "height": 66.0 }, "geometry": { "type": "Point", "coordinates": [ 114.493, 31.387 ] } },
{ "type": "Feature", "properties": { "pt_id": " 10042", "trajectory_id": 10, "北京时间": "2026-05-16 00:00", "lon": 114.574, "lat": 31.491, "height": 96.0 }, "geometry": { "type": "Point", "coordinates": [ 114.574, 31.491 ] } },
{ "type": "Feature", "properties": { "pt_id": " 10043", "trajectory_id": 10, "北京时间": "2026-05-15 23:00", "lon": 114.63, "lat": 31.572, "height": 94.0 }, "geometry": { "type": "Point", "coordinates": [ 114.63, 31.572 ] } },
{ "type": "Feature", "properties": { "pt_id": " 10044", "trajectory_id": 10, "北京时间": "2026-05-15 22:00", "lon": 114.666, "lat": 31.643, "height": 66.0 }, "geometry": { "type": "Point", "coordinates": [ 114.666, 31.643 ] } },
{ "type": "Feature", "properties": { "pt_id": " 10045", "trajectory_id": 10, "北京时间": "2026-05-15 21:00", "lon": 114.694, "lat": 31.71, "height": 37.0 }, "geometry": { "type": "Point", "coordinates": [ 114.694, 31.71 ] } },
{ "type": "Feature", "properties": { "pt_id": " 10046", "trajectory_id": 10, "北京时间": "2026-05-15 20:00", "lon": 114.713, "lat": 31.761, "height": 19.0 }, "geometry": { "type": "Point", "coordinates": [ 114.713, 31.761 ] } },
{ "type": "Feature", "properties": { "pt_id": " 10047", "trajectory_id": 10, "北京时间": "2026-05-15 19:00", "lon": 114.725, "lat": 31.806, "height": 11.0 }, "geometry": { "type": "Point", "coordinates": [ 114.725, 31.806 ] } },
{ "type": "Feature", "properties": { "pt_id": " 10048", "trajectory_id": 10, "北京时间": "2026-05-15 18:00", "lon": 114.723, "lat": 31.847, "height": 1.0 }, "geometry": { "type": "Point", "coordinates": [ 114.723, 31.847 ] } },
{ "type": "Feature", "properties": { "pt_id": " 10049", "trajectory_id": 10, "北京时间": "2026-05-15 17:00", "lon": 114.703, "lat": 31.881, "height": 0.0 }, "geometry": { "type": "Point", "coordinates": [ 114.703, 31.881 ] } },
{ "type": "Feature", "properties": { "pt_id": " 10050", "trajectory_id": 10, "北京时间": "2026-05-15 16:00", "lon": 114.668, "lat": 31.903, "height": 0.0 }, "geometry": { "type": "Point", "coordinates": [ 114.668, 31.903 ] } },
{ "type": "Feature", "properties": { "pt_id": " 10051", "trajectory_id": 10, "北京时间": "2026-05-15 15:00", "lon": 114.622, "lat": 31.917, "height": 0.0 }, "geometry": { "type": "Point", "coordinates": [ 114.622, 31.917 ] } },
{ "type": "Feature", "properties": { "pt_id": " 10052", "trajectory_id": 10, "北京时间": "2026-05-15 14:00", "lon": 114.566, "lat": 31.92, "height": 0.0 }, "geometry": { "type": "Point", "coordinates": [ 114.566, 31.92 ] } },
{ "type": "Feature", "properties": { "pt_id": " 10053", "trajectory_id": 10, "北京时间": "2026-05-15 13:00", "lon": 114.508, "lat": 31.907, "height": 4.0 }, "geometry": { "type": "Point", "coordinates": [ 114.508, 31.907 ] } },
{ "type": "Feature", "properties": { "pt_id": " 10054", "trajectory_id": 10, "北京时间": "2026-05-15 12:00", "lon": 114.456, "lat": 31.873, "height": 17.0 }, "geometry": { "type": "Point", "coordinates": [ 114.456, 31.873 ] } },
{ "type": "Feature", "properties": { "pt_id": " 10055", "trajectory_id": 10, "北京时间": "2026-05-15 11:00", "lon": 114.413, "lat": 31.812, "height": 40.0 }, "geometry": { "type": "Point", "coordinates": [ 114.413, 31.812 ] } },
{ "type": "Feature", "properties": { "pt_id": " 10056", "trajectory_id": 10, "北京时间": "2026-05-15 10:00", "lon": 114.384, "lat": 31.72, "height": 73.0 }, "geometry": { "type": "Point", "coordinates": [ 114.384, 31.72 ] } },
{ "type": "Feature", "properties": { "pt_id": " 10057", "trajectory_id": 10, "北京时间": "2026-05-15 09:00", "lon": 114.374, "lat": 31.607, "height": 99.0 }, "geometry": { "type": "Point", "coordinates": [ 114.374, 31.607 ] } },
{ "type": "Feature", "properties": { "pt_id": " 10058", "trajectory_id": 10, "北京时间": "2026-05-15 08:00", "lon": 114.387, "lat": 31.483, "height": 99.0 }, "geometry": { "type": "Point", "coordinates": [ 114.387, 31.483 ] } },
{ "type": "Feature", "properties": { "pt_id": " 10059", "trajectory_id": 10, "北京时间": "2026-05-15 07:00", "lon": 114.42, "lat": 31.339, "height": 80.0 }, "geometry": { "type": "Point", "coordinates": [ 114.42, 31.339 ] } },
{ "type": "Feature", "properties": { "pt_id": " 10060", "trajectory_id": 10, "北京时间": "2026-05-15 06:00", "lon": 114.48, "lat": 31.152, "height": 83.0 }, "geometry": { "type": "Point", "coordinates": [ 114.48, 31.152 ] } },
{ "type": "Feature", "properties": { "pt_id": " 10061", "trajectory_id": 10, "北京时间": "2026-05-15 05:00", "lon": 114.593, "lat": 30.953, "height": 84.0 }, "geometry": { "type": "Point", "coordinates": [ 114.593, 30.953 ] } },
{ "type": "Feature", "properties": { "pt_id": " 10062", "trajectory_id": 10, "北京时间": "2026-05-15 04:00", "lon": 114.731, "lat": 30.756, "height": 90.0 }, "geometry": { "type": "Point", "coordinates": [ 114.731, 30.756 ] } },
{ "type": "Feature", "properties": { "pt_id": " 10063", "trajectory_id": 10, "北京时间": "2026-05-15 03:00", "lon": 114.901, "lat": 30.558, "height": 102.0 }, "geometry": { "type": "Point", "coordinates": [ 114.901, 30.558 ] } },
{ "type": "Feature", "properties": { "pt_id": " 10064", "trajectory_id": 10, "北京时间": "2026-05-15 02:00", "lon": 115.098, "lat": 30.354, "height": 188.0 }, "geometry": { "type": "Point", "coordinates": [ 115.098, 30.354 ] } },
{ "type": "Feature", "properties": { "pt_id": " 10065", "trajectory_id": 10, "北京时间": "2026-05-15 01:00", "lon": 115.326, "lat": 30.169, "height": 280.0 }, "geometry": { "type": "Point", "coordinates": [ 115.326, 30.169 ] } },
{ "type": "Feature", "properties": { "pt_id": " 10066", "trajectory_id": 10, "北京时间": "2026-05-15 00:00", "lon": 115.525, "lat": 30.017, "height": 316.0 }, "geometry": { "type": "Point", "coordinates": [ 115.525, 30.017 ] } },
{ "type": "Feature", "properties": { "pt_id": " 10067", "trajectory_id": 10, "北京时间": "2026-05-14 23:00", "lon": 115.679, "lat": 29.891, "height": 327.0 }, "geometry": { "type": "Point", "coordinates": [ 115.679, 29.891 ] } },
{ "type": "Feature", "properties": { "pt_id": " 10068", "trajectory_id": 10, "北京时间": "2026-05-14 22:00", "lon": 115.767, "lat": 29.77, "height": 314.0 }, "geometry": { "type": "Point", "coordinates": [ 115.767, 29.77 ] } },
{ "type": "Feature", "properties": { "pt_id": " 10069", "trajectory_id": 10, "北京时间": "2026-05-14 21:00", "lon": 115.832, "lat": 29.619, "height": 332.0 }, "geometry": { "type": "Point", "coordinates": [ 115.832, 29.619 ] } },
{ "type": "Feature", "properties": { "pt_id": " 10070", "trajectory_id": 10, "北京时间": "2026-05-14 20:00", "lon": 115.9, "lat": 29.446, "height": 372.0 }, "geometry": { "type": "Point", "coordinates": [ 115.9, 29.446 ] } },
{ "type": "Feature", "properties": { "pt_id": " 10071", "trajectory_id": 10, "北京时间": "2026-05-14 19:00", "lon": 115.913, "lat": 29.267, "height": 407.0 }, "geometry": { "type": "Point", "coordinates": [ 115.913, 29.267 ] } },
{ "type": "Feature", "properties": { "pt_id": " 10072", "trajectory_id": 10, "北京时间": "2026-05-14 18:00", "lon": 115.889, "lat": 29.081, "height": 514.0 }, "geometry": { "type": "Point", "coordinates": [ 115.889, 29.081 ] } },
{ "type": "Feature", "properties": { "pt_id": " 10073", "trajectory_id": 10, "北京时间": "2026-05-14 17:00", "lon": 115.921, "lat": 28.874, "height": 837.0 }, "geometry": { "type": "Point", "coordinates": [ 115.921, 28.874 ] } },
{ "type": "Feature", "properties": { "pt_id": " 10074", "trajectory_id": 10, "北京时间": "2026-05-14 16:00", "lon": 116.11, "lat": 28.652, "height": 1259.0 }, "geometry": { "type": "Point", "coordinates": [ 116.11, 28.652 ] } },
{ "type": "Feature", "properties": { "pt_id": " 10075", "trajectory_id": 10, "北京时间": "2026-05-14 15:00", "lon": 116.335, "lat": 28.442, "height": 1273.0 }, "geometry": { "type": "Point", "coordinates": [ 116.335, 28.442 ] } },
{ "type": "Feature", "properties": { "pt_id": " 10076", "trajectory_id": 10, "北京时间": "2026-05-14 14:00", "lon": 116.573, "lat": 28.274, "height": 1738.0 }, "geometry": { "type": "Point", "coordinates": [ 116.573, 28.274 ] } },
{ "type": "Feature", "properties": { "pt_id": " 10077", "trajectory_id": 10, "北京时间": "2026-05-14 13:00", "lon": 116.792, "lat": 28.232, "height": 2664.0 }, "geometry": { "type": "Point", "coordinates": [ 116.792, 28.232 ] } },
{ "type": "Feature", "properties": { "pt_id": " 10078", "trajectory_id": 10, "北京时间": "2026-05-14 12:00", "lon": 116.807, "lat": 28.218, "height": 3560.0 }, "geometry": { "type": "Point", "coordinates": [ 116.807, 28.218 ] } },
{ "type": "Feature", "properties": { "pt_id": " 10079", "trajectory_id": 10, "北京时间": "2026-05-14 11:00", "lon": 116.577, "lat": 28.233, "height": 4284.0 }, "geometry": { "type": "Point", "coordinates": [ 116.577, 28.233 ] } },
{ "type": "Feature", "properties": { "pt_id": " 10080", "trajectory_id": 10, "北京时间": "2026-05-14 10:00", "lon": 116.166, "lat": 28.226, "height": 4332.0 }, "geometry": { "type": "Point", "coordinates": [ 116.166, 28.226 ] } },
{ "type": "Feature", "properties": { "pt_id": " 10081", "trajectory_id": 10, "北京时间": "2026-05-14 09:00", "lon": 115.706, "lat": 28.189, "height": 4126.0 }, "geometry": { "type": "Point", "coordinates": [ 115.706, 28.189 ] } },
{ "type": "Feature", "properties": { "pt_id": " 10082", "trajectory_id": 10, "北京时间": "2026-05-14 08:00", "lon": 115.128, "lat": 28.088, "height": 4032.0 }, "geometry": { "type": "Point", "coordinates": [ 115.128, 28.088 ] } },
{ "type": "Feature", "properties": { "pt_id": " 10083", "trajectory_id": 10, "北京时间": "2026-05-14 07:00", "lon": 114.522, "lat": 27.983, "height": 3850.0 }, "geometry": { "type": "Point", "coordinates": [ 114.522, 27.983 ] } },
{ "type": "Feature", "properties": { "pt_id": " 10084", "trajectory_id": 10, "北京时间": "2026-05-14 06:00", "lon": 113.901, "lat": 27.835, "height": 3776.0 }, "geometry": { "type": "Point", "coordinates": [ 113.901, 27.835 ] } },
{ "type": "Feature", "properties": { "pt_id": " 11000", "trajectory_id": 11, "北京时间": "2026-05-16 06:00", "lon": 113.942, "lat": 30.907, "height": 10.0 }, "geometry": { "type": "Point", "coordinates": [ 113.942, 30.907 ] } },
{ "type": "Feature", "properties": { "pt_id": " 11041", "trajectory_id": 11, "北京时间": "2026-05-16 05:00", "lon": 114.009, "lat": 30.927, "height": 22.0 }, "geometry": { "type": "Point", "coordinates": [ 114.009, 30.927 ] } },
{ "type": "Feature", "properties": { "pt_id": " 11042", "trajectory_id": 11, "北京时间": "2026-05-16 04:00", "lon": 114.065, "lat": 30.933, "height": 34.0 }, "geometry": { "type": "Point", "coordinates": [ 114.065, 30.933 ] } },
{ "type": "Feature", "properties": { "pt_id": " 11043", "trajectory_id": 11, "北京时间": "2026-05-16 03:00", "lon": 114.115, "lat": 30.928, "height": 42.0 }, "geometry": { "type": "Point", "coordinates": [ 114.115, 30.928 ] } },
{ "type": "Feature", "properties": { "pt_id": " 11044", "trajectory_id": 11, "北京时间": "2026-05-16 02:00", "lon": 114.171, "lat": 30.916, "height": 45.0 }, "geometry": { "type": "Point", "coordinates": [ 114.171, 30.916 ] } },
{ "type": "Feature", "properties": { "pt_id": " 11045", "trajectory_id": 11, "北京时间": "2026-05-16 01:00", "lon": 114.239, "lat": 30.906, "height": 46.0 }, "geometry": { "type": "Point", "coordinates": [ 114.239, 30.906 ] } },
{ "type": "Feature", "properties": { "pt_id": " 11046", "trajectory_id": 11, "北京时间": "2026-05-16 00:00", "lon": 114.312, "lat": 30.903, "height": 47.0 }, "geometry": { "type": "Point", "coordinates": [ 114.312, 30.903 ] } },
{ "type": "Feature", "properties": { "pt_id": " 11047", "trajectory_id": 11, "北京时间": "2026-05-15 23:00", "lon": 114.382, "lat": 30.913, "height": 49.0 }, "geometry": { "type": "Point", "coordinates": [ 114.382, 30.913 ] } },
{ "type": "Feature", "properties": { "pt_id": " 11048", "trajectory_id": 11, "北京时间": "2026-05-15 22:00", "lon": 114.445, "lat": 30.931, "height": 50.0 }, "geometry": { "type": "Point", "coordinates": [ 114.445, 30.931 ] } },
{ "type": "Feature", "properties": { "pt_id": " 11049", "trajectory_id": 11, "北京时间": "2026-05-15 21:00", "lon": 114.493, "lat": 30.954, "height": 51.0 }, "geometry": { "type": "Point", "coordinates": [ 114.493, 30.954 ] } },
{ "type": "Feature", "properties": { "pt_id": " 11050", "trajectory_id": 11, "北京时间": "2026-05-15 20:00", "lon": 114.527, "lat": 30.979, "height": 52.0 }, "geometry": { "type": "Point", "coordinates": [ 114.527, 30.979 ] } },
{ "type": "Feature", "properties": { "pt_id": " 11051", "trajectory_id": 11, "北京时间": "2026-05-15 19:00", "lon": 114.549, "lat": 31.003, "height": 54.0 }, "geometry": { "type": "Point", "coordinates": [ 114.549, 31.003 ] } },
{ "type": "Feature", "properties": { "pt_id": " 11052", "trajectory_id": 11, "北京时间": "2026-05-15 18:00", "lon": 114.564, "lat": 31.02, "height": 60.0 }, "geometry": { "type": "Point", "coordinates": [ 114.564, 31.02 ] } },
{ "type": "Feature", "properties": { "pt_id": " 11053", "trajectory_id": 11, "北京时间": "2026-05-15 17:00", "lon": 114.577, "lat": 31.023, "height": 65.0 }, "geometry": { "type": "Point", "coordinates": [ 114.577, 31.023 ] } },
{ "type": "Feature", "properties": { "pt_id": " 11054", "trajectory_id": 11, "北京时间": "2026-05-15 16:00", "lon": 114.596, "lat": 31.004, "height": 62.0 }, "geometry": { "type": "Point", "coordinates": [ 114.596, 31.004 ] } },
{ "type": "Feature", "properties": { "pt_id": " 11055", "trajectory_id": 11, "北京时间": "2026-05-15 15:00", "lon": 114.626, "lat": 30.962, "height": 52.0 }, "geometry": { "type": "Point", "coordinates": [ 114.626, 30.962 ] } },
{ "type": "Feature", "properties": { "pt_id": " 11056", "trajectory_id": 11, "北京时间": "2026-05-15 14:00", "lon": 114.67, "lat": 30.898, "height": 43.0 }, "geometry": { "type": "Point", "coordinates": [ 114.67, 30.898 ] } },
{ "type": "Feature", "properties": { "pt_id": " 11057", "trajectory_id": 11, "北京时间": "2026-05-15 13:00", "lon": 114.73, "lat": 30.807, "height": 44.0 }, "geometry": { "type": "Point", "coordinates": [ 114.73, 30.807 ] } },
{ "type": "Feature", "properties": { "pt_id": " 11058", "trajectory_id": 11, "北京时间": "2026-05-15 12:00", "lon": 114.817, "lat": 30.695, "height": 58.0 }, "geometry": { "type": "Point", "coordinates": [ 114.817, 30.695 ] } },
{ "type": "Feature", "properties": { "pt_id": " 11059", "trajectory_id": 11, "北京时间": "2026-05-15 11:00", "lon": 114.93, "lat": 30.575, "height": 70.0 }, "geometry": { "type": "Point", "coordinates": [ 114.93, 30.575 ] } },
{ "type": "Feature", "properties": { "pt_id": " 11060", "trajectory_id": 11, "北京时间": "2026-05-15 10:00", "lon": 115.071, "lat": 30.434, "height": 92.0 }, "geometry": { "type": "Point", "coordinates": [ 115.071, 30.434 ] } },
{ "type": "Feature", "properties": { "pt_id": " 11061", "trajectory_id": 11, "北京时间": "2026-05-15 09:00", "lon": 115.214, "lat": 30.301, "height": 143.0 }, "geometry": { "type": "Point", "coordinates": [ 115.214, 30.301 ] } },
{ "type": "Feature", "properties": { "pt_id": " 11062", "trajectory_id": 11, "北京时间": "2026-05-15 08:00", "lon": 115.375, "lat": 30.18, "height": 218.0 }, "geometry": { "type": "Point", "coordinates": [ 115.375, 30.18 ] } },
{ "type": "Feature", "properties": { "pt_id": " 11063", "trajectory_id": 11, "北京时间": "2026-05-15 07:00", "lon": 115.555, "lat": 30.084, "height": 272.0 }, "geometry": { "type": "Point", "coordinates": [ 115.555, 30.084 ] } },
{ "type": "Feature", "properties": { "pt_id": " 11064", "trajectory_id": 11, "北京时间": "2026-05-15 06:00", "lon": 115.707, "lat": 30.015, "height": 326.0 }, "geometry": { "type": "Point", "coordinates": [ 115.707, 30.015 ] } },
{ "type": "Feature", "properties": { "pt_id": " 11065", "trajectory_id": 11, "北京时间": "2026-05-15 05:00", "lon": 115.821, "lat": 29.962, "height": 350.0 }, "geometry": { "type": "Point", "coordinates": [ 115.821, 29.962 ] } },
{ "type": "Feature", "properties": { "pt_id": " 11066", "trajectory_id": 11, "北京时间": "2026-05-15 04:00", "lon": 115.926, "lat": 29.843, "height": 353.0 }, "geometry": { "type": "Point", "coordinates": [ 115.926, 29.843 ] } },
{ "type": "Feature", "properties": { "pt_id": " 11067", "trajectory_id": 11, "北京时间": "2026-05-15 03:00", "lon": 116.001, "lat": 29.678, "height": 350.0 }, "geometry": { "type": "Point", "coordinates": [ 116.001, 29.678 ] } },
{ "type": "Feature", "properties": { "pt_id": " 11068", "trajectory_id": 11, "北京时间": "2026-05-15 02:00", "lon": 116.045, "lat": 29.516, "height": 379.0 }, "geometry": { "type": "Point", "coordinates": [ 116.045, 29.516 ] } },
{ "type": "Feature", "properties": { "pt_id": " 11069", "trajectory_id": 11, "北京时间": "2026-05-15 01:00", "lon": 116.082, "lat": 29.348, "height": 392.0 }, "geometry": { "type": "Point", "coordinates": [ 116.082, 29.348 ] } },
{ "type": "Feature", "properties": { "pt_id": " 11070", "trajectory_id": 11, "北京时间": "2026-05-15 00:00", "lon": 116.102, "lat": 29.183, "height": 347.0 }, "geometry": { "type": "Point", "coordinates": [ 116.102, 29.183 ] } },
{ "type": "Feature", "properties": { "pt_id": " 11071", "trajectory_id": 11, "北京时间": "2026-05-14 23:00", "lon": 116.088, "lat": 29.03, "height": 369.0 }, "geometry": { "type": "Point", "coordinates": [ 116.088, 29.03 ] } },
{ "type": "Feature", "properties": { "pt_id": " 11072", "trajectory_id": 11, "北京时间": "2026-05-14 22:00", "lon": 116.066, "lat": 28.878, "height": 523.0 }, "geometry": { "type": "Point", "coordinates": [ 116.066, 28.878 ] } },
{ "type": "Feature", "properties": { "pt_id": " 11073", "trajectory_id": 11, "北京时间": "2026-05-14 21:00", "lon": 116.072, "lat": 28.708, "height": 752.0 }, "geometry": { "type": "Point", "coordinates": [ 116.072, 28.708 ] } },
{ "type": "Feature", "properties": { "pt_id": " 11074", "trajectory_id": 11, "北京时间": "2026-05-14 20:00", "lon": 116.132, "lat": 28.525, "height": 820.0 }, "geometry": { "type": "Point", "coordinates": [ 116.132, 28.525 ] } },
{ "type": "Feature", "properties": { "pt_id": " 11075", "trajectory_id": 11, "北京时间": "2026-05-14 19:00", "lon": 116.225, "lat": 28.284, "height": 900.0 }, "geometry": { "type": "Point", "coordinates": [ 116.225, 28.284 ] } },
{ "type": "Feature", "properties": { "pt_id": " 11076", "trajectory_id": 11, "北京时间": "2026-05-14 18:00", "lon": 116.362, "lat": 28.019, "height": 1400.0 }, "geometry": { "type": "Point", "coordinates": [ 116.362, 28.019 ] } },
{ "type": "Feature", "properties": { "pt_id": " 11077", "trajectory_id": 11, "北京时间": "2026-05-14 17:00", "lon": 116.507, "lat": 27.814, "height": 1956.0 }, "geometry": { "type": "Point", "coordinates": [ 116.507, 27.814 ] } },
{ "type": "Feature", "properties": { "pt_id": " 11078", "trajectory_id": 11, "北京时间": "2026-05-14 16:00", "lon": 116.654, "lat": 27.632, "height": 2289.0 }, "geometry": { "type": "Point", "coordinates": [ 116.654, 27.632 ] } },
{ "type": "Feature", "properties": { "pt_id": " 11079", "trajectory_id": 11, "北京时间": "2026-05-14 15:00", "lon": 116.749, "lat": 27.486, "height": 2676.0 }, "geometry": { "type": "Point", "coordinates": [ 116.749, 27.486 ] } },
{ "type": "Feature", "properties": { "pt_id": " 11080", "trajectory_id": 11, "北京时间": "2026-05-14 14:00", "lon": 116.691, "lat": 27.432, "height": 3031.0 }, "geometry": { "type": "Point", "coordinates": [ 116.691, 27.432 ] } },
{ "type": "Feature", "properties": { "pt_id": " 11081", "trajectory_id": 11, "北京时间": "2026-05-14 13:00", "lon": 116.462, "lat": 27.41, "height": 3265.0 }, "geometry": { "type": "Point", "coordinates": [ 116.462, 27.41 ] } },
{ "type": "Feature", "properties": { "pt_id": " 11082", "trajectory_id": 11, "北京时间": "2026-05-14 12:00", "lon": 115.989, "lat": 27.311, "height": 3216.0 }, "geometry": { "type": "Point", "coordinates": [ 115.989, 27.311 ] } },
{ "type": "Feature", "properties": { "pt_id": " 11083", "trajectory_id": 11, "北京时间": "2026-05-14 11:00", "lon": 115.642, "lat": 27.178, "height": 3240.0 }, "geometry": { "type": "Point", "coordinates": [ 115.642, 27.178 ] } },
{ "type": "Feature", "properties": { "pt_id": " 11084", "trajectory_id": 11, "北京时间": "2026-05-14 10:00", "lon": 115.471, "lat": 27.081, "height": 3365.0 }, "geometry": { "type": "Point", "coordinates": [ 115.471, 27.081 ] } },
{ "type": "Feature", "properties": { "pt_id": " 11085", "trajectory_id": 11, "北京时间": "2026-05-14 09:00", "lon": 115.333, "lat": 27.0, "height": 3518.0 }, "geometry": { "type": "Point", "coordinates": [ 115.333, 27.0 ] } },
{ "type": "Feature", "properties": { "pt_id": " 11086", "trajectory_id": 11, "北京时间": "2026-05-14 08:00", "lon": 115.164, "lat": 26.908, "height": 3460.0 }, "geometry": { "type": "Point", "coordinates": [ 115.164, 26.908 ] } },
{ "type": "Feature", "properties": { "pt_id": " 11087", "trajectory_id": 11, "北京时间": "2026-05-14 07:00", "lon": 115.003, "lat": 26.854, "height": 3468.0 }, "geometry": { "type": "Point", "coordinates": [ 115.003, 26.854 ] } },
{ "type": "Feature", "properties": { "pt_id": " 11088", "trajectory_id": 11, "北京时间": "2026-05-14 06:00", "lon": 114.856, "lat": 26.83, "height": 3492.0 }, "geometry": { "type": "Point", "coordinates": [ 114.856, 26.83 ] } },
{ "type": "Feature", "properties": { "pt_id": " 12000", "trajectory_id": 12, "北京时间": "2026-05-16 06:00", "lon": 113.942, "lat": 30.907, "height": 10.0 }, "geometry": { "type": "Point", "coordinates": [ 113.942, 30.907 ] } },
{ "type": "Feature", "properties": { "pt_id": " 12045", "trajectory_id": 12, "北京时间": "2026-05-16 05:00", "lon": 114.0, "lat": 30.903, "height": 11.0 }, "geometry": { "type": "Point", "coordinates": [ 114.0, 30.903 ] } },
{ "type": "Feature", "properties": { "pt_id": " 12046", "trajectory_id": 12, "北京时间": "2026-05-16 04:00", "lon": 114.068, "lat": 30.896, "height": 13.0 }, "geometry": { "type": "Point", "coordinates": [ 114.068, 30.896 ] } },
{ "type": "Feature", "properties": { "pt_id": " 12047", "trajectory_id": 12, "北京时间": "2026-05-16 03:00", "lon": 114.143, "lat": 30.892, "height": 15.0 }, "geometry": { "type": "Point", "coordinates": [ 114.143, 30.892 ] } },
{ "type": "Feature", "properties": { "pt_id": " 12048", "trajectory_id": 12, "北京时间": "2026-05-16 02:00", "lon": 114.221, "lat": 30.893, "height": 17.0 }, "geometry": { "type": "Point", "coordinates": [ 114.221, 30.893 ] } },
{ "type": "Feature", "properties": { "pt_id": " 12049", "trajectory_id": 12, "北京时间": "2026-05-16 01:00", "lon": 114.296, "lat": 30.897, "height": 18.0 }, "geometry": { "type": "Point", "coordinates": [ 114.296, 30.897 ] } },
{ "type": "Feature", "properties": { "pt_id": " 12050", "trajectory_id": 12, "北京时间": "2026-05-16 00:00", "lon": 114.364, "lat": 30.903, "height": 18.0 }, "geometry": { "type": "Point", "coordinates": [ 114.364, 30.903 ] } },
{ "type": "Feature", "properties": { "pt_id": " 12051", "trajectory_id": 12, "北京时间": "2026-05-15 23:00", "lon": 114.426, "lat": 30.904, "height": 18.0 }, "geometry": { "type": "Point", "coordinates": [ 114.426, 30.904 ] } },
{ "type": "Feature", "properties": { "pt_id": " 12052", "trajectory_id": 12, "北京时间": "2026-05-15 22:00", "lon": 114.48, "lat": 30.899, "height": 18.0 }, "geometry": { "type": "Point", "coordinates": [ 114.48, 30.899 ] } },
{ "type": "Feature", "properties": { "pt_id": " 12053", "trajectory_id": 12, "北京时间": "2026-05-15 21:00", "lon": 114.529, "lat": 30.881, "height": 18.0 }, "geometry": { "type": "Point", "coordinates": [ 114.529, 30.881 ] } },
{ "type": "Feature", "properties": { "pt_id": " 12054", "trajectory_id": 12, "北京时间": "2026-05-15 20:00", "lon": 114.585, "lat": 30.845, "height": 18.0 }, "geometry": { "type": "Point", "coordinates": [ 114.585, 30.845 ] } },
{ "type": "Feature", "properties": { "pt_id": " 12055", "trajectory_id": 12, "北京时间": "2026-05-15 19:00", "lon": 114.651, "lat": 30.791, "height": 16.0 }, "geometry": { "type": "Point", "coordinates": [ 114.651, 30.791 ] } },
{ "type": "Feature", "properties": { "pt_id": " 12056", "trajectory_id": 12, "北京时间": "2026-05-15 18:00", "lon": 114.729, "lat": 30.72, "height": 17.0 }, "geometry": { "type": "Point", "coordinates": [ 114.729, 30.72 ] } },
{ "type": "Feature", "properties": { "pt_id": " 12057", "trajectory_id": 12, "北京时间": "2026-05-15 17:00", "lon": 114.819, "lat": 30.64, "height": 22.0 }, "geometry": { "type": "Point", "coordinates": [ 114.819, 30.64 ] } },
{ "type": "Feature", "properties": { "pt_id": " 12058", "trajectory_id": 12, "北京时间": "2026-05-15 16:00", "lon": 114.919, "lat": 30.552, "height": 29.0 }, "geometry": { "type": "Point", "coordinates": [ 114.919, 30.552 ] } },
{ "type": "Feature", "properties": { "pt_id": " 12059", "trajectory_id": 12, "北京时间": "2026-05-15 15:00", "lon": 115.033, "lat": 30.446, "height": 34.0 }, "geometry": { "type": "Point", "coordinates": [ 115.033, 30.446 ] } },
{ "type": "Feature", "properties": { "pt_id": " 12060", "trajectory_id": 12, "北京时间": "2026-05-15 14:00", "lon": 115.152, "lat": 30.342, "height": 48.0 }, "geometry": { "type": "Point", "coordinates": [ 115.152, 30.342 ] } },
{ "type": "Feature", "properties": { "pt_id": " 12061", "trajectory_id": 12, "北京时间": "2026-05-15 13:00", "lon": 115.282, "lat": 30.235, "height": 72.0 }, "geometry": { "type": "Point", "coordinates": [ 115.282, 30.235 ] } },
{ "type": "Feature", "properties": { "pt_id": " 12062", "trajectory_id": 12, "北京时间": "2026-05-15 12:00", "lon": 115.426, "lat": 30.142, "height": 94.0 }, "geometry": { "type": "Point", "coordinates": [ 115.426, 30.142 ] } },
{ "type": "Feature", "properties": { "pt_id": " 12063", "trajectory_id": 12, "北京时间": "2026-05-15 11:00", "lon": 115.583, "lat": 30.062, "height": 113.0 }, "geometry": { "type": "Point", "coordinates": [ 115.583, 30.062 ] } },
{ "type": "Feature", "properties": { "pt_id": " 12064", "trajectory_id": 12, "北京时间": "2026-05-15 10:00", "lon": 115.724, "lat": 30.005, "height": 127.0 }, "geometry": { "type": "Point", "coordinates": [ 115.724, 30.005 ] } },
{ "type": "Feature", "properties": { "pt_id": " 12065", "trajectory_id": 12, "北京时间": "2026-05-15 09:00", "lon": 115.836, "lat": 29.945, "height": 124.0 }, "geometry": { "type": "Point", "coordinates": [ 115.836, 29.945 ] } },
{ "type": "Feature", "properties": { "pt_id": " 12066", "trajectory_id": 12, "北京时间": "2026-05-15 08:00", "lon": 115.942, "lat": 29.831, "height": 134.0 }, "geometry": { "type": "Point", "coordinates": [ 115.942, 29.831 ] } },
{ "type": "Feature", "properties": { "pt_id": " 12067", "trajectory_id": 12, "北京时间": "2026-05-15 07:00", "lon": 116.025, "lat": 29.681, "height": 167.0 }, "geometry": { "type": "Point", "coordinates": [ 116.025, 29.681 ] } },
{ "type": "Feature", "properties": { "pt_id": " 12068", "trajectory_id": 12, "北京时间": "2026-05-15 06:00", "lon": 116.074, "lat": 29.552, "height": 204.0 }, "geometry": { "type": "Point", "coordinates": [ 116.074, 29.552 ] } },
{ "type": "Feature", "properties": { "pt_id": " 12069", "trajectory_id": 12, "北京时间": "2026-05-15 05:00", "lon": 116.092, "lat": 29.438, "height": 242.0 }, "geometry": { "type": "Point", "coordinates": [ 116.092, 29.438 ] } },
{ "type": "Feature", "properties": { "pt_id": " 12070", "trajectory_id": 12, "北京时间": "2026-05-15 04:00", "lon": 116.088, "lat": 29.326, "height": 246.0 }, "geometry": { "type": "Point", "coordinates": [ 116.088, 29.326 ] } },
{ "type": "Feature", "properties": { "pt_id": " 12071", "trajectory_id": 12, "北京时间": "2026-05-15 03:00", "lon": 116.031, "lat": 29.212, "height": 236.0 }, "geometry": { "type": "Point", "coordinates": [ 116.031, 29.212 ] } },
{ "type": "Feature", "properties": { "pt_id": " 12072", "trajectory_id": 12, "北京时间": "2026-05-15 02:00", "lon": 115.94, "lat": 29.092, "height": 280.0 }, "geometry": { "type": "Point", "coordinates": [ 115.94, 29.092 ] } },
{ "type": "Feature", "properties": { "pt_id": " 12073", "trajectory_id": 12, "北京时间": "2026-05-15 01:00", "lon": 115.867, "lat": 28.969, "height": 443.0 }, "geometry": { "type": "Point", "coordinates": [ 115.867, 28.969 ] } },
{ "type": "Feature", "properties": { "pt_id": " 12074", "trajectory_id": 12, "北京时间": "2026-05-15 00:00", "lon": 115.86, "lat": 28.788, "height": 715.0 }, "geometry": { "type": "Point", "coordinates": [ 115.86, 28.788 ] } },
{ "type": "Feature", "properties": { "pt_id": " 12075", "trajectory_id": 12, "北京时间": "2026-05-14 23:00", "lon": 115.965, "lat": 28.574, "height": 968.0 }, "geometry": { "type": "Point", "coordinates": [ 115.965, 28.574 ] } },
{ "type": "Feature", "properties": { "pt_id": " 12076", "trajectory_id": 12, "北京时间": "2026-05-14 22:00", "lon": 116.122, "lat": 28.354, "height": 1157.0 }, "geometry": { "type": "Point", "coordinates": [ 116.122, 28.354 ] } },
{ "type": "Feature", "properties": { "pt_id": " 12077", "trajectory_id": 12, "北京时间": "2026-05-14 21:00", "lon": 116.282, "lat": 28.131, "height": 1451.0 }, "geometry": { "type": "Point", "coordinates": [ 116.282, 28.131 ] } },
{ "type": "Feature", "properties": { "pt_id": " 12078", "trajectory_id": 12, "北京时间": "2026-05-14 20:00", "lon": 116.446, "lat": 27.942, "height": 1863.0 }, "geometry": { "type": "Point", "coordinates": [ 116.446, 27.942 ] } },
{ "type": "Feature", "properties": { "pt_id": " 12079", "trajectory_id": 12, "北京时间": "2026-05-14 19:00", "lon": 116.613, "lat": 27.783, "height": 2225.0 }, "geometry": { "type": "Point", "coordinates": [ 116.613, 27.783 ] } },
{ "type": "Feature", "properties": { "pt_id": " 12080", "trajectory_id": 12, "北京时间": "2026-05-14 18:00", "lon": 116.691, "lat": 27.742, "height": 2776.0 }, "geometry": { "type": "Point", "coordinates": [ 116.691, 27.742 ] } },
{ "type": "Feature", "properties": { "pt_id": " 12081", "trajectory_id": 12, "北京时间": "2026-05-14 17:00", "lon": 116.604, "lat": 27.802, "height": 3247.0 }, "geometry": { "type": "Point", "coordinates": [ 116.604, 27.802 ] } },
{ "type": "Feature", "properties": { "pt_id": " 12082", "trajectory_id": 12, "北京时间": "2026-05-14 16:00", "lon": 116.424, "lat": 27.911, "height": 3764.0 }, "geometry": { "type": "Point", "coordinates": [ 116.424, 27.911 ] } },
{ "type": "Feature", "properties": { "pt_id": " 12083", "trajectory_id": 12, "北京时间": "2026-05-14 15:00", "lon": 116.124, "lat": 27.946, "height": 4017.0 }, "geometry": { "type": "Point", "coordinates": [ 116.124, 27.946 ] } },
{ "type": "Feature", "properties": { "pt_id": " 12084", "trajectory_id": 12, "北京时间": "2026-05-14 14:00", "lon": 115.875, "lat": 27.944, "height": 4255.0 }, "geometry": { "type": "Point", "coordinates": [ 115.875, 27.944 ] } },
{ "type": "Feature", "properties": { "pt_id": " 12085", "trajectory_id": 12, "北京时间": "2026-05-14 13:00", "lon": 115.732, "lat": 27.921, "height": 4375.0 }, "geometry": { "type": "Point", "coordinates": [ 115.732, 27.921 ] } },
{ "type": "Feature", "properties": { "pt_id": " 12086", "trajectory_id": 12, "北京时间": "2026-05-14 12:00", "lon": 115.518, "lat": 27.863, "height": 4468.0 }, "geometry": { "type": "Point", "coordinates": [ 115.518, 27.863 ] } },
{ "type": "Feature", "properties": { "pt_id": " 12087", "trajectory_id": 12, "北京时间": "2026-05-14 11:00", "lon": 115.213, "lat": 27.79, "height": 4661.0 }, "geometry": { "type": "Point", "coordinates": [ 115.213, 27.79 ] } },
{ "type": "Feature", "properties": { "pt_id": " 12088", "trajectory_id": 12, "北京时间": "2026-05-14 10:00", "lon": 114.774, "lat": 27.664, "height": 4652.0 }, "geometry": { "type": "Point", "coordinates": [ 114.774, 27.664 ] } },
{ "type": "Feature", "properties": { "pt_id": " 12089", "trajectory_id": 12, "北京时间": "2026-05-14 09:00", "lon": 114.253, "lat": 27.512, "height": 4500.0 }, "geometry": { "type": "Point", "coordinates": [ 114.253, 27.512 ] } },
{ "type": "Feature", "properties": { "pt_id": " 12090", "trajectory_id": 12, "北京时间": "2026-05-14 08:00", "lon": 113.786, "lat": 27.333, "height": 4254.0 }, "geometry": { "type": "Point", "coordinates": [ 113.786, 27.333 ] } },
{ "type": "Feature", "properties": { "pt_id": " 12091", "trajectory_id": 12, "北京时间": "2026-05-14 07:00", "lon": 113.412, "lat": 27.15, "height": 4029.0 }, "geometry": { "type": "Point", "coordinates": [ 113.412, 27.15 ] } },
{ "type": "Feature", "properties": { "pt_id": " 12092", "trajectory_id": 12, "北京时间": "2026-05-14 06:00", "lon": 113.173, "lat": 27.005, "height": 3852.0 }, "geometry": { "type": "Point", "coordinates": [ 113.173, 27.005 ] } },
{ "type": "Feature", "properties": { "pt_id": " 13000", "trajectory_id": 13, "北京时间": "2026-05-16 06:00", "lon": 113.942, "lat": 30.907, "height": 10.0 }, "geometry": { "type": "Point", "coordinates": [ 113.942, 30.907 ] } },
{ "type": "Feature", "properties": { "pt_id": " 13049", "trajectory_id": 13, "北京时间": "2026-05-16 05:00", "lon": 114.024, "lat": 30.922, "height": 10.0 }, "geometry": { "type": "Point", "coordinates": [ 114.024, 30.922 ] } },
{ "type": "Feature", "properties": { "pt_id": " 13050", "trajectory_id": 13, "北京时间": "2026-05-16 04:00", "lon": 114.106, "lat": 30.934, "height": 10.0 }, "geometry": { "type": "Point", "coordinates": [ 114.106, 30.934 ] } },
{ "type": "Feature", "properties": { "pt_id": " 13051", "trajectory_id": 13, "北京时间": "2026-05-16 03:00", "lon": 114.185, "lat": 30.941, "height": 10.0 }, "geometry": { "type": "Point", "coordinates": [ 114.185, 30.941 ] } },
{ "type": "Feature", "properties": { "pt_id": " 13052", "trajectory_id": 13, "北京时间": "2026-05-16 02:00", "lon": 114.268, "lat": 30.942, "height": 9.0 }, "geometry": { "type": "Point", "coordinates": [ 114.268, 30.942 ] } },
{ "type": "Feature", "properties": { "pt_id": " 13053", "trajectory_id": 13, "北京时间": "2026-05-16 01:00", "lon": 114.343, "lat": 30.933, "height": 9.0 }, "geometry": { "type": "Point", "coordinates": [ 114.343, 30.933 ] } },
{ "type": "Feature", "properties": { "pt_id": " 13054", "trajectory_id": 13, "北京时间": "2026-05-16 00:00", "lon": 114.406, "lat": 30.911, "height": 9.0 }, "geometry": { "type": "Point", "coordinates": [ 114.406, 30.911 ] } },
{ "type": "Feature", "properties": { "pt_id": " 13055", "trajectory_id": 13, "北京时间": "2026-05-15 23:00", "lon": 114.465, "lat": 30.869, "height": 9.0 }, "geometry": { "type": "Point", "coordinates": [ 114.465, 30.869 ] } },
{ "type": "Feature", "properties": { "pt_id": " 13056", "trajectory_id": 13, "北京时间": "2026-05-15 22:00", "lon": 114.533, "lat": 30.809, "height": 10.0 }, "geometry": { "type": "Point", "coordinates": [ 114.533, 30.809 ] } },
{ "type": "Feature", "properties": { "pt_id": " 13057", "trajectory_id": 13, "北京时间": "2026-05-15 21:00", "lon": 114.616, "lat": 30.737, "height": 12.0 }, "geometry": { "type": "Point", "coordinates": [ 114.616, 30.737 ] } },
{ "type": "Feature", "properties": { "pt_id": " 13058", "trajectory_id": 13, "北京时间": "2026-05-15 20:00", "lon": 114.708, "lat": 30.655, "height": 18.0 }, "geometry": { "type": "Point", "coordinates": [ 114.708, 30.655 ] } },
{ "type": "Feature", "properties": { "pt_id": " 13059", "trajectory_id": 13, "北京时间": "2026-05-15 19:00", "lon": 114.823, "lat": 30.561, "height": 29.0 }, "geometry": { "type": "Point", "coordinates": [ 114.823, 30.561 ] } },
{ "type": "Feature", "properties": { "pt_id": " 13060", "trajectory_id": 13, "北京时间": "2026-05-15 18:00", "lon": 114.959, "lat": 30.453, "height": 40.0 }, "geometry": { "type": "Point", "coordinates": [ 114.959, 30.453 ] } },
{ "type": "Feature", "properties": { "pt_id": " 13061", "trajectory_id": 13, "北京时间": "2026-05-15 17:00", "lon": 115.105, "lat": 30.334, "height": 59.0 }, "geometry": { "type": "Point", "coordinates": [ 115.105, 30.334 ] } },
{ "type": "Feature", "properties": { "pt_id": " 13062", "trajectory_id": 13, "北京时间": "2026-05-15 16:00", "lon": 115.261, "lat": 30.213, "height": 91.0 }, "geometry": { "type": "Point", "coordinates": [ 115.261, 30.213 ] } },
{ "type": "Feature", "properties": { "pt_id": " 13063", "trajectory_id": 13, "北京时间": "2026-05-15 15:00", "lon": 115.432, "lat": 30.101, "height": 119.0 }, "geometry": { "type": "Point", "coordinates": [ 115.432, 30.101 ] } },
{ "type": "Feature", "properties": { "pt_id": " 13064", "trajectory_id": 13, "北京时间": "2026-05-15 14:00", "lon": 115.603, "lat": 30.006, "height": 145.0 }, "geometry": { "type": "Point", "coordinates": [ 115.603, 30.006 ] } },
{ "type": "Feature", "properties": { "pt_id": " 13065", "trajectory_id": 13, "北京时间": "2026-05-15 13:00", "lon": 115.736, "lat": 29.936, "height": 151.0 }, "geometry": { "type": "Point", "coordinates": [ 115.736, 29.936 ] } },
{ "type": "Feature", "properties": { "pt_id": " 13066", "trajectory_id": 13, "北京时间": "2026-05-15 12:00", "lon": 115.842, "lat": 29.854, "height": 148.0 }, "geometry": { "type": "Point", "coordinates": [ 115.842, 29.854 ] } },
{ "type": "Feature", "properties": { "pt_id": " 13067", "trajectory_id": 13, "北京时间": "2026-05-15 11:00", "lon": 115.923, "lat": 29.724, "height": 165.0 }, "geometry": { "type": "Point", "coordinates": [ 115.923, 29.724 ] } },
{ "type": "Feature", "properties": { "pt_id": " 13068", "trajectory_id": 13, "北京时间": "2026-05-15 10:00", "lon": 115.976, "lat": 29.592, "height": 197.0 }, "geometry": { "type": "Point", "coordinates": [ 115.976, 29.592 ] } },
{ "type": "Feature", "properties": { "pt_id": " 13069", "trajectory_id": 13, "北京时间": "2026-05-15 09:00", "lon": 116.0, "lat": 29.485, "height": 246.0 }, "geometry": { "type": "Point", "coordinates": [ 116.0, 29.485 ] } },
{ "type": "Feature", "properties": { "pt_id": " 13070", "trajectory_id": 13, "北京时间": "2026-05-15 08:00", "lon": 116.008, "lat": 29.374, "height": 285.0 }, "geometry": { "type": "Point", "coordinates": [ 116.008, 29.374 ] } },
{ "type": "Feature", "properties": { "pt_id": " 13071", "trajectory_id": 13, "北京时间": "2026-05-15 07:00", "lon": 115.97, "lat": 29.241, "height": 300.0 }, "geometry": { "type": "Point", "coordinates": [ 115.97, 29.241 ] } },
{ "type": "Feature", "properties": { "pt_id": " 13072", "trajectory_id": 13, "北京时间": "2026-05-15 06:00", "lon": 115.901, "lat": 29.097, "height": 363.0 }, "geometry": { "type": "Point", "coordinates": [ 115.901, 29.097 ] } },
{ "type": "Feature", "properties": { "pt_id": " 13073", "trajectory_id": 13, "北京时间": "2026-05-15 05:00", "lon": 115.868, "lat": 28.941, "height": 575.0 }, "geometry": { "type": "Point", "coordinates": [ 115.868, 28.941 ] } },
{ "type": "Feature", "properties": { "pt_id": " 13074", "trajectory_id": 13, "北京时间": "2026-05-15 04:00", "lon": 115.934, "lat": 28.732, "height": 921.0 }, "geometry": { "type": "Point", "coordinates": [ 115.934, 28.732 ] } },
{ "type": "Feature", "properties": { "pt_id": " 13075", "trajectory_id": 13, "北京时间": "2026-05-15 03:00", "lon": 116.098, "lat": 28.524, "height": 1116.0 }, "geometry": { "type": "Point", "coordinates": [ 116.098, 28.524 ] } },
{ "type": "Feature", "properties": { "pt_id": " 13076", "trajectory_id": 13, "北京时间": "2026-05-15 02:00", "lon": 116.283, "lat": 28.298, "height": 1291.0 }, "geometry": { "type": "Point", "coordinates": [ 116.283, 28.298 ] } },
{ "type": "Feature", "properties": { "pt_id": " 13077", "trajectory_id": 13, "北京时间": "2026-05-15 01:00", "lon": 116.484, "lat": 28.137, "height": 1808.0 }, "geometry": { "type": "Point", "coordinates": [ 116.484, 28.137 ] } },
{ "type": "Feature", "properties": { "pt_id": " 13078", "trajectory_id": 13, "北京时间": "2026-05-15 00:00", "lon": 116.664, "lat": 28.084, "height": 2399.0 }, "geometry": { "type": "Point", "coordinates": [ 116.664, 28.084 ] } },
{ "type": "Feature", "properties": { "pt_id": " 13079", "trajectory_id": 13, "北京时间": "2026-05-14 23:00", "lon": 116.75, "lat": 28.126, "height": 3017.0 }, "geometry": { "type": "Point", "coordinates": [ 116.75, 28.126 ] } },
{ "type": "Feature", "properties": { "pt_id": " 13080", "trajectory_id": 13, "北京时间": "2026-05-14 22:00", "lon": 116.701, "lat": 28.189, "height": 3789.0 }, "geometry": { "type": "Point", "coordinates": [ 116.701, 28.189 ] } },
{ "type": "Feature", "properties": { "pt_id": " 13081", "trajectory_id": 13, "北京时间": "2026-05-14 21:00", "lon": 116.676, "lat": 28.287, "height": 4332.0 }, "geometry": { "type": "Point", "coordinates": [ 116.676, 28.287 ] } },
{ "type": "Feature", "properties": { "pt_id": " 13082", "trajectory_id": 13, "北京时间": "2026-05-14 20:00", "lon": 116.582, "lat": 28.448, "height": 5068.0 }, "geometry": { "type": "Point", "coordinates": [ 116.582, 28.448 ] } },
{ "type": "Feature", "properties": { "pt_id": " 13083", "trajectory_id": 13, "北京时间": "2026-05-14 19:00", "lon": 116.125, "lat": 28.519, "height": 5642.0 }, "geometry": { "type": "Point", "coordinates": [ 116.125, 28.519 ] } },
{ "type": "Feature", "properties": { "pt_id": " 13084", "trajectory_id": 13, "北京时间": "2026-05-14 18:00", "lon": 115.651, "lat": 28.524, "height": 5415.0 }, "geometry": { "type": "Point", "coordinates": [ 115.651, 28.524 ] } },
{ "type": "Feature", "properties": { "pt_id": " 13085", "trajectory_id": 13, "北京时间": "2026-05-14 17:00", "lon": 115.27, "lat": 28.48, "height": 5153.0 }, "geometry": { "type": "Point", "coordinates": [ 115.27, 28.48 ] } },
{ "type": "Feature", "properties": { "pt_id": " 13086", "trajectory_id": 13, "北京时间": "2026-05-14 16:00", "lon": 114.895, "lat": 28.363, "height": 4842.0 }, "geometry": { "type": "Point", "coordinates": [ 114.895, 28.363 ] } },
{ "type": "Feature", "properties": { "pt_id": " 13087", "trajectory_id": 13, "北京时间": "2026-05-14 15:00", "lon": 114.504, "lat": 28.263, "height": 4722.0 }, "geometry": { "type": "Point", "coordinates": [ 114.504, 28.263 ] } },
{ "type": "Feature", "properties": { "pt_id": " 13088", "trajectory_id": 13, "北京时间": "2026-05-14 14:00", "lon": 114.011, "lat": 28.084, "height": 4599.0 }, "geometry": { "type": "Point", "coordinates": [ 114.011, 28.084 ] } },
{ "type": "Feature", "properties": { "pt_id": " 13089", "trajectory_id": 13, "北京时间": "2026-05-14 13:00", "lon": 113.632, "lat": 27.844, "height": 4480.0 }, "geometry": { "type": "Point", "coordinates": [ 113.632, 27.844 ] } },
{ "type": "Feature", "properties": { "pt_id": " 13090", "trajectory_id": 13, "北京时间": "2026-05-14 12:00", "lon": 113.382, "lat": 27.619, "height": 4350.0 }, "geometry": { "type": "Point", "coordinates": [ 113.382, 27.619 ] } },
{ "type": "Feature", "properties": { "pt_id": " 13091", "trajectory_id": 13, "北京时间": "2026-05-14 11:00", "lon": 113.093, "lat": 27.419, "height": 4164.0 }, "geometry": { "type": "Point", "coordinates": [ 113.093, 27.419 ] } },
{ "type": "Feature", "properties": { "pt_id": " 13092", "trajectory_id": 13, "北京时间": "2026-05-14 10:00", "lon": 112.866, "lat": 27.257, "height": 4085.0 }, "geometry": { "type": "Point", "coordinates": [ 112.866, 27.257 ] } },
{ "type": "Feature", "properties": { "pt_id": " 13093", "trajectory_id": 13, "北京时间": "2026-05-14 09:00", "lon": 112.66, "lat": 27.109, "height": 4101.0 }, "geometry": { "type": "Point", "coordinates": [ 112.66, 27.109 ] } },
{ "type": "Feature", "properties": { "pt_id": " 13094", "trajectory_id": 13, "北京时间": "2026-05-14 08:00", "lon": 112.475, "lat": 27.009, "height": 3944.0 }, "geometry": { "type": "Point", "coordinates": [ 112.475, 27.009 ] } },
{ "type": "Feature", "properties": { "pt_id": " 13095", "trajectory_id": 13, "北京时间": "2026-05-14 07:00", "lon": 112.334, "lat": 26.954, "height": 3745.0 }, "geometry": { "type": "Point", "coordinates": [ 112.334, 26.954 ] } },
{ "type": "Feature", "properties": { "pt_id": " 13096", "trajectory_id": 13, "北京时间": "2026-05-14 06:00", "lon": 112.196, "lat": 26.928, "height": 3679.0 }, "geometry": { "type": "Point", "coordinates": [ 112.196, 26.928 ] } },
{ "type": "Feature", "properties": { "pt_id": " 14000", "trajectory_id": 14, "北京时间": "2026-05-16 06:00", "lon": 113.942, "lat": 30.907, "height": 10.0 }, "geometry": { "type": "Point", "coordinates": [ 113.942, 30.907 ] } },
{ "type": "Feature", "properties": { "pt_id": " 14053", "trajectory_id": 14, "北京时间": "2026-05-16 05:00", "lon": 114.006, "lat": 30.93, "height": 8.0 }, "geometry": { "type": "Point", "coordinates": [ 114.006, 30.93 ] } },
{ "type": "Feature", "properties": { "pt_id": " 14054", "trajectory_id": 14, "北京时间": "2026-05-16 04:00", "lon": 114.073, "lat": 30.949, "height": 5.0 }, "geometry": { "type": "Point", "coordinates": [ 114.073, 30.949 ] } },
{ "type": "Feature", "properties": { "pt_id": " 14055", "trajectory_id": 14, "北京时间": "2026-05-16 03:00", "lon": 114.142, "lat": 30.956, "height": 4.0 }, "geometry": { "type": "Point", "coordinates": [ 114.142, 30.956 ] } },
{ "type": "Feature", "properties": { "pt_id": " 14056", "trajectory_id": 14, "北京时间": "2026-05-16 02:00", "lon": 114.211, "lat": 30.939, "height": 2.0 }, "geometry": { "type": "Point", "coordinates": [ 114.211, 30.939 ] } },
{ "type": "Feature", "properties": { "pt_id": " 14057", "trajectory_id": 14, "北京时间": "2026-05-16 01:00", "lon": 114.284, "lat": 30.898, "height": 0.0 }, "geometry": { "type": "Point", "coordinates": [ 114.284, 30.898 ] } },
{ "type": "Feature", "properties": { "pt_id": " 14058", "trajectory_id": 14, "北京时间": "2026-05-16 00:00", "lon": 114.354, "lat": 30.842, "height": 0.0 }, "geometry": { "type": "Point", "coordinates": [ 114.354, 30.842 ] } },
{ "type": "Feature", "properties": { "pt_id": " 14059", "trajectory_id": 14, "北京时间": "2026-05-15 23:00", "lon": 114.439, "lat": 30.766, "height": 0.0 }, "geometry": { "type": "Point", "coordinates": [ 114.439, 30.766 ] } },
{ "type": "Feature", "properties": { "pt_id": " 14060", "trajectory_id": 14, "北京时间": "2026-05-15 22:00", "lon": 114.549, "lat": 30.665, "height": 2.0 }, "geometry": { "type": "Point", "coordinates": [ 114.549, 30.665 ] } },
{ "type": "Feature", "properties": { "pt_id": " 14061", "trajectory_id": 14, "北京时间": "2026-05-15 21:00", "lon": 114.659, "lat": 30.561, "height": 5.0 }, "geometry": { "type": "Point", "coordinates": [ 114.659, 30.561 ] } },
{ "type": "Feature", "properties": { "pt_id": " 14062", "trajectory_id": 14, "北京时间": "2026-05-15 20:00", "lon": 114.797, "lat": 30.464, "height": 9.0 }, "geometry": { "type": "Point", "coordinates": [ 114.797, 30.464 ] } },
{ "type": "Feature", "properties": { "pt_id": " 14063", "trajectory_id": 14, "北京时间": "2026-05-15 19:00", "lon": 114.938, "lat": 30.358, "height": 16.0 }, "geometry": { "type": "Point", "coordinates": [ 114.938, 30.358 ] } },
{ "type": "Feature", "properties": { "pt_id": " 14064", "trajectory_id": 14, "北京时间": "2026-05-15 18:00", "lon": 115.094, "lat": 30.251, "height": 23.0 }, "geometry": { "type": "Point", "coordinates": [ 115.094, 30.251 ] } },
{ "type": "Feature", "properties": { "pt_id": " 14065", "trajectory_id": 14, "北京时间": "2026-05-15 17:00", "lon": 115.263, "lat": 30.135, "height": 24.0 }, "geometry": { "type": "Point", "coordinates": [ 115.263, 30.135 ] } },
{ "type": "Feature", "properties": { "pt_id": " 14066", "trajectory_id": 14, "北京时间": "2026-05-15 16:00", "lon": 115.424, "lat": 30.015, "height": 15.0 }, "geometry": { "type": "Point", "coordinates": [ 115.424, 30.015 ] } },
{ "type": "Feature", "properties": { "pt_id": " 14067", "trajectory_id": 14, "北京时间": "2026-05-15 15:00", "lon": 115.567, "lat": 29.899, "height": 28.0 }, "geometry": { "type": "Point", "coordinates": [ 115.567, 29.899 ] } },
{ "type": "Feature", "properties": { "pt_id": " 14068", "trajectory_id": 14, "北京时间": "2026-05-15 14:00", "lon": 115.662, "lat": 29.781, "height": 61.0 }, "geometry": { "type": "Point", "coordinates": [ 115.662, 29.781 ] } },
{ "type": "Feature", "properties": { "pt_id": " 14069", "trajectory_id": 14, "北京时间": "2026-05-15 13:00", "lon": 115.719, "lat": 29.663, "height": 94.0 }, "geometry": { "type": "Point", "coordinates": [ 115.719, 29.663 ] } },
{ "type": "Feature", "properties": { "pt_id": " 14070", "trajectory_id": 14, "北京时间": "2026-05-15 12:00", "lon": 115.775, "lat": 29.544, "height": 109.0 }, "geometry": { "type": "Point", "coordinates": [ 115.775, 29.544 ] } },
{ "type": "Feature", "properties": { "pt_id": " 14071", "trajectory_id": 14, "北京时间": "2026-05-15 11:00", "lon": 115.803, "lat": 29.437, "height": 105.0 }, "geometry": { "type": "Point", "coordinates": [ 115.803, 29.437 ] } },
{ "type": "Feature", "properties": { "pt_id": " 14072", "trajectory_id": 14, "北京时间": "2026-05-15 10:00", "lon": 115.776, "lat": 29.338, "height": 101.0 }, "geometry": { "type": "Point", "coordinates": [ 115.776, 29.338 ] } },
{ "type": "Feature", "properties": { "pt_id": " 14073", "trajectory_id": 14, "北京时间": "2026-05-15 09:00", "lon": 115.702, "lat": 29.237, "height": 120.0 }, "geometry": { "type": "Point", "coordinates": [ 115.702, 29.237 ] } },
{ "type": "Feature", "properties": { "pt_id": " 14074", "trajectory_id": 14, "北京时间": "2026-05-15 08:00", "lon": 115.593, "lat": 29.152, "height": 198.0 }, "geometry": { "type": "Point", "coordinates": [ 115.593, 29.152 ] } },
{ "type": "Feature", "properties": { "pt_id": " 14075", "trajectory_id": 14, "北京时间": "2026-05-15 07:00", "lon": 115.467, "lat": 29.074, "height": 376.0 }, "geometry": { "type": "Point", "coordinates": [ 115.467, 29.074 ] } },
{ "type": "Feature", "properties": { "pt_id": " 14076", "trajectory_id": 14, "北京时间": "2026-05-15 06:00", "lon": 115.372, "lat": 28.952, "height": 674.0 }, "geometry": { "type": "Point", "coordinates": [ 115.372, 28.952 ] } },
{ "type": "Feature", "properties": { "pt_id": " 14077", "trajectory_id": 14, "北京时间": "2026-05-15 05:00", "lon": 115.402, "lat": 28.728, "height": 1060.0 }, "geometry": { "type": "Point", "coordinates": [ 115.402, 28.728 ] } },
{ "type": "Feature", "properties": { "pt_id": " 14078", "trajectory_id": 14, "北京时间": "2026-05-15 04:00", "lon": 115.537, "lat": 28.462, "height": 1402.0 }, "geometry": { "type": "Point", "coordinates": [ 115.537, 28.462 ] } },
{ "type": "Feature", "properties": { "pt_id": " 14079", "trajectory_id": 14, "北京时间": "2026-05-15 03:00", "lon": 115.741, "lat": 28.229, "height": 1596.0 }, "geometry": { "type": "Point", "coordinates": [ 115.741, 28.229 ] } },
{ "type": "Feature", "properties": { "pt_id": " 14080", "trajectory_id": 14, "北京时间": "2026-05-15 02:00", "lon": 115.988, "lat": 28.053, "height": 1846.0 }, "geometry": { "type": "Point", "coordinates": [ 115.988, 28.053 ] } },
{ "type": "Feature", "properties": { "pt_id": " 14081", "trajectory_id": 14, "北京时间": "2026-05-15 01:00", "lon": 116.244, "lat": 27.988, "height": 2101.0 }, "geometry": { "type": "Point", "coordinates": [ 116.244, 27.988 ] } },
{ "type": "Feature", "properties": { "pt_id": " 14082", "trajectory_id": 14, "北京时间": "2026-05-15 00:00", "lon": 116.511, "lat": 28.015, "height": 2501.0 }, "geometry": { "type": "Point", "coordinates": [ 116.511, 28.015 ] } },
{ "type": "Feature", "properties": { "pt_id": " 14083", "trajectory_id": 14, "北京时间": "2026-05-14 23:00", "lon": 116.764, "lat": 28.047, "height": 2951.0 }, "geometry": { "type": "Point", "coordinates": [ 116.764, 28.047 ] } },
{ "type": "Feature", "properties": { "pt_id": " 14084", "trajectory_id": 14, "北京时间": "2026-05-14 22:00", "lon": 116.942, "lat": 28.09, "height": 3344.0 }, "geometry": { "type": "Point", "coordinates": [ 116.942, 28.09 ] } },
{ "type": "Feature", "properties": { "pt_id": " 14085", "trajectory_id": 14, "北京时间": "2026-05-14 21:00", "lon": 117.059, "lat": 28.156, "height": 3558.0 }, "geometry": { "type": "Point", "coordinates": [ 117.059, 28.156 ] } },
{ "type": "Feature", "properties": { "pt_id": " 14086", "trajectory_id": 14, "北京时间": "2026-05-14 20:00", "lon": 117.141, "lat": 28.235, "height": 3571.0 }, "geometry": { "type": "Point", "coordinates": [ 117.141, 28.235 ] } },
{ "type": "Feature", "properties": { "pt_id": " 14087", "trajectory_id": 14, "北京时间": "2026-05-14 19:00", "lon": 117.21, "lat": 28.305, "height": 3526.0 }, "geometry": { "type": "Point", "coordinates": [ 117.21, 28.305 ] } },
{ "type": "Feature", "properties": { "pt_id": " 14088", "trajectory_id": 14, "北京时间": "2026-05-14 18:00", "lon": 117.263, "lat": 28.375, "height": 3529.0 }, "geometry": { "type": "Point", "coordinates": [ 117.263, 28.375 ] } },
{ "type": "Feature", "properties": { "pt_id": " 14089", "trajectory_id": 14, "北京时间": "2026-05-14 17:00", "lon": 117.286, "lat": 28.451, "height": 3637.0 }, "geometry": { "type": "Point", "coordinates": [ 117.286, 28.451 ] } },
{ "type": "Feature", "properties": { "pt_id": " 14090", "trajectory_id": 14, "北京时间": "2026-05-14 16:00", "lon": 117.258, "lat": 28.53, "height": 3800.0 }, "geometry": { "type": "Point", "coordinates": [ 117.258, 28.53 ] } },
{ "type": "Feature", "properties": { "pt_id": " 14091", "trajectory_id": 14, "北京时间": "2026-05-14 15:00", "lon": 117.188, "lat": 28.612, "height": 3895.0 }, "geometry": { "type": "Point", "coordinates": [ 117.188, 28.612 ] } },
{ "type": "Feature", "properties": { "pt_id": " 14092", "trajectory_id": 14, "北京时间": "2026-05-14 14:00", "lon": 117.117, "lat": 28.698, "height": 3927.0 }, "geometry": { "type": "Point", "coordinates": [ 117.117, 28.698 ] } },
{ "type": "Feature", "properties": { "pt_id": " 14093", "trajectory_id": 14, "北京时间": "2026-05-14 13:00", "lon": 117.051, "lat": 28.786, "height": 3961.0 }, "geometry": { "type": "Point", "coordinates": [ 117.051, 28.786 ] } },
{ "type": "Feature", "properties": { "pt_id": " 14094", "trajectory_id": 14, "北京时间": "2026-05-14 12:00", "lon": 116.989, "lat": 28.87, "height": 4023.0 }, "geometry": { "type": "Point", "coordinates": [ 116.989, 28.87 ] } },
{ "type": "Feature", "properties": { "pt_id": " 14095", "trajectory_id": 14, "北京时间": "2026-05-14 11:00", "lon": 116.927, "lat": 28.955, "height": 4105.0 }, "geometry": { "type": "Point", "coordinates": [ 116.927, 28.955 ] } },
{ "type": "Feature", "properties": { "pt_id": " 14096", "trajectory_id": 14, "北京时间": "2026-05-14 10:00", "lon": 116.869, "lat": 29.045, "height": 4171.0 }, "geometry": { "type": "Point", "coordinates": [ 116.869, 29.045 ] } },
{ "type": "Feature", "properties": { "pt_id": " 14097", "trajectory_id": 14, "北京时间": "2026-05-14 09:00", "lon": 116.823, "lat": 29.146, "height": 4168.0 }, "geometry": { "type": "Point", "coordinates": [ 116.823, 29.146 ] } },
{ "type": "Feature", "properties": { "pt_id": " 14098", "trajectory_id": 14, "北京时间": "2026-05-14 08:00", "lon": 116.8, "lat": 29.272, "height": 4079.0 }, "geometry": { "type": "Point", "coordinates": [ 116.8, 29.272 ] } },
{ "type": "Feature", "properties": { "pt_id": " 14099", "trajectory_id": 14, "北京时间": "2026-05-14 07:00", "lon": 116.795, "lat": 29.422, "height": 4015.0 }, "geometry": { "type": "Point", "coordinates": [ 116.795, 29.422 ] } },
{ "type": "Feature", "properties": { "pt_id": " 14100", "trajectory_id": 14, "北京时间": "2026-05-14 06:00", "lon": 116.791, "lat": 29.59, "height": 4026.0 }, "geometry": { "type": "Point", "coordinates": [ 116.791, 29.59 ] } },
{ "type": "Feature", "properties": { "pt_id": " 15000", "trajectory_id": 15, "北京时间": "2026-05-16 06:00", "lon": 113.942, "lat": 30.907, "height": 10.0 }, "geometry": { "type": "Point", "coordinates": [ 113.942, 30.907 ] } },
{ "type": "Feature", "properties": { "pt_id": " 15057", "trajectory_id": 15, "北京时间": "2026-05-16 05:00", "lon": 113.948, "lat": 30.901, "height": 9.0 }, "geometry": { "type": "Point", "coordinates": [ 113.948, 30.901 ] } },
{ "type": "Feature", "properties": { "pt_id": " 15058", "trajectory_id": 15, "北京时间": "2026-05-16 04:00", "lon": 113.932, "lat": 30.87, "height": 9.0 }, "geometry": { "type": "Point", "coordinates": [ 113.932, 30.87 ] } },
{ "type": "Feature", "properties": { "pt_id": " 15059", "trajectory_id": 15, "北京时间": "2026-05-16 03:00", "lon": 113.915, "lat": 30.814, "height": 10.0 }, "geometry": { "type": "Point", "coordinates": [ 113.915, 30.814 ] } },
{ "type": "Feature", "properties": { "pt_id": " 15060", "trajectory_id": 15, "北京时间": "2026-05-16 02:00", "lon": 113.896, "lat": 30.732, "height": 8.0 }, "geometry": { "type": "Point", "coordinates": [ 113.896, 30.732 ] } },
{ "type": "Feature", "properties": { "pt_id": " 15061", "trajectory_id": 15, "北京时间": "2026-05-16 01:00", "lon": 113.852, "lat": 30.626, "height": 6.0 }, "geometry": { "type": "Point", "coordinates": [ 113.852, 30.626 ] } },
{ "type": "Feature", "properties": { "pt_id": " 15062", "trajectory_id": 15, "北京时间": "2026-05-16 00:00", "lon": 113.819, "lat": 30.517, "height": 6.0 }, "geometry": { "type": "Point", "coordinates": [ 113.819, 30.517 ] } },
{ "type": "Feature", "properties": { "pt_id": " 15063", "trajectory_id": 15, "北京时间": "2026-05-15 23:00", "lon": 113.821, "lat": 30.414, "height": 8.0 }, "geometry": { "type": "Point", "coordinates": [ 113.821, 30.414 ] } },
{ "type": "Feature", "properties": { "pt_id": " 15064", "trajectory_id": 15, "北京时间": "2026-05-15 22:00", "lon": 113.835, "lat": 30.316, "height": 8.0 }, "geometry": { "type": "Point", "coordinates": [ 113.835, 30.316 ] } },
{ "type": "Feature", "properties": { "pt_id": " 15065", "trajectory_id": 15, "北京时间": "2026-05-15 21:00", "lon": 113.858, "lat": 30.23, "height": 8.0 }, "geometry": { "type": "Point", "coordinates": [ 113.858, 30.23 ] } },
{ "type": "Feature", "properties": { "pt_id": " 15066", "trajectory_id": 15, "北京时间": "2026-05-15 20:00", "lon": 113.901, "lat": 30.164, "height": 8.0 }, "geometry": { "type": "Point", "coordinates": [ 113.901, 30.164 ] } },
{ "type": "Feature", "properties": { "pt_id": " 15067", "trajectory_id": 15, "北京时间": "2026-05-15 19:00", "lon": 113.962, "lat": 30.111, "height": 8.0 }, "geometry": { "type": "Point", "coordinates": [ 113.962, 30.111 ] } },
{ "type": "Feature", "properties": { "pt_id": " 15068", "trajectory_id": 15, "北京时间": "2026-05-15 18:00", "lon": 114.043, "lat": 30.065, "height": 9.0 }, "geometry": { "type": "Point", "coordinates": [ 114.043, 30.065 ] } },
{ "type": "Feature", "properties": { "pt_id": " 15069", "trajectory_id": 15, "北京时间": "2026-05-15 17:00", "lon": 114.142, "lat": 30.019, "height": 16.0 }, "geometry": { "type": "Point", "coordinates": [ 114.142, 30.019 ] } },
{ "type": "Feature", "properties": { "pt_id": " 15070", "trajectory_id": 15, "北京时间": "2026-05-15 16:00", "lon": 114.275, "lat": 29.96, "height": 35.0 }, "geometry": { "type": "Point", "coordinates": [ 114.275, 29.96 ] } },
{ "type": "Feature", "properties": { "pt_id": " 15071", "trajectory_id": 15, "北京时间": "2026-05-15 15:00", "lon": 114.423, "lat": 29.896, "height": 71.0 }, "geometry": { "type": "Point", "coordinates": [ 114.423, 29.896 ] } },
{ "type": "Feature", "properties": { "pt_id": " 15072", "trajectory_id": 15, "北京时间": "2026-05-15 14:00", "lon": 114.554, "lat": 29.845, "height": 116.0 }, "geometry": { "type": "Point", "coordinates": [ 114.554, 29.845 ] } },
{ "type": "Feature", "properties": { "pt_id": " 15073", "trajectory_id": 15, "北京时间": "2026-05-15 13:00", "lon": 114.67, "lat": 29.8, "height": 136.0 }, "geometry": { "type": "Point", "coordinates": [ 114.67, 29.8 ] } },
{ "type": "Feature", "properties": { "pt_id": " 15074", "trajectory_id": 15, "北京时间": "2026-05-15 12:00", "lon": 114.748, "lat": 29.741, "height": 121.0 }, "geometry": { "type": "Point", "coordinates": [ 114.748, 29.741 ] } },
{ "type": "Feature", "properties": { "pt_id": " 15075", "trajectory_id": 15, "北京时间": "2026-05-15 11:00", "lon": 114.779, "lat": 29.659, "height": 132.0 }, "geometry": { "type": "Point", "coordinates": [ 114.779, 29.659 ] } },
{ "type": "Feature", "properties": { "pt_id": " 15076", "trajectory_id": 15, "北京时间": "2026-05-15 10:00", "lon": 114.789, "lat": 29.557, "height": 226.0 }, "geometry": { "type": "Point", "coordinates": [ 114.789, 29.557 ] } },
{ "type": "Feature", "properties": { "pt_id": " 15077", "trajectory_id": 15, "北京时间": "2026-05-15 09:00", "lon": 114.825, "lat": 29.428, "height": 474.0 }, "geometry": { "type": "Point", "coordinates": [ 114.825, 29.428 ] } },
{ "type": "Feature", "properties": { "pt_id": " 15078", "trajectory_id": 15, "北京时间": "2026-05-15 08:00", "lon": 114.869, "lat": 29.279, "height": 709.0 }, "geometry": { "type": "Point", "coordinates": [ 114.869, 29.279 ] } },
{ "type": "Feature", "properties": { "pt_id": " 15079", "trajectory_id": 15, "北京时间": "2026-05-15 07:00", "lon": 114.948, "lat": 29.07, "height": 996.0 }, "geometry": { "type": "Point", "coordinates": [ 114.948, 29.07 ] } },
{ "type": "Feature", "properties": { "pt_id": " 15080", "trajectory_id": 15, "北京时间": "2026-05-15 06:00", "lon": 115.141, "lat": 28.793, "height": 1316.0 }, "geometry": { "type": "Point", "coordinates": [ 115.141, 28.793 ] } },
{ "type": "Feature", "properties": { "pt_id": " 15081", "trajectory_id": 15, "北京时间": "2026-05-15 05:00", "lon": 115.281, "lat": 28.536, "height": 1534.0 }, "geometry": { "type": "Point", "coordinates": [ 115.281, 28.536 ] } },
{ "type": "Feature", "properties": { "pt_id": " 15082", "trajectory_id": 15, "北京时间": "2026-05-15 04:00", "lon": 115.462, "lat": 28.402, "height": 1902.0 }, "geometry": { "type": "Point", "coordinates": [ 115.462, 28.402 ] } },
{ "type": "Feature", "properties": { "pt_id": " 15083", "trajectory_id": 15, "北京时间": "2026-05-15 03:00", "lon": 115.688, "lat": 28.338, "height": 2179.0 }, "geometry": { "type": "Point", "coordinates": [ 115.688, 28.338 ] } },
{ "type": "Feature", "properties": { "pt_id": " 15084", "trajectory_id": 15, "北京时间": "2026-05-15 02:00", "lon": 115.848, "lat": 28.279, "height": 2893.0 }, "geometry": { "type": "Point", "coordinates": [ 115.848, 28.279 ] } },
{ "type": "Feature", "properties": { "pt_id": " 15085", "trajectory_id": 15, "北京时间": "2026-05-15 01:00", "lon": 115.952, "lat": 28.209, "height": 3296.0 }, "geometry": { "type": "Point", "coordinates": [ 115.952, 28.209 ] } },
{ "type": "Feature", "properties": { "pt_id": " 15086", "trajectory_id": 15, "北京时间": "2026-05-15 00:00", "lon": 116.067, "lat": 28.166, "height": 3523.0 }, "geometry": { "type": "Point", "coordinates": [ 116.067, 28.166 ] } },
{ "type": "Feature", "properties": { "pt_id": " 15087", "trajectory_id": 15, "北京时间": "2026-05-14 23:00", "lon": 116.151, "lat": 28.151, "height": 3791.0 }, "geometry": { "type": "Point", "coordinates": [ 116.151, 28.151 ] } },
{ "type": "Feature", "properties": { "pt_id": " 15088", "trajectory_id": 15, "北京时间": "2026-05-14 22:00", "lon": 116.145, "lat": 28.142, "height": 4066.0 }, "geometry": { "type": "Point", "coordinates": [ 116.145, 28.142 ] } },
{ "type": "Feature", "properties": { "pt_id": " 15089", "trajectory_id": 15, "北京时间": "2026-05-14 21:00", "lon": 116.064, "lat": 28.142, "height": 4263.0 }, "geometry": { "type": "Point", "coordinates": [ 116.064, 28.142 ] } },
{ "type": "Feature", "properties": { "pt_id": " 15090", "trajectory_id": 15, "北京时间": "2026-05-14 20:00", "lon": 115.956, "lat": 28.146, "height": 4372.0 }, "geometry": { "type": "Point", "coordinates": [ 115.956, 28.146 ] } },
{ "type": "Feature", "properties": { "pt_id": " 15091", "trajectory_id": 15, "北京时间": "2026-05-14 19:00", "lon": 115.818, "lat": 28.14, "height": 4456.0 }, "geometry": { "type": "Point", "coordinates": [ 115.818, 28.14 ] } },
{ "type": "Feature", "properties": { "pt_id": " 15092", "trajectory_id": 15, "北京时间": "2026-05-14 18:00", "lon": 115.648, "lat": 28.122, "height": 4529.0 }, "geometry": { "type": "Point", "coordinates": [ 115.648, 28.122 ] } },
{ "type": "Feature", "properties": { "pt_id": " 15093", "trajectory_id": 15, "北京时间": "2026-05-14 17:00", "lon": 115.473, "lat": 28.099, "height": 4533.0 }, "geometry": { "type": "Point", "coordinates": [ 115.473, 28.099 ] } },
{ "type": "Feature", "properties": { "pt_id": " 15094", "trajectory_id": 15, "北京时间": "2026-05-14 16:00", "lon": 115.324, "lat": 28.064, "height": 4445.0 }, "geometry": { "type": "Point", "coordinates": [ 115.324, 28.064 ] } },
{ "type": "Feature", "properties": { "pt_id": " 15095", "trajectory_id": 15, "北京时间": "2026-05-14 15:00", "lon": 115.236, "lat": 28.022, "height": 4333.0 }, "geometry": { "type": "Point", "coordinates": [ 115.236, 28.022 ] } },
{ "type": "Feature", "properties": { "pt_id": " 15096", "trajectory_id": 15, "北京时间": "2026-05-14 14:00", "lon": 115.194, "lat": 27.994, "height": 4280.0 }, "geometry": { "type": "Point", "coordinates": [ 115.194, 27.994 ] } },
{ "type": "Feature", "properties": { "pt_id": " 15097", "trajectory_id": 15, "北京时间": "2026-05-14 13:00", "lon": 115.174, "lat": 27.984, "height": 4283.0 }, "geometry": { "type": "Point", "coordinates": [ 115.174, 27.984 ] } },
{ "type": "Feature", "properties": { "pt_id": " 15098", "trajectory_id": 15, "北京时间": "2026-05-14 12:00", "lon": 115.157, "lat": 27.984, "height": 4312.0 }, "geometry": { "type": "Point", "coordinates": [ 115.157, 27.984 ] } },
{ "type": "Feature", "properties": { "pt_id": " 15099", "trajectory_id": 15, "北京时间": "2026-05-14 11:00", "lon": 115.126, "lat": 27.987, "height": 4350.0 }, "geometry": { "type": "Point", "coordinates": [ 115.126, 27.987 ] } },
{ "type": "Feature", "properties": { "pt_id": " 15100", "trajectory_id": 15, "北京时间": "2026-05-14 10:00", "lon": 115.077, "lat": 27.995, "height": 4411.0 }, "geometry": { "type": "Point", "coordinates": [ 115.077, 27.995 ] } },
{ "type": "Feature", "properties": { "pt_id": " 15101", "trajectory_id": 15, "北京时间": "2026-05-14 09:00", "lon": 115.002, "lat": 28.016, "height": 4470.0 }, "geometry": { "type": "Point", "coordinates": [ 115.002, 28.016 ] } },
{ "type": "Feature", "properties": { "pt_id": " 15102", "trajectory_id": 15, "北京时间": "2026-05-14 08:00", "lon": 114.913, "lat": 28.059, "height": 4489.0 }, "geometry": { "type": "Point", "coordinates": [ 114.913, 28.059 ] } },
{ "type": "Feature", "properties": { "pt_id": " 15103", "trajectory_id": 15, "北京时间": "2026-05-14 07:00", "lon": 114.826, "lat": 28.124, "height": 4482.0 }, "geometry": { "type": "Point", "coordinates": [ 114.826, 28.124 ] } },
{ "type": "Feature", "properties": { "pt_id": " 15104", "trajectory_id": 15, "北京时间": "2026-05-14 06:00", "lon": 114.738, "lat": 28.212, "height": 4477.0 }, "geometry": { "type": "Point", "coordinates": [ 114.738, 28.212 ] } },
{ "type": "Feature", "properties": { "pt_id": " 16000", "trajectory_id": 16, "北京时间": "2026-05-16 06:00", "lon": 113.942, "lat": 30.907, "height": 10.0 }, "geometry": { "type": "Point", "coordinates": [ 113.942, 30.907 ] } },
{ "type": "Feature", "properties": { "pt_id": " 16061", "trajectory_id": 16, "北京时间": "2026-05-16 05:00", "lon": 113.981, "lat": 30.813, "height": 8.0 }, "geometry": { "type": "Point", "coordinates": [ 113.981, 30.813 ] } },
{ "type": "Feature", "properties": { "pt_id": " 16062", "trajectory_id": 16, "北京时间": "2026-05-16 04:00", "lon": 114.019, "lat": 30.697, "height": 2.0 }, "geometry": { "type": "Point", "coordinates": [ 114.019, 30.697 ] } },
{ "type": "Feature", "properties": { "pt_id": " 16063", "trajectory_id": 16, "北京时间": "2026-05-16 03:00", "lon": 114.074, "lat": 30.578, "height": 0.0 }, "geometry": { "type": "Point", "coordinates": [ 114.074, 30.578 ] } },
{ "type": "Feature", "properties": { "pt_id": " 16064", "trajectory_id": 16, "北京时间": "2026-05-16 02:00", "lon": 114.144, "lat": 30.462, "height": 5.0 }, "geometry": { "type": "Point", "coordinates": [ 114.144, 30.462 ] } },
{ "type": "Feature", "properties": { "pt_id": " 16065", "trajectory_id": 16, "北京时间": "2026-05-16 01:00", "lon": 114.219, "lat": 30.352, "height": 12.0 }, "geometry": { "type": "Point", "coordinates": [ 114.219, 30.352 ] } },
{ "type": "Feature", "properties": { "pt_id": " 16066", "trajectory_id": 16, "北京时间": "2026-05-16 00:00", "lon": 114.301, "lat": 30.25, "height": 18.0 }, "geometry": { "type": "Point", "coordinates": [ 114.301, 30.25 ] } },
{ "type": "Feature", "properties": { "pt_id": " 16067", "trajectory_id": 16, "北京时间": "2026-05-15 23:00", "lon": 114.4, "lat": 30.158, "height": 27.0 }, "geometry": { "type": "Point", "coordinates": [ 114.4, 30.158 ] } },
{ "type": "Feature", "properties": { "pt_id": " 16068", "trajectory_id": 16, "北京时间": "2026-05-15 22:00", "lon": 114.517, "lat": 30.077, "height": 50.0 }, "geometry": { "type": "Point", "coordinates": [ 114.517, 30.077 ] } },
{ "type": "Feature", "properties": { "pt_id": " 16069", "trajectory_id": 16, "北京时间": "2026-05-15 21:00", "lon": 114.669, "lat": 30.003, "height": 93.0 }, "geometry": { "type": "Point", "coordinates": [ 114.669, 30.003 ] } },
{ "type": "Feature", "properties": { "pt_id": " 16070", "trajectory_id": 16, "北京时间": "2026-05-15 20:00", "lon": 114.858, "lat": 29.947, "height": 135.0 }, "geometry": { "type": "Point", "coordinates": [ 114.858, 29.947 ] } },
{ "type": "Feature", "properties": { "pt_id": " 16071", "trajectory_id": 16, "北京时间": "2026-05-15 19:00", "lon": 115.015, "lat": 29.912, "height": 166.0 }, "geometry": { "type": "Point", "coordinates": [ 115.015, 29.912 ] } },
{ "type": "Feature", "properties": { "pt_id": " 16072", "trajectory_id": 16, "北京时间": "2026-05-15 18:00", "lon": 115.114, "lat": 29.877, "height": 203.0 }, "geometry": { "type": "Point", "coordinates": [ 115.114, 29.877 ] } },
{ "type": "Feature", "properties": { "pt_id": " 16073", "trajectory_id": 16, "北京时间": "2026-05-15 17:00", "lon": 115.162, "lat": 29.846, "height": 226.0 }, "geometry": { "type": "Point", "coordinates": [ 115.162, 29.846 ] } },
{ "type": "Feature", "properties": { "pt_id": " 16074", "trajectory_id": 16, "北京时间": "2026-05-15 16:00", "lon": 115.158, "lat": 29.785, "height": 244.0 }, "geometry": { "type": "Point", "coordinates": [ 115.158, 29.785 ] } },
{ "type": "Feature", "properties": { "pt_id": " 16075", "trajectory_id": 16, "北京时间": "2026-05-15 15:00", "lon": 115.131, "lat": 29.648, "height": 325.0 }, "geometry": { "type": "Point", "coordinates": [ 115.131, 29.648 ] } },
{ "type": "Feature", "properties": { "pt_id": " 16076", "trajectory_id": 16, "北京时间": "2026-05-15 14:00", "lon": 115.18, "lat": 29.479, "height": 755.0 }, "geometry": { "type": "Point", "coordinates": [ 115.18, 29.479 ] } },
{ "type": "Feature", "properties": { "pt_id": " 16077", "trajectory_id": 16, "北京时间": "2026-05-15 13:00", "lon": 115.371, "lat": 29.319, "height": 1377.0 }, "geometry": { "type": "Point", "coordinates": [ 115.371, 29.319 ] } },
{ "type": "Feature", "properties": { "pt_id": " 16078", "trajectory_id": 16, "北京时间": "2026-05-15 12:00", "lon": 115.542, "lat": 29.147, "height": 1486.0 }, "geometry": { "type": "Point", "coordinates": [ 115.542, 29.147 ] } },
{ "type": "Feature", "properties": { "pt_id": " 16079", "trajectory_id": 16, "北京时间": "2026-05-15 11:00", "lon": 115.709, "lat": 28.922, "height": 1539.0 }, "geometry": { "type": "Point", "coordinates": [ 115.709, 28.922 ] } },
{ "type": "Feature", "properties": { "pt_id": " 16080", "trajectory_id": 16, "北京时间": "2026-05-15 10:00", "lon": 115.921, "lat": 28.713, "height": 1792.0 }, "geometry": { "type": "Point", "coordinates": [ 115.921, 28.713 ] } },
{ "type": "Feature", "properties": { "pt_id": " 16081", "trajectory_id": 16, "北京时间": "2026-05-15 09:00", "lon": 116.07, "lat": 28.54, "height": 1969.0 }, "geometry": { "type": "Point", "coordinates": [ 116.07, 28.54 ] } },
{ "type": "Feature", "properties": { "pt_id": " 16082", "trajectory_id": 16, "北京时间": "2026-05-15 08:00", "lon": 116.164, "lat": 28.37, "height": 2025.0 }, "geometry": { "type": "Point", "coordinates": [ 116.164, 28.37 ] } },
{ "type": "Feature", "properties": { "pt_id": " 16083", "trajectory_id": 16, "北京时间": "2026-05-15 07:00", "lon": 116.276, "lat": 28.231, "height": 2130.0 }, "geometry": { "type": "Point", "coordinates": [ 116.276, 28.231 ] } },
{ "type": "Feature", "properties": { "pt_id": " 16084", "trajectory_id": 16, "北京时间": "2026-05-15 06:00", "lon": 116.399, "lat": 28.142, "height": 2447.0 }, "geometry": { "type": "Point", "coordinates": [ 116.399, 28.142 ] } },
{ "type": "Feature", "properties": { "pt_id": " 16085", "trajectory_id": 16, "北京时间": "2026-05-15 05:00", "lon": 116.48, "lat": 28.062, "height": 2949.0 }, "geometry": { "type": "Point", "coordinates": [ 116.48, 28.062 ] } },
{ "type": "Feature", "properties": { "pt_id": " 16086", "trajectory_id": 16, "北京时间": "2026-05-15 04:00", "lon": 116.49, "lat": 27.988, "height": 3335.0 }, "geometry": { "type": "Point", "coordinates": [ 116.49, 27.988 ] } },
{ "type": "Feature", "properties": { "pt_id": " 16087", "trajectory_id": 16, "北京时间": "2026-05-15 03:00", "lon": 116.518, "lat": 27.952, "height": 3597.0 }, "geometry": { "type": "Point", "coordinates": [ 116.518, 27.952 ] } },
{ "type": "Feature", "properties": { "pt_id": " 16088", "trajectory_id": 16, "北京时间": "2026-05-15 02:00", "lon": 116.511, "lat": 27.931, "height": 3776.0 }, "geometry": { "type": "Point", "coordinates": [ 116.511, 27.931 ] } },
{ "type": "Feature", "properties": { "pt_id": " 16089", "trajectory_id": 16, "北京时间": "2026-05-15 01:00", "lon": 116.456, "lat": 27.903, "height": 3887.0 }, "geometry": { "type": "Point", "coordinates": [ 116.456, 27.903 ] } },
{ "type": "Feature", "properties": { "pt_id": " 16090", "trajectory_id": 16, "北京时间": "2026-05-15 00:00", "lon": 116.392, "lat": 27.872, "height": 3953.0 }, "geometry": { "type": "Point", "coordinates": [ 116.392, 27.872 ] } },
{ "type": "Feature", "properties": { "pt_id": " 16091", "trajectory_id": 16, "北京时间": "2026-05-14 23:00", "lon": 116.338, "lat": 27.825, "height": 3950.0 }, "geometry": { "type": "Point", "coordinates": [ 116.338, 27.825 ] } },
{ "type": "Feature", "properties": { "pt_id": " 16092", "trajectory_id": 16, "北京时间": "2026-05-14 22:00", "lon": 116.311, "lat": 27.769, "height": 3873.0 }, "geometry": { "type": "Point", "coordinates": [ 116.311, 27.769 ] } },
{ "type": "Feature", "properties": { "pt_id": " 16093", "trajectory_id": 16, "北京时间": "2026-05-14 21:00", "lon": 116.307, "lat": 27.723, "height": 3765.0 }, "geometry": { "type": "Point", "coordinates": [ 116.307, 27.723 ] } },
{ "type": "Feature", "properties": { "pt_id": " 16094", "trajectory_id": 16, "北京时间": "2026-05-14 20:00", "lon": 116.321, "lat": 27.695, "height": 3689.0 }, "geometry": { "type": "Point", "coordinates": [ 116.321, 27.695 ] } },
{ "type": "Feature", "properties": { "pt_id": " 16095", "trajectory_id": 16, "北京时间": "2026-05-14 19:00", "lon": 116.343, "lat": 27.69, "height": 3658.0 }, "geometry": { "type": "Point", "coordinates": [ 116.343, 27.69 ] } },
{ "type": "Feature", "properties": { "pt_id": " 16096", "trajectory_id": 16, "北京时间": "2026-05-14 18:00", "lon": 116.371, "lat": 27.71, "height": 3649.0 }, "geometry": { "type": "Point", "coordinates": [ 116.371, 27.71 ] } },
{ "type": "Feature", "properties": { "pt_id": " 16097", "trajectory_id": 16, "北京时间": "2026-05-14 17:00", "lon": 116.405, "lat": 27.754, "height": 3655.0 }, "geometry": { "type": "Point", "coordinates": [ 116.405, 27.754 ] } },
{ "type": "Feature", "properties": { "pt_id": " 16098", "trajectory_id": 16, "北京时间": "2026-05-14 16:00", "lon": 116.431, "lat": 27.802, "height": 3668.0 }, "geometry": { "type": "Point", "coordinates": [ 116.431, 27.802 ] } },
{ "type": "Feature", "properties": { "pt_id": " 16099", "trajectory_id": 16, "北京时间": "2026-05-14 15:00", "lon": 116.437, "lat": 27.842, "height": 3691.0 }, "geometry": { "type": "Point", "coordinates": [ 116.437, 27.842 ] } },
{ "type": "Feature", "properties": { "pt_id": " 16100", "trajectory_id": 16, "北京时间": "2026-05-14 14:00", "lon": 116.422, "lat": 27.882, "height": 3736.0 }, "geometry": { "type": "Point", "coordinates": [ 116.422, 27.882 ] } },
{ "type": "Feature", "properties": { "pt_id": " 16101", "trajectory_id": 16, "北京时间": "2026-05-14 13:00", "lon": 116.395, "lat": 27.929, "height": 3790.0 }, "geometry": { "type": "Point", "coordinates": [ 116.395, 27.929 ] } },
{ "type": "Feature", "properties": { "pt_id": " 16102", "trajectory_id": 16, "北京时间": "2026-05-14 12:00", "lon": 116.37, "lat": 27.986, "height": 3824.0 }, "geometry": { "type": "Point", "coordinates": [ 116.37, 27.986 ] } },
{ "type": "Feature", "properties": { "pt_id": " 16103", "trajectory_id": 16, "北京时间": "2026-05-14 11:00", "lon": 116.348, "lat": 28.049, "height": 3819.0 }, "geometry": { "type": "Point", "coordinates": [ 116.348, 28.049 ] } },
{ "type": "Feature", "properties": { "pt_id": " 16104", "trajectory_id": 16, "北京时间": "2026-05-14 10:00", "lon": 116.329, "lat": 28.125, "height": 3825.0 }, "geometry": { "type": "Point", "coordinates": [ 116.329, 28.125 ] } },
{ "type": "Feature", "properties": { "pt_id": " 16105", "trajectory_id": 16, "北京时间": "2026-05-14 09:00", "lon": 116.297, "lat": 28.235, "height": 3921.0 }, "geometry": { "type": "Point", "coordinates": [ 116.297, 28.235 ] } },
{ "type": "Feature", "properties": { "pt_id": " 16106", "trajectory_id": 16, "北京时间": "2026-05-14 08:00", "lon": 116.233, "lat": 28.389, "height": 4070.0 }, "geometry": { "type": "Point", "coordinates": [ 116.233, 28.389 ] } },
{ "type": "Feature", "properties": { "pt_id": " 16107", "trajectory_id": 16, "北京时间": "2026-05-14 07:00", "lon": 116.131, "lat": 28.559, "height": 4147.0 }, "geometry": { "type": "Point", "coordinates": [ 116.131, 28.559 ] } },
{ "type": "Feature", "properties": { "pt_id": " 16108", "trajectory_id": 16, "北京时间": "2026-05-14 06:00", "lon": 115.995, "lat": 28.721, "height": 4272.0 }, "geometry": { "type": "Point", "coordinates": [ 115.995, 28.721 ] } },
{ "type": "Feature", "properties": { "pt_id": " 17000", "trajectory_id": 17, "北京时间": "2026-05-16 06:00", "lon": 113.942, "lat": 30.907, "height": 10.0 }, "geometry": { "type": "Point", "coordinates": [ 113.942, 30.907 ] } },
{ "type": "Feature", "properties": { "pt_id": " 17065", "trajectory_id": 17, "北京时间": "2026-05-16 05:00", "lon": 114.116, "lat": 30.789, "height": 9.0 }, "geometry": { "type": "Point", "coordinates": [ 114.116, 30.789 ] } },
{ "type": "Feature", "properties": { "pt_id": " 17066", "trajectory_id": 17, "北京时间": "2026-05-16 04:00", "lon": 114.285, "lat": 30.691, "height": 8.0 }, "geometry": { "type": "Point", "coordinates": [ 114.285, 30.691 ] } },
{ "type": "Feature", "properties": { "pt_id": " 17067", "trajectory_id": 17, "北京时间": "2026-05-16 03:00", "lon": 114.448, "lat": 30.59, "height": 11.0 }, "geometry": { "type": "Point", "coordinates": [ 114.448, 30.59 ] } },
{ "type": "Feature", "properties": { "pt_id": " 17068", "trajectory_id": 17, "北京时间": "2026-05-16 02:00", "lon": 114.615, "lat": 30.491, "height": 12.0 }, "geometry": { "type": "Point", "coordinates": [ 114.615, 30.491 ] } },
{ "type": "Feature", "properties": { "pt_id": " 17069", "trajectory_id": 17, "北京时间": "2026-05-16 01:00", "lon": 114.784, "lat": 30.42, "height": 22.0 }, "geometry": { "type": "Point", "coordinates": [ 114.784, 30.42 ] } },
{ "type": "Feature", "properties": { "pt_id": " 17070", "trajectory_id": 17, "北京时间": "2026-05-16 00:00", "lon": 114.953, "lat": 30.371, "height": 40.0 }, "geometry": { "type": "Point", "coordinates": [ 114.953, 30.371 ] } },
{ "type": "Feature", "properties": { "pt_id": " 17071", "trajectory_id": 17, "北京时间": "2026-05-15 23:00", "lon": 115.076, "lat": 30.324, "height": 57.0 }, "geometry": { "type": "Point", "coordinates": [ 115.076, 30.324 ] } },
{ "type": "Feature", "properties": { "pt_id": " 17072", "trajectory_id": 17, "北京时间": "2026-05-15 22:00", "lon": 115.124, "lat": 30.279, "height": 74.0 }, "geometry": { "type": "Point", "coordinates": [ 115.124, 30.279 ] } },
{ "type": "Feature", "properties": { "pt_id": " 17073", "trajectory_id": 17, "北京时间": "2026-05-15 21:00", "lon": 115.105, "lat": 30.234, "height": 92.0 }, "geometry": { "type": "Point", "coordinates": [ 115.105, 30.234 ] } },
{ "type": "Feature", "properties": { "pt_id": " 17074", "trajectory_id": 17, "北京时间": "2026-05-15 20:00", "lon": 115.042, "lat": 30.177, "height": 118.0 }, "geometry": { "type": "Point", "coordinates": [ 115.042, 30.177 ] } },
{ "type": "Feature", "properties": { "pt_id": " 17075", "trajectory_id": 17, "北京时间": "2026-05-15 19:00", "lon": 114.943, "lat": 30.085, "height": 158.0 }, "geometry": { "type": "Point", "coordinates": [ 114.943, 30.085 ] } },
{ "type": "Feature", "properties": { "pt_id": " 17076", "trajectory_id": 17, "北京时间": "2026-05-15 18:00", "lon": 114.821, "lat": 29.947, "height": 211.0 }, "geometry": { "type": "Point", "coordinates": [ 114.821, 29.947 ] } },
{ "type": "Feature", "properties": { "pt_id": " 17077", "trajectory_id": 17, "北京时间": "2026-05-15 17:00", "lon": 114.762, "lat": 29.814, "height": 208.0 }, "geometry": { "type": "Point", "coordinates": [ 114.762, 29.814 ] } },
{ "type": "Feature", "properties": { "pt_id": " 17078", "trajectory_id": 17, "北京时间": "2026-05-15 16:00", "lon": 114.756, "lat": 29.723, "height": 178.0 }, "geometry": { "type": "Point", "coordinates": [ 114.756, 29.723 ] } },
{ "type": "Feature", "properties": { "pt_id": " 17079", "trajectory_id": 17, "北京时间": "2026-05-15 15:00", "lon": 114.757, "lat": 29.65, "height": 177.0 }, "geometry": { "type": "Point", "coordinates": [ 114.757, 29.65 ] } },
{ "type": "Feature", "properties": { "pt_id": " 17080", "trajectory_id": 17, "北京时间": "2026-05-15 14:00", "lon": 114.745, "lat": 29.57, "height": 216.0 }, "geometry": { "type": "Point", "coordinates": [ 114.745, 29.57 ] } },
{ "type": "Feature", "properties": { "pt_id": " 17081", "trajectory_id": 17, "北京时间": "2026-05-15 13:00", "lon": 114.717, "lat": 29.492, "height": 295.0 }, "geometry": { "type": "Point", "coordinates": [ 114.717, 29.492 ] } },
{ "type": "Feature", "properties": { "pt_id": " 17082", "trajectory_id": 17, "北京时间": "2026-05-15 12:00", "lon": 114.69, "lat": 29.452, "height": 371.0 }, "geometry": { "type": "Point", "coordinates": [ 114.69, 29.452 ] } },
{ "type": "Feature", "properties": { "pt_id": " 17083", "trajectory_id": 17, "北京时间": "2026-05-15 11:00", "lon": 114.667, "lat": 29.429, "height": 414.0 }, "geometry": { "type": "Point", "coordinates": [ 114.667, 29.429 ] } },
{ "type": "Feature", "properties": { "pt_id": " 17084", "trajectory_id": 17, "北京时间": "2026-05-15 10:00", "lon": 114.648, "lat": 29.395, "height": 423.0 }, "geometry": { "type": "Point", "coordinates": [ 114.648, 29.395 ] } },
{ "type": "Feature", "properties": { "pt_id": " 17085", "trajectory_id": 17, "北京时间": "2026-05-15 09:00", "lon": 114.633, "lat": 29.354, "height": 416.0 }, "geometry": { "type": "Point", "coordinates": [ 114.633, 29.354 ] } },
{ "type": "Feature", "properties": { "pt_id": " 17086", "trajectory_id": 17, "北京时间": "2026-05-15 08:00", "lon": 114.616, "lat": 29.309, "height": 416.0 }, "geometry": { "type": "Point", "coordinates": [ 114.616, 29.309 ] } },
{ "type": "Feature", "properties": { "pt_id": " 17087", "trajectory_id": 17, "北京时间": "2026-05-15 07:00", "lon": 114.588, "lat": 29.259, "height": 441.0 }, "geometry": { "type": "Point", "coordinates": [ 114.588, 29.259 ] } },
{ "type": "Feature", "properties": { "pt_id": " 17088", "trajectory_id": 17, "北京时间": "2026-05-15 06:00", "lon": 114.552, "lat": 29.204, "height": 494.0 }, "geometry": { "type": "Point", "coordinates": [ 114.552, 29.204 ] } },
{ "type": "Feature", "properties": { "pt_id": " 17089", "trajectory_id": 17, "北京时间": "2026-05-15 05:00", "lon": 114.524, "lat": 29.145, "height": 548.0 }, "geometry": { "type": "Point", "coordinates": [ 114.524, 29.145 ] } },
{ "type": "Feature", "properties": { "pt_id": " 17090", "trajectory_id": 17, "北京时间": "2026-05-15 04:00", "lon": 114.517, "lat": 29.074, "height": 582.0 }, "geometry": { "type": "Point", "coordinates": [ 114.517, 29.074 ] } },
{ "type": "Feature", "properties": { "pt_id": " 17091", "trajectory_id": 17, "北京时间": "2026-05-15 03:00", "lon": 114.53, "lat": 28.981, "height": 590.0 }, "geometry": { "type": "Point", "coordinates": [ 114.53, 28.981 ] } },
{ "type": "Feature", "properties": { "pt_id": " 17092", "trajectory_id": 17, "北京时间": "2026-05-15 02:00", "lon": 114.555, "lat": 28.89, "height": 594.0 }, "geometry": { "type": "Point", "coordinates": [ 114.555, 28.89 ] } },
{ "type": "Feature", "properties": { "pt_id": " 17093", "trajectory_id": 17, "北京时间": "2026-05-15 01:00", "lon": 114.581, "lat": 28.819, "height": 593.0 }, "geometry": { "type": "Point", "coordinates": [ 114.581, 28.819 ] } },
{ "type": "Feature", "properties": { "pt_id": " 17094", "trajectory_id": 17, "北京时间": "2026-05-15 00:00", "lon": 114.605, "lat": 28.764, "height": 559.0 }, "geometry": { "type": "Point", "coordinates": [ 114.605, 28.764 ] } },
{ "type": "Feature", "properties": { "pt_id": " 17095", "trajectory_id": 17, "北京时间": "2026-05-14 23:00", "lon": 114.627, "lat": 28.718, "height": 527.0 }, "geometry": { "type": "Point", "coordinates": [ 114.627, 28.718 ] } },
{ "type": "Feature", "properties": { "pt_id": " 17096", "trajectory_id": 17, "北京时间": "2026-05-14 22:00", "lon": 114.641, "lat": 28.673, "height": 538.0 }, "geometry": { "type": "Point", "coordinates": [ 114.641, 28.673 ] } },
{ "type": "Feature", "properties": { "pt_id": " 17097", "trajectory_id": 17, "北京时间": "2026-05-14 21:00", "lon": 114.642, "lat": 28.627, "height": 580.0 }, "geometry": { "type": "Point", "coordinates": [ 114.642, 28.627 ] } },
{ "type": "Feature", "properties": { "pt_id": " 17098", "trajectory_id": 17, "北京时间": "2026-05-14 20:00", "lon": 114.629, "lat": 28.57, "height": 621.0 }, "geometry": { "type": "Point", "coordinates": [ 114.629, 28.57 ] } },
{ "type": "Feature", "properties": { "pt_id": " 17099", "trajectory_id": 17, "北京时间": "2026-05-14 19:00", "lon": 114.609, "lat": 28.499, "height": 622.0 }, "geometry": { "type": "Point", "coordinates": [ 114.609, 28.499 ] } },
{ "type": "Feature", "properties": { "pt_id": " 17100", "trajectory_id": 17, "北京时间": "2026-05-14 18:00", "lon": 114.583, "lat": 28.421, "height": 591.0 }, "geometry": { "type": "Point", "coordinates": [ 114.583, 28.421 ] } },
{ "type": "Feature", "properties": { "pt_id": " 17101", "trajectory_id": 17, "北京时间": "2026-05-14 17:00", "lon": 114.549, "lat": 28.349, "height": 546.0 }, "geometry": { "type": "Point", "coordinates": [ 114.549, 28.349 ] } },
{ "type": "Feature", "properties": { "pt_id": " 17102", "trajectory_id": 17, "北京时间": "2026-05-14 16:00", "lon": 114.507, "lat": 28.292, "height": 506.0 }, "geometry": { "type": "Point", "coordinates": [ 114.507, 28.292 ] } },
{ "type": "Feature", "properties": { "pt_id": " 17103", "trajectory_id": 17, "北京时间": "2026-05-14 15:00", "lon": 114.458, "lat": 28.251, "height": 483.0 }, "geometry": { "type": "Point", "coordinates": [ 114.458, 28.251 ] } },
{ "type": "Feature", "properties": { "pt_id": " 17104", "trajectory_id": 17, "北京时间": "2026-05-14 14:00", "lon": 114.396, "lat": 28.215, "height": 478.0 }, "geometry": { "type": "Point", "coordinates": [ 114.396, 28.215 ] } },
{ "type": "Feature", "properties": { "pt_id": " 17105", "trajectory_id": 17, "北京时间": "2026-05-14 13:00", "lon": 114.313, "lat": 28.176, "height": 491.0 }, "geometry": { "type": "Point", "coordinates": [ 114.313, 28.176 ] } },
{ "type": "Feature", "properties": { "pt_id": " 17106", "trajectory_id": 17, "北京时间": "2026-05-14 12:00", "lon": 114.207, "lat": 28.128, "height": 522.0 }, "geometry": { "type": "Point", "coordinates": [ 114.207, 28.128 ] } },
{ "type": "Feature", "properties": { "pt_id": " 17107", "trajectory_id": 17, "北京时间": "2026-05-14 11:00", "lon": 114.089, "lat": 28.064, "height": 604.0 }, "geometry": { "type": "Point", "coordinates": [ 114.089, 28.064 ] } },
{ "type": "Feature", "properties": { "pt_id": " 17108", "trajectory_id": 17, "北京时间": "2026-05-14 10:00", "lon": 113.976, "lat": 27.997, "height": 797.0 }, "geometry": { "type": "Point", "coordinates": [ 113.976, 27.997 ] } },
{ "type": "Feature", "properties": { "pt_id": " 17109", "trajectory_id": 17, "北京时间": "2026-05-14 09:00", "lon": 113.868, "lat": 27.931, "height": 1012.0 }, "geometry": { "type": "Point", "coordinates": [ 113.868, 27.931 ] } },
{ "type": "Feature", "properties": { "pt_id": " 17110", "trajectory_id": 17, "北京时间": "2026-05-14 08:00", "lon": 113.748, "lat": 27.861, "height": 1116.0 }, "geometry": { "type": "Point", "coordinates": [ 113.748, 27.861 ] } },
{ "type": "Feature", "properties": { "pt_id": " 17111", "trajectory_id": 17, "北京时间": "2026-05-14 07:00", "lon": 113.626, "lat": 27.786, "height": 1126.0 }, "geometry": { "type": "Point", "coordinates": [ 113.626, 27.786 ] } },
{ "type": "Feature", "properties": { "pt_id": " 17112", "trajectory_id": 17, "北京时间": "2026-05-14 06:00", "lon": 113.504, "lat": 27.709, "height": 1120.0 }, "geometry": { "type": "Point", "coordinates": [ 113.504, 27.709 ] } },
{ "type": "Feature", "properties": { "pt_id": " 18000", "trajectory_id": 18, "北京时间": "2026-05-16 06:00", "lon": 113.942, "lat": 30.907, "height": 10.0 }, "geometry": { "type": "Point", "coordinates": [ 113.942, 30.907 ] } },
{ "type": "Feature", "properties": { "pt_id": " 18069", "trajectory_id": 18, "北京时间": "2026-05-16 05:00", "lon": 114.049, "lat": 30.901, "height": 12.0 }, "geometry": { "type": "Point", "coordinates": [ 114.049, 30.901 ] } },
{ "type": "Feature", "properties": { "pt_id": " 18070", "trajectory_id": 18, "北京时间": "2026-05-16 04:00", "lon": 114.121, "lat": 30.942, "height": 17.0 }, "geometry": { "type": "Point", "coordinates": [ 114.121, 30.942 ] } },
{ "type": "Feature", "properties": { "pt_id": " 18071", "trajectory_id": 18, "北京时间": "2026-05-16 03:00", "lon": 114.144, "lat": 31.002, "height": 25.0 }, "geometry": { "type": "Point", "coordinates": [ 114.144, 31.002 ] } },
{ "type": "Feature", "properties": { "pt_id": " 18072", "trajectory_id": 18, "北京时间": "2026-05-16 02:00", "lon": 114.112, "lat": 31.025, "height": 26.0 }, "geometry": { "type": "Point", "coordinates": [ 114.112, 31.025 ] } },
{ "type": "Feature", "properties": { "pt_id": " 18073", "trajectory_id": 18, "北京时间": "2026-05-16 01:00", "lon": 114.033, "lat": 30.995, "height": 19.0 }, "geometry": { "type": "Point", "coordinates": [ 114.033, 30.995 ] } },
{ "type": "Feature", "properties": { "pt_id": " 18074", "trajectory_id": 18, "北京时间": "2026-05-16 00:00", "lon": 113.925, "lat": 30.927, "height": 13.0 }, "geometry": { "type": "Point", "coordinates": [ 113.925, 30.927 ] } },
{ "type": "Feature", "properties": { "pt_id": " 18075", "trajectory_id": 18, "北京时间": "2026-05-15 23:00", "lon": 113.793, "lat": 30.846, "height": 10.0 }, "geometry": { "type": "Point", "coordinates": [ 113.793, 30.846 ] } },
{ "type": "Feature", "properties": { "pt_id": " 18076", "trajectory_id": 18, "北京时间": "2026-05-15 22:00", "lon": 113.617, "lat": 30.753, "height": 9.0 }, "geometry": { "type": "Point", "coordinates": [ 113.617, 30.753 ] } },
{ "type": "Feature", "properties": { "pt_id": " 18077", "trajectory_id": 18, "北京时间": "2026-05-15 21:00", "lon": 113.45, "lat": 30.654, "height": 8.0 }, "geometry": { "type": "Point", "coordinates": [ 113.45, 30.654 ] } },
{ "type": "Feature", "properties": { "pt_id": " 18078", "trajectory_id": 18, "北京时间": "2026-05-15 20:00", "lon": 113.308, "lat": 30.526, "height": 6.0 }, "geometry": { "type": "Point", "coordinates": [ 113.308, 30.526 ] } },
{ "type": "Feature", "properties": { "pt_id": " 18079", "trajectory_id": 18, "北京时间": "2026-05-15 19:00", "lon": 113.137, "lat": 30.349, "height": 7.0 }, "geometry": { "type": "Point", "coordinates": [ 113.137, 30.349 ] } },
{ "type": "Feature", "properties": { "pt_id": " 18080", "trajectory_id": 18, "北京时间": "2026-05-15 18:00", "lon": 112.962, "lat": 30.185, "height": 10.0 }, "geometry": { "type": "Point", "coordinates": [ 112.962, 30.185 ] } },
{ "type": "Feature", "properties": { "pt_id": " 18081", "trajectory_id": 18, "北京时间": "2026-05-15 17:00", "lon": 112.868, "lat": 30.049, "height": 14.0 }, "geometry": { "type": "Point", "coordinates": [ 112.868, 30.049 ] } },
{ "type": "Feature", "properties": { "pt_id": " 18082", "trajectory_id": 18, "北京时间": "2026-05-15 16:00", "lon": 112.851, "lat": 29.941, "height": 21.0 }, "geometry": { "type": "Point", "coordinates": [ 112.851, 29.941 ] } },
{ "type": "Feature", "properties": { "pt_id": " 18083", "trajectory_id": 18, "北京时间": "2026-05-15 15:00", "lon": 112.856, "lat": 29.836, "height": 25.0 }, "geometry": { "type": "Point", "coordinates": [ 112.856, 29.836 ] } },
{ "type": "Feature", "properties": { "pt_id": " 18084", "trajectory_id": 18, "北京时间": "2026-05-15 14:00", "lon": 112.856, "lat": 29.723, "height": 23.0 }, "geometry": { "type": "Point", "coordinates": [ 112.856, 29.723 ] } },
{ "type": "Feature", "properties": { "pt_id": " 18085", "trajectory_id": 18, "北京时间": "2026-05-15 13:00", "lon": 112.858, "lat": 29.596, "height": 14.0 }, "geometry": { "type": "Point", "coordinates": [ 112.858, 29.596 ] } },
{ "type": "Feature", "properties": { "pt_id": " 18086", "trajectory_id": 18, "北京时间": "2026-05-15 12:00", "lon": 112.863, "lat": 29.462, "height": 0.0 }, "geometry": { "type": "Point", "coordinates": [ 112.863, 29.462 ] } },
{ "type": "Feature", "properties": { "pt_id": " 18087", "trajectory_id": 18, "北京时间": "2026-05-15 11:00", "lon": 112.876, "lat": 29.326, "height": 0.0 }, "geometry": { "type": "Point", "coordinates": [ 112.876, 29.326 ] } },
{ "type": "Feature", "properties": { "pt_id": " 18088", "trajectory_id": 18, "北京时间": "2026-05-15 10:00", "lon": 112.891, "lat": 29.187, "height": 0.0 }, "geometry": { "type": "Point", "coordinates": [ 112.891, 29.187 ] } },
{ "type": "Feature", "properties": { "pt_id": " 18089", "trajectory_id": 18, "北京时间": "2026-05-15 09:00", "lon": 112.896, "lat": 29.046, "height": 0.0 }, "geometry": { "type": "Point", "coordinates": [ 112.896, 29.046 ] } },
{ "type": "Feature", "properties": { "pt_id": " 18090", "trajectory_id": 18, "北京时间": "2026-05-15 08:00", "lon": 112.889, "lat": 28.902, "height": 0.0 }, "geometry": { "type": "Point", "coordinates": [ 112.889, 28.902 ] } },
{ "type": "Feature", "properties": { "pt_id": " 18091", "trajectory_id": 18, "北京时间": "2026-05-15 07:00", "lon": 112.881, "lat": 28.756, "height": 2.0 }, "geometry": { "type": "Point", "coordinates": [ 112.881, 28.756 ] } },
{ "type": "Feature", "properties": { "pt_id": " 18092", "trajectory_id": 18, "北京时间": "2026-05-15 06:00", "lon": 112.887, "lat": 28.624, "height": 4.0 }, "geometry": { "type": "Point", "coordinates": [ 112.887, 28.624 ] } },
{ "type": "Feature", "properties": { "pt_id": " 18093", "trajectory_id": 18, "北京时间": "2026-05-15 05:00", "lon": 112.918, "lat": 28.518, "height": 5.0 }, "geometry": { "type": "Point", "coordinates": [ 112.918, 28.518 ] } },
{ "type": "Feature", "properties": { "pt_id": " 18094", "trajectory_id": 18, "北京时间": "2026-05-15 04:00", "lon": 112.965, "lat": 28.439, "height": 8.0 }, "geometry": { "type": "Point", "coordinates": [ 112.965, 28.439 ] } },
{ "type": "Feature", "properties": { "pt_id": " 18095", "trajectory_id": 18, "北京时间": "2026-05-15 03:00", "lon": 113.018, "lat": 28.378, "height": 8.0 }, "geometry": { "type": "Point", "coordinates": [ 113.018, 28.378 ] } },
{ "type": "Feature", "properties": { "pt_id": " 18096", "trajectory_id": 18, "北京时间": "2026-05-15 02:00", "lon": 113.07, "lat": 28.321, "height": 7.0 }, "geometry": { "type": "Point", "coordinates": [ 113.07, 28.321 ] } },
{ "type": "Feature", "properties": { "pt_id": " 18097", "trajectory_id": 18, "北京时间": "2026-05-15 01:00", "lon": 113.123, "lat": 28.265, "height": 6.0 }, "geometry": { "type": "Point", "coordinates": [ 113.123, 28.265 ] } },
{ "type": "Feature", "properties": { "pt_id": " 18098", "trajectory_id": 18, "北京时间": "2026-05-15 00:00", "lon": 113.173, "lat": 28.208, "height": 7.0 }, "geometry": { "type": "Point", "coordinates": [ 113.173, 28.208 ] } },
{ "type": "Feature", "properties": { "pt_id": " 18099", "trajectory_id": 18, "北京时间": "2026-05-14 23:00", "lon": 113.214, "lat": 28.148, "height": 8.0 }, "geometry": { "type": "Point", "coordinates": [ 113.214, 28.148 ] } },
{ "type": "Feature", "properties": { "pt_id": " 18100", "trajectory_id": 18, "北京时间": "2026-05-14 22:00", "lon": 113.247, "lat": 28.085, "height": 11.0 }, "geometry": { "type": "Point", "coordinates": [ 113.247, 28.085 ] } },
{ "type": "Feature", "properties": { "pt_id": " 18101", "trajectory_id": 18, "北京时间": "2026-05-14 21:00", "lon": 113.272, "lat": 28.016, "height": 19.0 }, "geometry": { "type": "Point", "coordinates": [ 113.272, 28.016 ] } },
{ "type": "Feature", "properties": { "pt_id": " 18102", "trajectory_id": 18, "北京时间": "2026-05-14 20:00", "lon": 113.292, "lat": 27.942, "height": 35.0 }, "geometry": { "type": "Point", "coordinates": [ 113.292, 27.942 ] } },
{ "type": "Feature", "properties": { "pt_id": " 18103", "trajectory_id": 18, "北京时间": "2026-05-14 19:00", "lon": 113.303, "lat": 27.868, "height": 51.0 }, "geometry": { "type": "Point", "coordinates": [ 113.303, 27.868 ] } },
{ "type": "Feature", "properties": { "pt_id": " 18104", "trajectory_id": 18, "北京时间": "2026-05-14 18:00", "lon": 113.302, "lat": 27.788, "height": 59.0 }, "geometry": { "type": "Point", "coordinates": [ 113.302, 27.788 ] } },
{ "type": "Feature", "properties": { "pt_id": " 18105", "trajectory_id": 18, "北京时间": "2026-05-14 17:00", "lon": 113.294, "lat": 27.698, "height": 61.0 }, "geometry": { "type": "Point", "coordinates": [ 113.294, 27.698 ] } },
{ "type": "Feature", "properties": { "pt_id": " 18106", "trajectory_id": 18, "北京时间": "2026-05-14 16:00", "lon": 113.279, "lat": 27.59, "height": 80.0 }, "geometry": { "type": "Point", "coordinates": [ 113.279, 27.59 ] } },
{ "type": "Feature", "properties": { "pt_id": " 18107", "trajectory_id": 18, "北京时间": "2026-05-14 15:00", "lon": 113.251, "lat": 27.474, "height": 130.0 }, "geometry": { "type": "Point", "coordinates": [ 113.251, 27.474 ] } },
{ "type": "Feature", "properties": { "pt_id": " 18108", "trajectory_id": 18, "北京时间": "2026-05-14 14:00", "lon": 113.201, "lat": 27.364, "height": 180.0 }, "geometry": { "type": "Point", "coordinates": [ 113.201, 27.364 ] } },
{ "type": "Feature", "properties": { "pt_id": " 18109", "trajectory_id": 18, "北京时间": "2026-05-14 13:00", "lon": 113.123, "lat": 27.253, "height": 187.0 }, "geometry": { "type": "Point", "coordinates": [ 113.123, 27.253 ] } },
{ "type": "Feature", "properties": { "pt_id": " 18110", "trajectory_id": 18, "北京时间": "2026-05-14 12:00", "lon": 113.037, "lat": 27.146, "height": 189.0 }, "geometry": { "type": "Point", "coordinates": [ 113.037, 27.146 ] } },
{ "type": "Feature", "properties": { "pt_id": " 18111", "trajectory_id": 18, "北京时间": "2026-05-14 11:00", "lon": 112.948, "lat": 27.052, "height": 190.0 }, "geometry": { "type": "Point", "coordinates": [ 112.948, 27.052 ] } },
{ "type": "Feature", "properties": { "pt_id": " 18112", "trajectory_id": 18, "北京时间": "2026-05-14 10:00", "lon": 112.85, "lat": 26.966, "height": 178.0 }, "geometry": { "type": "Point", "coordinates": [ 112.85, 26.966 ] } },
{ "type": "Feature", "properties": { "pt_id": " 18113", "trajectory_id": 18, "北京时间": "2026-05-14 09:00", "lon": 112.761, "lat": 26.888, "height": 163.0 }, "geometry": { "type": "Point", "coordinates": [ 112.761, 26.888 ] } },
{ "type": "Feature", "properties": { "pt_id": " 18114", "trajectory_id": 18, "北京时间": "2026-05-14 08:00", "lon": 112.693, "lat": 26.817, "height": 167.0 }, "geometry": { "type": "Point", "coordinates": [ 112.693, 26.817 ] } },
{ "type": "Feature", "properties": { "pt_id": " 18115", "trajectory_id": 18, "北京时间": "2026-05-14 07:00", "lon": 112.648, "lat": 26.75, "height": 182.0 }, "geometry": { "type": "Point", "coordinates": [ 112.648, 26.75 ] } },
{ "type": "Feature", "properties": { "pt_id": " 18116", "trajectory_id": 18, "北京时间": "2026-05-14 06:00", "lon": 112.619, "lat": 26.687, "height": 197.0 }, "geometry": { "type": "Point", "coordinates": [ 112.619, 26.687 ] } },
{ "type": "Feature", "properties": { "pt_id": " 19000", "trajectory_id": 19, "北京时间": "2026-05-16 06:00", "lon": 113.942, "lat": 30.907, "height": 10.0 }, "geometry": { "type": "Point", "coordinates": [ 113.942, 30.907 ] } },
{ "type": "Feature", "properties": { "pt_id": " 19073", "trajectory_id": 19, "北京时间": "2026-05-16 05:00", "lon": 113.908, "lat": 30.853, "height": 9.0 }, "geometry": { "type": "Point", "coordinates": [ 113.908, 30.853 ] } },
{ "type": "Feature", "properties": { "pt_id": " 19074", "trajectory_id": 19, "北京时间": "2026-05-16 04:00", "lon": 113.852, "lat": 30.771, "height": 8.0 }, "geometry": { "type": "Point", "coordinates": [ 113.852, 30.771 ] } },
{ "type": "Feature", "properties": { "pt_id": " 19075", "trajectory_id": 19, "北京时间": "2026-05-16 03:00", "lon": 113.756, "lat": 30.682, "height": 8.0 }, "geometry": { "type": "Point", "coordinates": [ 113.756, 30.682 ] } },
{ "type": "Feature", "properties": { "pt_id": " 19076", "trajectory_id": 19, "北京时间": "2026-05-16 02:00", "lon": 113.603, "lat": 30.59, "height": 6.0 }, "geometry": { "type": "Point", "coordinates": [ 113.603, 30.59 ] } },
{ "type": "Feature", "properties": { "pt_id": " 19077", "trajectory_id": 19, "北京时间": "2026-05-16 01:00", "lon": 113.435, "lat": 30.485, "height": 5.0 }, "geometry": { "type": "Point", "coordinates": [ 113.435, 30.485 ] } },
{ "type": "Feature", "properties": { "pt_id": " 19078", "trajectory_id": 19, "北京时间": "2026-05-16 00:00", "lon": 113.284, "lat": 30.347, "height": 5.0 }, "geometry": { "type": "Point", "coordinates": [ 113.284, 30.347 ] } },
{ "type": "Feature", "properties": { "pt_id": " 19079", "trajectory_id": 19, "北京时间": "2026-05-15 23:00", "lon": 113.102, "lat": 30.191, "height": 8.0 }, "geometry": { "type": "Point", "coordinates": [ 113.102, 30.191 ] } },
{ "type": "Feature", "properties": { "pt_id": " 19080", "trajectory_id": 19, "北京时间": "2026-05-15 22:00", "lon": 112.94, "lat": 30.038, "height": 10.0 }, "geometry": { "type": "Point", "coordinates": [ 112.94, 30.038 ] } },
{ "type": "Feature", "properties": { "pt_id": " 19081", "trajectory_id": 19, "北京时间": "2026-05-15 21:00", "lon": 112.859, "lat": 29.906, "height": 14.0 }, "geometry": { "type": "Point", "coordinates": [ 112.859, 29.906 ] } },
{ "type": "Feature", "properties": { "pt_id": " 19082", "trajectory_id": 19, "北京时间": "2026-05-15 20:00", "lon": 112.83, "lat": 29.793, "height": 16.0 }, "geometry": { "type": "Point", "coordinates": [ 112.83, 29.793 ] } },
{ "type": "Feature", "properties": { "pt_id": " 19083", "trajectory_id": 19, "北京时间": "2026-05-15 19:00", "lon": 112.818, "lat": 29.689, "height": 13.0 }, "geometry": { "type": "Point", "coordinates": [ 112.818, 29.689 ] } },
{ "type": "Feature", "properties": { "pt_id": " 19084", "trajectory_id": 19, "北京时间": "2026-05-15 18:00", "lon": 112.803, "lat": 29.564, "height": 2.0 }, "geometry": { "type": "Point", "coordinates": [ 112.803, 29.564 ] } },
{ "type": "Feature", "properties": { "pt_id": " 19085", "trajectory_id": 19, "北京时间": "2026-05-15 17:00", "lon": 112.794, "lat": 29.42, "height": 0.0 }, "geometry": { "type": "Point", "coordinates": [ 112.794, 29.42 ] } },
{ "type": "Feature", "properties": { "pt_id": " 19086", "trajectory_id": 19, "北京时间": "2026-05-15 16:00", "lon": 112.804, "lat": 29.276, "height": 0.0 }, "geometry": { "type": "Point", "coordinates": [ 112.804, 29.276 ] } },
{ "type": "Feature", "properties": { "pt_id": " 19087", "trajectory_id": 19, "北京时间": "2026-05-15 15:00", "lon": 112.82, "lat": 29.13, "height": 0.0 }, "geometry": { "type": "Point", "coordinates": [ 112.82, 29.13 ] } },
{ "type": "Feature", "properties": { "pt_id": " 19088", "trajectory_id": 19, "北京时间": "2026-05-15 14:00", "lon": 112.826, "lat": 28.979, "height": 0.0 }, "geometry": { "type": "Point", "coordinates": [ 112.826, 28.979 ] } },
{ "type": "Feature", "properties": { "pt_id": " 19089", "trajectory_id": 19, "北京时间": "2026-05-15 13:00", "lon": 112.824, "lat": 28.829, "height": 2.0 }, "geometry": { "type": "Point", "coordinates": [ 112.824, 28.829 ] } },
{ "type": "Feature", "properties": { "pt_id": " 19090", "trajectory_id": 19, "北京时间": "2026-05-15 12:00", "lon": 112.821, "lat": 28.679, "height": 6.0 }, "geometry": { "type": "Point", "coordinates": [ 112.821, 28.679 ] } },
{ "type": "Feature", "properties": { "pt_id": " 19091", "trajectory_id": 19, "北京时间": "2026-05-15 11:00", "lon": 112.822, "lat": 28.538, "height": 6.0 }, "geometry": { "type": "Point", "coordinates": [ 112.822, 28.538 ] } },
{ "type": "Feature", "properties": { "pt_id": " 19092", "trajectory_id": 19, "北京时间": "2026-05-15 10:00", "lon": 112.834, "lat": 28.41, "height": 4.0 }, "geometry": { "type": "Point", "coordinates": [ 112.834, 28.41 ] } },
{ "type": "Feature", "properties": { "pt_id": " 19093", "trajectory_id": 19, "北京时间": "2026-05-15 09:00", "lon": 112.862, "lat": 28.301, "height": 2.0 }, "geometry": { "type": "Point", "coordinates": [ 112.862, 28.301 ] } },
{ "type": "Feature", "properties": { "pt_id": " 19094", "trajectory_id": 19, "北京时间": "2026-05-15 08:00", "lon": 112.906, "lat": 28.211, "height": 0.0 }, "geometry": { "type": "Point", "coordinates": [ 112.906, 28.211 ] } },
{ "type": "Feature", "properties": { "pt_id": " 19095", "trajectory_id": 19, "北京时间": "2026-05-15 07:00", "lon": 112.953, "lat": 28.132, "height": 0.0 }, "geometry": { "type": "Point", "coordinates": [ 112.953, 28.132 ] } },
{ "type": "Feature", "properties": { "pt_id": " 19096", "trajectory_id": 19, "北京时间": "2026-05-15 06:00", "lon": 112.99, "lat": 28.055, "height": 0.0 }, "geometry": { "type": "Point", "coordinates": [ 112.99, 28.055 ] } },
{ "type": "Feature", "properties": { "pt_id": " 19097", "trajectory_id": 19, "北京时间": "2026-05-15 05:00", "lon": 113.019, "lat": 27.979, "height": 0.0 }, "geometry": { "type": "Point", "coordinates": [ 113.019, 27.979 ] } },
{ "type": "Feature", "properties": { "pt_id": " 19098", "trajectory_id": 19, "北京时间": "2026-05-15 04:00", "lon": 113.041, "lat": 27.905, "height": 1.0 }, "geometry": { "type": "Point", "coordinates": [ 113.041, 27.905 ] } },
{ "type": "Feature", "properties": { "pt_id": " 19099", "trajectory_id": 19, "北京时间": "2026-05-15 03:00", "lon": 113.059, "lat": 27.836, "height": 1.0 }, "geometry": { "type": "Point", "coordinates": [ 113.059, 27.836 ] } },
{ "type": "Feature", "properties": { "pt_id": " 19100", "trajectory_id": 19, "北京时间": "2026-05-15 02:00", "lon": 113.072, "lat": 27.778, "height": 2.0 }, "geometry": { "type": "Point", "coordinates": [ 113.072, 27.778 ] } },
{ "type": "Feature", "properties": { "pt_id": " 19101", "trajectory_id": 19, "北京时间": "2026-05-15 01:00", "lon": 113.081, "lat": 27.726, "height": 2.0 }, "geometry": { "type": "Point", "coordinates": [ 113.081, 27.726 ] } },
{ "type": "Feature", "properties": { "pt_id": " 19102", "trajectory_id": 19, "北京时间": "2026-05-15 00:00", "lon": 113.087, "lat": 27.675, "height": 2.0 }, "geometry": { "type": "Point", "coordinates": [ 113.087, 27.675 ] } },
{ "type": "Feature", "properties": { "pt_id": " 19103", "trajectory_id": 19, "北京时间": "2026-05-14 23:00", "lon": 113.088, "lat": 27.622, "height": 3.0 }, "geometry": { "type": "Point", "coordinates": [ 113.088, 27.622 ] } },
{ "type": "Feature", "properties": { "pt_id": " 19104", "trajectory_id": 19, "北京时间": "2026-05-14 22:00", "lon": 113.089, "lat": 27.562, "height": 6.0 }, "geometry": { "type": "Point", "coordinates": [ 113.089, 27.562 ] } },
{ "type": "Feature", "properties": { "pt_id": " 19105", "trajectory_id": 19, "北京时间": "2026-05-14 21:00", "lon": 113.089, "lat": 27.49, "height": 16.0 }, "geometry": { "type": "Point", "coordinates": [ 113.089, 27.49 ] } },
{ "type": "Feature", "properties": { "pt_id": " 19106", "trajectory_id": 19, "北京时间": "2026-05-14 20:00", "lon": 113.085, "lat": 27.399, "height": 33.0 }, "geometry": { "type": "Point", "coordinates": [ 113.085, 27.399 ] } },
{ "type": "Feature", "properties": { "pt_id": " 19107", "trajectory_id": 19, "北京时间": "2026-05-14 19:00", "lon": 113.07, "lat": 27.305, "height": 44.0 }, "geometry": { "type": "Point", "coordinates": [ 113.07, 27.305 ] } },
{ "type": "Feature", "properties": { "pt_id": " 19108", "trajectory_id": 19, "北京时间": "2026-05-14 18:00", "lon": 113.041, "lat": 27.221, "height": 47.0 }, "geometry": { "type": "Point", "coordinates": [ 113.041, 27.221 ] } },
{ "type": "Feature", "properties": { "pt_id": " 19109", "trajectory_id": 19, "北京时间": "2026-05-14 17:00", "lon": 113.002, "lat": 27.141, "height": 54.0 }, "geometry": { "type": "Point", "coordinates": [ 113.002, 27.141 ] } },
{ "type": "Feature", "properties": { "pt_id": " 19110", "trajectory_id": 19, "北京时间": "2026-05-14 16:00", "lon": 112.945, "lat": 27.06, "height": 68.0 }, "geometry": { "type": "Point", "coordinates": [ 112.945, 27.06 ] } },
{ "type": "Feature", "properties": { "pt_id": " 19111", "trajectory_id": 19, "北京时间": "2026-05-14 15:00", "lon": 112.869, "lat": 26.983, "height": 76.0 }, "geometry": { "type": "Point", "coordinates": [ 112.869, 26.983 ] } },
{ "type": "Feature", "properties": { "pt_id": " 19112", "trajectory_id": 19, "北京时间": "2026-05-14 14:00", "lon": 112.784, "lat": 26.91, "height": 76.0 }, "geometry": { "type": "Point", "coordinates": [ 112.784, 26.91 ] } },
{ "type": "Feature", "properties": { "pt_id": " 19113", "trajectory_id": 19, "北京时间": "2026-05-14 13:00", "lon": 112.707, "lat": 26.84, "height": 83.0 }, "geometry": { "type": "Point", "coordinates": [ 112.707, 26.84 ] } },
{ "type": "Feature", "properties": { "pt_id": " 19114", "trajectory_id": 19, "北京时间": "2026-05-14 12:00", "lon": 112.648, "lat": 26.773, "height": 101.0 }, "geometry": { "type": "Point", "coordinates": [ 112.648, 26.773 ] } },
{ "type": "Feature", "properties": { "pt_id": " 19115", "trajectory_id": 19, "北京时间": "2026-05-14 11:00", "lon": 112.606, "lat": 26.711, "height": 125.0 }, "geometry": { "type": "Point", "coordinates": [ 112.606, 26.711 ] } },
{ "type": "Feature", "properties": { "pt_id": " 19116", "trajectory_id": 19, "北京时间": "2026-05-14 10:00", "lon": 112.579, "lat": 26.654, "height": 150.0 }, "geometry": { "type": "Point", "coordinates": [ 112.579, 26.654 ] } },
{ "type": "Feature", "properties": { "pt_id": " 19117", "trajectory_id": 19, "北京时间": "2026-05-14 09:00", "lon": 112.565, "lat": 26.602, "height": 167.0 }, "geometry": { "type": "Point", "coordinates": [ 112.565, 26.602 ] } },
{ "type": "Feature", "properties": { "pt_id": " 19118", "trajectory_id": 19, "北京时间": "2026-05-14 08:00", "lon": 112.564, "lat": 26.558, "height": 174.0 }, "geometry": { "type": "Point", "coordinates": [ 112.564, 26.558 ] } },
{ "type": "Feature", "properties": { "pt_id": " 19119", "trajectory_id": 19, "北京时间": "2026-05-14 07:00", "lon": 112.574, "lat": 26.523, "height": 178.0 }, "geometry": { "type": "Point", "coordinates": [ 112.574, 26.523 ] } },
{ "type": "Feature", "properties": { "pt_id": " 19120", "trajectory_id": 19, "北京时间": "2026-05-14 06:00", "lon": 112.586, "lat": 26.496, "height": 183.0 }, "geometry": { "type": "Point", "coordinates": [ 112.586, 26.496 ] } },
{ "type": "Feature", "properties": { "pt_id": " 20000", "trajectory_id": 20, "北京时间": "2026-05-16 06:00", "lon": 113.942, "lat": 30.907, "height": 10.0 }, "geometry": { "type": "Point", "coordinates": [ 113.942, 30.907 ] } },
{ "type": "Feature", "properties": { "pt_id": " 20077", "trajectory_id": 20, "北京时间": "2026-05-16 05:00", "lon": 113.752, "lat": 30.821, "height": 6.0 }, "geometry": { "type": "Point", "coordinates": [ 113.752, 30.821 ] } },
{ "type": "Feature", "properties": { "pt_id": " 20078", "trajectory_id": 20, "北京时间": "2026-05-16 04:00", "lon": 113.621, "lat": 30.714, "height": 8.0 }, "geometry": { "type": "Point", "coordinates": [ 113.621, 30.714 ] } },
{ "type": "Feature", "properties": { "pt_id": " 20079", "trajectory_id": 20, "北京时间": "2026-05-16 03:00", "lon": 113.515, "lat": 30.585, "height": 9.0 }, "geometry": { "type": "Point", "coordinates": [ 113.515, 30.585 ] } },
{ "type": "Feature", "properties": { "pt_id": " 20080", "trajectory_id": 20, "北京时间": "2026-05-16 02:00", "lon": 113.383, "lat": 30.439, "height": 12.0 }, "geometry": { "type": "Point", "coordinates": [ 113.383, 30.439 ] } },
{ "type": "Feature", "properties": { "pt_id": " 20081", "trajectory_id": 20, "北京时间": "2026-05-16 01:00", "lon": 113.26, "lat": 30.305, "height": 12.0 }, "geometry": { "type": "Point", "coordinates": [ 113.26, 30.305 ] } },
{ "type": "Feature", "properties": { "pt_id": " 20082", "trajectory_id": 20, "北京时间": "2026-05-16 00:00", "lon": 113.178, "lat": 30.175, "height": 8.0 }, "geometry": { "type": "Point", "coordinates": [ 113.178, 30.175 ] } },
{ "type": "Feature", "properties": { "pt_id": " 20083", "trajectory_id": 20, "北京时间": "2026-05-15 23:00", "lon": 113.143, "lat": 30.058, "height": 9.0 }, "geometry": { "type": "Point", "coordinates": [ 113.143, 30.058 ] } },
{ "type": "Feature", "properties": { "pt_id": " 20084", "trajectory_id": 20, "北京时间": "2026-05-15 22:00", "lon": 113.135, "lat": 29.953, "height": 11.0 }, "geometry": { "type": "Point", "coordinates": [ 113.135, 29.953 ] } },
{ "type": "Feature", "properties": { "pt_id": " 20085", "trajectory_id": 20, "北京时间": "2026-05-15 21:00", "lon": 113.148, "lat": 29.859, "height": 12.0 }, "geometry": { "type": "Point", "coordinates": [ 113.148, 29.859 ] } },
{ "type": "Feature", "properties": { "pt_id": " 20086", "trajectory_id": 20, "北京时间": "2026-05-15 20:00", "lon": 113.163, "lat": 29.766, "height": 14.0 }, "geometry": { "type": "Point", "coordinates": [ 113.163, 29.766 ] } },
{ "type": "Feature", "properties": { "pt_id": " 20087", "trajectory_id": 20, "北京时间": "2026-05-15 19:00", "lon": 113.167, "lat": 29.664, "height": 23.0 }, "geometry": { "type": "Point", "coordinates": [ 113.167, 29.664 ] } },
{ "type": "Feature", "properties": { "pt_id": " 20088", "trajectory_id": 20, "北京时间": "2026-05-15 18:00", "lon": 113.166, "lat": 29.552, "height": 33.0 }, "geometry": { "type": "Point", "coordinates": [ 113.166, 29.552 ] } },
{ "type": "Feature", "properties": { "pt_id": " 20089", "trajectory_id": 20, "北京时间": "2026-05-15 17:00", "lon": 113.167, "lat": 29.44, "height": 37.0 }, "geometry": { "type": "Point", "coordinates": [ 113.167, 29.44 ] } },
{ "type": "Feature", "properties": { "pt_id": " 20090", "trajectory_id": 20, "北京时间": "2026-05-15 16:00", "lon": 113.167, "lat": 29.324, "height": 35.0 }, "geometry": { "type": "Point", "coordinates": [ 113.167, 29.324 ] } },
{ "type": "Feature", "properties": { "pt_id": " 20091", "trajectory_id": 20, "北京时间": "2026-05-15 15:00", "lon": 113.168, "lat": 29.218, "height": 23.0 }, "geometry": { "type": "Point", "coordinates": [ 113.168, 29.218 ] } },
{ "type": "Feature", "properties": { "pt_id": " 20092", "trajectory_id": 20, "北京时间": "2026-05-15 14:00", "lon": 113.18, "lat": 29.117, "height": 14.0 }, "geometry": { "type": "Point", "coordinates": [ 113.18, 29.117 ] } },
{ "type": "Feature", "properties": { "pt_id": " 20093", "trajectory_id": 20, "北京时间": "2026-05-15 13:00", "lon": 113.214, "lat": 29.018, "height": 14.0 }, "geometry": { "type": "Point", "coordinates": [ 113.214, 29.018 ] } },
{ "type": "Feature", "properties": { "pt_id": " 20094", "trajectory_id": 20, "北京时间": "2026-05-15 12:00", "lon": 113.269, "lat": 28.925, "height": 26.0 }, "geometry": { "type": "Point", "coordinates": [ 113.269, 28.925 ] } },
{ "type": "Feature", "properties": { "pt_id": " 20095", "trajectory_id": 20, "北京时间": "2026-05-15 11:00", "lon": 113.345, "lat": 28.841, "height": 61.0 }, "geometry": { "type": "Point", "coordinates": [ 113.345, 28.841 ] } },
{ "type": "Feature", "properties": { "pt_id": " 20096", "trajectory_id": 20, "北京时间": "2026-05-15 10:00", "lon": 113.434, "lat": 28.763, "height": 94.0 }, "geometry": { "type": "Point", "coordinates": [ 113.434, 28.763 ] } },
{ "type": "Feature", "properties": { "pt_id": " 20097", "trajectory_id": 20, "北京时间": "2026-05-15 09:00", "lon": 113.525, "lat": 28.708, "height": 108.0 }, "geometry": { "type": "Point", "coordinates": [ 113.525, 28.708 ] } },
{ "type": "Feature", "properties": { "pt_id": " 20098", "trajectory_id": 20, "北京时间": "2026-05-15 08:00", "lon": 113.601, "lat": 28.672, "height": 121.0 }, "geometry": { "type": "Point", "coordinates": [ 113.601, 28.672 ] } },
{ "type": "Feature", "properties": { "pt_id": " 20099", "trajectory_id": 20, "北京时间": "2026-05-15 07:00", "lon": 113.651, "lat": 28.635, "height": 138.0 }, "geometry": { "type": "Point", "coordinates": [ 113.651, 28.635 ] } },
{ "type": "Feature", "properties": { "pt_id": " 20100", "trajectory_id": 20, "北京时间": "2026-05-15 06:00", "lon": 113.682, "lat": 28.594, "height": 154.0 }, "geometry": { "type": "Point", "coordinates": [ 113.682, 28.594 ] } },
{ "type": "Feature", "properties": { "pt_id": " 20101", "trajectory_id": 20, "北京时间": "2026-05-15 05:00", "lon": 113.7, "lat": 28.546, "height": 168.0 }, "geometry": { "type": "Point", "coordinates": [ 113.7, 28.546 ] } },
{ "type": "Feature", "properties": { "pt_id": " 20102", "trajectory_id": 20, "北京时间": "2026-05-15 04:00", "lon": 113.709, "lat": 28.492, "height": 180.0 }, "geometry": { "type": "Point", "coordinates": [ 113.709, 28.492 ] } },
{ "type": "Feature", "properties": { "pt_id": " 20103", "trajectory_id": 20, "北京时间": "2026-05-15 03:00", "lon": 113.707, "lat": 28.433, "height": 188.0 }, "geometry": { "type": "Point", "coordinates": [ 113.707, 28.433 ] } },
{ "type": "Feature", "properties": { "pt_id": " 20104", "trajectory_id": 20, "北京时间": "2026-05-15 02:00", "lon": 113.704, "lat": 28.369, "height": 195.0 }, "geometry": { "type": "Point", "coordinates": [ 113.704, 28.369 ] } },
{ "type": "Feature", "properties": { "pt_id": " 20105", "trajectory_id": 20, "北京时间": "2026-05-15 01:00", "lon": 113.705, "lat": 28.305, "height": 214.0 }, "geometry": { "type": "Point", "coordinates": [ 113.705, 28.305 ] } },
{ "type": "Feature", "properties": { "pt_id": " 20106", "trajectory_id": 20, "北京时间": "2026-05-15 00:00", "lon": 113.705, "lat": 28.24, "height": 247.0 }, "geometry": { "type": "Point", "coordinates": [ 113.705, 28.24 ] } },
{ "type": "Feature", "properties": { "pt_id": " 20107", "trajectory_id": 20, "北京时间": "2026-05-14 23:00", "lon": 113.685, "lat": 28.163, "height": 280.0 }, "geometry": { "type": "Point", "coordinates": [ 113.685, 28.163 ] } },
{ "type": "Feature", "properties": { "pt_id": " 20108", "trajectory_id": 20, "北京时间": "2026-05-14 22:00", "lon": 113.644, "lat": 28.075, "height": 309.0 }, "geometry": { "type": "Point", "coordinates": [ 113.644, 28.075 ] } },
{ "type": "Feature", "properties": { "pt_id": " 20109", "trajectory_id": 20, "北京时间": "2026-05-14 21:00", "lon": 113.588, "lat": 27.998, "height": 361.0 }, "geometry": { "type": "Point", "coordinates": [ 113.588, 27.998 ] } },
{ "type": "Feature", "properties": { "pt_id": " 20110", "trajectory_id": 20, "北京时间": "2026-05-14 20:00", "lon": 113.519, "lat": 27.923, "height": 407.0 }, "geometry": { "type": "Point", "coordinates": [ 113.519, 27.923 ] } },
{ "type": "Feature", "properties": { "pt_id": " 20111", "trajectory_id": 20, "北京时间": "2026-05-14 19:00", "lon": 113.445, "lat": 27.836, "height": 396.0 }, "geometry": { "type": "Point", "coordinates": [ 113.445, 27.836 ] } },
{ "type": "Feature", "properties": { "pt_id": " 20112", "trajectory_id": 20, "北京时间": "2026-05-14 18:00", "lon": 113.367, "lat": 27.747, "height": 366.0 }, "geometry": { "type": "Point", "coordinates": [ 113.367, 27.747 ] } },
{ "type": "Feature", "properties": { "pt_id": " 20113", "trajectory_id": 20, "北京时间": "2026-05-14 17:00", "lon": 113.288, "lat": 27.652, "height": 345.0 }, "geometry": { "type": "Point", "coordinates": [ 113.288, 27.652 ] } },
{ "type": "Feature", "properties": { "pt_id": " 20114", "trajectory_id": 20, "北京时间": "2026-05-14 16:00", "lon": 113.213, "lat": 27.549, "height": 338.0 }, "geometry": { "type": "Point", "coordinates": [ 113.213, 27.549 ] } },
{ "type": "Feature", "properties": { "pt_id": " 20115", "trajectory_id": 20, "北京时间": "2026-05-14 15:00", "lon": 113.141, "lat": 27.435, "height": 345.0 }, "geometry": { "type": "Point", "coordinates": [ 113.141, 27.435 ] } },
{ "type": "Feature", "properties": { "pt_id": " 20116", "trajectory_id": 20, "北京时间": "2026-05-14 14:00", "lon": 113.062, "lat": 27.299, "height": 361.0 }, "geometry": { "type": "Point", "coordinates": [ 113.062, 27.299 ] } },
{ "type": "Feature", "properties": { "pt_id": " 20117", "trajectory_id": 20, "北京时间": "2026-05-14 13:00", "lon": 112.977, "lat": 27.153, "height": 373.0 }, "geometry": { "type": "Point", "coordinates": [ 112.977, 27.153 ] } },
{ "type": "Feature", "properties": { "pt_id": " 20118", "trajectory_id": 20, "北京时间": "2026-05-14 12:00", "lon": 112.898, "lat": 27.019, "height": 376.0 }, "geometry": { "type": "Point", "coordinates": [ 112.898, 27.019 ] } },
{ "type": "Feature", "properties": { "pt_id": " 20119", "trajectory_id": 20, "北京时间": "2026-05-14 11:00", "lon": 112.832, "lat": 26.908, "height": 372.0 }, "geometry": { "type": "Point", "coordinates": [ 112.832, 26.908 ] } },
{ "type": "Feature", "properties": { "pt_id": " 20120", "trajectory_id": 20, "北京时间": "2026-05-14 10:00", "lon": 112.777, "lat": 26.824, "height": 367.0 }, "geometry": { "type": "Point", "coordinates": [ 112.777, 26.824 ] } },
{ "type": "Feature", "properties": { "pt_id": " 20121", "trajectory_id": 20, "北京时间": "2026-05-14 09:00", "lon": 112.73, "lat": 26.764, "height": 354.0 }, "geometry": { "type": "Point", "coordinates": [ 112.73, 26.764 ] } },
{ "type": "Feature", "properties": { "pt_id": " 20122", "trajectory_id": 20, "北京时间": "2026-05-14 08:00", "lon": 112.686, "lat": 26.713, "height": 344.0 }, "geometry": { "type": "Point", "coordinates": [ 112.686, 26.713 ] } },
{ "type": "Feature", "properties": { "pt_id": " 20123", "trajectory_id": 20, "北京时间": "2026-05-14 07:00", "lon": 112.638, "lat": 26.662, "height": 344.0 }, "geometry": { "type": "Point", "coordinates": [ 112.638, 26.662 ] } },
{ "type": "Feature", "properties": { "pt_id": " 20124", "trajectory_id": 20, "北京时间": "2026-05-14 06:00", "lon": 112.578, "lat": 26.61, "height": 345.0 }, "geometry": { "type": "Point", "coordinates": [ 112.578, 26.61 ] } }
]
}
