{
"type": "FeatureCollection",
"name": "东城轨迹和高度",
"crs": { "type": "name", "properties": { "name": "urn:ogc:def:crs:OGC:1.3:CRS84" } },
"features": [
{ "type": "Feature", "properties": { "pt_id": "  1000", "trajectory_id": 1, "北京时间": "2026-05-08 23:00", "lon": 113.942, "lat": 30.907, "height": 10.0 }, "geometry": { "type": "Point", "coordinates": [ 113.942, 30.907 ] } },
{ "type": "Feature", "properties": { "pt_id": "  1001", "trajectory_id": 1, "北京时间": "2026-05-08 22:00", "lon": 113.887, "lat": 30.839, "height": 6.0 }, "geometry": { "type": "Point", "coordinates": [ 113.887, 30.839 ] } },
{ "type": "Feature", "properties": { "pt_id": "  1002", "trajectory_id": 1, "北京时间": "2026-05-08 21:00", "lon": 113.845, "lat": 30.773, "height": 3.0 }, "geometry": { "type": "Point", "coordinates": [ 113.845, 30.773 ] } },
{ "type": "Feature", "properties": { "pt_id": "  1003", "trajectory_id": 1, "北京时间": "2026-05-08 20:00", "lon": 113.803, "lat": 30.699, "height": 2.0 }, "geometry": { "type": "Point", "coordinates": [ 113.803, 30.699 ] } },
{ "type": "Feature", "properties": { "pt_id": "  1004", "trajectory_id": 1, "北京时间": "2026-05-08 19:00", "lon": 113.776, "lat": 30.631, "height": 3.0 }, "geometry": { "type": "Point", "coordinates": [ 113.776, 30.631 ] } },
{ "type": "Feature", "properties": { "pt_id": "  1005", "trajectory_id": 1, "北京时间": "2026-05-08 18:00", "lon": 113.771, "lat": 30.583, "height": 6.0 }, "geometry": { "type": "Point", "coordinates": [ 113.771, 30.583 ] } },
{ "type": "Feature", "properties": { "pt_id": "  1006", "trajectory_id": 1, "北京时间": "2026-05-08 17:00", "lon": 113.782, "lat": 30.555, "height": 8.0 }, "geometry": { "type": "Point", "coordinates": [ 113.782, 30.555 ] } },
{ "type": "Feature", "properties": { "pt_id": "  1007", "trajectory_id": 1, "北京时间": "2026-05-08 16:00", "lon": 113.802, "lat": 30.541, "height": 9.0 }, "geometry": { "type": "Point", "coordinates": [ 113.802, 30.541 ] } },
{ "type": "Feature", "properties": { "pt_id": "  1008", "trajectory_id": 1, "北京时间": "2026-05-08 15:00", "lon": 113.832, "lat": 30.532, "height": 9.0 }, "geometry": { "type": "Point", "coordinates": [ 113.832, 30.532 ] } },
{ "type": "Feature", "properties": { "pt_id": "  1009", "trajectory_id": 1, "北京时间": "2026-05-08 14:00", "lon": 113.875, "lat": 30.529, "height": 9.0 }, "geometry": { "type": "Point", "coordinates": [ 113.875, 30.529 ] } },
{ "type": "Feature", "properties": { "pt_id": "  1010", "trajectory_id": 1, "北京时间": "2026-05-08 13:00", "lon": 113.932, "lat": 30.541, "height": 9.0 }, "geometry": { "type": "Point", "coordinates": [ 113.932, 30.541 ] } },
{ "type": "Feature", "properties": { "pt_id": "  1011", "trajectory_id": 1, "北京时间": "2026-05-08 12:00", "lon": 114.004, "lat": 30.584, "height": 9.0 }, "geometry": { "type": "Point", "coordinates": [ 114.004, 30.584 ] } },
{ "type": "Feature", "properties": { "pt_id": "  1012", "trajectory_id": 1, "北京时间": "2026-05-08 11:00", "lon": 114.096, "lat": 30.654, "height": 9.0 }, "geometry": { "type": "Point", "coordinates": [ 114.096, 30.654 ] } },
{ "type": "Feature", "properties": { "pt_id": "  1013", "trajectory_id": 1, "北京时间": "2026-05-08 10:00", "lon": 114.196, "lat": 30.739, "height": 9.0 }, "geometry": { "type": "Point", "coordinates": [ 114.196, 30.739 ] } },
{ "type": "Feature", "properties": { "pt_id": "  1014", "trajectory_id": 1, "北京时间": "2026-05-08 09:00", "lon": 114.29, "lat": 30.834, "height": 16.0 }, "geometry": { "type": "Point", "coordinates": [ 114.29, 30.834 ] } },
{ "type": "Feature", "properties": { "pt_id": "  1015", "trajectory_id": 1, "北京时间": "2026-05-08 08:00", "lon": 114.383, "lat": 30.964, "height": 37.0 }, "geometry": { "type": "Point", "coordinates": [ 114.383, 30.964 ] } },
{ "type": "Feature", "properties": { "pt_id": "  1016", "trajectory_id": 1, "北京时间": "2026-05-08 07:00", "lon": 114.454, "lat": 31.141, "height": 70.0 }, "geometry": { "type": "Point", "coordinates": [ 114.454, 31.141 ] } },
{ "type": "Feature", "properties": { "pt_id": "  1017", "trajectory_id": 1, "北京时间": "2026-05-08 06:00", "lon": 114.493, "lat": 31.336, "height": 102.0 }, "geometry": { "type": "Point", "coordinates": [ 114.493, 31.336 ] } },
{ "type": "Feature", "properties": { "pt_id": "  1018", "trajectory_id": 1, "北京时间": "2026-05-08 05:00", "lon": 114.565, "lat": 31.533, "height": 191.0 }, "geometry": { "type": "Point", "coordinates": [ 114.565, 31.533 ] } },
{ "type": "Feature", "properties": { "pt_id": "  1019", "trajectory_id": 1, "北京时间": "2026-05-08 04:00", "lon": 114.759, "lat": 31.726, "height": 215.0 }, "geometry": { "type": "Point", "coordinates": [ 114.759, 31.726 ] } },
{ "type": "Feature", "properties": { "pt_id": "  1020", "trajectory_id": 1, "北京时间": "2026-05-08 03:00", "lon": 114.975, "lat": 31.889, "height": 125.0 }, "geometry": { "type": "Point", "coordinates": [ 114.975, 31.889 ] } },
{ "type": "Feature", "properties": { "pt_id": "  1021", "trajectory_id": 1, "北京时间": "2026-05-08 02:00", "lon": 115.154, "lat": 32.034, "height": 86.0 }, "geometry": { "type": "Point", "coordinates": [ 115.154, 32.034 ] } },
{ "type": "Feature", "properties": { "pt_id": "  1022", "trajectory_id": 1, "北京时间": "2026-05-08 01:00", "lon": 115.294, "lat": 32.189, "height": 60.0 }, "geometry": { "type": "Point", "coordinates": [ 115.294, 32.189 ] } },
{ "type": "Feature", "properties": { "pt_id": "  1023", "trajectory_id": 1, "北京时间": "2026-05-08 00:00", "lon": 115.41, "lat": 32.377, "height": 52.0 }, "geometry": { "type": "Point", "coordinates": [ 115.41, 32.377 ] } },
{ "type": "Feature", "properties": { "pt_id": "  1024", "trajectory_id": 1, "北京时间": "2026-05-07 23:00", "lon": 115.509, "lat": 32.583, "height": 51.0 }, "geometry": { "type": "Point", "coordinates": [ 115.509, 32.583 ] } },
{ "type": "Feature", "properties": { "pt_id": "  1025", "trajectory_id": 1, "北京时间": "2026-05-07 22:00", "lon": 115.585, "lat": 32.803, "height": 51.0 }, "geometry": { "type": "Point", "coordinates": [ 115.585, 32.803 ] } },
{ "type": "Feature", "properties": { "pt_id": "  1026", "trajectory_id": 1, "北京时间": "2026-05-07 21:00", "lon": 115.648, "lat": 33.028, "height": 51.0 }, "geometry": { "type": "Point", "coordinates": [ 115.648, 33.028 ] } },
{ "type": "Feature", "properties": { "pt_id": "  1027", "trajectory_id": 1, "北京时间": "2026-05-07 20:00", "lon": 115.709, "lat": 33.245, "height": 51.0 }, "geometry": { "type": "Point", "coordinates": [ 115.709, 33.245 ] } },
{ "type": "Feature", "properties": { "pt_id": "  1028", "trajectory_id": 1, "北京时间": "2026-05-07 19:00", "lon": 115.774, "lat": 33.467, "height": 51.0 }, "geometry": { "type": "Point", "coordinates": [ 115.774, 33.467 ] } },
{ "type": "Feature", "properties": { "pt_id": "  1029", "trajectory_id": 1, "北京时间": "2026-05-07 18:00", "lon": 115.837, "lat": 33.71, "height": 51.0 }, "geometry": { "type": "Point", "coordinates": [ 115.837, 33.71 ] } },
{ "type": "Feature", "properties": { "pt_id": "  1030", "trajectory_id": 1, "北京时间": "2026-05-07 17:00", "lon": 115.89, "lat": 33.991, "height": 51.0 }, "geometry": { "type": "Point", "coordinates": [ 115.89, 33.991 ] } },
{ "type": "Feature", "properties": { "pt_id": "  1031", "trajectory_id": 1, "北京时间": "2026-05-07 16:00", "lon": 115.935, "lat": 34.307, "height": 51.0 }, "geometry": { "type": "Point", "coordinates": [ 115.935, 34.307 ] } },
{ "type": "Feature", "properties": { "pt_id": "  1032", "trajectory_id": 1, "北京时间": "2026-05-07 15:00", "lon": 115.969, "lat": 34.639, "height": 51.0 }, "geometry": { "type": "Point", "coordinates": [ 115.969, 34.639 ] } },
{ "type": "Feature", "properties": { "pt_id": "  1033", "trajectory_id": 1, "北京时间": "2026-05-07 14:00", "lon": 115.992, "lat": 34.983, "height": 51.0 }, "geometry": { "type": "Point", "coordinates": [ 115.992, 34.983 ] } },
{ "type": "Feature", "properties": { "pt_id": "  1034", "trajectory_id": 1, "北京时间": "2026-05-07 13:00", "lon": 116.009, "lat": 35.351, "height": 50.0 }, "geometry": { "type": "Point", "coordinates": [ 116.009, 35.351 ] } },
{ "type": "Feature", "properties": { "pt_id": "  1035", "trajectory_id": 1, "北京时间": "2026-05-07 12:00", "lon": 116.03, "lat": 35.724, "height": 50.0 }, "geometry": { "type": "Point", "coordinates": [ 116.03, 35.724 ] } },
{ "type": "Feature", "properties": { "pt_id": "  1036", "trajectory_id": 1, "北京时间": "2026-05-07 11:00", "lon": 116.057, "lat": 36.092, "height": 58.0 }, "geometry": { "type": "Point", "coordinates": [ 116.057, 36.092 ] } },
{ "type": "Feature", "properties": { "pt_id": "  1037", "trajectory_id": 1, "北京时间": "2026-05-07 10:00", "lon": 116.107, "lat": 36.443, "height": 41.0 }, "geometry": { "type": "Point", "coordinates": [ 116.107, 36.443 ] } },
{ "type": "Feature", "properties": { "pt_id": "  1038", "trajectory_id": 1, "北京时间": "2026-05-07 09:00", "lon": 116.165, "lat": 36.762, "height": 32.0 }, "geometry": { "type": "Point", "coordinates": [ 116.165, 36.762 ] } },
{ "type": "Feature", "properties": { "pt_id": "  1039", "trajectory_id": 1, "北京时间": "2026-05-07 08:00", "lon": 116.209, "lat": 37.087, "height": 30.0 }, "geometry": { "type": "Point", "coordinates": [ 116.209, 37.087 ] } },
{ "type": "Feature", "properties": { "pt_id": "  1040", "trajectory_id": 1, "北京时间": "2026-05-07 07:00", "lon": 116.234, "lat": 37.429, "height": 30.0 }, "geometry": { "type": "Point", "coordinates": [ 116.234, 37.429 ] } },
{ "type": "Feature", "properties": { "pt_id": "  1041", "trajectory_id": 1, "北京时间": "2026-05-07 06:00", "lon": 116.247, "lat": 37.798, "height": 30.0 }, "geometry": { "type": "Point", "coordinates": [ 116.247, 37.798 ] } },
{ "type": "Feature", "properties": { "pt_id": "  1042", "trajectory_id": 1, "北京时间": "2026-05-07 05:00", "lon": 116.252, "lat": 38.193, "height": 30.0 }, "geometry": { "type": "Point", "coordinates": [ 116.252, 38.193 ] } },
{ "type": "Feature", "properties": { "pt_id": "  1043", "trajectory_id": 1, "北京时间": "2026-05-07 04:00", "lon": 116.211, "lat": 38.573, "height": 30.0 }, "geometry": { "type": "Point", "coordinates": [ 116.211, 38.573 ] } },
{ "type": "Feature", "properties": { "pt_id": "  1044", "trajectory_id": 1, "北京时间": "2026-05-07 03:00", "lon": 116.158, "lat": 38.919, "height": 30.0 }, "geometry": { "type": "Point", "coordinates": [ 116.158, 38.919 ] } },
{ "type": "Feature", "properties": { "pt_id": "  1045", "trajectory_id": 1, "北京时间": "2026-05-07 02:00", "lon": 116.123, "lat": 39.227, "height": 39.0 }, "geometry": { "type": "Point", "coordinates": [ 116.123, 39.227 ] } },
{ "type": "Feature", "properties": { "pt_id": "  1046", "trajectory_id": 1, "北京时间": "2026-05-07 01:00", "lon": 116.033, "lat": 39.549, "height": 109.0 }, "geometry": { "type": "Point", "coordinates": [ 116.033, 39.549 ] } },
{ "type": "Feature", "properties": { "pt_id": "  1047", "trajectory_id": 1, "北京时间": "2026-05-07 00:00", "lon": 115.752, "lat": 40.0, "height": 800.0 }, "geometry": { "type": "Point", "coordinates": [ 115.752, 40.0 ] } },
{ "type": "Feature", "properties": { "pt_id": "  1048", "trajectory_id": 1, "北京时间": "2026-05-06 23:00", "lon": 115.293, "lat": 40.484, "height": 1079.0 }, "geometry": { "type": "Point", "coordinates": [ 115.293, 40.484 ] } },
{ "type": "Feature", "properties": { "pt_id": "  2000", "trajectory_id": 2, "北京时间": "2026-05-08 23:00", "lon": 113.942, "lat": 30.907, "height": 10.0 }, "geometry": { "type": "Point", "coordinates": [ 113.942, 30.907 ] } },
{ "type": "Feature", "properties": { "pt_id": "  2005", "trajectory_id": 2, "北京时间": "2026-05-08 22:00", "lon": 113.942, "lat": 30.929, "height": 9.0 }, "geometry": { "type": "Point", "coordinates": [ 113.942, 30.929 ] } },
{ "type": "Feature", "properties": { "pt_id": "  2006", "trajectory_id": 2, "北京时间": "2026-05-08 21:00", "lon": 113.947, "lat": 30.97, "height": 9.0 }, "geometry": { "type": "Point", "coordinates": [ 113.947, 30.97 ] } },
{ "type": "Feature", "properties": { "pt_id": "  2007", "trajectory_id": 2, "北京时间": "2026-05-08 20:00", "lon": 113.97, "lat": 31.027, "height": 14.0 }, "geometry": { "type": "Point", "coordinates": [ 113.97, 31.027 ] } },
{ "type": "Feature", "properties": { "pt_id": "  2008", "trajectory_id": 2, "北京时间": "2026-05-08 19:00", "lon": 114.032, "lat": 31.104, "height": 34.0 }, "geometry": { "type": "Point", "coordinates": [ 114.032, 31.104 ] } },
{ "type": "Feature", "properties": { "pt_id": "  2009", "trajectory_id": 2, "北京时间": "2026-05-08 18:00", "lon": 114.139, "lat": 31.209, "height": 65.0 }, "geometry": { "type": "Point", "coordinates": [ 114.139, 31.209 ] } },
{ "type": "Feature", "properties": { "pt_id": "  2010", "trajectory_id": 2, "北京时间": "2026-05-08 17:00", "lon": 114.262, "lat": 31.332, "height": 84.0 }, "geometry": { "type": "Point", "coordinates": [ 114.262, 31.332 ] } },
{ "type": "Feature", "properties": { "pt_id": "  2011", "trajectory_id": 2, "北京时间": "2026-05-08 16:00", "lon": 114.383, "lat": 31.471, "height": 112.0 }, "geometry": { "type": "Point", "coordinates": [ 114.383, 31.471 ] } },
{ "type": "Feature", "properties": { "pt_id": "  2012", "trajectory_id": 2, "北京时间": "2026-05-08 15:00", "lon": 114.508, "lat": 31.613, "height": 150.0 }, "geometry": { "type": "Point", "coordinates": [ 114.508, 31.613 ] } },
{ "type": "Feature", "properties": { "pt_id": "  2013", "trajectory_id": 2, "北京时间": "2026-05-08 14:00", "lon": 114.641, "lat": 31.734, "height": 144.0 }, "geometry": { "type": "Point", "coordinates": [ 114.641, 31.734 ] } },
{ "type": "Feature", "properties": { "pt_id": "  2014", "trajectory_id": 2, "北京时间": "2026-05-08 13:00", "lon": 114.782, "lat": 31.817, "height": 99.0 }, "geometry": { "type": "Point", "coordinates": [ 114.782, 31.817 ] } },
{ "type": "Feature", "properties": { "pt_id": "  2015", "trajectory_id": 2, "北京时间": "2026-05-08 12:00", "lon": 114.927, "lat": 31.857, "height": 72.0 }, "geometry": { "type": "Point", "coordinates": [ 114.927, 31.857 ] } },
{ "type": "Feature", "properties": { "pt_id": "  2016", "trajectory_id": 2, "北京时间": "2026-05-08 11:00", "lon": 115.077, "lat": 31.886, "height": 61.0 }, "geometry": { "type": "Point", "coordinates": [ 115.077, 31.886 ] } },
{ "type": "Feature", "properties": { "pt_id": "  2017", "trajectory_id": 2, "北京时间": "2026-05-08 10:00", "lon": 115.233, "lat": 31.932, "height": 46.0 }, "geometry": { "type": "Point", "coordinates": [ 115.233, 31.932 ] } },
{ "type": "Feature", "properties": { "pt_id": "  2018", "trajectory_id": 2, "北京时间": "2026-05-08 09:00", "lon": 115.404, "lat": 31.99, "height": 34.0 }, "geometry": { "type": "Point", "coordinates": [ 115.404, 31.99 ] } },
{ "type": "Feature", "properties": { "pt_id": "  2019", "trajectory_id": 2, "北京时间": "2026-05-08 08:00", "lon": 115.572, "lat": 32.036, "height": 32.0 }, "geometry": { "type": "Point", "coordinates": [ 115.572, 32.036 ] } },
{ "type": "Feature", "properties": { "pt_id": "  2020", "trajectory_id": 2, "北京时间": "2026-05-08 07:00", "lon": 115.689, "lat": 32.081, "height": 31.0 }, "geometry": { "type": "Point", "coordinates": [ 115.689, 32.081 ] } },
{ "type": "Feature", "properties": { "pt_id": "  2021", "trajectory_id": 2, "北京时间": "2026-05-08 06:00", "lon": 115.766, "lat": 32.164, "height": 31.0 }, "geometry": { "type": "Point", "coordinates": [ 115.766, 32.164 ] } },
{ "type": "Feature", "properties": { "pt_id": "  2022", "trajectory_id": 2, "北京时间": "2026-05-08 05:00", "lon": 115.854, "lat": 32.308, "height": 30.0 }, "geometry": { "type": "Point", "coordinates": [ 115.854, 32.308 ] } },
{ "type": "Feature", "properties": { "pt_id": "  2023", "trajectory_id": 2, "北京时间": "2026-05-08 04:00", "lon": 115.949, "lat": 32.471, "height": 30.0 }, "geometry": { "type": "Point", "coordinates": [ 115.949, 32.471 ] } },
{ "type": "Feature", "properties": { "pt_id": "  2024", "trajectory_id": 2, "北京时间": "2026-05-08 03:00", "lon": 116.023, "lat": 32.644, "height": 30.0 }, "geometry": { "type": "Point", "coordinates": [ 116.023, 32.644 ] } },
{ "type": "Feature", "properties": { "pt_id": "  2025", "trajectory_id": 2, "北京时间": "2026-05-08 02:00", "lon": 116.062, "lat": 32.835, "height": 30.0 }, "geometry": { "type": "Point", "coordinates": [ 116.062, 32.835 ] } },
{ "type": "Feature", "properties": { "pt_id": "  2026", "trajectory_id": 2, "北京时间": "2026-05-08 01:00", "lon": 116.076, "lat": 33.031, "height": 30.0 }, "geometry": { "type": "Point", "coordinates": [ 116.076, 33.031 ] } },
{ "type": "Feature", "properties": { "pt_id": "  2027", "trajectory_id": 2, "北京时间": "2026-05-08 00:00", "lon": 116.082, "lat": 33.227, "height": 30.0 }, "geometry": { "type": "Point", "coordinates": [ 116.082, 33.227 ] } },
{ "type": "Feature", "properties": { "pt_id": "  2028", "trajectory_id": 2, "北京时间": "2026-05-07 23:00", "lon": 116.095, "lat": 33.436, "height": 30.0 }, "geometry": { "type": "Point", "coordinates": [ 116.095, 33.436 ] } },
{ "type": "Feature", "properties": { "pt_id": "  2029", "trajectory_id": 2, "北京时间": "2026-05-07 22:00", "lon": 116.115, "lat": 33.669, "height": 30.0 }, "geometry": { "type": "Point", "coordinates": [ 116.115, 33.669 ] } },
{ "type": "Feature", "properties": { "pt_id": "  2030", "trajectory_id": 2, "北京时间": "2026-05-07 21:00", "lon": 116.135, "lat": 33.933, "height": 30.0 }, "geometry": { "type": "Point", "coordinates": [ 116.135, 33.933 ] } },
{ "type": "Feature", "properties": { "pt_id": "  2031", "trajectory_id": 2, "北京时间": "2026-05-07 20:00", "lon": 116.152, "lat": 34.225, "height": 30.0 }, "geometry": { "type": "Point", "coordinates": [ 116.152, 34.225 ] } },
{ "type": "Feature", "properties": { "pt_id": "  2032", "trajectory_id": 2, "北京时间": "2026-05-07 19:00", "lon": 116.165, "lat": 34.536, "height": 30.0 }, "geometry": { "type": "Point", "coordinates": [ 116.165, 34.536 ] } },
{ "type": "Feature", "properties": { "pt_id": "  2033", "trajectory_id": 2, "北京时间": "2026-05-07 18:00", "lon": 116.168, "lat": 34.858, "height": 30.0 }, "geometry": { "type": "Point", "coordinates": [ 116.168, 34.858 ] } },
{ "type": "Feature", "properties": { "pt_id": "  2034", "trajectory_id": 2, "北京时间": "2026-05-07 17:00", "lon": 116.174, "lat": 35.191, "height": 28.0 }, "geometry": { "type": "Point", "coordinates": [ 116.174, 35.191 ] } },
{ "type": "Feature", "properties": { "pt_id": "  2035", "trajectory_id": 2, "北京时间": "2026-05-07 16:00", "lon": 116.188, "lat": 35.534, "height": 27.0 }, "geometry": { "type": "Point", "coordinates": [ 116.188, 35.534 ] } },
{ "type": "Feature", "properties": { "pt_id": "  2036", "trajectory_id": 2, "北京时间": "2026-05-07 15:00", "lon": 116.2, "lat": 35.873, "height": 32.0 }, "geometry": { "type": "Point", "coordinates": [ 116.2, 35.873 ] } },
{ "type": "Feature", "properties": { "pt_id": "  2037", "trajectory_id": 2, "北京时间": "2026-05-07 14:00", "lon": 116.242, "lat": 36.236, "height": 58.0 }, "geometry": { "type": "Point", "coordinates": [ 116.242, 36.236 ] } },
{ "type": "Feature", "properties": { "pt_id": "  2038", "trajectory_id": 2, "北京时间": "2026-05-07 13:00", "lon": 116.313, "lat": 36.549, "height": 27.0 }, "geometry": { "type": "Point", "coordinates": [ 116.313, 36.549 ] } },
{ "type": "Feature", "properties": { "pt_id": "  2039", "trajectory_id": 2, "北京时间": "2026-05-07 12:00", "lon": 116.373, "lat": 36.834, "height": 21.0 }, "geometry": { "type": "Point", "coordinates": [ 116.373, 36.834 ] } },
{ "type": "Feature", "properties": { "pt_id": "  2040", "trajectory_id": 2, "北京时间": "2026-05-07 11:00", "lon": 116.408, "lat": 37.12, "height": 21.0 }, "geometry": { "type": "Point", "coordinates": [ 116.408, 37.12 ] } },
{ "type": "Feature", "properties": { "pt_id": "  2041", "trajectory_id": 2, "北京时间": "2026-05-07 10:00", "lon": 116.424, "lat": 37.392, "height": 21.0 }, "geometry": { "type": "Point", "coordinates": [ 116.424, 37.392 ] } },
{ "type": "Feature", "properties": { "pt_id": "  2042", "trajectory_id": 2, "北京时间": "2026-05-07 09:00", "lon": 116.43, "lat": 37.673, "height": 21.0 }, "geometry": { "type": "Point", "coordinates": [ 116.43, 37.673 ] } },
{ "type": "Feature", "properties": { "pt_id": "  2043", "trajectory_id": 2, "北京时间": "2026-05-07 08:00", "lon": 116.436, "lat": 37.971, "height": 21.0 }, "geometry": { "type": "Point", "coordinates": [ 116.436, 37.971 ] } },
{ "type": "Feature", "properties": { "pt_id": "  2044", "trajectory_id": 2, "北京时间": "2026-05-07 07:00", "lon": 116.431, "lat": 38.222, "height": 17.0 }, "geometry": { "type": "Point", "coordinates": [ 116.431, 38.222 ] } },
{ "type": "Feature", "properties": { "pt_id": "  2045", "trajectory_id": 2, "北京时间": "2026-05-07 06:00", "lon": 116.411, "lat": 38.425, "height": 9.0 }, "geometry": { "type": "Point", "coordinates": [ 116.411, 38.425 ] } },
{ "type": "Feature", "properties": { "pt_id": "  2046", "trajectory_id": 2, "北京时间": "2026-05-07 05:00", "lon": 116.399, "lat": 38.621, "height": 4.0 }, "geometry": { "type": "Point", "coordinates": [ 116.399, 38.621 ] } },
{ "type": "Feature", "properties": { "pt_id": "  2047", "trajectory_id": 2, "北京时间": "2026-05-07 04:00", "lon": 116.425, "lat": 38.776, "height": 1.0 }, "geometry": { "type": "Point", "coordinates": [ 116.425, 38.776 ] } },
{ "type": "Feature", "properties": { "pt_id": "  2048", "trajectory_id": 2, "北京时间": "2026-05-07 03:00", "lon": 116.49, "lat": 38.869, "height": 0.0 }, "geometry": { "type": "Point", "coordinates": [ 116.49, 38.869 ] } },
{ "type": "Feature", "properties": { "pt_id": "  2049", "trajectory_id": 2, "北京时间": "2026-05-07 02:00", "lon": 116.588, "lat": 38.915, "height": 0.0 }, "geometry": { "type": "Point", "coordinates": [ 116.588, 38.915 ] } },
{ "type": "Feature", "properties": { "pt_id": "  2050", "trajectory_id": 2, "北京时间": "2026-05-07 01:00", "lon": 116.723, "lat": 38.92, "height": 0.0 }, "geometry": { "type": "Point", "coordinates": [ 116.723, 38.92 ] } },
{ "type": "Feature", "properties": { "pt_id": "  2051", "trajectory_id": 2, "北京时间": "2026-05-07 00:00", "lon": 116.913, "lat": 38.888, "height": 0.0 }, "geometry": { "type": "Point", "coordinates": [ 116.913, 38.888 ] } },
{ "type": "Feature", "properties": { "pt_id": "  2052", "trajectory_id": 2, "北京时间": "2026-05-06 23:00", "lon": 117.148, "lat": 38.874, "height": 0.0 }, "geometry": { "type": "Point", "coordinates": [ 117.148, 38.874 ] } },
{ "type": "Feature", "properties": { "pt_id": "  3000", "trajectory_id": 3, "北京时间": "2026-05-08 23:00", "lon": 113.942, "lat": 30.907, "height": 10.0 }, "geometry": { "type": "Point", "coordinates": [ 113.942, 30.907 ] } },
{ "type": "Feature", "properties": { "pt_id": "  3009", "trajectory_id": 3, "北京时间": "2026-05-08 22:00", "lon": 114.022, "lat": 30.983, "height": 26.0 }, "geometry": { "type": "Point", "coordinates": [ 114.022, 30.983 ] } },
{ "type": "Feature", "properties": { "pt_id": "  3010", "trajectory_id": 3, "北京时间": "2026-05-08 21:00", "lon": 114.134, "lat": 31.083, "height": 58.0 }, "geometry": { "type": "Point", "coordinates": [ 114.134, 31.083 ] } },
{ "type": "Feature", "properties": { "pt_id": "  3011", "trajectory_id": 3, "北京时间": "2026-05-08 20:00", "lon": 114.25, "lat": 31.202, "height": 91.0 }, "geometry": { "type": "Point", "coordinates": [ 114.25, 31.202 ] } },
{ "type": "Feature", "properties": { "pt_id": "  3012", "trajectory_id": 3, "北京时间": "2026-05-08 19:00", "lon": 114.35, "lat": 31.329, "height": 118.0 }, "geometry": { "type": "Point", "coordinates": [ 114.35, 31.329 ] } },
{ "type": "Feature", "properties": { "pt_id": "  3013", "trajectory_id": 3, "北京时间": "2026-05-08 18:00", "lon": 114.439, "lat": 31.468, "height": 164.0 }, "geometry": { "type": "Point", "coordinates": [ 114.439, 31.468 ] } },
{ "type": "Feature", "properties": { "pt_id": "  3014", "trajectory_id": 3, "北京时间": "2026-05-08 17:00", "lon": 114.547, "lat": 31.6, "height": 206.0 }, "geometry": { "type": "Point", "coordinates": [ 114.547, 31.6 ] } },
{ "type": "Feature", "properties": { "pt_id": "  3015", "trajectory_id": 3, "北京时间": "2026-05-08 16:00", "lon": 114.673, "lat": 31.701, "height": 210.0 }, "geometry": { "type": "Point", "coordinates": [ 114.673, 31.701 ] } },
{ "type": "Feature", "properties": { "pt_id": "  3016", "trajectory_id": 3, "北京时间": "2026-05-08 15:00", "lon": 114.809, "lat": 31.778, "height": 183.0 }, "geometry": { "type": "Point", "coordinates": [ 114.809, 31.778 ] } },
{ "type": "Feature", "properties": { "pt_id": "  3017", "trajectory_id": 3, "北京时间": "2026-05-08 14:00", "lon": 114.96, "lat": 31.855, "height": 129.0 }, "geometry": { "type": "Point", "coordinates": [ 114.96, 31.855 ] } },
{ "type": "Feature", "properties": { "pt_id": "  3018", "trajectory_id": 3, "北京时间": "2026-05-08 13:00", "lon": 115.129, "lat": 31.953, "height": 80.0 }, "geometry": { "type": "Point", "coordinates": [ 115.129, 31.953 ] } },
{ "type": "Feature", "properties": { "pt_id": "  3019", "trajectory_id": 3, "北京时间": "2026-05-08 12:00", "lon": 115.316, "lat": 32.056, "height": 54.0 }, "geometry": { "type": "Point", "coordinates": [ 115.316, 32.056 ] } },
{ "type": "Feature", "properties": { "pt_id": "  3020", "trajectory_id": 3, "北京时间": "2026-05-08 11:00", "lon": 115.474, "lat": 32.141, "height": 44.0 }, "geometry": { "type": "Point", "coordinates": [ 115.474, 32.141 ] } },
{ "type": "Feature", "properties": { "pt_id": "  3021", "trajectory_id": 3, "北京时间": "2026-05-08 10:00", "lon": 115.596, "lat": 32.263, "height": 39.0 }, "geometry": { "type": "Point", "coordinates": [ 115.596, 32.263 ] } },
{ "type": "Feature", "properties": { "pt_id": "  3022", "trajectory_id": 3, "北京时间": "2026-05-08 09:00", "lon": 115.706, "lat": 32.428, "height": 38.0 }, "geometry": { "type": "Point", "coordinates": [ 115.706, 32.428 ] } },
{ "type": "Feature", "properties": { "pt_id": "  3023", "trajectory_id": 3, "北京时间": "2026-05-08 08:00", "lon": 115.808, "lat": 32.599, "height": 37.0 }, "geometry": { "type": "Point", "coordinates": [ 115.808, 32.599 ] } },
{ "type": "Feature", "properties": { "pt_id": "  3024", "trajectory_id": 3, "北京时间": "2026-05-08 07:00", "lon": 115.881, "lat": 32.791, "height": 37.0 }, "geometry": { "type": "Point", "coordinates": [ 115.881, 32.791 ] } },
{ "type": "Feature", "properties": { "pt_id": "  3025", "trajectory_id": 3, "北京时间": "2026-05-08 06:00", "lon": 115.923, "lat": 32.998, "height": 37.0 }, "geometry": { "type": "Point", "coordinates": [ 115.923, 32.998 ] } },
{ "type": "Feature", "properties": { "pt_id": "  3026", "trajectory_id": 3, "北京时间": "2026-05-08 05:00", "lon": 115.951, "lat": 33.205, "height": 37.0 }, "geometry": { "type": "Point", "coordinates": [ 115.951, 33.205 ] } },
{ "type": "Feature", "properties": { "pt_id": "  3027", "trajectory_id": 3, "北京时间": "2026-05-08 04:00", "lon": 115.978, "lat": 33.409, "height": 37.0 }, "geometry": { "type": "Point", "coordinates": [ 115.978, 33.409 ] } },
{ "type": "Feature", "properties": { "pt_id": "  3028", "trajectory_id": 3, "北京时间": "2026-05-08 03:00", "lon": 116.013, "lat": 33.623, "height": 37.0 }, "geometry": { "type": "Point", "coordinates": [ 116.013, 33.623 ] } },
{ "type": "Feature", "properties": { "pt_id": "  3029", "trajectory_id": 3, "北京时间": "2026-05-08 02:00", "lon": 116.05, "lat": 33.862, "height": 37.0 }, "geometry": { "type": "Point", "coordinates": [ 116.05, 33.862 ] } },
{ "type": "Feature", "properties": { "pt_id": "  3030", "trajectory_id": 3, "北京时间": "2026-05-08 01:00", "lon": 116.079, "lat": 34.136, "height": 37.0 }, "geometry": { "type": "Point", "coordinates": [ 116.079, 34.136 ] } },
{ "type": "Feature", "properties": { "pt_id": "  3031", "trajectory_id": 3, "北京时间": "2026-05-08 00:00", "lon": 116.1, "lat": 34.438, "height": 37.0 }, "geometry": { "type": "Point", "coordinates": [ 116.1, 34.438 ] } },
{ "type": "Feature", "properties": { "pt_id": "  3032", "trajectory_id": 3, "北京时间": "2026-05-07 23:00", "lon": 116.118, "lat": 34.755, "height": 37.0 }, "geometry": { "type": "Point", "coordinates": [ 116.118, 34.755 ] } },
{ "type": "Feature", "properties": { "pt_id": "  3033", "trajectory_id": 3, "北京时间": "2026-05-07 22:00", "lon": 116.124, "lat": 35.083, "height": 37.0 }, "geometry": { "type": "Point", "coordinates": [ 116.124, 35.083 ] } },
{ "type": "Feature", "properties": { "pt_id": "  3034", "trajectory_id": 3, "北京时间": "2026-05-07 21:00", "lon": 116.129, "lat": 35.436, "height": 37.0 }, "geometry": { "type": "Point", "coordinates": [ 116.129, 35.436 ] } },
{ "type": "Feature", "properties": { "pt_id": "  3035", "trajectory_id": 3, "北京时间": "2026-05-07 20:00", "lon": 116.14, "lat": 35.787, "height": 38.0 }, "geometry": { "type": "Point", "coordinates": [ 116.14, 35.787 ] } },
{ "type": "Feature", "properties": { "pt_id": "  3036", "trajectory_id": 3, "北京时间": "2026-05-07 19:00", "lon": 116.163, "lat": 36.149, "height": 66.0 }, "geometry": { "type": "Point", "coordinates": [ 116.163, 36.149 ] } },
{ "type": "Feature", "properties": { "pt_id": "  3037", "trajectory_id": 3, "北京时间": "2026-05-07 18:00", "lon": 116.214, "lat": 36.499, "height": 42.0 }, "geometry": { "type": "Point", "coordinates": [ 116.214, 36.499 ] } },
{ "type": "Feature", "properties": { "pt_id": "  3038", "trajectory_id": 3, "北京时间": "2026-05-07 17:00", "lon": 116.267, "lat": 36.821, "height": 35.0 }, "geometry": { "type": "Point", "coordinates": [ 116.267, 36.821 ] } },
{ "type": "Feature", "properties": { "pt_id": "  3039", "trajectory_id": 3, "北京时间": "2026-05-07 16:00", "lon": 116.303, "lat": 37.154, "height": 33.0 }, "geometry": { "type": "Point", "coordinates": [ 116.303, 37.154 ] } },
{ "type": "Feature", "properties": { "pt_id": "  3040", "trajectory_id": 3, "北京时间": "2026-05-07 15:00", "lon": 116.315, "lat": 37.504, "height": 33.0 }, "geometry": { "type": "Point", "coordinates": [ 116.315, 37.504 ] } },
{ "type": "Feature", "properties": { "pt_id": "  3041", "trajectory_id": 3, "北京时间": "2026-05-07 14:00", "lon": 116.314, "lat": 37.875, "height": 33.0 }, "geometry": { "type": "Point", "coordinates": [ 116.314, 37.875 ] } },
{ "type": "Feature", "properties": { "pt_id": "  3042", "trajectory_id": 3, "北京时间": "2026-05-07 13:00", "lon": 116.297, "lat": 38.27, "height": 33.0 }, "geometry": { "type": "Point", "coordinates": [ 116.297, 38.27 ] } },
{ "type": "Feature", "properties": { "pt_id": "  3043", "trajectory_id": 3, "北京时间": "2026-05-07 12:00", "lon": 116.226, "lat": 38.644, "height": 35.0 }, "geometry": { "type": "Point", "coordinates": [ 116.226, 38.644 ] } },
{ "type": "Feature", "properties": { "pt_id": "  3044", "trajectory_id": 3, "北京时间": "2026-05-07 11:00", "lon": 116.163, "lat": 38.992, "height": 38.0 }, "geometry": { "type": "Point", "coordinates": [ 116.163, 38.992 ] } },
{ "type": "Feature", "properties": { "pt_id": "  3045", "trajectory_id": 3, "北京时间": "2026-05-07 10:00", "lon": 116.111, "lat": 39.319, "height": 64.0 }, "geometry": { "type": "Point", "coordinates": [ 116.111, 39.319 ] } },
{ "type": "Feature", "properties": { "pt_id": "  3046", "trajectory_id": 3, "北京时间": "2026-05-07 09:00", "lon": 115.981, "lat": 39.672, "height": 243.0 }, "geometry": { "type": "Point", "coordinates": [ 115.981, 39.672 ] } },
{ "type": "Feature", "properties": { "pt_id": "  3047", "trajectory_id": 3, "北京时间": "2026-05-07 08:00", "lon": 115.597, "lat": 40.186, "height": 1087.0 }, "geometry": { "type": "Point", "coordinates": [ 115.597, 40.186 ] } },
{ "type": "Feature", "properties": { "pt_id": "  3048", "trajectory_id": 3, "北京时间": "2026-05-07 07:00", "lon": 115.162, "lat": 40.672, "height": 1182.0 }, "geometry": { "type": "Point", "coordinates": [ 115.162, 40.672 ] } },
{ "type": "Feature", "properties": { "pt_id": "  3049", "trajectory_id": 3, "北京时间": "2026-05-07 06:00", "lon": 114.679, "lat": 41.189, "height": 1622.0 }, "geometry": { "type": "Point", "coordinates": [ 114.679, 41.189 ] } },
{ "type": "Feature", "properties": { "pt_id": "  3050", "trajectory_id": 3, "北京时间": "2026-05-07 05:00", "lon": 114.08, "lat": 41.618, "height": 1939.0 }, "geometry": { "type": "Point", "coordinates": [ 114.08, 41.618 ] } },
{ "type": "Feature", "properties": { "pt_id": "  3051", "trajectory_id": 3, "北京时间": "2026-05-07 04:00", "lon": 113.492, "lat": 42.04, "height": 2043.0 }, "geometry": { "type": "Point", "coordinates": [ 113.492, 42.04 ] } },
{ "type": "Feature", "properties": { "pt_id": "  3052", "trajectory_id": 3, "北京时间": "2026-05-07 03:00", "lon": 112.947, "lat": 42.361, "height": 1900.0 }, "geometry": { "type": "Point", "coordinates": [ 112.947, 42.361 ] } },
{ "type": "Feature", "properties": { "pt_id": "  3053", "trajectory_id": 3, "北京时间": "2026-05-07 02:00", "lon": 112.431, "lat": 42.692, "height": 1962.0 }, "geometry": { "type": "Point", "coordinates": [ 112.431, 42.692 ] } },
{ "type": "Feature", "properties": { "pt_id": "  3054", "trajectory_id": 3, "北京时间": "2026-05-07 01:00", "lon": 111.905, "lat": 43.013, "height": 1966.0 }, "geometry": { "type": "Point", "coordinates": [ 111.905, 43.013 ] } },
{ "type": "Feature", "properties": { "pt_id": "  3055", "trajectory_id": 3, "北京时间": "2026-05-07 00:00", "lon": 111.413, "lat": 43.328, "height": 1880.0 }, "geometry": { "type": "Point", "coordinates": [ 111.413, 43.328 ] } },
{ "type": "Feature", "properties": { "pt_id": "  3056", "trajectory_id": 3, "北京时间": "2026-05-06 23:00", "lon": 110.967, "lat": 43.672, "height": 1876.0 }, "geometry": { "type": "Point", "coordinates": [ 110.967, 43.672 ] } },
{ "type": "Feature", "properties": { "pt_id": "  4000", "trajectory_id": 4, "北京时间": "2026-05-08 23:00", "lon": 113.942, "lat": 30.907, "height": 10.0 }, "geometry": { "type": "Point", "coordinates": [ 113.942, 30.907 ] } },
{ "type": "Feature", "properties": { "pt_id": "  4013", "trajectory_id": 4, "北京时间": "2026-05-08 22:00", "lon": 114.033, "lat": 31.026, "height": 16.0 }, "geometry": { "type": "Point", "coordinates": [ 114.033, 31.026 ] } },
{ "type": "Feature", "properties": { "pt_id": "  4014", "trajectory_id": 4, "北京时间": "2026-05-08 21:00", "lon": 114.105, "lat": 31.152, "height": 35.0 }, "geometry": { "type": "Point", "coordinates": [ 114.105, 31.152 ] } },
{ "type": "Feature", "properties": { "pt_id": "  4015", "trajectory_id": 4, "北京时间": "2026-05-08 20:00", "lon": 114.156, "lat": 31.276, "height": 69.0 }, "geometry": { "type": "Point", "coordinates": [ 114.156, 31.276 ] } },
{ "type": "Feature", "properties": { "pt_id": "  4016", "trajectory_id": 4, "北京时间": "2026-05-08 19:00", "lon": 114.204, "lat": 31.404, "height": 115.0 }, "geometry": { "type": "Point", "coordinates": [ 114.204, 31.404 ] } },
{ "type": "Feature", "properties": { "pt_id": "  4017", "trajectory_id": 4, "北京时间": "2026-05-08 18:00", "lon": 114.282, "lat": 31.552, "height": 159.0 }, "geometry": { "type": "Point", "coordinates": [ 114.282, 31.552 ] } },
{ "type": "Feature", "properties": { "pt_id": "  4018", "trajectory_id": 4, "北京时间": "2026-05-08 17:00", "lon": 114.405, "lat": 31.721, "height": 187.0 }, "geometry": { "type": "Point", "coordinates": [ 114.405, 31.721 ] } },
{ "type": "Feature", "properties": { "pt_id": "  4019", "trajectory_id": 4, "北京时间": "2026-05-08 16:00", "lon": 114.56, "lat": 31.89, "height": 133.0 }, "geometry": { "type": "Point", "coordinates": [ 114.56, 31.89 ] } },
{ "type": "Feature", "properties": { "pt_id": "  4020", "trajectory_id": 4, "北京时间": "2026-05-08 15:00", "lon": 114.709, "lat": 32.047, "height": 71.0 }, "geometry": { "type": "Point", "coordinates": [ 114.709, 32.047 ] } },
{ "type": "Feature", "properties": { "pt_id": "  4021", "trajectory_id": 4, "北京时间": "2026-05-08 14:00", "lon": 114.845, "lat": 32.187, "height": 42.0 }, "geometry": { "type": "Point", "coordinates": [ 114.845, 32.187 ] } },
{ "type": "Feature", "properties": { "pt_id": "  4022", "trajectory_id": 4, "北京时间": "2026-05-08 13:00", "lon": 114.972, "lat": 32.341, "height": 38.0 }, "geometry": { "type": "Point", "coordinates": [ 114.972, 32.341 ] } },
{ "type": "Feature", "properties": { "pt_id": "  4023", "trajectory_id": 4, "北京时间": "2026-05-08 12:00", "lon": 115.094, "lat": 32.511, "height": 38.0 }, "geometry": { "type": "Point", "coordinates": [ 115.094, 32.511 ] } },
{ "type": "Feature", "properties": { "pt_id": "  4024", "trajectory_id": 4, "北京时间": "2026-05-08 11:00", "lon": 115.201, "lat": 32.691, "height": 38.0 }, "geometry": { "type": "Point", "coordinates": [ 115.201, 32.691 ] } },
{ "type": "Feature", "properties": { "pt_id": "  4025", "trajectory_id": 4, "北京时间": "2026-05-08 10:00", "lon": 115.292, "lat": 32.875, "height": 38.0 }, "geometry": { "type": "Point", "coordinates": [ 115.292, 32.875 ] } },
{ "type": "Feature", "properties": { "pt_id": "  4026", "trajectory_id": 4, "北京时间": "2026-05-08 09:00", "lon": 115.374, "lat": 33.06, "height": 38.0 }, "geometry": { "type": "Point", "coordinates": [ 115.374, 33.06 ] } },
{ "type": "Feature", "properties": { "pt_id": "  4027", "trajectory_id": 4, "北京时间": "2026-05-08 08:00", "lon": 115.456, "lat": 33.241, "height": 38.0 }, "geometry": { "type": "Point", "coordinates": [ 115.456, 33.241 ] } },
{ "type": "Feature", "properties": { "pt_id": "  4028", "trajectory_id": 4, "北京时间": "2026-05-08 07:00", "lon": 115.541, "lat": 33.43, "height": 38.0 }, "geometry": { "type": "Point", "coordinates": [ 115.541, 33.43 ] } },
{ "type": "Feature", "properties": { "pt_id": "  4029", "trajectory_id": 4, "北京时间": "2026-05-08 06:00", "lon": 115.614, "lat": 33.648, "height": 38.0 }, "geometry": { "type": "Point", "coordinates": [ 115.614, 33.648 ] } },
{ "type": "Feature", "properties": { "pt_id": "  4030", "trajectory_id": 4, "北京时间": "2026-05-08 05:00", "lon": 115.678, "lat": 33.904, "height": 38.0 }, "geometry": { "type": "Point", "coordinates": [ 115.678, 33.904 ] } },
{ "type": "Feature", "properties": { "pt_id": "  4031", "trajectory_id": 4, "北京时间": "2026-05-08 04:00", "lon": 115.741, "lat": 34.201, "height": 38.0 }, "geometry": { "type": "Point", "coordinates": [ 115.741, 34.201 ] } },
{ "type": "Feature", "properties": { "pt_id": "  4032", "trajectory_id": 4, "北京时间": "2026-05-08 03:00", "lon": 115.796, "lat": 34.516, "height": 38.0 }, "geometry": { "type": "Point", "coordinates": [ 115.796, 34.516 ] } },
{ "type": "Feature", "properties": { "pt_id": "  4033", "trajectory_id": 4, "北京时间": "2026-05-08 02:00", "lon": 115.831, "lat": 34.846, "height": 36.0 }, "geometry": { "type": "Point", "coordinates": [ 115.831, 34.846 ] } },
{ "type": "Feature", "properties": { "pt_id": "  4034", "trajectory_id": 4, "北京时间": "2026-05-08 01:00", "lon": 115.862, "lat": 35.192, "height": 34.0 }, "geometry": { "type": "Point", "coordinates": [ 115.862, 35.192 ] } },
{ "type": "Feature", "properties": { "pt_id": "  4035", "trajectory_id": 4, "北京时间": "2026-05-08 00:00", "lon": 115.901, "lat": 35.548, "height": 33.0 }, "geometry": { "type": "Point", "coordinates": [ 115.901, 35.548 ] } },
{ "type": "Feature", "properties": { "pt_id": "  4036", "trajectory_id": 4, "北京时间": "2026-05-07 23:00", "lon": 115.935, "lat": 35.898, "height": 32.0 }, "geometry": { "type": "Point", "coordinates": [ 115.935, 35.898 ] } },
{ "type": "Feature", "properties": { "pt_id": "  4037", "trajectory_id": 4, "北京时间": "2026-05-07 22:00", "lon": 115.978, "lat": 36.226, "height": 24.0 }, "geometry": { "type": "Point", "coordinates": [ 115.978, 36.226 ] } },
{ "type": "Feature", "properties": { "pt_id": "  4038", "trajectory_id": 4, "北京时间": "2026-05-07 21:00", "lon": 116.036, "lat": 36.514, "height": 13.0 }, "geometry": { "type": "Point", "coordinates": [ 116.036, 36.514 ] } },
{ "type": "Feature", "properties": { "pt_id": "  4039", "trajectory_id": 4, "北京时间": "2026-05-07 20:00", "lon": 116.097, "lat": 36.783, "height": 8.0 }, "geometry": { "type": "Point", "coordinates": [ 116.097, 36.783 ] } },
{ "type": "Feature", "properties": { "pt_id": "  4040", "trajectory_id": 4, "北京时间": "2026-05-07 19:00", "lon": 116.146, "lat": 37.048, "height": 8.0 }, "geometry": { "type": "Point", "coordinates": [ 116.146, 37.048 ] } },
{ "type": "Feature", "properties": { "pt_id": "  4041", "trajectory_id": 4, "北京时间": "2026-05-07 18:00", "lon": 116.186, "lat": 37.315, "height": 8.0 }, "geometry": { "type": "Point", "coordinates": [ 116.186, 37.315 ] } },
{ "type": "Feature", "properties": { "pt_id": "  4042", "trajectory_id": 4, "北京时间": "2026-05-07 17:00", "lon": 116.221, "lat": 37.607, "height": 8.0 }, "geometry": { "type": "Point", "coordinates": [ 116.221, 37.607 ] } },
{ "type": "Feature", "properties": { "pt_id": "  4043", "trajectory_id": 4, "北京时间": "2026-05-07 16:00", "lon": 116.249, "lat": 37.896, "height": 8.0 }, "geometry": { "type": "Point", "coordinates": [ 116.249, 37.896 ] } },
{ "type": "Feature", "properties": { "pt_id": "  4044", "trajectory_id": 4, "北京时间": "2026-05-07 15:00", "lon": 116.273, "lat": 38.143, "height": 7.0 }, "geometry": { "type": "Point", "coordinates": [ 116.273, 38.143 ] } },
{ "type": "Feature", "properties": { "pt_id": "  4045", "trajectory_id": 4, "北京时间": "2026-05-07 14:00", "lon": 116.279, "lat": 38.385, "height": 2.0 }, "geometry": { "type": "Point", "coordinates": [ 116.279, 38.385 ] } },
{ "type": "Feature", "properties": { "pt_id": "  4046", "trajectory_id": 4, "北京时间": "2026-05-07 13:00", "lon": 116.287, "lat": 38.648, "height": 0.0 }, "geometry": { "type": "Point", "coordinates": [ 116.287, 38.648 ] } },
{ "type": "Feature", "properties": { "pt_id": "  4047", "trajectory_id": 4, "北京时间": "2026-05-07 12:00", "lon": 116.309, "lat": 38.835, "height": 0.0 }, "geometry": { "type": "Point", "coordinates": [ 116.309, 38.835 ] } },
{ "type": "Feature", "properties": { "pt_id": "  4048", "trajectory_id": 4, "北京时间": "2026-05-07 11:00", "lon": 116.355, "lat": 38.959, "height": 0.0 }, "geometry": { "type": "Point", "coordinates": [ 116.355, 38.959 ] } },
{ "type": "Feature", "properties": { "pt_id": "  4049", "trajectory_id": 4, "北京时间": "2026-05-07 10:00", "lon": 116.423, "lat": 39.041, "height": 0.0 }, "geometry": { "type": "Point", "coordinates": [ 116.423, 39.041 ] } },
{ "type": "Feature", "properties": { "pt_id": "  4050", "trajectory_id": 4, "北京时间": "2026-05-07 09:00", "lon": 116.527, "lat": 39.076, "height": 0.0 }, "geometry": { "type": "Point", "coordinates": [ 116.527, 39.076 ] } },
{ "type": "Feature", "properties": { "pt_id": "  4051", "trajectory_id": 4, "北京时间": "2026-05-07 08:00", "lon": 116.68, "lat": 39.061, "height": 0.0 }, "geometry": { "type": "Point", "coordinates": [ 116.68, 39.061 ] } },
{ "type": "Feature", "properties": { "pt_id": "  4052", "trajectory_id": 4, "北京时间": "2026-05-07 07:00", "lon": 116.866, "lat": 39.056, "height": 0.0 }, "geometry": { "type": "Point", "coordinates": [ 116.866, 39.056 ] } },
{ "type": "Feature", "properties": { "pt_id": "  4053", "trajectory_id": 4, "北京时间": "2026-05-07 06:00", "lon": 117.066, "lat": 39.121, "height": 1.0 }, "geometry": { "type": "Point", "coordinates": [ 117.066, 39.121 ] } },
{ "type": "Feature", "properties": { "pt_id": "  4054", "trajectory_id": 4, "北京时间": "2026-05-07 05:00", "lon": 117.3, "lat": 39.25, "height": 2.0 }, "geometry": { "type": "Point", "coordinates": [ 117.3, 39.25 ] } },
{ "type": "Feature", "properties": { "pt_id": "  4055", "trajectory_id": 4, "北京时间": "2026-05-07 04:00", "lon": 117.553, "lat": 39.413, "height": 3.0 }, "geometry": { "type": "Point", "coordinates": [ 117.553, 39.413 ] } },
{ "type": "Feature", "properties": { "pt_id": "  4056", "trajectory_id": 4, "北京时间": "2026-05-07 03:00", "lon": 117.772, "lat": 39.581, "height": 6.0 }, "geometry": { "type": "Point", "coordinates": [ 117.772, 39.581 ] } },
{ "type": "Feature", "properties": { "pt_id": "  4057", "trajectory_id": 4, "北京时间": "2026-05-07 02:00", "lon": 117.982, "lat": 39.771, "height": 29.0 }, "geometry": { "type": "Point", "coordinates": [ 117.982, 39.771 ] } },
{ "type": "Feature", "properties": { "pt_id": "  4058", "trajectory_id": 4, "北京时间": "2026-05-07 01:00", "lon": 118.243, "lat": 39.955, "height": 136.0 }, "geometry": { "type": "Point", "coordinates": [ 118.243, 39.955 ] } },
{ "type": "Feature", "properties": { "pt_id": "  4059", "trajectory_id": 4, "北京时间": "2026-05-07 00:00", "lon": 118.542, "lat": 40.103, "height": 205.0 }, "geometry": { "type": "Point", "coordinates": [ 118.542, 40.103 ] } },
{ "type": "Feature", "properties": { "pt_id": "  4060", "trajectory_id": 4, "北京时间": "2026-05-06 23:00", "lon": 118.777, "lat": 40.217, "height": 311.0 }, "geometry": { "type": "Point", "coordinates": [ 118.777, 40.217 ] } },
{ "type": "Feature", "properties": { "pt_id": "  5000", "trajectory_id": 5, "北京时间": "2026-05-08 23:00", "lon": 113.942, "lat": 30.907, "height": 10.0 }, "geometry": { "type": "Point", "coordinates": [ 113.942, 30.907 ] } },
{ "type": "Feature", "properties": { "pt_id": "  5017", "trajectory_id": 5, "北京时间": "2026-05-08 22:00", "lon": 113.969, "lat": 31.05, "height": 22.0 }, "geometry": { "type": "Point", "coordinates": [ 113.969, 31.05 ] } },
{ "type": "Feature", "properties": { "pt_id": "  5018", "trajectory_id": 5, "北京时间": "2026-05-08 21:00", "lon": 114.036, "lat": 31.229, "height": 65.0 }, "geometry": { "type": "Point", "coordinates": [ 114.036, 31.229 ] } },
{ "type": "Feature", "properties": { "pt_id": "  5019", "trajectory_id": 5, "北京时间": "2026-05-08 20:00", "lon": 114.156, "lat": 31.42, "height": 161.0 }, "geometry": { "type": "Point", "coordinates": [ 114.156, 31.42 ] } },
{ "type": "Feature", "properties": { "pt_id": "  5020", "trajectory_id": 5, "北京时间": "2026-05-08 19:00", "lon": 114.339, "lat": 31.625, "height": 226.0 }, "geometry": { "type": "Point", "coordinates": [ 114.339, 31.625 ] } },
{ "type": "Feature", "properties": { "pt_id": "  5021", "trajectory_id": 5, "北京时间": "2026-05-08 18:00", "lon": 114.573, "lat": 31.845, "height": 164.0 }, "geometry": { "type": "Point", "coordinates": [ 114.573, 31.845 ] } },
{ "type": "Feature", "properties": { "pt_id": "  5022", "trajectory_id": 5, "北京时间": "2026-05-08 17:00", "lon": 114.778, "lat": 32.038, "height": 88.0 }, "geometry": { "type": "Point", "coordinates": [ 114.778, 32.038 ] } },
{ "type": "Feature", "properties": { "pt_id": "  5023", "trajectory_id": 5, "北京时间": "2026-05-08 16:00", "lon": 114.948, "lat": 32.229, "height": 66.0 }, "geometry": { "type": "Point", "coordinates": [ 114.948, 32.229 ] } },
{ "type": "Feature", "properties": { "pt_id": "  5024", "trajectory_id": 5, "北京时间": "2026-05-08 15:00", "lon": 115.103, "lat": 32.44, "height": 66.0 }, "geometry": { "type": "Point", "coordinates": [ 115.103, 32.44 ] } },
{ "type": "Feature", "properties": { "pt_id": "  5025", "trajectory_id": 5, "北京时间": "2026-05-08 14:00", "lon": 115.239, "lat": 32.668, "height": 66.0 }, "geometry": { "type": "Point", "coordinates": [ 115.239, 32.668 ] } },
{ "type": "Feature", "properties": { "pt_id": "  5026", "trajectory_id": 5, "北京时间": "2026-05-08 13:00", "lon": 115.349, "lat": 32.898, "height": 66.0 }, "geometry": { "type": "Point", "coordinates": [ 115.349, 32.898 ] } },
{ "type": "Feature", "properties": { "pt_id": "  5027", "trajectory_id": 5, "北京时间": "2026-05-08 12:00", "lon": 115.45, "lat": 33.129, "height": 66.0 }, "geometry": { "type": "Point", "coordinates": [ 115.45, 33.129 ] } },
{ "type": "Feature", "properties": { "pt_id": "  5028", "trajectory_id": 5, "北京时间": "2026-05-08 11:00", "lon": 115.552, "lat": 33.361, "height": 67.0 }, "geometry": { "type": "Point", "coordinates": [ 115.552, 33.361 ] } },
{ "type": "Feature", "properties": { "pt_id": "  5029", "trajectory_id": 5, "北京时间": "2026-05-08 10:00", "lon": 115.639, "lat": 33.613, "height": 67.0 }, "geometry": { "type": "Point", "coordinates": [ 115.639, 33.613 ] } },
{ "type": "Feature", "properties": { "pt_id": "  5030", "trajectory_id": 5, "北京时间": "2026-05-08 09:00", "lon": 115.71, "lat": 33.899, "height": 67.0 }, "geometry": { "type": "Point", "coordinates": [ 115.71, 33.899 ] } },
{ "type": "Feature", "properties": { "pt_id": "  5031", "trajectory_id": 5, "北京时间": "2026-05-08 08:00", "lon": 115.778, "lat": 34.227, "height": 67.0 }, "geometry": { "type": "Point", "coordinates": [ 115.778, 34.227 ] } },
{ "type": "Feature", "properties": { "pt_id": "  5032", "trajectory_id": 5, "北京时间": "2026-05-08 07:00", "lon": 115.833, "lat": 34.571, "height": 68.0 }, "geometry": { "type": "Point", "coordinates": [ 115.833, 34.571 ] } },
{ "type": "Feature", "properties": { "pt_id": "  5033", "trajectory_id": 5, "北京时间": "2026-05-08 06:00", "lon": 115.866, "lat": 34.929, "height": 68.0 }, "geometry": { "type": "Point", "coordinates": [ 115.866, 34.929 ] } },
{ "type": "Feature", "properties": { "pt_id": "  5034", "trajectory_id": 5, "北京时间": "2026-05-08 05:00", "lon": 115.896, "lat": 35.312, "height": 68.0 }, "geometry": { "type": "Point", "coordinates": [ 115.896, 35.312 ] } },
{ "type": "Feature", "properties": { "pt_id": "  5035", "trajectory_id": 5, "北京时间": "2026-05-08 04:00", "lon": 115.931, "lat": 35.701, "height": 68.0 }, "geometry": { "type": "Point", "coordinates": [ 115.931, 35.701 ] } },
{ "type": "Feature", "properties": { "pt_id": "  5036", "trajectory_id": 5, "北京时间": "2026-05-08 03:00", "lon": 115.965, "lat": 36.079, "height": 67.0 }, "geometry": { "type": "Point", "coordinates": [ 115.965, 36.079 ] } },
{ "type": "Feature", "properties": { "pt_id": "  5037", "trajectory_id": 5, "北京时间": "2026-05-08 02:00", "lon": 116.017, "lat": 36.441, "height": 56.0 }, "geometry": { "type": "Point", "coordinates": [ 116.017, 36.441 ] } },
{ "type": "Feature", "properties": { "pt_id": "  5038", "trajectory_id": 5, "北京时间": "2026-05-08 01:00", "lon": 116.079, "lat": 36.781, "height": 46.0 }, "geometry": { "type": "Point", "coordinates": [ 116.079, 36.781 ] } },
{ "type": "Feature", "properties": { "pt_id": "  5039", "trajectory_id": 5, "北京时间": "2026-05-08 00:00", "lon": 116.128, "lat": 37.124, "height": 44.0 }, "geometry": { "type": "Point", "coordinates": [ 116.128, 37.124 ] } },
{ "type": "Feature", "properties": { "pt_id": "  5040", "trajectory_id": 5, "北京时间": "2026-05-07 23:00", "lon": 116.159, "lat": 37.491, "height": 44.0 }, "geometry": { "type": "Point", "coordinates": [ 116.159, 37.491 ] } },
{ "type": "Feature", "properties": { "pt_id": "  5041", "trajectory_id": 5, "北京时间": "2026-05-07 22:00", "lon": 116.185, "lat": 37.891, "height": 44.0 }, "geometry": { "type": "Point", "coordinates": [ 116.185, 37.891 ] } },
{ "type": "Feature", "properties": { "pt_id": "  5042", "trajectory_id": 5, "北京时间": "2026-05-07 21:00", "lon": 116.198, "lat": 38.319, "height": 45.0 }, "geometry": { "type": "Point", "coordinates": [ 116.198, 38.319 ] } },
{ "type": "Feature", "properties": { "pt_id": "  5043", "trajectory_id": 5, "北京时间": "2026-05-07 20:00", "lon": 116.147, "lat": 38.732, "height": 64.0 }, "geometry": { "type": "Point", "coordinates": [ 116.147, 38.732 ] } },
{ "type": "Feature", "properties": { "pt_id": "  5044", "trajectory_id": 5, "北京时间": "2026-05-07 19:00", "lon": 116.095, "lat": 39.109, "height": 88.0 }, "geometry": { "type": "Point", "coordinates": [ 116.095, 39.109 ] } },
{ "type": "Feature", "properties": { "pt_id": "  5045", "trajectory_id": 5, "北京时间": "2026-05-07 18:00", "lon": 116.01, "lat": 39.491, "height": 184.0 }, "geometry": { "type": "Point", "coordinates": [ 116.01, 39.491 ] } },
{ "type": "Feature", "properties": { "pt_id": "  5046", "trajectory_id": 5, "北京时间": "2026-05-07 17:00", "lon": 115.739, "lat": 39.968, "height": 862.0 }, "geometry": { "type": "Point", "coordinates": [ 115.739, 39.968 ] } },
{ "type": "Feature", "properties": { "pt_id": "  5047", "trajectory_id": 5, "北京时间": "2026-05-07 16:00", "lon": 115.292, "lat": 40.521, "height": 1360.0 }, "geometry": { "type": "Point", "coordinates": [ 115.292, 40.521 ] } },
{ "type": "Feature", "properties": { "pt_id": "  5048", "trajectory_id": 5, "北京时间": "2026-05-07 15:00", "lon": 114.826, "lat": 41.059, "height": 1688.0 }, "geometry": { "type": "Point", "coordinates": [ 114.826, 41.059 ] } },
{ "type": "Feature", "properties": { "pt_id": "  5049", "trajectory_id": 5, "北京时间": "2026-05-07 14:00", "lon": 114.184, "lat": 41.511, "height": 2091.0 }, "geometry": { "type": "Point", "coordinates": [ 114.184, 41.511 ] } },
{ "type": "Feature", "properties": { "pt_id": "  5050", "trajectory_id": 5, "北京时间": "2026-05-07 13:00", "lon": 113.581, "lat": 41.986, "height": 2395.0 }, "geometry": { "type": "Point", "coordinates": [ 113.581, 41.986 ] } },
{ "type": "Feature", "properties": { "pt_id": "  5051", "trajectory_id": 5, "北京时间": "2026-05-07 12:00", "lon": 113.001, "lat": 42.281, "height": 2505.0 }, "geometry": { "type": "Point", "coordinates": [ 113.001, 42.281 ] } },
{ "type": "Feature", "properties": { "pt_id": "  5052", "trajectory_id": 5, "北京时间": "2026-05-07 11:00", "lon": 112.441, "lat": 42.536, "height": 2542.0 }, "geometry": { "type": "Point", "coordinates": [ 112.441, 42.536 ] } },
{ "type": "Feature", "properties": { "pt_id": "  5053", "trajectory_id": 5, "北京时间": "2026-05-07 10:00", "lon": 111.874, "lat": 42.88, "height": 2619.0 }, "geometry": { "type": "Point", "coordinates": [ 111.874, 42.88 ] } },
{ "type": "Feature", "properties": { "pt_id": "  5054", "trajectory_id": 5, "北京时间": "2026-05-07 09:00", "lon": 111.387, "lat": 43.204, "height": 2711.0 }, "geometry": { "type": "Point", "coordinates": [ 111.387, 43.204 ] } },
{ "type": "Feature", "properties": { "pt_id": "  5055", "trajectory_id": 5, "北京时间": "2026-05-07 08:00", "lon": 110.875, "lat": 43.574, "height": 2891.0 }, "geometry": { "type": "Point", "coordinates": [ 110.875, 43.574 ] } },
{ "type": "Feature", "properties": { "pt_id": "  5056", "trajectory_id": 5, "北京时间": "2026-05-07 07:00", "lon": 110.362, "lat": 43.92, "height": 2952.0 }, "geometry": { "type": "Point", "coordinates": [ 110.362, 43.92 ] } },
{ "type": "Feature", "properties": { "pt_id": "  5057", "trajectory_id": 5, "北京时间": "2026-05-07 06:00", "lon": 109.877, "lat": 44.243, "height": 2965.0 }, "geometry": { "type": "Point", "coordinates": [ 109.877, 44.243 ] } },
{ "type": "Feature", "properties": { "pt_id": "  5058", "trajectory_id": 5, "北京时间": "2026-05-07 05:00", "lon": 109.476, "lat": 44.602, "height": 2890.0 }, "geometry": { "type": "Point", "coordinates": [ 109.476, 44.602 ] } },
{ "type": "Feature", "properties": { "pt_id": "  5059", "trajectory_id": 5, "北京时间": "2026-05-07 04:00", "lon": 109.046, "lat": 44.988, "height": 3034.0 }, "geometry": { "type": "Point", "coordinates": [ 109.046, 44.988 ] } },
{ "type": "Feature", "properties": { "pt_id": "  5060", "trajectory_id": 5, "北京时间": "2026-05-07 03:00", "lon": 108.486, "lat": 45.357, "height": 3063.0 }, "geometry": { "type": "Point", "coordinates": [ 108.486, 45.357 ] } },
{ "type": "Feature", "properties": { "pt_id": "  5061", "trajectory_id": 5, "北京时间": "2026-05-07 02:00", "lon": 107.921, "lat": 45.782, "height": 3077.0 }, "geometry": { "type": "Point", "coordinates": [ 107.921, 45.782 ] } },
{ "type": "Feature", "properties": { "pt_id": "  5062", "trajectory_id": 5, "北京时间": "2026-05-07 01:00", "lon": 107.384, "lat": 46.247, "height": 3167.0 }, "geometry": { "type": "Point", "coordinates": [ 107.384, 46.247 ] } },
{ "type": "Feature", "properties": { "pt_id": "  5063", "trajectory_id": 5, "北京时间": "2026-05-07 00:00", "lon": 106.87, "lat": 46.701, "height": 3332.0 }, "geometry": { "type": "Point", "coordinates": [ 106.87, 46.701 ] } },
{ "type": "Feature", "properties": { "pt_id": "  5064", "trajectory_id": 5, "北京时间": "2026-05-06 23:00", "lon": 106.404, "lat": 47.21, "height": 3340.0 }, "geometry": { "type": "Point", "coordinates": [ 106.404, 47.21 ] } },
{ "type": "Feature", "properties": { "pt_id": "  6000", "trajectory_id": 6, "北京时间": "2026-05-08 23:00", "lon": 113.942, "lat": 30.907, "height": 10.0 }, "geometry": { "type": "Point", "coordinates": [ 113.942, 30.907 ] } },
{ "type": "Feature", "properties": { "pt_id": "  6021", "trajectory_id": 6, "北京时间": "2026-05-08 22:00", "lon": 114.016, "lat": 31.029, "height": 16.0 }, "geometry": { "type": "Point", "coordinates": [ 114.016, 31.029 ] } },
{ "type": "Feature", "properties": { "pt_id": "  6022", "trajectory_id": 6, "北京时间": "2026-05-08 21:00", "lon": 114.112, "lat": 31.161, "height": 46.0 }, "geometry": { "type": "Point", "coordinates": [ 114.112, 31.161 ] } },
{ "type": "Feature", "properties": { "pt_id": "  6023", "trajectory_id": 6, "北京时间": "2026-05-08 20:00", "lon": 114.254, "lat": 31.334, "height": 101.0 }, "geometry": { "type": "Point", "coordinates": [ 114.254, 31.334 ] } },
{ "type": "Feature", "properties": { "pt_id": "  6024", "trajectory_id": 6, "北京时间": "2026-05-08 19:00", "lon": 114.455, "lat": 31.566, "height": 178.0 }, "geometry": { "type": "Point", "coordinates": [ 114.455, 31.566 ] } },
{ "type": "Feature", "properties": { "pt_id": "  6025", "trajectory_id": 6, "北京时间": "2026-05-08 18:00", "lon": 114.685, "lat": 31.844, "height": 115.0 }, "geometry": { "type": "Point", "coordinates": [ 114.685, 31.844 ] } },
{ "type": "Feature", "properties": { "pt_id": "  6026", "trajectory_id": 6, "北京时间": "2026-05-08 17:00", "lon": 114.836, "lat": 32.073, "height": 40.0 }, "geometry": { "type": "Point", "coordinates": [ 114.836, 32.073 ] } },
{ "type": "Feature", "properties": { "pt_id": "  6027", "trajectory_id": 6, "北京时间": "2026-05-08 16:00", "lon": 114.956, "lat": 32.277, "height": 31.0 }, "geometry": { "type": "Point", "coordinates": [ 114.956, 32.277 ] } },
{ "type": "Feature", "properties": { "pt_id": "  6028", "trajectory_id": 6, "北京时间": "2026-05-08 15:00", "lon": 115.068, "lat": 32.477, "height": 30.0 }, "geometry": { "type": "Point", "coordinates": [ 115.068, 32.477 ] } },
{ "type": "Feature", "properties": { "pt_id": "  6029", "trajectory_id": 6, "北京时间": "2026-05-08 14:00", "lon": 115.178, "lat": 32.69, "height": 30.0 }, "geometry": { "type": "Point", "coordinates": [ 115.178, 32.69 ] } },
{ "type": "Feature", "properties": { "pt_id": "  6030", "trajectory_id": 6, "北京时间": "2026-05-08 13:00", "lon": 115.291, "lat": 32.928, "height": 30.0 }, "geometry": { "type": "Point", "coordinates": [ 115.291, 32.928 ] } },
{ "type": "Feature", "properties": { "pt_id": "  6031", "trajectory_id": 6, "北京时间": "2026-05-08 12:00", "lon": 115.4, "lat": 33.204, "height": 30.0 }, "geometry": { "type": "Point", "coordinates": [ 115.4, 33.204 ] } },
{ "type": "Feature", "properties": { "pt_id": "  6032", "trajectory_id": 6, "北京时间": "2026-05-08 11:00", "lon": 115.507, "lat": 33.501, "height": 30.0 }, "geometry": { "type": "Point", "coordinates": [ 115.507, 33.501 ] } },
{ "type": "Feature", "properties": { "pt_id": "  6033", "trajectory_id": 6, "北京时间": "2026-05-08 10:00", "lon": 115.61, "lat": 33.796, "height": 31.0 }, "geometry": { "type": "Point", "coordinates": [ 115.61, 33.796 ] } },
{ "type": "Feature", "properties": { "pt_id": "  6034", "trajectory_id": 6, "北京时间": "2026-05-08 09:00", "lon": 115.709, "lat": 34.12, "height": 31.0 }, "geometry": { "type": "Point", "coordinates": [ 115.709, 34.12 ] } },
{ "type": "Feature", "properties": { "pt_id": "  6035", "trajectory_id": 6, "北京时间": "2026-05-08 08:00", "lon": 115.813, "lat": 34.471, "height": 32.0 }, "geometry": { "type": "Point", "coordinates": [ 115.813, 34.471 ] } },
{ "type": "Feature", "properties": { "pt_id": "  6036", "trajectory_id": 6, "北京时间": "2026-05-08 07:00", "lon": 115.919, "lat": 34.818, "height": 28.0 }, "geometry": { "type": "Point", "coordinates": [ 115.919, 34.818 ] } },
{ "type": "Feature", "properties": { "pt_id": "  6037", "trajectory_id": 6, "北京时间": "2026-05-08 06:00", "lon": 116.005, "lat": 35.156, "height": 19.0 }, "geometry": { "type": "Point", "coordinates": [ 116.005, 35.156 ] } },
{ "type": "Feature", "properties": { "pt_id": "  6038", "trajectory_id": 6, "北京时间": "2026-05-08 05:00", "lon": 116.08, "lat": 35.479, "height": 15.0 }, "geometry": { "type": "Point", "coordinates": [ 116.08, 35.479 ] } },
{ "type": "Feature", "properties": { "pt_id": "  6039", "trajectory_id": 6, "北京时间": "2026-05-08 04:00", "lon": 116.157, "lat": 35.792, "height": 17.0 }, "geometry": { "type": "Point", "coordinates": [ 116.157, 35.792 ] } },
{ "type": "Feature", "properties": { "pt_id": "  6040", "trajectory_id": 6, "北京时间": "2026-05-08 03:00", "lon": 116.266, "lat": 36.133, "height": 65.0 }, "geometry": { "type": "Point", "coordinates": [ 116.266, 36.133 ] } },
{ "type": "Feature", "properties": { "pt_id": "  6041", "trajectory_id": 6, "北京时间": "2026-05-08 02:00", "lon": 116.417, "lat": 36.482, "height": 51.0 }, "geometry": { "type": "Point", "coordinates": [ 116.417, 36.482 ] } },
{ "type": "Feature", "properties": { "pt_id": "  6042", "trajectory_id": 6, "北京时间": "2026-05-08 01:00", "lon": 116.56, "lat": 36.768, "height": 44.0 }, "geometry": { "type": "Point", "coordinates": [ 116.56, 36.768 ] } },
{ "type": "Feature", "properties": { "pt_id": "  6043", "trajectory_id": 6, "北京时间": "2026-05-08 00:00", "lon": 116.66, "lat": 37.033, "height": 44.0 }, "geometry": { "type": "Point", "coordinates": [ 116.66, 37.033 ] } },
{ "type": "Feature", "properties": { "pt_id": "  6044", "trajectory_id": 6, "北京时间": "2026-05-07 23:00", "lon": 116.729, "lat": 37.288, "height": 44.0 }, "geometry": { "type": "Point", "coordinates": [ 116.729, 37.288 ] } },
{ "type": "Feature", "properties": { "pt_id": "  6045", "trajectory_id": 6, "北京时间": "2026-05-07 22:00", "lon": 116.805, "lat": 37.521, "height": 44.0 }, "geometry": { "type": "Point", "coordinates": [ 116.805, 37.521 ] } },
{ "type": "Feature", "properties": { "pt_id": "  6046", "trajectory_id": 6, "北京时间": "2026-05-07 21:00", "lon": 116.902, "lat": 37.701, "height": 42.0 }, "geometry": { "type": "Point", "coordinates": [ 116.902, 37.701 ] } },
{ "type": "Feature", "properties": { "pt_id": "  6047", "trajectory_id": 6, "北京时间": "2026-05-07 20:00", "lon": 117.021, "lat": 37.814, "height": 39.0 }, "geometry": { "type": "Point", "coordinates": [ 117.021, 37.814 ] } },
{ "type": "Feature", "properties": { "pt_id": "  6048", "trajectory_id": 6, "北京时间": "2026-05-07 19:00", "lon": 117.16, "lat": 37.883, "height": 29.0 }, "geometry": { "type": "Point", "coordinates": [ 117.16, 37.883 ] } },
{ "type": "Feature", "properties": { "pt_id": "  6049", "trajectory_id": 6, "北京时间": "2026-05-07 18:00", "lon": 117.338, "lat": 37.948, "height": 19.0 }, "geometry": { "type": "Point", "coordinates": [ 117.338, 37.948 ] } },
{ "type": "Feature", "properties": { "pt_id": "  6050", "trajectory_id": 6, "北京时间": "2026-05-07 17:00", "lon": 117.582, "lat": 38.041, "height": 12.0 }, "geometry": { "type": "Point", "coordinates": [ 117.582, 38.041 ] } },
{ "type": "Feature", "properties": { "pt_id": "  6051", "trajectory_id": 6, "北京时间": "2026-05-07 16:00", "lon": 117.965, "lat": 38.167, "height": 6.0 }, "geometry": { "type": "Point", "coordinates": [ 117.965, 38.167 ] } },
{ "type": "Feature", "properties": { "pt_id": "  6052", "trajectory_id": 6, "北京时间": "2026-05-07 15:00", "lon": 118.427, "lat": 38.344, "height": 5.0 }, "geometry": { "type": "Point", "coordinates": [ 118.427, 38.344 ] } },
{ "type": "Feature", "properties": { "pt_id": "  6053", "trajectory_id": 6, "北京时间": "2026-05-07 14:00", "lon": 118.846, "lat": 38.567, "height": 6.0 }, "geometry": { "type": "Point", "coordinates": [ 118.846, 38.567 ] } },
{ "type": "Feature", "properties": { "pt_id": "  6054", "trajectory_id": 6, "北京时间": "2026-05-07 13:00", "lon": 119.209, "lat": 38.823, "height": 2.0 }, "geometry": { "type": "Point", "coordinates": [ 119.209, 38.823 ] } },
{ "type": "Feature", "properties": { "pt_id": "  6055", "trajectory_id": 6, "北京时间": "2026-05-07 12:00", "lon": 119.544, "lat": 39.107, "height": 0.0 }, "geometry": { "type": "Point", "coordinates": [ 119.544, 39.107 ] } },
{ "type": "Feature", "properties": { "pt_id": "  6056", "trajectory_id": 6, "北京时间": "2026-05-07 11:00", "lon": 119.829, "lat": 39.357, "height": 0.0 }, "geometry": { "type": "Point", "coordinates": [ 119.829, 39.357 ] } },
{ "type": "Feature", "properties": { "pt_id": "  6057", "trajectory_id": 6, "北京时间": "2026-05-07 10:00", "lon": 120.054, "lat": 39.531, "height": 0.0 }, "geometry": { "type": "Point", "coordinates": [ 120.054, 39.531 ] } },
{ "type": "Feature", "properties": { "pt_id": "  6058", "trajectory_id": 6, "北京时间": "2026-05-07 09:00", "lon": 120.233, "lat": 39.625, "height": 2.0 }, "geometry": { "type": "Point", "coordinates": [ 120.233, 39.625 ] } },
{ "type": "Feature", "properties": { "pt_id": "  6059", "trajectory_id": 6, "北京时间": "2026-05-07 08:00", "lon": 120.391, "lat": 39.649, "height": 8.0 }, "geometry": { "type": "Point", "coordinates": [ 120.391, 39.649 ] } },
{ "type": "Feature", "properties": { "pt_id": "  6060", "trajectory_id": 6, "北京时间": "2026-05-07 07:00", "lon": 120.535, "lat": 39.611, "height": 22.0 }, "geometry": { "type": "Point", "coordinates": [ 120.535, 39.611 ] } },
{ "type": "Feature", "properties": { "pt_id": "  6061", "trajectory_id": 6, "北京时间": "2026-05-07 06:00", "lon": 120.64, "lat": 39.52, "height": 32.0 }, "geometry": { "type": "Point", "coordinates": [ 120.64, 39.52 ] } },
{ "type": "Feature", "properties": { "pt_id": "  6062", "trajectory_id": 6, "北京时间": "2026-05-07 05:00", "lon": 120.716, "lat": 39.363, "height": 19.0 }, "geometry": { "type": "Point", "coordinates": [ 120.716, 39.363 ] } },
{ "type": "Feature", "properties": { "pt_id": "  6063", "trajectory_id": 6, "北京时间": "2026-05-07 04:00", "lon": 120.746, "lat": 39.158, "height": 7.0 }, "geometry": { "type": "Point", "coordinates": [ 120.746, 39.158 ] } },
{ "type": "Feature", "properties": { "pt_id": "  6064", "trajectory_id": 6, "北京时间": "2026-05-07 03:00", "lon": 120.703, "lat": 38.889, "height": 1.0 }, "geometry": { "type": "Point", "coordinates": [ 120.703, 38.889 ] } },
{ "type": "Feature", "properties": { "pt_id": "  6065", "trajectory_id": 6, "北京时间": "2026-05-07 02:00", "lon": 120.633, "lat": 38.592, "height": 0.0 }, "geometry": { "type": "Point", "coordinates": [ 120.633, 38.592 ] } },
{ "type": "Feature", "properties": { "pt_id": "  6066", "trajectory_id": 6, "北京时间": "2026-05-07 01:00", "lon": 120.584, "lat": 38.286, "height": 0.0 }, "geometry": { "type": "Point", "coordinates": [ 120.584, 38.286 ] } },
{ "type": "Feature", "properties": { "pt_id": "  6067", "trajectory_id": 6, "北京时间": "2026-05-07 00:00", "lon": 120.559, "lat": 37.988, "height": 6.0 }, "geometry": { "type": "Point", "coordinates": [ 120.559, 37.988 ] } },
{ "type": "Feature", "properties": { "pt_id": "  6068", "trajectory_id": 6, "北京时间": "2026-05-06 23:00", "lon": 120.556, "lat": 37.717, "height": 70.0 }, "geometry": { "type": "Point", "coordinates": [ 120.556, 37.717 ] } },
{ "type": "Feature", "properties": { "pt_id": "  7000", "trajectory_id": 7, "北京时间": "2026-05-08 23:00", "lon": 113.942, "lat": 30.907, "height": 10.0 }, "geometry": { "type": "Point", "coordinates": [ 113.942, 30.907 ] } },
{ "type": "Feature", "properties": { "pt_id": "  7025", "trajectory_id": 7, "北京时间": "2026-05-08 22:00", "lon": 114.048, "lat": 31.057, "height": 18.0 }, "geometry": { "type": "Point", "coordinates": [ 114.048, 31.057 ] } },
{ "type": "Feature", "properties": { "pt_id": "  7026", "trajectory_id": 7, "北京时间": "2026-05-08 21:00", "lon": 114.164, "lat": 31.24, "height": 50.0 }, "geometry": { "type": "Point", "coordinates": [ 114.164, 31.24 ] } },
{ "type": "Feature", "properties": { "pt_id": "  7027", "trajectory_id": 7, "北京时间": "2026-05-08 20:00", "lon": 114.276, "lat": 31.455, "height": 66.0 }, "geometry": { "type": "Point", "coordinates": [ 114.276, 31.455 ] } },
{ "type": "Feature", "properties": { "pt_id": "  7028", "trajectory_id": 7, "北京时间": "2026-05-08 19:00", "lon": 114.41, "lat": 31.711, "height": 81.0 }, "geometry": { "type": "Point", "coordinates": [ 114.41, 31.711 ] } },
{ "type": "Feature", "properties": { "pt_id": "  7029", "trajectory_id": 7, "北京时间": "2026-05-08 18:00", "lon": 114.538, "lat": 31.967, "height": 8.0 }, "geometry": { "type": "Point", "coordinates": [ 114.538, 31.967 ] } },
{ "type": "Feature", "properties": { "pt_id": "  7030", "trajectory_id": 7, "北京时间": "2026-05-08 17:00", "lon": 114.66, "lat": 32.193, "height": 0.0 }, "geometry": { "type": "Point", "coordinates": [ 114.66, 32.193 ] } },
{ "type": "Feature", "properties": { "pt_id": "  7031", "trajectory_id": 7, "北京时间": "2026-05-08 16:00", "lon": 114.802, "lat": 32.423, "height": 0.0 }, "geometry": { "type": "Point", "coordinates": [ 114.802, 32.423 ] } },
{ "type": "Feature", "properties": { "pt_id": "  7032", "trajectory_id": 7, "北京时间": "2026-05-08 15:00", "lon": 114.937, "lat": 32.671, "height": 0.0 }, "geometry": { "type": "Point", "coordinates": [ 114.937, 32.671 ] } },
{ "type": "Feature", "properties": { "pt_id": "  7033", "trajectory_id": 7, "北京时间": "2026-05-08 14:00", "lon": 115.074, "lat": 32.944, "height": 0.0 }, "geometry": { "type": "Point", "coordinates": [ 115.074, 32.944 ] } },
{ "type": "Feature", "properties": { "pt_id": "  7034", "trajectory_id": 7, "北京时间": "2026-05-08 13:00", "lon": 115.207, "lat": 33.241, "height": 0.0 }, "geometry": { "type": "Point", "coordinates": [ 115.207, 33.241 ] } },
{ "type": "Feature", "properties": { "pt_id": "  7035", "trajectory_id": 7, "北京时间": "2026-05-08 12:00", "lon": 115.337, "lat": 33.543, "height": 0.0 }, "geometry": { "type": "Point", "coordinates": [ 115.337, 33.543 ] } },
{ "type": "Feature", "properties": { "pt_id": "  7036", "trajectory_id": 7, "北京时间": "2026-05-08 11:00", "lon": 115.476, "lat": 33.854, "height": 0.0 }, "geometry": { "type": "Point", "coordinates": [ 115.476, 33.854 ] } },
{ "type": "Feature", "properties": { "pt_id": "  7037", "trajectory_id": 7, "北京时间": "2026-05-08 10:00", "lon": 115.609, "lat": 34.176, "height": 0.0 }, "geometry": { "type": "Point", "coordinates": [ 115.609, 34.176 ] } },
{ "type": "Feature", "properties": { "pt_id": "  7038", "trajectory_id": 7, "北京时间": "2026-05-08 09:00", "lon": 115.726, "lat": 34.496, "height": 0.0 }, "geometry": { "type": "Point", "coordinates": [ 115.726, 34.496 ] } },
{ "type": "Feature", "properties": { "pt_id": "  7039", "trajectory_id": 7, "北京时间": "2026-05-08 08:00", "lon": 115.835, "lat": 34.814, "height": 0.0 }, "geometry": { "type": "Point", "coordinates": [ 115.835, 34.814 ] } },
{ "type": "Feature", "properties": { "pt_id": "  7040", "trajectory_id": 7, "北京时间": "2026-05-08 07:00", "lon": 115.934, "lat": 35.125, "height": 0.0 }, "geometry": { "type": "Point", "coordinates": [ 115.934, 35.125 ] } },
{ "type": "Feature", "properties": { "pt_id": "  7041", "trajectory_id": 7, "北京时间": "2026-05-08 06:00", "lon": 116.017, "lat": 35.423, "height": 0.0 }, "geometry": { "type": "Point", "coordinates": [ 116.017, 35.423 ] } },
{ "type": "Feature", "properties": { "pt_id": "  7042", "trajectory_id": 7, "北京时间": "2026-05-08 05:00", "lon": 116.091, "lat": 35.715, "height": 0.0 }, "geometry": { "type": "Point", "coordinates": [ 116.091, 35.715 ] } },
{ "type": "Feature", "properties": { "pt_id": "  7043", "trajectory_id": 7, "北京时间": "2026-05-08 04:00", "lon": 116.173, "lat": 35.995, "height": 21.0 }, "geometry": { "type": "Point", "coordinates": [ 116.173, 35.995 ] } },
{ "type": "Feature", "properties": { "pt_id": "  7044", "trajectory_id": 7, "北京时间": "2026-05-08 03:00", "lon": 116.291, "lat": 36.227, "height": 20.0 }, "geometry": { "type": "Point", "coordinates": [ 116.291, 36.227 ] } },
{ "type": "Feature", "properties": { "pt_id": "  7045", "trajectory_id": 7, "北京时间": "2026-05-08 02:00", "lon": 116.367, "lat": 36.366, "height": 0.0 }, "geometry": { "type": "Point", "coordinates": [ 116.367, 36.366 ] } },
{ "type": "Feature", "properties": { "pt_id": "  7046", "trajectory_id": 7, "北京时间": "2026-05-08 01:00", "lon": 116.403, "lat": 36.522, "height": 0.0 }, "geometry": { "type": "Point", "coordinates": [ 116.403, 36.522 ] } },
{ "type": "Feature", "properties": { "pt_id": "  7047", "trajectory_id": 7, "北京时间": "2026-05-08 00:00", "lon": 116.463, "lat": 36.671, "height": 0.0 }, "geometry": { "type": "Point", "coordinates": [ 116.463, 36.671 ] } },
{ "type": "Feature", "properties": { "pt_id": "  7048", "trajectory_id": 7, "北京时间": "2026-05-07 23:00", "lon": 116.548, "lat": 36.8, "height": 0.0 }, "geometry": { "type": "Point", "coordinates": [ 116.548, 36.8 ] } },
{ "type": "Feature", "properties": { "pt_id": "  7049", "trajectory_id": 7, "北京时间": "2026-05-07 22:00", "lon": 116.652, "lat": 36.909, "height": 1.0 }, "geometry": { "type": "Point", "coordinates": [ 116.652, 36.909 ] } },
{ "type": "Feature", "properties": { "pt_id": "  7050", "trajectory_id": 7, "北京时间": "2026-05-07 21:00", "lon": 116.766, "lat": 37.039, "height": 4.0 }, "geometry": { "type": "Point", "coordinates": [ 116.766, 37.039 ] } },
{ "type": "Feature", "properties": { "pt_id": "  7051", "trajectory_id": 7, "北京时间": "2026-05-07 20:00", "lon": 116.917, "lat": 37.211, "height": 6.0 }, "geometry": { "type": "Point", "coordinates": [ 116.917, 37.211 ] } },
{ "type": "Feature", "properties": { "pt_id": "  7052", "trajectory_id": 7, "北京时间": "2026-05-07 19:00", "lon": 117.064, "lat": 37.378, "height": 6.0 }, "geometry": { "type": "Point", "coordinates": [ 117.064, 37.378 ] } },
{ "type": "Feature", "properties": { "pt_id": "  7053", "trajectory_id": 7, "北京时间": "2026-05-07 18:00", "lon": 117.103, "lat": 37.482, "height": 8.0 }, "geometry": { "type": "Point", "coordinates": [ 117.103, 37.482 ] } },
{ "type": "Feature", "properties": { "pt_id": "  7054", "trajectory_id": 7, "北京时间": "2026-05-07 17:00", "lon": 117.021, "lat": 37.546, "height": 8.0 }, "geometry": { "type": "Point", "coordinates": [ 117.021, 37.546 ] } },
{ "type": "Feature", "properties": { "pt_id": "  7055", "trajectory_id": 7, "北京时间": "2026-05-07 16:00", "lon": 116.881, "lat": 37.595, "height": 6.0 }, "geometry": { "type": "Point", "coordinates": [ 116.881, 37.595 ] } },
{ "type": "Feature", "properties": { "pt_id": "  7056", "trajectory_id": 7, "北京时间": "2026-05-07 15:00", "lon": 116.725, "lat": 37.602, "height": 5.0 }, "geometry": { "type": "Point", "coordinates": [ 116.725, 37.602 ] } },
{ "type": "Feature", "properties": { "pt_id": "  7057", "trajectory_id": 7, "北京时间": "2026-05-07 14:00", "lon": 116.526, "lat": 37.525, "height": 4.0 }, "geometry": { "type": "Point", "coordinates": [ 116.526, 37.525 ] } },
{ "type": "Feature", "properties": { "pt_id": "  7058", "trajectory_id": 7, "北京时间": "2026-05-07 13:00", "lon": 116.318, "lat": 37.37, "height": 4.0 }, "geometry": { "type": "Point", "coordinates": [ 116.318, 37.37 ] } },
{ "type": "Feature", "properties": { "pt_id": "  7059", "trajectory_id": 7, "北京时间": "2026-05-07 12:00", "lon": 116.136, "lat": 37.15, "height": 8.0 }, "geometry": { "type": "Point", "coordinates": [ 116.136, 37.15 ] } },
{ "type": "Feature", "properties": { "pt_id": "  7060", "trajectory_id": 7, "北京时间": "2026-05-07 11:00", "lon": 115.966, "lat": 36.869, "height": 14.0 }, "geometry": { "type": "Point", "coordinates": [ 115.966, 36.869 ] } },
{ "type": "Feature", "properties": { "pt_id": "  7061", "trajectory_id": 7, "北京时间": "2026-05-07 10:00", "lon": 115.819, "lat": 36.556, "height": 17.0 }, "geometry": { "type": "Point", "coordinates": [ 115.819, 36.556 ] } },
{ "type": "Feature", "properties": { "pt_id": "  7062", "trajectory_id": 7, "北京时间": "2026-05-07 09:00", "lon": 115.718, "lat": 36.244, "height": 20.0 }, "geometry": { "type": "Point", "coordinates": [ 115.718, 36.244 ] } },
{ "type": "Feature", "properties": { "pt_id": "  7063", "trajectory_id": 7, "北京时间": "2026-05-07 08:00", "lon": 115.653, "lat": 35.936, "height": 20.0 }, "geometry": { "type": "Point", "coordinates": [ 115.653, 35.936 ] } },
{ "type": "Feature", "properties": { "pt_id": "  7064", "trajectory_id": 7, "北京时间": "2026-05-07 07:00", "lon": 115.604, "lat": 35.641, "height": 20.0 }, "geometry": { "type": "Point", "coordinates": [ 115.604, 35.641 ] } },
{ "type": "Feature", "properties": { "pt_id": "  7065", "trajectory_id": 7, "北京时间": "2026-05-07 06:00", "lon": 115.576, "lat": 35.379, "height": 20.0 }, "geometry": { "type": "Point", "coordinates": [ 115.576, 35.379 ] } },
{ "type": "Feature", "properties": { "pt_id": "  7066", "trajectory_id": 7, "北京时间": "2026-05-07 05:00", "lon": 115.577, "lat": 35.156, "height": 20.0 }, "geometry": { "type": "Point", "coordinates": [ 115.577, 35.156 ] } },
{ "type": "Feature", "properties": { "pt_id": "  7067", "trajectory_id": 7, "北京时间": "2026-05-07 04:00", "lon": 115.574, "lat": 34.943, "height": 21.0 }, "geometry": { "type": "Point", "coordinates": [ 115.574, 34.943 ] } },
{ "type": "Feature", "properties": { "pt_id": "  7068", "trajectory_id": 7, "北京时间": "2026-05-07 03:00", "lon": 115.553, "lat": 34.73, "height": 24.0 }, "geometry": { "type": "Point", "coordinates": [ 115.553, 34.73 ] } },
{ "type": "Feature", "properties": { "pt_id": "  7069", "trajectory_id": 7, "北京时间": "2026-05-07 02:00", "lon": 115.529, "lat": 34.522, "height": 21.0 }, "geometry": { "type": "Point", "coordinates": [ 115.529, 34.522 ] } },
{ "type": "Feature", "properties": { "pt_id": "  7070", "trajectory_id": 7, "北京时间": "2026-05-07 01:00", "lon": 115.521, "lat": 34.341, "height": 12.0 }, "geometry": { "type": "Point", "coordinates": [ 115.521, 34.341 ] } },
{ "type": "Feature", "properties": { "pt_id": "  7071", "trajectory_id": 7, "北京时间": "2026-05-07 00:00", "lon": 115.53, "lat": 34.174, "height": 9.0 }, "geometry": { "type": "Point", "coordinates": [ 115.53, 34.174 ] } },
{ "type": "Feature", "properties": { "pt_id": "  7072", "trajectory_id": 7, "北京时间": "2026-05-06 23:00", "lon": 115.546, "lat": 34.006, "height": 9.0 }, "geometry": { "type": "Point", "coordinates": [ 115.546, 34.006 ] } },
{ "type": "Feature", "properties": { "pt_id": "  8000", "trajectory_id": 8, "北京时间": "2026-05-08 23:00", "lon": 113.942, "lat": 30.907, "height": 10.0 }, "geometry": { "type": "Point", "coordinates": [ 113.942, 30.907 ] } },
{ "type": "Feature", "properties": { "pt_id": "  8029", "trajectory_id": 8, "北京时间": "2026-05-08 22:00", "lon": 114.004, "lat": 31.053, "height": 21.0 }, "geometry": { "type": "Point", "coordinates": [ 114.004, 31.053 ] } },
{ "type": "Feature", "properties": { "pt_id": "  8030", "trajectory_id": 8, "北京时间": "2026-05-08 21:00", "lon": 114.067, "lat": 31.186, "height": 49.0 }, "geometry": { "type": "Point", "coordinates": [ 114.067, 31.186 ] } },
{ "type": "Feature", "properties": { "pt_id": "  8031", "trajectory_id": 8, "北京时间": "2026-05-08 20:00", "lon": 114.145, "lat": 31.339, "height": 98.0 }, "geometry": { "type": "Point", "coordinates": [ 114.145, 31.339 ] } },
{ "type": "Feature", "properties": { "pt_id": "  8032", "trajectory_id": 8, "北京时间": "2026-05-08 19:00", "lon": 114.25, "lat": 31.534, "height": 131.0 }, "geometry": { "type": "Point", "coordinates": [ 114.25, 31.534 ] } },
{ "type": "Feature", "properties": { "pt_id": "  8033", "trajectory_id": 8, "北京时间": "2026-05-08 18:00", "lon": 114.391, "lat": 31.732, "height": 139.0 }, "geometry": { "type": "Point", "coordinates": [ 114.391, 31.732 ] } },
{ "type": "Feature", "properties": { "pt_id": "  8034", "trajectory_id": 8, "北京时间": "2026-05-08 17:00", "lon": 114.544, "lat": 31.925, "height": 80.0 }, "geometry": { "type": "Point", "coordinates": [ 114.544, 31.925 ] } },
{ "type": "Feature", "properties": { "pt_id": "  8035", "trajectory_id": 8, "北京时间": "2026-05-08 16:00", "lon": 114.669, "lat": 32.133, "height": 32.0 }, "geometry": { "type": "Point", "coordinates": [ 114.669, 32.133 ] } },
{ "type": "Feature", "properties": { "pt_id": "  8036", "trajectory_id": 8, "北京时间": "2026-05-08 15:00", "lon": 114.745, "lat": 32.317, "height": 11.0 }, "geometry": { "type": "Point", "coordinates": [ 114.745, 32.317 ] } },
{ "type": "Feature", "properties": { "pt_id": "  8037", "trajectory_id": 8, "北京时间": "2026-05-08 14:00", "lon": 114.812, "lat": 32.536, "height": 0.0 }, "geometry": { "type": "Point", "coordinates": [ 114.812, 32.536 ] } },
{ "type": "Feature", "properties": { "pt_id": "  8038", "trajectory_id": 8, "北京时间": "2026-05-08 13:00", "lon": 114.877, "lat": 32.806, "height": 0.0 }, "geometry": { "type": "Point", "coordinates": [ 114.877, 32.806 ] } },
{ "type": "Feature", "properties": { "pt_id": "  8039", "trajectory_id": 8, "北京时间": "2026-05-08 12:00", "lon": 114.927, "lat": 33.078, "height": 0.0 }, "geometry": { "type": "Point", "coordinates": [ 114.927, 33.078 ] } },
{ "type": "Feature", "properties": { "pt_id": "  8040", "trajectory_id": 8, "北京时间": "2026-05-08 11:00", "lon": 114.976, "lat": 33.328, "height": 0.0 }, "geometry": { "type": "Point", "coordinates": [ 114.976, 33.328 ] } },
{ "type": "Feature", "properties": { "pt_id": "  8041", "trajectory_id": 8, "北京时间": "2026-05-08 10:00", "lon": 115.038, "lat": 33.596, "height": 0.0 }, "geometry": { "type": "Point", "coordinates": [ 115.038, 33.596 ] } },
{ "type": "Feature", "properties": { "pt_id": "  8042", "trajectory_id": 8, "北京时间": "2026-05-08 09:00", "lon": 115.101, "lat": 33.866, "height": 0.0 }, "geometry": { "type": "Point", "coordinates": [ 115.101, 33.866 ] } },
{ "type": "Feature", "properties": { "pt_id": "  8043", "trajectory_id": 8, "北京时间": "2026-05-08 08:00", "lon": 115.142, "lat": 34.111, "height": 0.0 }, "geometry": { "type": "Point", "coordinates": [ 115.142, 34.111 ] } },
{ "type": "Feature", "properties": { "pt_id": "  8044", "trajectory_id": 8, "北京时间": "2026-05-08 07:00", "lon": 115.176, "lat": 34.334, "height": 0.0 }, "geometry": { "type": "Point", "coordinates": [ 115.176, 34.334 ] } },
{ "type": "Feature", "properties": { "pt_id": "  8045", "trajectory_id": 8, "北京时间": "2026-05-08 06:00", "lon": 115.185, "lat": 34.549, "height": 0.0 }, "geometry": { "type": "Point", "coordinates": [ 115.185, 34.549 ] } },
{ "type": "Feature", "properties": { "pt_id": "  8046", "trajectory_id": 8, "北京时间": "2026-05-08 05:00", "lon": 115.182, "lat": 34.744, "height": 0.0 }, "geometry": { "type": "Point", "coordinates": [ 115.182, 34.744 ] } },
{ "type": "Feature", "properties": { "pt_id": "  8047", "trajectory_id": 8, "北京时间": "2026-05-08 04:00", "lon": 115.194, "lat": 34.93, "height": 0.0 }, "geometry": { "type": "Point", "coordinates": [ 115.194, 34.93 ] } },
{ "type": "Feature", "properties": { "pt_id": "  8048", "trajectory_id": 8, "北京时间": "2026-05-08 03:00", "lon": 115.243, "lat": 35.12, "height": 0.0 }, "geometry": { "type": "Point", "coordinates": [ 115.243, 35.12 ] } },
{ "type": "Feature", "properties": { "pt_id": "  8049", "trajectory_id": 8, "北京时间": "2026-05-08 02:00", "lon": 115.266, "lat": 35.268, "height": 0.0 }, "geometry": { "type": "Point", "coordinates": [ 115.266, 35.268 ] } },
{ "type": "Feature", "properties": { "pt_id": "  8050", "trajectory_id": 8, "北京时间": "2026-05-08 01:00", "lon": 115.205, "lat": 35.376, "height": 0.0 }, "geometry": { "type": "Point", "coordinates": [ 115.205, 35.376 ] } },
{ "type": "Feature", "properties": { "pt_id": "  8051", "trajectory_id": 8, "北京时间": "2026-05-08 00:00", "lon": 115.109, "lat": 35.567, "height": 0.0 }, "geometry": { "type": "Point", "coordinates": [ 115.109, 35.567 ] } },
{ "type": "Feature", "properties": { "pt_id": "  8052", "trajectory_id": 8, "北京时间": "2026-05-07 23:00", "lon": 114.985, "lat": 35.767, "height": 10.0 }, "geometry": { "type": "Point", "coordinates": [ 114.985, 35.767 ] } },
{ "type": "Feature", "properties": { "pt_id": "  8053", "trajectory_id": 8, "北京时间": "2026-05-07 22:00", "lon": 114.845, "lat": 35.815, "height": 21.0 }, "geometry": { "type": "Point", "coordinates": [ 114.845, 35.815 ] } },
{ "type": "Feature", "properties": { "pt_id": "  8054", "trajectory_id": 8, "北京时间": "2026-05-07 21:00", "lon": 114.706, "lat": 35.72, "height": 21.0 }, "geometry": { "type": "Point", "coordinates": [ 114.706, 35.72 ] } },
{ "type": "Feature", "properties": { "pt_id": "  8055", "trajectory_id": 8, "北京时间": "2026-05-07 20:00", "lon": 114.545, "lat": 35.524, "height": 21.0 }, "geometry": { "type": "Point", "coordinates": [ 114.545, 35.524 ] } },
{ "type": "Feature", "properties": { "pt_id": "  8056", "trajectory_id": 8, "北京时间": "2026-05-07 19:00", "lon": 114.365, "lat": 35.301, "height": 20.0 }, "geometry": { "type": "Point", "coordinates": [ 114.365, 35.301 ] } },
{ "type": "Feature", "properties": { "pt_id": "  8057", "trajectory_id": 8, "北京时间": "2026-05-07 18:00", "lon": 114.169, "lat": 35.06, "height": 28.0 }, "geometry": { "type": "Point", "coordinates": [ 114.169, 35.06 ] } },
{ "type": "Feature", "properties": { "pt_id": "  8058", "trajectory_id": 8, "北京时间": "2026-05-07 17:00", "lon": 113.963, "lat": 34.794, "height": 46.0 }, "geometry": { "type": "Point", "coordinates": [ 113.963, 34.794 ] } },
{ "type": "Feature", "properties": { "pt_id": "  8059", "trajectory_id": 8, "北京时间": "2026-05-07 16:00", "lon": 113.761, "lat": 34.497, "height": 77.0 }, "geometry": { "type": "Point", "coordinates": [ 113.761, 34.497 ] } },
{ "type": "Feature", "properties": { "pt_id": "  8060", "trajectory_id": 8, "北京时间": "2026-05-07 15:00", "lon": 113.575, "lat": 34.169, "height": 46.0 }, "geometry": { "type": "Point", "coordinates": [ 113.575, 34.169 ] } },
{ "type": "Feature", "properties": { "pt_id": "  8061", "trajectory_id": 8, "北京时间": "2026-05-07 14:00", "lon": 113.425, "lat": 33.892, "height": 5.0 }, "geometry": { "type": "Point", "coordinates": [ 113.425, 33.892 ] } },
{ "type": "Feature", "properties": { "pt_id": "  8062", "trajectory_id": 8, "北京时间": "2026-05-07 13:00", "lon": 113.292, "lat": 33.649, "height": 3.0 }, "geometry": { "type": "Point", "coordinates": [ 113.292, 33.649 ] } },
{ "type": "Feature", "properties": { "pt_id": "  8063", "trajectory_id": 8, "北京时间": "2026-05-07 12:00", "lon": 113.119, "lat": 33.393, "height": 86.0 }, "geometry": { "type": "Point", "coordinates": [ 113.119, 33.393 ] } },
{ "type": "Feature", "properties": { "pt_id": "  8064", "trajectory_id": 8, "北京时间": "2026-05-07 11:00", "lon": 112.958, "lat": 33.154, "height": 79.0 }, "geometry": { "type": "Point", "coordinates": [ 112.958, 33.154 ] } },
{ "type": "Feature", "properties": { "pt_id": "  8065", "trajectory_id": 8, "北京时间": "2026-05-07 10:00", "lon": 112.874, "lat": 32.969, "height": 34.0 }, "geometry": { "type": "Point", "coordinates": [ 112.874, 32.969 ] } },
{ "type": "Feature", "properties": { "pt_id": "  8066", "trajectory_id": 8, "北京时间": "2026-05-07 09:00", "lon": 112.834, "lat": 32.777, "height": 16.0 }, "geometry": { "type": "Point", "coordinates": [ 112.834, 32.777 ] } },
{ "type": "Feature", "properties": { "pt_id": "  8067", "trajectory_id": 8, "北京时间": "2026-05-07 08:00", "lon": 112.834, "lat": 32.515, "height": 56.0 }, "geometry": { "type": "Point", "coordinates": [ 112.834, 32.515 ] } },
{ "type": "Feature", "properties": { "pt_id": "  8068", "trajectory_id": 8, "北京时间": "2026-05-07 07:00", "lon": 112.895, "lat": 32.182, "height": 134.0 }, "geometry": { "type": "Point", "coordinates": [ 112.895, 32.182 ] } },
{ "type": "Feature", "properties": { "pt_id": "  8069", "trajectory_id": 8, "北京时间": "2026-05-07 06:00", "lon": 112.946, "lat": 31.911, "height": 87.0 }, "geometry": { "type": "Point", "coordinates": [ 112.946, 31.911 ] } },
{ "type": "Feature", "properties": { "pt_id": "  8070", "trajectory_id": 8, "北京时间": "2026-05-07 05:00", "lon": 112.943, "lat": 31.618, "height": 118.0 }, "geometry": { "type": "Point", "coordinates": [ 112.943, 31.618 ] } },
{ "type": "Feature", "properties": { "pt_id": "  8071", "trajectory_id": 8, "北京时间": "2026-05-07 04:00", "lon": 112.939, "lat": 31.235, "height": 185.0 }, "geometry": { "type": "Point", "coordinates": [ 112.939, 31.235 ] } },
{ "type": "Feature", "properties": { "pt_id": "  8072", "trajectory_id": 8, "北京时间": "2026-05-07 03:00", "lon": 112.979, "lat": 30.885, "height": 110.0 }, "geometry": { "type": "Point", "coordinates": [ 112.979, 30.885 ] } },
{ "type": "Feature", "properties": { "pt_id": "  8073", "trajectory_id": 8, "北京时间": "2026-05-07 02:00", "lon": 113.027, "lat": 30.629, "height": 50.0 }, "geometry": { "type": "Point", "coordinates": [ 113.027, 30.629 ] } },
{ "type": "Feature", "properties": { "pt_id": "  8074", "trajectory_id": 8, "北京时间": "2026-05-07 01:00", "lon": 113.062, "lat": 30.395, "height": 49.0 }, "geometry": { "type": "Point", "coordinates": [ 113.062, 30.395 ] } },
{ "type": "Feature", "properties": { "pt_id": "  8075", "trajectory_id": 8, "北京时间": "2026-05-07 00:00", "lon": 113.09, "lat": 30.16, "height": 52.0 }, "geometry": { "type": "Point", "coordinates": [ 113.09, 30.16 ] } },
{ "type": "Feature", "properties": { "pt_id": "  8076", "trajectory_id": 8, "北京时间": "2026-05-06 23:00", "lon": 113.097, "lat": 29.933, "height": 53.0 }, "geometry": { "type": "Point", "coordinates": [ 113.097, 29.933 ] } },
{ "type": "Feature", "properties": { "pt_id": "  9000", "trajectory_id": 9, "北京时间": "2026-05-08 23:00", "lon": 113.942, "lat": 30.907, "height": 10.0 }, "geometry": { "type": "Point", "coordinates": [ 113.942, 30.907 ] } },
{ "type": "Feature", "properties": { "pt_id": "  9033", "trajectory_id": 9, "北京时间": "2026-05-08 22:00", "lon": 113.973, "lat": 31.08, "height": 13.0 }, "geometry": { "type": "Point", "coordinates": [ 113.973, 31.08 ] } },
{ "type": "Feature", "properties": { "pt_id": "  9034", "trajectory_id": 9, "北京时间": "2026-05-08 21:00", "lon": 114.02, "lat": 31.287, "height": 52.0 }, "geometry": { "type": "Point", "coordinates": [ 114.02, 31.287 ] } },
{ "type": "Feature", "properties": { "pt_id": "  9035", "trajectory_id": 9, "北京时间": "2026-05-08 20:00", "lon": 114.114, "lat": 31.526, "height": 125.0 }, "geometry": { "type": "Point", "coordinates": [ 114.114, 31.526 ] } },
{ "type": "Feature", "properties": { "pt_id": "  9036", "trajectory_id": 9, "北京时间": "2026-05-08 19:00", "lon": 114.213, "lat": 31.814, "height": 258.0 }, "geometry": { "type": "Point", "coordinates": [ 114.213, 31.814 ] } },
{ "type": "Feature", "properties": { "pt_id": "  9037", "trajectory_id": 9, "北京时间": "2026-05-08 18:00", "lon": 114.283, "lat": 32.1, "height": 170.0 }, "geometry": { "type": "Point", "coordinates": [ 114.283, 32.1 ] } },
{ "type": "Feature", "properties": { "pt_id": "  9038", "trajectory_id": 9, "北京时间": "2026-05-08 17:00", "lon": 114.326, "lat": 32.375, "height": 98.0 }, "geometry": { "type": "Point", "coordinates": [ 114.326, 32.375 ] } },
{ "type": "Feature", "properties": { "pt_id": "  9039", "trajectory_id": 9, "北京时间": "2026-05-08 16:00", "lon": 114.338, "lat": 32.686, "height": 73.0 }, "geometry": { "type": "Point", "coordinates": [ 114.338, 32.686 ] } },
{ "type": "Feature", "properties": { "pt_id": "  9040", "trajectory_id": 9, "北京时间": "2026-05-08 15:00", "lon": 114.358, "lat": 32.982, "height": 44.0 }, "geometry": { "type": "Point", "coordinates": [ 114.358, 32.982 ] } },
{ "type": "Feature", "properties": { "pt_id": "  9041", "trajectory_id": 9, "北京时间": "2026-05-08 14:00", "lon": 114.377, "lat": 33.239, "height": 35.0 }, "geometry": { "type": "Point", "coordinates": [ 114.377, 33.239 ] } },
{ "type": "Feature", "properties": { "pt_id": "  9042", "trajectory_id": 9, "北京时间": "2026-05-08 13:00", "lon": 114.387, "lat": 33.473, "height": 32.0 }, "geometry": { "type": "Point", "coordinates": [ 114.387, 33.473 ] } },
{ "type": "Feature", "properties": { "pt_id": "  9043", "trajectory_id": 9, "北京时间": "2026-05-08 12:00", "lon": 114.412, "lat": 33.72, "height": 32.0 }, "geometry": { "type": "Point", "coordinates": [ 114.412, 33.72 ] } },
{ "type": "Feature", "properties": { "pt_id": "  9044", "trajectory_id": 9, "北京时间": "2026-05-08 11:00", "lon": 114.444, "lat": 33.981, "height": 33.0 }, "geometry": { "type": "Point", "coordinates": [ 114.444, 33.981 ] } },
{ "type": "Feature", "properties": { "pt_id": "  9045", "trajectory_id": 9, "北京时间": "2026-05-08 10:00", "lon": 114.456, "lat": 34.212, "height": 33.0 }, "geometry": { "type": "Point", "coordinates": [ 114.456, 34.212 ] } },
{ "type": "Feature", "properties": { "pt_id": "  9046", "trajectory_id": 9, "北京时间": "2026-05-08 09:00", "lon": 114.455, "lat": 34.418, "height": 33.0 }, "geometry": { "type": "Point", "coordinates": [ 114.455, 34.418 ] } },
{ "type": "Feature", "properties": { "pt_id": "  9047", "trajectory_id": 9, "北京时间": "2026-05-08 08:00", "lon": 114.447, "lat": 34.64, "height": 35.0 }, "geometry": { "type": "Point", "coordinates": [ 114.447, 34.64 ] } },
{ "type": "Feature", "properties": { "pt_id": "  9048", "trajectory_id": 9, "北京时间": "2026-05-08 07:00", "lon": 114.414, "lat": 34.868, "height": 36.0 }, "geometry": { "type": "Point", "coordinates": [ 114.414, 34.868 ] } },
{ "type": "Feature", "properties": { "pt_id": "  9049", "trajectory_id": 9, "北京时间": "2026-05-08 06:00", "lon": 114.382, "lat": 35.118, "height": 30.0 }, "geometry": { "type": "Point", "coordinates": [ 114.382, 35.118 ] } },
{ "type": "Feature", "properties": { "pt_id": "  9050", "trajectory_id": 9, "北京时间": "2026-05-08 05:00", "lon": 114.35, "lat": 35.456, "height": 49.0 }, "geometry": { "type": "Point", "coordinates": [ 114.35, 35.456 ] } },
{ "type": "Feature", "properties": { "pt_id": "  9051", "trajectory_id": 9, "北京时间": "2026-05-08 04:00", "lon": 114.267, "lat": 35.877, "height": 191.0 }, "geometry": { "type": "Point", "coordinates": [ 114.267, 35.877 ] } },
{ "type": "Feature", "properties": { "pt_id": "  9052", "trajectory_id": 9, "北京时间": "2026-05-08 03:00", "lon": 114.276, "lat": 36.322, "height": 391.0 }, "geometry": { "type": "Point", "coordinates": [ 114.276, 36.322 ] } },
{ "type": "Feature", "properties": { "pt_id": "  9053", "trajectory_id": 9, "北京时间": "2026-05-08 02:00", "lon": 114.404, "lat": 36.757, "height": 668.0 }, "geometry": { "type": "Point", "coordinates": [ 114.404, 36.757 ] } },
{ "type": "Feature", "properties": { "pt_id": "  9054", "trajectory_id": 9, "北京时间": "2026-05-08 01:00", "lon": 114.587, "lat": 37.163, "height": 736.0 }, "geometry": { "type": "Point", "coordinates": [ 114.587, 37.163 ] } },
{ "type": "Feature", "properties": { "pt_id": "  9055", "trajectory_id": 9, "北京时间": "2026-05-08 00:00", "lon": 114.774, "lat": 37.505, "height": 879.0 }, "geometry": { "type": "Point", "coordinates": [ 114.774, 37.505 ] } },
{ "type": "Feature", "properties": { "pt_id": "  9056", "trajectory_id": 9, "北京时间": "2026-05-07 23:00", "lon": 114.905, "lat": 37.775, "height": 1032.0 }, "geometry": { "type": "Point", "coordinates": [ 114.905, 37.775 ] } },
{ "type": "Feature", "properties": { "pt_id": "  9057", "trajectory_id": 9, "北京时间": "2026-05-07 22:00", "lon": 115.015, "lat": 38.02, "height": 1218.0 }, "geometry": { "type": "Point", "coordinates": [ 115.015, 38.02 ] } },
{ "type": "Feature", "properties": { "pt_id": "  9058", "trajectory_id": 9, "北京时间": "2026-05-07 21:00", "lon": 115.102, "lat": 38.234, "height": 1418.0 }, "geometry": { "type": "Point", "coordinates": [ 115.102, 38.234 ] } },
{ "type": "Feature", "properties": { "pt_id": "  9059", "trajectory_id": 9, "北京时间": "2026-05-07 20:00", "lon": 115.122, "lat": 38.413, "height": 1526.0 }, "geometry": { "type": "Point", "coordinates": [ 115.122, 38.413 ] } },
{ "type": "Feature", "properties": { "pt_id": "  9060", "trajectory_id": 9, "北京时间": "2026-05-07 19:00", "lon": 115.073, "lat": 38.555, "height": 1680.0 }, "geometry": { "type": "Point", "coordinates": [ 115.073, 38.555 ] } },
{ "type": "Feature", "properties": { "pt_id": "  9061", "trajectory_id": 9, "北京时间": "2026-05-07 18:00", "lon": 114.952, "lat": 38.683, "height": 1856.0 }, "geometry": { "type": "Point", "coordinates": [ 114.952, 38.683 ] } },
{ "type": "Feature", "properties": { "pt_id": "  9062", "trajectory_id": 9, "北京时间": "2026-05-07 17:00", "lon": 114.747, "lat": 38.789, "height": 1924.0 }, "geometry": { "type": "Point", "coordinates": [ 114.747, 38.789 ] } },
{ "type": "Feature", "properties": { "pt_id": "  9063", "trajectory_id": 9, "北京时间": "2026-05-07 16:00", "lon": 114.491, "lat": 38.867, "height": 1914.0 }, "geometry": { "type": "Point", "coordinates": [ 114.491, 38.867 ] } },
{ "type": "Feature", "properties": { "pt_id": "  9064", "trajectory_id": 9, "北京时间": "2026-05-07 15:00", "lon": 114.215, "lat": 38.914, "height": 1714.0 }, "geometry": { "type": "Point", "coordinates": [ 114.215, 38.914 ] } },
{ "type": "Feature", "properties": { "pt_id": "  9065", "trajectory_id": 9, "北京时间": "2026-05-07 14:00", "lon": 113.857, "lat": 38.921, "height": 1641.0 }, "geometry": { "type": "Point", "coordinates": [ 113.857, 38.921 ] } },
{ "type": "Feature", "properties": { "pt_id": "  9066", "trajectory_id": 9, "北京时间": "2026-05-07 13:00", "lon": 113.292, "lat": 38.921, "height": 1544.0 }, "geometry": { "type": "Point", "coordinates": [ 113.292, 38.921 ] } },
{ "type": "Feature", "properties": { "pt_id": "  9067", "trajectory_id": 9, "北京时间": "2026-05-07 12:00", "lon": 112.864, "lat": 38.883, "height": 1186.0 }, "geometry": { "type": "Point", "coordinates": [ 112.864, 38.883 ] } },
{ "type": "Feature", "properties": { "pt_id": "  9068", "trajectory_id": 9, "北京时间": "2026-05-07 11:00", "lon": 112.467, "lat": 38.809, "height": 1022.0 }, "geometry": { "type": "Point", "coordinates": [ 112.467, 38.809 ] } },
{ "type": "Feature", "properties": { "pt_id": "  9069", "trajectory_id": 9, "北京时间": "2026-05-07 10:00", "lon": 111.909, "lat": 38.736, "height": 1311.0 }, "geometry": { "type": "Point", "coordinates": [ 111.909, 38.736 ] } },
{ "type": "Feature", "properties": { "pt_id": "  9070", "trajectory_id": 9, "北京时间": "2026-05-07 09:00", "lon": 111.366, "lat": 38.617, "height": 1325.0 }, "geometry": { "type": "Point", "coordinates": [ 111.366, 38.617 ] } },
{ "type": "Feature", "properties": { "pt_id": "  9071", "trajectory_id": 9, "北京时间": "2026-05-07 08:00", "lon": 110.847, "lat": 38.283, "height": 976.0 }, "geometry": { "type": "Point", "coordinates": [ 110.847, 38.283 ] } },
{ "type": "Feature", "properties": { "pt_id": "  9072", "trajectory_id": 9, "北京时间": "2026-05-07 07:00", "lon": 110.456, "lat": 37.832, "height": 761.0 }, "geometry": { "type": "Point", "coordinates": [ 110.456, 37.832 ] } },
{ "type": "Feature", "properties": { "pt_id": "  9073", "trajectory_id": 9, "北京时间": "2026-05-07 06:00", "lon": 110.164, "lat": 37.362, "height": 772.0 }, "geometry": { "type": "Point", "coordinates": [ 110.164, 37.362 ] } },
{ "type": "Feature", "properties": { "pt_id": "  9074", "trajectory_id": 9, "北京时间": "2026-05-07 05:00", "lon": 109.971, "lat": 36.974, "height": 865.0 }, "geometry": { "type": "Point", "coordinates": [ 109.971, 36.974 ] } },
{ "type": "Feature", "properties": { "pt_id": "  9075", "trajectory_id": 9, "北京时间": "2026-05-07 04:00", "lon": 109.887, "lat": 36.669, "height": 851.0 }, "geometry": { "type": "Point", "coordinates": [ 109.887, 36.669 ] } },
{ "type": "Feature", "properties": { "pt_id": "  9076", "trajectory_id": 9, "北京时间": "2026-05-07 03:00", "lon": 109.832, "lat": 36.395, "height": 830.0 }, "geometry": { "type": "Point", "coordinates": [ 109.832, 36.395 ] } },
{ "type": "Feature", "properties": { "pt_id": "  9077", "trajectory_id": 9, "北京时间": "2026-05-07 02:00", "lon": 109.716, "lat": 36.102, "height": 834.0 }, "geometry": { "type": "Point", "coordinates": [ 109.716, 36.102 ] } },
{ "type": "Feature", "properties": { "pt_id": "  9078", "trajectory_id": 9, "北京时间": "2026-05-07 01:00", "lon": 109.626, "lat": 35.795, "height": 895.0 }, "geometry": { "type": "Point", "coordinates": [ 109.626, 35.795 ] } },
{ "type": "Feature", "properties": { "pt_id": "  9079", "trajectory_id": 9, "北京时间": "2026-05-07 00:00", "lon": 109.597, "lat": 35.512, "height": 1017.0 }, "geometry": { "type": "Point", "coordinates": [ 109.597, 35.512 ] } },
{ "type": "Feature", "properties": { "pt_id": "  9080", "trajectory_id": 9, "北京时间": "2026-05-06 23:00", "lon": 109.6, "lat": 35.265, "height": 1125.0 }, "geometry": { "type": "Point", "coordinates": [ 109.6, 35.265 ] } },
{ "type": "Feature", "properties": { "pt_id": " 10000", "trajectory_id": 10, "北京时间": "2026-05-08 23:00", "lon": 113.942, "lat": 30.907, "height": 10.0 }, "geometry": { "type": "Point", "coordinates": [ 113.942, 30.907 ] } },
{ "type": "Feature", "properties": { "pt_id": " 10037", "trajectory_id": 10, "北京时间": "2026-05-08 22:00", "lon": 113.999, "lat": 31.115, "height": 14.0 }, "geometry": { "type": "Point", "coordinates": [ 113.999, 31.115 ] } },
{ "type": "Feature", "properties": { "pt_id": " 10038", "trajectory_id": 10, "北京时间": "2026-05-08 21:00", "lon": 114.059, "lat": 31.325, "height": 59.0 }, "geometry": { "type": "Point", "coordinates": [ 114.059, 31.325 ] } },
{ "type": "Feature", "properties": { "pt_id": " 10039", "trajectory_id": 10, "北京时间": "2026-05-08 20:00", "lon": 114.116, "lat": 31.515, "height": 131.0 }, "geometry": { "type": "Point", "coordinates": [ 114.116, 31.515 ] } },
{ "type": "Feature", "properties": { "pt_id": " 10040", "trajectory_id": 10, "北京时间": "2026-05-08 19:00", "lon": 114.154, "lat": 31.718, "height": 223.0 }, "geometry": { "type": "Point", "coordinates": [ 114.154, 31.718 ] } },
{ "type": "Feature", "properties": { "pt_id": " 10041", "trajectory_id": 10, "北京时间": "2026-05-08 18:00", "lon": 114.179, "lat": 32.005, "height": 324.0 }, "geometry": { "type": "Point", "coordinates": [ 114.179, 32.005 ] } },
{ "type": "Feature", "properties": { "pt_id": " 10042", "trajectory_id": 10, "北京时间": "2026-05-08 17:00", "lon": 114.198, "lat": 32.319, "height": 311.0 }, "geometry": { "type": "Point", "coordinates": [ 114.198, 32.319 ] } },
{ "type": "Feature", "properties": { "pt_id": " 10043", "trajectory_id": 10, "北京时间": "2026-05-08 16:00", "lon": 114.175, "lat": 32.669, "height": 262.0 }, "geometry": { "type": "Point", "coordinates": [ 114.175, 32.669 ] } },
{ "type": "Feature", "properties": { "pt_id": " 10044", "trajectory_id": 10, "北京时间": "2026-05-08 15:00", "lon": 114.138, "lat": 33.035, "height": 278.0 }, "geometry": { "type": "Point", "coordinates": [ 114.138, 33.035 ] } },
{ "type": "Feature", "properties": { "pt_id": " 10045", "trajectory_id": 10, "北京时间": "2026-05-08 14:00", "lon": 114.172, "lat": 33.406, "height": 254.0 }, "geometry": { "type": "Point", "coordinates": [ 114.172, 33.406 ] } },
{ "type": "Feature", "properties": { "pt_id": " 10046", "trajectory_id": 10, "北京时间": "2026-05-08 13:00", "lon": 114.223, "lat": 33.848, "height": 327.0 }, "geometry": { "type": "Point", "coordinates": [ 114.223, 33.848 ] } },
{ "type": "Feature", "properties": { "pt_id": " 10047", "trajectory_id": 10, "北京时间": "2026-05-08 12:00", "lon": 114.308, "lat": 34.321, "height": 410.0 }, "geometry": { "type": "Point", "coordinates": [ 114.308, 34.321 ] } },
{ "type": "Feature", "properties": { "pt_id": " 10048", "trajectory_id": 10, "北京时间": "2026-05-08 11:00", "lon": 114.372, "lat": 34.838, "height": 417.0 }, "geometry": { "type": "Point", "coordinates": [ 114.372, 34.838 ] } },
{ "type": "Feature", "properties": { "pt_id": " 10049", "trajectory_id": 10, "北京时间": "2026-05-08 10:00", "lon": 114.363, "lat": 35.367, "height": 380.0 }, "geometry": { "type": "Point", "coordinates": [ 114.363, 35.367 ] } },
{ "type": "Feature", "properties": { "pt_id": " 10050", "trajectory_id": 10, "北京时间": "2026-05-08 09:00", "lon": 114.338, "lat": 35.932, "height": 546.0 }, "geometry": { "type": "Point", "coordinates": [ 114.338, 35.932 ] } },
{ "type": "Feature", "properties": { "pt_id": " 10051", "trajectory_id": 10, "北京时间": "2026-05-08 08:00", "lon": 114.425, "lat": 36.39, "height": 1067.0 }, "geometry": { "type": "Point", "coordinates": [ 114.425, 36.39 ] } },
{ "type": "Feature", "properties": { "pt_id": " 10052", "trajectory_id": 10, "北京时间": "2026-05-08 07:00", "lon": 114.533, "lat": 36.759, "height": 1323.0 }, "geometry": { "type": "Point", "coordinates": [ 114.533, 36.759 ] } },
{ "type": "Feature", "properties": { "pt_id": " 10053", "trajectory_id": 10, "北京时间": "2026-05-08 06:00", "lon": 114.604, "lat": 37.129, "height": 1430.0 }, "geometry": { "type": "Point", "coordinates": [ 114.604, 37.129 ] } },
{ "type": "Feature", "properties": { "pt_id": " 10054", "trajectory_id": 10, "北京时间": "2026-05-08 05:00", "lon": 114.718, "lat": 37.515, "height": 1622.0 }, "geometry": { "type": "Point", "coordinates": [ 114.718, 37.515 ] } },
{ "type": "Feature", "properties": { "pt_id": " 10055", "trajectory_id": 10, "北京时间": "2026-05-08 04:00", "lon": 114.745, "lat": 37.899, "height": 1812.0 }, "geometry": { "type": "Point", "coordinates": [ 114.745, 37.899 ] } },
{ "type": "Feature", "properties": { "pt_id": " 10056", "trajectory_id": 10, "北京时间": "2026-05-08 03:00", "lon": 114.701, "lat": 38.252, "height": 1993.0 }, "geometry": { "type": "Point", "coordinates": [ 114.701, 38.252 ] } },
{ "type": "Feature", "properties": { "pt_id": " 10057", "trajectory_id": 10, "北京时间": "2026-05-08 02:00", "lon": 114.61, "lat": 38.545, "height": 2281.0 }, "geometry": { "type": "Point", "coordinates": [ 114.61, 38.545 ] } },
{ "type": "Feature", "properties": { "pt_id": " 10058", "trajectory_id": 10, "北京时间": "2026-05-08 01:00", "lon": 114.46, "lat": 38.738, "height": 2335.0 }, "geometry": { "type": "Point", "coordinates": [ 114.46, 38.738 ] } },
{ "type": "Feature", "properties": { "pt_id": " 10059", "trajectory_id": 10, "北京时间": "2026-05-08 00:00", "lon": 114.28, "lat": 38.84, "height": 2128.0 }, "geometry": { "type": "Point", "coordinates": [ 114.28, 38.84 ] } },
{ "type": "Feature", "properties": { "pt_id": " 10060", "trajectory_id": 10, "北京时间": "2026-05-07 23:00", "lon": 114.062, "lat": 38.863, "height": 2147.0 }, "geometry": { "type": "Point", "coordinates": [ 114.062, 38.863 ] } },
{ "type": "Feature", "properties": { "pt_id": " 10061", "trajectory_id": 10, "北京时间": "2026-05-07 22:00", "lon": 113.695, "lat": 38.875, "height": 2319.0 }, "geometry": { "type": "Point", "coordinates": [ 113.695, 38.875 ] } },
{ "type": "Feature", "properties": { "pt_id": " 10062", "trajectory_id": 10, "北京时间": "2026-05-07 21:00", "lon": 113.176, "lat": 38.928, "height": 2306.0 }, "geometry": { "type": "Point", "coordinates": [ 113.176, 38.928 ] } },
{ "type": "Feature", "properties": { "pt_id": " 10063", "trajectory_id": 10, "北京时间": "2026-05-07 20:00", "lon": 112.676, "lat": 39.012, "height": 2388.0 }, "geometry": { "type": "Point", "coordinates": [ 112.676, 39.012 ] } },
{ "type": "Feature", "properties": { "pt_id": " 10064", "trajectory_id": 10, "北京时间": "2026-05-07 19:00", "lon": 112.159, "lat": 39.112, "height": 2350.0 }, "geometry": { "type": "Point", "coordinates": [ 112.159, 39.112 ] } },
{ "type": "Feature", "properties": { "pt_id": " 10065", "trajectory_id": 10, "北京时间": "2026-05-07 18:00", "lon": 111.623, "lat": 39.183, "height": 2115.0 }, "geometry": { "type": "Point", "coordinates": [ 111.623, 39.183 ] } },
{ "type": "Feature", "properties": { "pt_id": " 10066", "trajectory_id": 10, "北京时间": "2026-05-07 17:00", "lon": 111.154, "lat": 39.256, "height": 1852.0 }, "geometry": { "type": "Point", "coordinates": [ 111.154, 39.256 ] } },
{ "type": "Feature", "properties": { "pt_id": " 10067", "trajectory_id": 10, "北京时间": "2026-05-07 16:00", "lon": 110.791, "lat": 39.407, "height": 1576.0 }, "geometry": { "type": "Point", "coordinates": [ 110.791, 39.407 ] } },
{ "type": "Feature", "properties": { "pt_id": " 10068", "trajectory_id": 10, "北京时间": "2026-05-07 15:00", "lon": 110.45, "lat": 39.46, "height": 1498.0 }, "geometry": { "type": "Point", "coordinates": [ 110.45, 39.46 ] } },
{ "type": "Feature", "properties": { "pt_id": " 10069", "trajectory_id": 10, "北京时间": "2026-05-07 14:00", "lon": 110.131, "lat": 39.439, "height": 1338.0 }, "geometry": { "type": "Point", "coordinates": [ 110.131, 39.439 ] } },
{ "type": "Feature", "properties": { "pt_id": " 10070", "trajectory_id": 10, "北京时间": "2026-05-07 13:00", "lon": 109.867, "lat": 39.467, "height": 1103.0 }, "geometry": { "type": "Point", "coordinates": [ 109.867, 39.467 ] } },
{ "type": "Feature", "properties": { "pt_id": " 10071", "trajectory_id": 10, "北京时间": "2026-05-07 12:00", "lon": 109.594, "lat": 39.541, "height": 1062.0 }, "geometry": { "type": "Point", "coordinates": [ 109.594, 39.541 ] } },
{ "type": "Feature", "properties": { "pt_id": " 10072", "trajectory_id": 10, "北京时间": "2026-05-07 11:00", "lon": 109.275, "lat": 39.53, "height": 771.0 }, "geometry": { "type": "Point", "coordinates": [ 109.275, 39.53 ] } },
{ "type": "Feature", "properties": { "pt_id": " 10073", "trajectory_id": 10, "北京时间": "2026-05-07 10:00", "lon": 109.003, "lat": 39.552, "height": 502.0 }, "geometry": { "type": "Point", "coordinates": [ 109.003, 39.552 ] } },
{ "type": "Feature", "properties": { "pt_id": " 10074", "trajectory_id": 10, "北京时间": "2026-05-07 09:00", "lon": 108.814, "lat": 39.687, "height": 591.0 }, "geometry": { "type": "Point", "coordinates": [ 108.814, 39.687 ] } },
{ "type": "Feature", "properties": { "pt_id": " 10075", "trajectory_id": 10, "北京时间": "2026-05-07 08:00", "lon": 108.602, "lat": 39.767, "height": 768.0 }, "geometry": { "type": "Point", "coordinates": [ 108.602, 39.767 ] } },
{ "type": "Feature", "properties": { "pt_id": " 10076", "trajectory_id": 10, "北京时间": "2026-05-07 07:00", "lon": 108.293, "lat": 39.802, "height": 846.0 }, "geometry": { "type": "Point", "coordinates": [ 108.293, 39.802 ] } },
{ "type": "Feature", "properties": { "pt_id": " 10077", "trajectory_id": 10, "北京时间": "2026-05-07 06:00", "lon": 108.004, "lat": 39.854, "height": 772.0 }, "geometry": { "type": "Point", "coordinates": [ 108.004, 39.854 ] } },
{ "type": "Feature", "properties": { "pt_id": " 10078", "trajectory_id": 10, "北京时间": "2026-05-07 05:00", "lon": 107.752, "lat": 39.931, "height": 707.0 }, "geometry": { "type": "Point", "coordinates": [ 107.752, 39.931 ] } },
{ "type": "Feature", "properties": { "pt_id": " 10079", "trajectory_id": 10, "北京时间": "2026-05-07 04:00", "lon": 107.474, "lat": 39.985, "height": 896.0 }, "geometry": { "type": "Point", "coordinates": [ 107.474, 39.985 ] } },
{ "type": "Feature", "properties": { "pt_id": " 10080", "trajectory_id": 10, "北京时间": "2026-05-07 03:00", "lon": 107.181, "lat": 40.011, "height": 1208.0 }, "geometry": { "type": "Point", "coordinates": [ 107.181, 40.011 ] } },
{ "type": "Feature", "properties": { "pt_id": " 10081", "trajectory_id": 10, "北京时间": "2026-05-07 02:00", "lon": 106.937, "lat": 40.038, "height": 1456.0 }, "geometry": { "type": "Point", "coordinates": [ 106.937, 40.038 ] } },
{ "type": "Feature", "properties": { "pt_id": " 10082", "trajectory_id": 10, "北京时间": "2026-05-07 01:00", "lon": 106.719, "lat": 40.073, "height": 1535.0 }, "geometry": { "type": "Point", "coordinates": [ 106.719, 40.073 ] } },
{ "type": "Feature", "properties": { "pt_id": " 10083", "trajectory_id": 10, "北京时间": "2026-05-07 00:00", "lon": 106.479, "lat": 40.121, "height": 1546.0 }, "geometry": { "type": "Point", "coordinates": [ 106.479, 40.121 ] } },
{ "type": "Feature", "properties": { "pt_id": " 10084", "trajectory_id": 10, "北京时间": "2026-05-06 23:00", "lon": 106.253, "lat": 40.2, "height": 1595.0 }, "geometry": { "type": "Point", "coordinates": [ 106.253, 40.2 ] } },
{ "type": "Feature", "properties": { "pt_id": " 11000", "trajectory_id": 11, "北京时间": "2026-05-08 23:00", "lon": 113.942, "lat": 30.907, "height": 10.0 }, "geometry": { "type": "Point", "coordinates": [ 113.942, 30.907 ] } },
{ "type": "Feature", "properties": { "pt_id": " 11041", "trajectory_id": 11, "北京时间": "2026-05-08 22:00", "lon": 113.991, "lat": 31.099, "height": 13.0 }, "geometry": { "type": "Point", "coordinates": [ 113.991, 31.099 ] } },
{ "type": "Feature", "properties": { "pt_id": " 11042", "trajectory_id": 11, "北京时间": "2026-05-08 21:00", "lon": 114.055, "lat": 31.286, "height": 72.0 }, "geometry": { "type": "Point", "coordinates": [ 114.055, 31.286 ] } },
{ "type": "Feature", "properties": { "pt_id": " 11043", "trajectory_id": 11, "北京时间": "2026-05-08 20:00", "lon": 114.1, "lat": 31.452, "height": 179.0 }, "geometry": { "type": "Point", "coordinates": [ 114.1, 31.452 ] } },
{ "type": "Feature", "properties": { "pt_id": " 11044", "trajectory_id": 11, "北京时间": "2026-05-08 19:00", "lon": 114.083, "lat": 31.582, "height": 218.0 }, "geometry": { "type": "Point", "coordinates": [ 114.083, 31.582 ] } },
{ "type": "Feature", "properties": { "pt_id": " 11045", "trajectory_id": 11, "北京时间": "2026-05-08 18:00", "lon": 114.057, "lat": 31.746, "height": 323.0 }, "geometry": { "type": "Point", "coordinates": [ 114.057, 31.746 ] } },
{ "type": "Feature", "properties": { "pt_id": " 11046", "trajectory_id": 11, "北京时间": "2026-05-08 17:00", "lon": 114.044, "lat": 31.925, "height": 384.0 }, "geometry": { "type": "Point", "coordinates": [ 114.044, 31.925 ] } },
{ "type": "Feature", "properties": { "pt_id": " 11047", "trajectory_id": 11, "北京时间": "2026-05-08 16:00", "lon": 113.989, "lat": 32.004, "height": 349.0 }, "geometry": { "type": "Point", "coordinates": [ 113.989, 32.004 ] } },
{ "type": "Feature", "properties": { "pt_id": " 11048", "trajectory_id": 11, "北京时间": "2026-05-08 15:00", "lon": 113.902, "lat": 31.958, "height": 321.0 }, "geometry": { "type": "Point", "coordinates": [ 113.902, 31.958 ] } },
{ "type": "Feature", "properties": { "pt_id": " 11049", "trajectory_id": 11, "北京时间": "2026-05-08 14:00", "lon": 113.823, "lat": 31.802, "height": 259.0 }, "geometry": { "type": "Point", "coordinates": [ 113.823, 31.802 ] } },
{ "type": "Feature", "properties": { "pt_id": " 11050", "trajectory_id": 11, "北京时间": "2026-05-08 13:00", "lon": 113.771, "lat": 31.592, "height": 151.0 }, "geometry": { "type": "Point", "coordinates": [ 113.771, 31.592 ] } },
{ "type": "Feature", "properties": { "pt_id": " 11051", "trajectory_id": 11, "北京时间": "2026-05-08 12:00", "lon": 113.685, "lat": 31.34, "height": 126.0 }, "geometry": { "type": "Point", "coordinates": [ 113.685, 31.34 ] } },
{ "type": "Feature", "properties": { "pt_id": " 11052", "trajectory_id": 11, "北京时间": "2026-05-08 11:00", "lon": 113.596, "lat": 31.077, "height": 115.0 }, "geometry": { "type": "Point", "coordinates": [ 113.596, 31.077 ] } },
{ "type": "Feature", "properties": { "pt_id": " 11053", "trajectory_id": 11, "北京时间": "2026-05-08 10:00", "lon": 113.53, "lat": 30.807, "height": 127.0 }, "geometry": { "type": "Point", "coordinates": [ 113.53, 30.807 ] } },
{ "type": "Feature", "properties": { "pt_id": " 11054", "trajectory_id": 11, "北京时间": "2026-05-08 09:00", "lon": 113.457, "lat": 30.513, "height": 180.0 }, "geometry": { "type": "Point", "coordinates": [ 113.457, 30.513 ] } },
{ "type": "Feature", "properties": { "pt_id": " 11055", "trajectory_id": 11, "北京时间": "2026-05-08 08:00", "lon": 113.379, "lat": 30.203, "height": 246.0 }, "geometry": { "type": "Point", "coordinates": [ 113.379, 30.203 ] } },
{ "type": "Feature", "properties": { "pt_id": " 11056", "trajectory_id": 11, "北京时间": "2026-05-08 07:00", "lon": 113.305, "lat": 29.883, "height": 314.0 }, "geometry": { "type": "Point", "coordinates": [ 113.305, 29.883 ] } },
{ "type": "Feature", "properties": { "pt_id": " 11057", "trajectory_id": 11, "北京时间": "2026-05-08 06:00", "lon": 113.24, "lat": 29.551, "height": 415.0 }, "geometry": { "type": "Point", "coordinates": [ 113.24, 29.551 ] } },
{ "type": "Feature", "properties": { "pt_id": " 11058", "trajectory_id": 11, "北京时间": "2026-05-08 05:00", "lon": 113.208, "lat": 29.211, "height": 496.0 }, "geometry": { "type": "Point", "coordinates": [ 113.208, 29.211 ] } },
{ "type": "Feature", "properties": { "pt_id": " 11059", "trajectory_id": 11, "北京时间": "2026-05-08 04:00", "lon": 113.218, "lat": 28.877, "height": 544.0 }, "geometry": { "type": "Point", "coordinates": [ 113.218, 28.877 ] } },
{ "type": "Feature", "properties": { "pt_id": " 11060", "trajectory_id": 11, "北京时间": "2026-05-08 03:00", "lon": 113.248, "lat": 28.571, "height": 646.0 }, "geometry": { "type": "Point", "coordinates": [ 113.248, 28.571 ] } },
{ "type": "Feature", "properties": { "pt_id": " 11061", "trajectory_id": 11, "北京时间": "2026-05-08 02:00", "lon": 113.262, "lat": 28.289, "height": 656.0 }, "geometry": { "type": "Point", "coordinates": [ 113.262, 28.289 ] } },
{ "type": "Feature", "properties": { "pt_id": " 11062", "trajectory_id": 11, "北京时间": "2026-05-08 01:00", "lon": 113.266, "lat": 28.001, "height": 612.0 }, "geometry": { "type": "Point", "coordinates": [ 113.266, 28.001 ] } },
{ "type": "Feature", "properties": { "pt_id": " 11063", "trajectory_id": 11, "北京时间": "2026-05-08 00:00", "lon": 113.25, "lat": 27.713, "height": 610.0 }, "geometry": { "type": "Point", "coordinates": [ 113.25, 27.713 ] } },
{ "type": "Feature", "properties": { "pt_id": " 11064", "trajectory_id": 11, "北京时间": "2026-05-07 23:00", "lon": 113.205, "lat": 27.423, "height": 662.0 }, "geometry": { "type": "Point", "coordinates": [ 113.205, 27.423 ] } },
{ "type": "Feature", "properties": { "pt_id": " 11065", "trajectory_id": 11, "北京时间": "2026-05-07 22:00", "lon": 113.165, "lat": 27.135, "height": 694.0 }, "geometry": { "type": "Point", "coordinates": [ 113.165, 27.135 ] } },
{ "type": "Feature", "properties": { "pt_id": " 11066", "trajectory_id": 11, "北京时间": "2026-05-07 21:00", "lon": 113.138, "lat": 26.867, "height": 686.0 }, "geometry": { "type": "Point", "coordinates": [ 113.138, 26.867 ] } },
{ "type": "Feature", "properties": { "pt_id": " 11067", "trajectory_id": 11, "北京时间": "2026-05-07 20:00", "lon": 113.105, "lat": 26.61, "height": 628.0 }, "geometry": { "type": "Point", "coordinates": [ 113.105, 26.61 ] } },
{ "type": "Feature", "properties": { "pt_id": " 11068", "trajectory_id": 11, "北京时间": "2026-05-07 19:00", "lon": 113.081, "lat": 26.357, "height": 625.0 }, "geometry": { "type": "Point", "coordinates": [ 113.081, 26.357 ] } },
{ "type": "Feature", "properties": { "pt_id": " 11069", "trajectory_id": 11, "北京时间": "2026-05-07 18:00", "lon": 113.078, "lat": 26.119, "height": 639.0 }, "geometry": { "type": "Point", "coordinates": [ 113.078, 26.119 ] } },
{ "type": "Feature", "properties": { "pt_id": " 11070", "trajectory_id": 11, "北京时间": "2026-05-07 17:00", "lon": 113.088, "lat": 25.91, "height": 656.0 }, "geometry": { "type": "Point", "coordinates": [ 113.088, 25.91 ] } },
{ "type": "Feature", "properties": { "pt_id": " 11071", "trajectory_id": 11, "北京时间": "2026-05-07 16:00", "lon": 113.073, "lat": 25.717, "height": 787.0 }, "geometry": { "type": "Point", "coordinates": [ 113.073, 25.717 ] } },
{ "type": "Feature", "properties": { "pt_id": " 11072", "trajectory_id": 11, "北京时间": "2026-05-07 15:00", "lon": 113.036, "lat": 25.544, "height": 909.0 }, "geometry": { "type": "Point", "coordinates": [ 113.036, 25.544 ] } },
{ "type": "Feature", "properties": { "pt_id": " 11073", "trajectory_id": 11, "北京时间": "2026-05-07 14:00", "lon": 113.0, "lat": 25.396, "height": 984.0 }, "geometry": { "type": "Point", "coordinates": [ 113.0, 25.396 ] } },
{ "type": "Feature", "properties": { "pt_id": " 11074", "trajectory_id": 11, "北京时间": "2026-05-07 13:00", "lon": 112.98, "lat": 25.289, "height": 920.0 }, "geometry": { "type": "Point", "coordinates": [ 112.98, 25.289 ] } },
{ "type": "Feature", "properties": { "pt_id": " 11075", "trajectory_id": 11, "北京时间": "2026-05-07 12:00", "lon": 112.976, "lat": 25.216, "height": 747.0 }, "geometry": { "type": "Point", "coordinates": [ 112.976, 25.216 ] } },
{ "type": "Feature", "properties": { "pt_id": " 11076", "trajectory_id": 11, "北京时间": "2026-05-07 11:00", "lon": 112.981, "lat": 25.174, "height": 611.0 }, "geometry": { "type": "Point", "coordinates": [ 112.981, 25.174 ] } },
{ "type": "Feature", "properties": { "pt_id": " 11077", "trajectory_id": 11, "北京时间": "2026-05-07 10:00", "lon": 112.968, "lat": 25.155, "height": 512.0 }, "geometry": { "type": "Point", "coordinates": [ 112.968, 25.155 ] } },
{ "type": "Feature", "properties": { "pt_id": " 11078", "trajectory_id": 11, "北京时间": "2026-05-07 09:00", "lon": 112.926, "lat": 25.159, "height": 429.0 }, "geometry": { "type": "Point", "coordinates": [ 112.926, 25.159 ] } },
{ "type": "Feature", "properties": { "pt_id": " 11079", "trajectory_id": 11, "北京时间": "2026-05-07 08:00", "lon": 112.864, "lat": 25.166, "height": 398.0 }, "geometry": { "type": "Point", "coordinates": [ 112.864, 25.166 ] } },
{ "type": "Feature", "properties": { "pt_id": " 11080", "trajectory_id": 11, "北京时间": "2026-05-07 07:00", "lon": 112.801, "lat": 25.16, "height": 411.0 }, "geometry": { "type": "Point", "coordinates": [ 112.801, 25.16 ] } },
{ "type": "Feature", "properties": { "pt_id": " 11081", "trajectory_id": 11, "北京时间": "2026-05-07 06:00", "lon": 112.741, "lat": 25.137, "height": 434.0 }, "geometry": { "type": "Point", "coordinates": [ 112.741, 25.137 ] } },
{ "type": "Feature", "properties": { "pt_id": " 11082", "trajectory_id": 11, "北京时间": "2026-05-07 05:00", "lon": 112.684, "lat": 25.104, "height": 432.0 }, "geometry": { "type": "Point", "coordinates": [ 112.684, 25.104 ] } },
{ "type": "Feature", "properties": { "pt_id": " 11083", "trajectory_id": 11, "北京时间": "2026-05-07 04:00", "lon": 112.631, "lat": 25.065, "height": 409.0 }, "geometry": { "type": "Point", "coordinates": [ 112.631, 25.065 ] } },
{ "type": "Feature", "properties": { "pt_id": " 11084", "trajectory_id": 11, "北京时间": "2026-05-07 03:00", "lon": 112.582, "lat": 25.025, "height": 399.0 }, "geometry": { "type": "Point", "coordinates": [ 112.582, 25.025 ] } },
{ "type": "Feature", "properties": { "pt_id": " 11085", "trajectory_id": 11, "北京时间": "2026-05-07 02:00", "lon": 112.541, "lat": 24.983, "height": 428.0 }, "geometry": { "type": "Point", "coordinates": [ 112.541, 24.983 ] } },
{ "type": "Feature", "properties": { "pt_id": " 11086", "trajectory_id": 11, "北京时间": "2026-05-07 01:00", "lon": 112.513, "lat": 24.939, "height": 476.0 }, "geometry": { "type": "Point", "coordinates": [ 112.513, 24.939 ] } },
{ "type": "Feature", "properties": { "pt_id": " 11087", "trajectory_id": 11, "北京时间": "2026-05-07 00:00", "lon": 112.491, "lat": 24.896, "height": 517.0 }, "geometry": { "type": "Point", "coordinates": [ 112.491, 24.896 ] } },
{ "type": "Feature", "properties": { "pt_id": " 11088", "trajectory_id": 11, "北京时间": "2026-05-06 23:00", "lon": 112.468, "lat": 24.851, "height": 544.0 }, "geometry": { "type": "Point", "coordinates": [ 112.468, 24.851 ] } },
{ "type": "Feature", "properties": { "pt_id": " 12000", "trajectory_id": 12, "北京时间": "2026-05-08 23:00", "lon": 113.942, "lat": 30.907, "height": 10.0 }, "geometry": { "type": "Point", "coordinates": [ 113.942, 30.907 ] } },
{ "type": "Feature", "properties": { "pt_id": " 12045", "trajectory_id": 12, "北京时间": "2026-05-08 22:00", "lon": 113.956, "lat": 31.04, "height": 27.0 }, "geometry": { "type": "Point", "coordinates": [ 113.956, 31.04 ] } },
{ "type": "Feature", "properties": { "pt_id": " 12046", "trajectory_id": 12, "北京时间": "2026-05-08 21:00", "lon": 113.973, "lat": 31.112, "height": 60.0 }, "geometry": { "type": "Point", "coordinates": [ 113.973, 31.112 ] } },
{ "type": "Feature", "properties": { "pt_id": " 12047", "trajectory_id": 12, "北京时间": "2026-05-08 20:00", "lon": 114.041, "lat": 31.122, "height": 87.0 }, "geometry": { "type": "Point", "coordinates": [ 114.041, 31.122 ] } },
{ "type": "Feature", "properties": { "pt_id": " 12048", "trajectory_id": 12, "北京时间": "2026-05-08 19:00", "lon": 114.167, "lat": 31.07, "height": 92.0 }, "geometry": { "type": "Point", "coordinates": [ 114.167, 31.07 ] } },
{ "type": "Feature", "properties": { "pt_id": " 12049", "trajectory_id": 12, "北京时间": "2026-05-08 18:00", "lon": 114.326, "lat": 30.973, "height": 61.0 }, "geometry": { "type": "Point", "coordinates": [ 114.326, 30.973 ] } },
{ "type": "Feature", "properties": { "pt_id": " 12050", "trajectory_id": 12, "北京时间": "2026-05-08 17:00", "lon": 114.484, "lat": 30.86, "height": 36.0 }, "geometry": { "type": "Point", "coordinates": [ 114.484, 30.86 ] } },
{ "type": "Feature", "properties": { "pt_id": " 12051", "trajectory_id": 12, "北京时间": "2026-05-08 16:00", "lon": 114.684, "lat": 30.748, "height": 36.0 }, "geometry": { "type": "Point", "coordinates": [ 114.684, 30.748 ] } },
{ "type": "Feature", "properties": { "pt_id": " 12052", "trajectory_id": 12, "北京时间": "2026-05-08 15:00", "lon": 114.898, "lat": 30.63, "height": 53.0 }, "geometry": { "type": "Point", "coordinates": [ 114.898, 30.63 ] } },
{ "type": "Feature", "properties": { "pt_id": " 12053", "trajectory_id": 12, "北京时间": "2026-05-08 14:00", "lon": 115.047, "lat": 30.506, "height": 88.0 }, "geometry": { "type": "Point", "coordinates": [ 115.047, 30.506 ] } },
{ "type": "Feature", "properties": { "pt_id": " 12054", "trajectory_id": 12, "北京时间": "2026-05-08 13:00", "lon": 115.165, "lat": 30.386, "height": 111.0 }, "geometry": { "type": "Point", "coordinates": [ 115.165, 30.386 ] } },
{ "type": "Feature", "properties": { "pt_id": " 12055", "trajectory_id": 12, "北京时间": "2026-05-08 12:00", "lon": 115.292, "lat": 30.259, "height": 85.0 }, "geometry": { "type": "Point", "coordinates": [ 115.292, 30.259 ] } },
{ "type": "Feature", "properties": { "pt_id": " 12056", "trajectory_id": 12, "北京时间": "2026-05-08 11:00", "lon": 115.403, "lat": 30.098, "height": 73.0 }, "geometry": { "type": "Point", "coordinates": [ 115.403, 30.098 ] } },
{ "type": "Feature", "properties": { "pt_id": " 12057", "trajectory_id": 12, "北京时间": "2026-05-08 10:00", "lon": 115.503, "lat": 29.917, "height": 79.0 }, "geometry": { "type": "Point", "coordinates": [ 115.503, 29.917 ] } },
{ "type": "Feature", "properties": { "pt_id": " 12058", "trajectory_id": 12, "北京时间": "2026-05-08 09:00", "lon": 115.578, "lat": 29.706, "height": 146.0 }, "geometry": { "type": "Point", "coordinates": [ 115.578, 29.706 ] } },
{ "type": "Feature", "properties": { "pt_id": " 12059", "trajectory_id": 12, "北京时间": "2026-05-08 08:00", "lon": 115.637, "lat": 29.471, "height": 163.0 }, "geometry": { "type": "Point", "coordinates": [ 115.637, 29.471 ] } },
{ "type": "Feature", "properties": { "pt_id": " 12060", "trajectory_id": 12, "北京时间": "2026-05-08 07:00", "lon": 115.678, "lat": 29.249, "height": 158.0 }, "geometry": { "type": "Point", "coordinates": [ 115.678, 29.249 ] } },
{ "type": "Feature", "properties": { "pt_id": " 12061", "trajectory_id": 12, "北京时间": "2026-05-08 06:00", "lon": 115.66, "lat": 29.06, "height": 162.0 }, "geometry": { "type": "Point", "coordinates": [ 115.66, 29.06 ] } },
{ "type": "Feature", "properties": { "pt_id": " 12062", "trajectory_id": 12, "北京时间": "2026-05-08 05:00", "lon": 115.591, "lat": 28.903, "height": 166.0 }, "geometry": { "type": "Point", "coordinates": [ 115.591, 28.903 ] } },
{ "type": "Feature", "properties": { "pt_id": " 12063", "trajectory_id": 12, "北京时间": "2026-05-08 04:00", "lon": 115.528, "lat": 28.77, "height": 171.0 }, "geometry": { "type": "Point", "coordinates": [ 115.528, 28.77 ] } },
{ "type": "Feature", "properties": { "pt_id": " 12064", "trajectory_id": 12, "北京时间": "2026-05-08 03:00", "lon": 115.466, "lat": 28.649, "height": 163.0 }, "geometry": { "type": "Point", "coordinates": [ 115.466, 28.649 ] } },
{ "type": "Feature", "properties": { "pt_id": " 12065", "trajectory_id": 12, "北京时间": "2026-05-08 02:00", "lon": 115.398, "lat": 28.534, "height": 149.0 }, "geometry": { "type": "Point", "coordinates": [ 115.398, 28.534 ] } },
{ "type": "Feature", "properties": { "pt_id": " 12066", "trajectory_id": 12, "北京时间": "2026-05-08 01:00", "lon": 115.326, "lat": 28.415, "height": 128.0 }, "geometry": { "type": "Point", "coordinates": [ 115.326, 28.415 ] } },
{ "type": "Feature", "properties": { "pt_id": " 12067", "trajectory_id": 12, "北京时间": "2026-05-08 00:00", "lon": 115.264, "lat": 28.284, "height": 106.0 }, "geometry": { "type": "Point", "coordinates": [ 115.264, 28.284 ] } },
{ "type": "Feature", "properties": { "pt_id": " 12068", "trajectory_id": 12, "北京时间": "2026-05-07 23:00", "lon": 115.212, "lat": 28.147, "height": 87.0 }, "geometry": { "type": "Point", "coordinates": [ 115.212, 28.147 ] } },
{ "type": "Feature", "properties": { "pt_id": " 12069", "trajectory_id": 12, "北京时间": "2026-05-07 22:00", "lon": 115.172, "lat": 28.019, "height": 80.0 }, "geometry": { "type": "Point", "coordinates": [ 115.172, 28.019 ] } },
{ "type": "Feature", "properties": { "pt_id": " 12070", "trajectory_id": 12, "北京时间": "2026-05-07 21:00", "lon": 115.145, "lat": 27.893, "height": 81.0 }, "geometry": { "type": "Point", "coordinates": [ 115.145, 27.893 ] } },
{ "type": "Feature", "properties": { "pt_id": " 12071", "trajectory_id": 12, "北京时间": "2026-05-07 20:00", "lon": 115.136, "lat": 27.777, "height": 88.0 }, "geometry": { "type": "Point", "coordinates": [ 115.136, 27.777 ] } },
{ "type": "Feature", "properties": { "pt_id": " 12072", "trajectory_id": 12, "北京时间": "2026-05-07 19:00", "lon": 115.129, "lat": 27.66, "height": 97.0 }, "geometry": { "type": "Point", "coordinates": [ 115.129, 27.66 ] } },
{ "type": "Feature", "properties": { "pt_id": " 12073", "trajectory_id": 12, "北京时间": "2026-05-07 18:00", "lon": 115.139, "lat": 27.546, "height": 100.0 }, "geometry": { "type": "Point", "coordinates": [ 115.139, 27.546 ] } },
{ "type": "Feature", "properties": { "pt_id": " 12074", "trajectory_id": 12, "北京时间": "2026-05-07 17:00", "lon": 115.164, "lat": 27.44, "height": 94.0 }, "geometry": { "type": "Point", "coordinates": [ 115.164, 27.44 ] } },
{ "type": "Feature", "properties": { "pt_id": " 12075", "trajectory_id": 12, "北京时间": "2026-05-07 16:00", "lon": 115.2, "lat": 27.334, "height": 90.0 }, "geometry": { "type": "Point", "coordinates": [ 115.2, 27.334 ] } },
{ "type": "Feature", "properties": { "pt_id": " 12076", "trajectory_id": 12, "北京时间": "2026-05-07 15:00", "lon": 115.234, "lat": 27.227, "height": 84.0 }, "geometry": { "type": "Point", "coordinates": [ 115.234, 27.227 ] } },
{ "type": "Feature", "properties": { "pt_id": " 12077", "trajectory_id": 12, "北京时间": "2026-05-07 14:00", "lon": 115.245, "lat": 27.148, "height": 63.0 }, "geometry": { "type": "Point", "coordinates": [ 115.245, 27.148 ] } },
{ "type": "Feature", "properties": { "pt_id": " 12078", "trajectory_id": 12, "北京时间": "2026-05-07 13:00", "lon": 115.224, "lat": 27.106, "height": 35.0 }, "geometry": { "type": "Point", "coordinates": [ 115.224, 27.106 ] } },
{ "type": "Feature", "properties": { "pt_id": " 12079", "trajectory_id": 12, "北京时间": "2026-05-07 12:00", "lon": 115.192, "lat": 27.079, "height": 19.0 }, "geometry": { "type": "Point", "coordinates": [ 115.192, 27.079 ] } },
{ "type": "Feature", "properties": { "pt_id": " 12080", "trajectory_id": 12, "北京时间": "2026-05-07 11:00", "lon": 115.168, "lat": 27.049, "height": 12.0 }, "geometry": { "type": "Point", "coordinates": [ 115.168, 27.049 ] } },
{ "type": "Feature", "properties": { "pt_id": " 12081", "trajectory_id": 12, "北京时间": "2026-05-07 10:00", "lon": 115.147, "lat": 27.015, "height": 7.0 }, "geometry": { "type": "Point", "coordinates": [ 115.147, 27.015 ] } },
{ "type": "Feature", "properties": { "pt_id": " 12082", "trajectory_id": 12, "北京时间": "2026-05-07 09:00", "lon": 115.123, "lat": 26.975, "height": 4.0 }, "geometry": { "type": "Point", "coordinates": [ 115.123, 26.975 ] } },
{ "type": "Feature", "properties": { "pt_id": " 12083", "trajectory_id": 12, "北京时间": "2026-05-07 08:00", "lon": 115.098, "lat": 26.93, "height": 6.0 }, "geometry": { "type": "Point", "coordinates": [ 115.098, 26.93 ] } },
{ "type": "Feature", "properties": { "pt_id": " 12084", "trajectory_id": 12, "北京时间": "2026-05-07 07:00", "lon": 115.078, "lat": 26.877, "height": 17.0 }, "geometry": { "type": "Point", "coordinates": [ 115.078, 26.877 ] } },
{ "type": "Feature", "properties": { "pt_id": " 12085", "trajectory_id": 12, "北京时间": "2026-05-07 06:00", "lon": 115.069, "lat": 26.818, "height": 37.0 }, "geometry": { "type": "Point", "coordinates": [ 115.069, 26.818 ] } },
{ "type": "Feature", "properties": { "pt_id": " 12086", "trajectory_id": 12, "北京时间": "2026-05-07 05:00", "lon": 115.065, "lat": 26.762, "height": 61.0 }, "geometry": { "type": "Point", "coordinates": [ 115.065, 26.762 ] } },
{ "type": "Feature", "properties": { "pt_id": " 12087", "trajectory_id": 12, "北京时间": "2026-05-07 04:00", "lon": 115.064, "lat": 26.711, "height": 83.0 }, "geometry": { "type": "Point", "coordinates": [ 115.064, 26.711 ] } },
{ "type": "Feature", "properties": { "pt_id": " 12088", "trajectory_id": 12, "北京时间": "2026-05-07 03:00", "lon": 115.067, "lat": 26.664, "height": 107.0 }, "geometry": { "type": "Point", "coordinates": [ 115.067, 26.664 ] } },
{ "type": "Feature", "properties": { "pt_id": " 12089", "trajectory_id": 12, "北京时间": "2026-05-07 02:00", "lon": 115.079, "lat": 26.618, "height": 136.0 }, "geometry": { "type": "Point", "coordinates": [ 115.079, 26.618 ] } },
{ "type": "Feature", "properties": { "pt_id": " 12090", "trajectory_id": 12, "北京时间": "2026-05-07 01:00", "lon": 115.095, "lat": 26.572, "height": 166.0 }, "geometry": { "type": "Point", "coordinates": [ 115.095, 26.572 ] } },
{ "type": "Feature", "properties": { "pt_id": " 12091", "trajectory_id": 12, "北京时间": "2026-05-07 00:00", "lon": 115.119, "lat": 26.525, "height": 198.0 }, "geometry": { "type": "Point", "coordinates": [ 115.119, 26.525 ] } },
{ "type": "Feature", "properties": { "pt_id": " 12092", "trajectory_id": 12, "北京时间": "2026-05-06 23:00", "lon": 115.154, "lat": 26.473, "height": 235.0 }, "geometry": { "type": "Point", "coordinates": [ 115.154, 26.473 ] } },
{ "type": "Feature", "properties": { "pt_id": " 13000", "trajectory_id": 13, "北京时间": "2026-05-08 23:00", "lon": 113.942, "lat": 30.907, "height": 10.0 }, "geometry": { "type": "Point", "coordinates": [ 113.942, 30.907 ] } },
{ "type": "Feature", "properties": { "pt_id": " 13049", "trajectory_id": 13, "北京时间": "2026-05-08 22:00", "lon": 114.025, "lat": 30.873, "height": 12.0 }, "geometry": { "type": "Point", "coordinates": [ 114.025, 30.873 ] } },
{ "type": "Feature", "properties": { "pt_id": " 13050", "trajectory_id": 13, "北京时间": "2026-05-08 21:00", "lon": 114.078, "lat": 30.817, "height": 11.0 }, "geometry": { "type": "Point", "coordinates": [ 114.078, 30.817 ] } },
{ "type": "Feature", "properties": { "pt_id": " 13051", "trajectory_id": 13, "北京时间": "2026-05-08 20:00", "lon": 114.123, "lat": 30.746, "height": 9.0 }, "geometry": { "type": "Point", "coordinates": [ 114.123, 30.746 ] } },
{ "type": "Feature", "properties": { "pt_id": " 13052", "trajectory_id": 13, "北京时间": "2026-05-08 19:00", "lon": 114.174, "lat": 30.655, "height": 10.0 }, "geometry": { "type": "Point", "coordinates": [ 114.174, 30.655 ] } },
{ "type": "Feature", "properties": { "pt_id": " 13053", "trajectory_id": 13, "北京时间": "2026-05-08 18:00", "lon": 114.212, "lat": 30.541, "height": 16.0 }, "geometry": { "type": "Point", "coordinates": [ 114.212, 30.541 ] } },
{ "type": "Feature", "properties": { "pt_id": " 13054", "trajectory_id": 13, "北京时间": "2026-05-08 17:00", "lon": 114.217, "lat": 30.402, "height": 32.0 }, "geometry": { "type": "Point", "coordinates": [ 114.217, 30.402 ] } },
{ "type": "Feature", "properties": { "pt_id": " 13055", "trajectory_id": 13, "北京时间": "2026-05-08 16:00", "lon": 114.182, "lat": 30.266, "height": 44.0 }, "geometry": { "type": "Point", "coordinates": [ 114.182, 30.266 ] } },
{ "type": "Feature", "properties": { "pt_id": " 13056", "trajectory_id": 13, "北京时间": "2026-05-08 15:00", "lon": 114.14, "lat": 30.128, "height": 52.0 }, "geometry": { "type": "Point", "coordinates": [ 114.14, 30.128 ] } },
{ "type": "Feature", "properties": { "pt_id": " 13057", "trajectory_id": 13, "北京时间": "2026-05-08 14:00", "lon": 114.111, "lat": 29.969, "height": 70.0 }, "geometry": { "type": "Point", "coordinates": [ 114.111, 29.969 ] } },
{ "type": "Feature", "properties": { "pt_id": " 13058", "trajectory_id": 13, "北京时间": "2026-05-08 13:00", "lon": 114.094, "lat": 29.792, "height": 141.0 }, "geometry": { "type": "Point", "coordinates": [ 114.094, 29.792 ] } },
{ "type": "Feature", "properties": { "pt_id": " 13059", "trajectory_id": 13, "北京时间": "2026-05-08 12:00", "lon": 114.078, "lat": 29.606, "height": 261.0 }, "geometry": { "type": "Point", "coordinates": [ 114.078, 29.606 ] } },
{ "type": "Feature", "properties": { "pt_id": " 13060", "trajectory_id": 13, "北京时间": "2026-05-08 11:00", "lon": 114.073, "lat": 29.433, "height": 365.0 }, "geometry": { "type": "Point", "coordinates": [ 114.073, 29.433 ] } },
{ "type": "Feature", "properties": { "pt_id": " 13061", "trajectory_id": 13, "北京时间": "2026-05-08 10:00", "lon": 114.099, "lat": 29.281, "height": 501.0 }, "geometry": { "type": "Point", "coordinates": [ 114.099, 29.281 ] } },
{ "type": "Feature", "properties": { "pt_id": " 13062", "trajectory_id": 13, "北京时间": "2026-05-08 09:00", "lon": 114.126, "lat": 29.135, "height": 612.0 }, "geometry": { "type": "Point", "coordinates": [ 114.126, 29.135 ] } },
{ "type": "Feature", "properties": { "pt_id": " 13063", "trajectory_id": 13, "北京时间": "2026-05-08 08:00", "lon": 114.144, "lat": 28.99, "height": 643.0 }, "geometry": { "type": "Point", "coordinates": [ 114.144, 28.99 ] } },
{ "type": "Feature", "properties": { "pt_id": " 13064", "trajectory_id": 13, "北京时间": "2026-05-08 07:00", "lon": 114.166, "lat": 28.842, "height": 635.0 }, "geometry": { "type": "Point", "coordinates": [ 114.166, 28.842 ] } },
{ "type": "Feature", "properties": { "pt_id": " 13065", "trajectory_id": 13, "北京时间": "2026-05-08 06:00", "lon": 114.184, "lat": 28.68, "height": 633.0 }, "geometry": { "type": "Point", "coordinates": [ 114.184, 28.68 ] } },
{ "type": "Feature", "properties": { "pt_id": " 13066", "trajectory_id": 13, "北京时间": "2026-05-08 05:00", "lon": 114.174, "lat": 28.518, "height": 711.0 }, "geometry": { "type": "Point", "coordinates": [ 114.174, 28.518 ] } },
{ "type": "Feature", "properties": { "pt_id": " 13067", "trajectory_id": 13, "北京时间": "2026-05-08 04:00", "lon": 114.128, "lat": 28.35, "height": 818.0 }, "geometry": { "type": "Point", "coordinates": [ 114.128, 28.35 ] } },
{ "type": "Feature", "properties": { "pt_id": " 13068", "trajectory_id": 13, "北京时间": "2026-05-08 03:00", "lon": 114.098, "lat": 28.19, "height": 854.0 }, "geometry": { "type": "Point", "coordinates": [ 114.098, 28.19 ] } },
{ "type": "Feature", "properties": { "pt_id": " 13069", "trajectory_id": 13, "北京时间": "2026-05-08 02:00", "lon": 114.081, "lat": 28.039, "height": 880.0 }, "geometry": { "type": "Point", "coordinates": [ 114.081, 28.039 ] } },
{ "type": "Feature", "properties": { "pt_id": " 13070", "trajectory_id": 13, "北京时间": "2026-05-08 01:00", "lon": 114.065, "lat": 27.896, "height": 911.0 }, "geometry": { "type": "Point", "coordinates": [ 114.065, 27.896 ] } },
{ "type": "Feature", "properties": { "pt_id": " 13071", "trajectory_id": 13, "北京时间": "2026-05-08 00:00", "lon": 114.051, "lat": 27.766, "height": 926.0 }, "geometry": { "type": "Point", "coordinates": [ 114.051, 27.766 ] } },
{ "type": "Feature", "properties": { "pt_id": " 13072", "trajectory_id": 13, "北京时间": "2026-05-07 23:00", "lon": 114.06, "lat": 27.645, "height": 963.0 }, "geometry": { "type": "Point", "coordinates": [ 114.06, 27.645 ] } },
{ "type": "Feature", "properties": { "pt_id": " 13073", "trajectory_id": 13, "北京时间": "2026-05-07 22:00", "lon": 114.077, "lat": 27.516, "height": 1044.0 }, "geometry": { "type": "Point", "coordinates": [ 114.077, 27.516 ] } },
{ "type": "Feature", "properties": { "pt_id": " 13074", "trajectory_id": 13, "北京时间": "2026-05-07 21:00", "lon": 114.084, "lat": 27.39, "height": 1047.0 }, "geometry": { "type": "Point", "coordinates": [ 114.084, 27.39 ] } },
{ "type": "Feature", "properties": { "pt_id": " 13075", "trajectory_id": 13, "北京时间": "2026-05-07 20:00", "lon": 114.099, "lat": 27.281, "height": 938.0 }, "geometry": { "type": "Point", "coordinates": [ 114.099, 27.281 ] } },
{ "type": "Feature", "properties": { "pt_id": " 13076", "trajectory_id": 13, "北京时间": "2026-05-07 19:00", "lon": 114.124, "lat": 27.183, "height": 803.0 }, "geometry": { "type": "Point", "coordinates": [ 114.124, 27.183 ] } },
{ "type": "Feature", "properties": { "pt_id": " 13077", "trajectory_id": 13, "北京时间": "2026-05-07 18:00", "lon": 114.147, "lat": 27.102, "height": 730.0 }, "geometry": { "type": "Point", "coordinates": [ 114.147, 27.102 ] } },
{ "type": "Feature", "properties": { "pt_id": " 13078", "trajectory_id": 13, "北京时间": "2026-05-07 17:00", "lon": 114.158, "lat": 27.052, "height": 661.0 }, "geometry": { "type": "Point", "coordinates": [ 114.158, 27.052 ] } },
{ "type": "Feature", "properties": { "pt_id": " 13079", "trajectory_id": 13, "北京时间": "2026-05-07 16:00", "lon": 114.161, "lat": 27.026, "height": 615.0 }, "geometry": { "type": "Point", "coordinates": [ 114.161, 27.026 ] } },
{ "type": "Feature", "properties": { "pt_id": " 13080", "trajectory_id": 13, "北京时间": "2026-05-07 15:00", "lon": 114.149, "lat": 27.014, "height": 659.0 }, "geometry": { "type": "Point", "coordinates": [ 114.149, 27.014 ] } },
{ "type": "Feature", "properties": { "pt_id": " 13081", "trajectory_id": 13, "北京时间": "2026-05-07 14:00", "lon": 114.113, "lat": 27.011, "height": 789.0 }, "geometry": { "type": "Point", "coordinates": [ 114.113, 27.011 ] } },
{ "type": "Feature", "properties": { "pt_id": " 13082", "trajectory_id": 13, "北京时间": "2026-05-07 13:00", "lon": 114.064, "lat": 27.0, "height": 922.0 }, "geometry": { "type": "Point", "coordinates": [ 114.064, 27.0 ] } },
{ "type": "Feature", "properties": { "pt_id": " 13083", "trajectory_id": 13, "北京时间": "2026-05-07 12:00", "lon": 114.014, "lat": 26.978, "height": 998.0 }, "geometry": { "type": "Point", "coordinates": [ 114.014, 26.978 ] } },
{ "type": "Feature", "properties": { "pt_id": " 13084", "trajectory_id": 13, "北京时间": "2026-05-07 11:00", "lon": 113.963, "lat": 26.948, "height": 1057.0 }, "geometry": { "type": "Point", "coordinates": [ 113.963, 26.948 ] } },
{ "type": "Feature", "properties": { "pt_id": " 13085", "trajectory_id": 13, "北京时间": "2026-05-07 10:00", "lon": 113.901, "lat": 26.917, "height": 1106.0 }, "geometry": { "type": "Point", "coordinates": [ 113.901, 26.917 ] } },
{ "type": "Feature", "properties": { "pt_id": " 13086", "trajectory_id": 13, "北京时间": "2026-05-07 09:00", "lon": 113.816, "lat": 26.886, "height": 1142.0 }, "geometry": { "type": "Point", "coordinates": [ 113.816, 26.886 ] } },
{ "type": "Feature", "properties": { "pt_id": " 13087", "trajectory_id": 13, "北京时间": "2026-05-07 08:00", "lon": 113.702, "lat": 26.847, "height": 1171.0 }, "geometry": { "type": "Point", "coordinates": [ 113.702, 26.847 ] } },
{ "type": "Feature", "properties": { "pt_id": " 13088", "trajectory_id": 13, "北京时间": "2026-05-07 07:00", "lon": 113.576, "lat": 26.795, "height": 1202.0 }, "geometry": { "type": "Point", "coordinates": [ 113.576, 26.795 ] } },
{ "type": "Feature", "properties": { "pt_id": " 13089", "trajectory_id": 13, "北京时间": "2026-05-07 06:00", "lon": 113.451, "lat": 26.725, "height": 1226.0 }, "geometry": { "type": "Point", "coordinates": [ 113.451, 26.725 ] } },
{ "type": "Feature", "properties": { "pt_id": " 13090", "trajectory_id": 13, "北京时间": "2026-05-07 05:00", "lon": 113.323, "lat": 26.632, "height": 1222.0 }, "geometry": { "type": "Point", "coordinates": [ 113.323, 26.632 ] } },
{ "type": "Feature", "properties": { "pt_id": " 13091", "trajectory_id": 13, "北京时间": "2026-05-07 04:00", "lon": 113.206, "lat": 26.526, "height": 1180.0 }, "geometry": { "type": "Point", "coordinates": [ 113.206, 26.526 ] } },
{ "type": "Feature", "properties": { "pt_id": " 13092", "trajectory_id": 13, "北京时间": "2026-05-07 03:00", "lon": 113.111, "lat": 26.418, "height": 1127.0 }, "geometry": { "type": "Point", "coordinates": [ 113.111, 26.418 ] } },
{ "type": "Feature", "properties": { "pt_id": " 13093", "trajectory_id": 13, "北京时间": "2026-05-07 02:00", "lon": 113.034, "lat": 26.31, "height": 1060.0 }, "geometry": { "type": "Point", "coordinates": [ 113.034, 26.31 ] } },
{ "type": "Feature", "properties": { "pt_id": " 13094", "trajectory_id": 13, "北京时间": "2026-05-07 01:00", "lon": 112.976, "lat": 26.209, "height": 995.0 }, "geometry": { "type": "Point", "coordinates": [ 112.976, 26.209 ] } },
{ "type": "Feature", "properties": { "pt_id": " 13095", "trajectory_id": 13, "北京时间": "2026-05-07 00:00", "lon": 112.938, "lat": 26.121, "height": 965.0 }, "geometry": { "type": "Point", "coordinates": [ 112.938, 26.121 ] } },
{ "type": "Feature", "properties": { "pt_id": " 13096", "trajectory_id": 13, "北京时间": "2026-05-06 23:00", "lon": 112.914, "lat": 26.047, "height": 968.0 }, "geometry": { "type": "Point", "coordinates": [ 112.914, 26.047 ] } },
{ "type": "Feature", "properties": { "pt_id": " 14000", "trajectory_id": 14, "北京时间": "2026-05-08 23:00", "lon": 113.942, "lat": 30.907, "height": 10.0 }, "geometry": { "type": "Point", "coordinates": [ 113.942, 30.907 ] } },
{ "type": "Feature", "properties": { "pt_id": " 14053", "trajectory_id": 14, "北京时间": "2026-05-08 22:00", "lon": 113.916, "lat": 30.773, "height": 6.0 }, "geometry": { "type": "Point", "coordinates": [ 113.916, 30.773 ] } },
{ "type": "Feature", "properties": { "pt_id": " 14054", "trajectory_id": 14, "北京时间": "2026-05-08 21:00", "lon": 113.891, "lat": 30.605, "height": 3.0 }, "geometry": { "type": "Point", "coordinates": [ 113.891, 30.605 ] } },
{ "type": "Feature", "properties": { "pt_id": " 14055", "trajectory_id": 14, "北京时间": "2026-05-08 20:00", "lon": 113.873, "lat": 30.419, "height": 0.0 }, "geometry": { "type": "Point", "coordinates": [ 113.873, 30.419 ] } },
{ "type": "Feature", "properties": { "pt_id": " 14056", "trajectory_id": 14, "北京时间": "2026-05-08 19:00", "lon": 113.845, "lat": 30.235, "height": 0.0 }, "geometry": { "type": "Point", "coordinates": [ 113.845, 30.235 ] } },
{ "type": "Feature", "properties": { "pt_id": " 14057", "trajectory_id": 14, "北京时间": "2026-05-08 18:00", "lon": 113.804, "lat": 30.049, "height": 0.0 }, "geometry": { "type": "Point", "coordinates": [ 113.804, 30.049 ] } },
{ "type": "Feature", "properties": { "pt_id": " 14058", "trajectory_id": 14, "北京时间": "2026-05-08 17:00", "lon": 113.759, "lat": 29.861, "height": 13.0 }, "geometry": { "type": "Point", "coordinates": [ 113.759, 29.861 ] } },
{ "type": "Feature", "properties": { "pt_id": " 14059", "trajectory_id": 14, "北京时间": "2026-05-08 16:00", "lon": 113.734, "lat": 29.644, "height": 82.0 }, "geometry": { "type": "Point", "coordinates": [ 113.734, 29.644 ] } },
{ "type": "Feature", "properties": { "pt_id": " 14060", "trajectory_id": 14, "北京时间": "2026-05-08 15:00", "lon": 113.726, "lat": 29.405, "height": 195.0 }, "geometry": { "type": "Point", "coordinates": [ 113.726, 29.405 ] } },
{ "type": "Feature", "properties": { "pt_id": " 14061", "trajectory_id": 14, "北京时间": "2026-05-08 14:00", "lon": 113.745, "lat": 29.192, "height": 244.0 }, "geometry": { "type": "Point", "coordinates": [ 113.745, 29.192 ] } },
{ "type": "Feature", "properties": { "pt_id": " 14062", "trajectory_id": 14, "北京时间": "2026-05-08 13:00", "lon": 113.779, "lat": 29.025, "height": 325.0 }, "geometry": { "type": "Point", "coordinates": [ 113.779, 29.025 ] } },
{ "type": "Feature", "properties": { "pt_id": " 14063", "trajectory_id": 14, "北京时间": "2026-05-08 12:00", "lon": 113.819, "lat": 28.885, "height": 425.0 }, "geometry": { "type": "Point", "coordinates": [ 113.819, 28.885 ] } },
{ "type": "Feature", "properties": { "pt_id": " 14064", "trajectory_id": 14, "北京时间": "2026-05-08 11:00", "lon": 113.884, "lat": 28.768, "height": 473.0 }, "geometry": { "type": "Point", "coordinates": [ 113.884, 28.768 ] } },
{ "type": "Feature", "properties": { "pt_id": " 14065", "trajectory_id": 14, "北京时间": "2026-05-08 10:00", "lon": 113.951, "lat": 28.652, "height": 494.0 }, "geometry": { "type": "Point", "coordinates": [ 113.951, 28.652 ] } },
{ "type": "Feature", "properties": { "pt_id": " 14066", "trajectory_id": 14, "北京时间": "2026-05-08 09:00", "lon": 113.994, "lat": 28.521, "height": 548.0 }, "geometry": { "type": "Point", "coordinates": [ 113.994, 28.521 ] } },
{ "type": "Feature", "properties": { "pt_id": " 14067", "trajectory_id": 14, "北京时间": "2026-05-08 08:00", "lon": 114.026, "lat": 28.375, "height": 632.0 }, "geometry": { "type": "Point", "coordinates": [ 114.026, 28.375 ] } },
{ "type": "Feature", "properties": { "pt_id": " 14068", "trajectory_id": 14, "北京时间": "2026-05-08 07:00", "lon": 114.077, "lat": 28.231, "height": 663.0 }, "geometry": { "type": "Point", "coordinates": [ 114.077, 28.231 ] } },
{ "type": "Feature", "properties": { "pt_id": " 14069", "trajectory_id": 14, "北京时间": "2026-05-08 06:00", "lon": 114.134, "lat": 28.105, "height": 668.0 }, "geometry": { "type": "Point", "coordinates": [ 114.134, 28.105 ] } },
{ "type": "Feature", "properties": { "pt_id": " 14070", "trajectory_id": 14, "北京时间": "2026-05-08 05:00", "lon": 114.188, "lat": 27.99, "height": 682.0 }, "geometry": { "type": "Point", "coordinates": [ 114.188, 27.99 ] } },
{ "type": "Feature", "properties": { "pt_id": " 14071", "trajectory_id": 14, "北京时间": "2026-05-08 04:00", "lon": 114.232, "lat": 27.881, "height": 721.0 }, "geometry": { "type": "Point", "coordinates": [ 114.232, 27.881 ] } },
{ "type": "Feature", "properties": { "pt_id": " 14072", "trajectory_id": 14, "北京时间": "2026-05-08 03:00", "lon": 114.256, "lat": 27.776, "height": 775.0 }, "geometry": { "type": "Point", "coordinates": [ 114.256, 27.776 ] } },
{ "type": "Feature", "properties": { "pt_id": " 14073", "trajectory_id": 14, "北京时间": "2026-05-08 02:00", "lon": 114.269, "lat": 27.668, "height": 816.0 }, "geometry": { "type": "Point", "coordinates": [ 114.269, 27.668 ] } },
{ "type": "Feature", "properties": { "pt_id": " 14074", "trajectory_id": 14, "北京时间": "2026-05-08 01:00", "lon": 114.284, "lat": 27.546, "height": 774.0 }, "geometry": { "type": "Point", "coordinates": [ 114.284, 27.546 ] } },
{ "type": "Feature", "properties": { "pt_id": " 14075", "trajectory_id": 14, "北京时间": "2026-05-08 00:00", "lon": 114.31, "lat": 27.414, "height": 597.0 }, "geometry": { "type": "Point", "coordinates": [ 114.31, 27.414 ] } },
{ "type": "Feature", "properties": { "pt_id": " 14076", "trajectory_id": 14, "北京时间": "2026-05-07 23:00", "lon": 114.37, "lat": 27.258, "height": 406.0 }, "geometry": { "type": "Point", "coordinates": [ 114.37, 27.258 ] } },
{ "type": "Feature", "properties": { "pt_id": " 14077", "trajectory_id": 14, "北京时间": "2026-05-07 22:00", "lon": 114.417, "lat": 27.121, "height": 352.0 }, "geometry": { "type": "Point", "coordinates": [ 114.417, 27.121 ] } },
{ "type": "Feature", "properties": { "pt_id": " 14078", "trajectory_id": 14, "北京时间": "2026-05-07 21:00", "lon": 114.456, "lat": 27.04, "height": 312.0 }, "geometry": { "type": "Point", "coordinates": [ 114.456, 27.04 ] } },
{ "type": "Feature", "properties": { "pt_id": " 14079", "trajectory_id": 14, "北京时间": "2026-05-07 20:00", "lon": 114.492, "lat": 26.992, "height": 234.0 }, "geometry": { "type": "Point", "coordinates": [ 114.492, 26.992 ] } },
{ "type": "Feature", "properties": { "pt_id": " 14080", "trajectory_id": 14, "北京时间": "2026-05-07 19:00", "lon": 114.526, "lat": 26.961, "height": 166.0 }, "geometry": { "type": "Point", "coordinates": [ 114.526, 26.961 ] } },
{ "type": "Feature", "properties": { "pt_id": " 14081", "trajectory_id": 14, "北京时间": "2026-05-07 18:00", "lon": 114.559, "lat": 26.945, "height": 125.0 }, "geometry": { "type": "Point", "coordinates": [ 114.559, 26.945 ] } },
{ "type": "Feature", "properties": { "pt_id": " 14082", "trajectory_id": 14, "北京时间": "2026-05-07 17:00", "lon": 114.589, "lat": 26.925, "height": 103.0 }, "geometry": { "type": "Point", "coordinates": [ 114.589, 26.925 ] } },
{ "type": "Feature", "properties": { "pt_id": " 14083", "trajectory_id": 14, "北京时间": "2026-05-07 16:00", "lon": 114.616, "lat": 26.881, "height": 94.0 }, "geometry": { "type": "Point", "coordinates": [ 114.616, 26.881 ] } },
{ "type": "Feature", "properties": { "pt_id": " 14084", "trajectory_id": 14, "北京时间": "2026-05-07 15:00", "lon": 114.64, "lat": 26.815, "height": 90.0 }, "geometry": { "type": "Point", "coordinates": [ 114.64, 26.815 ] } },
{ "type": "Feature", "properties": { "pt_id": " 14085", "trajectory_id": 14, "北京时间": "2026-05-07 14:00", "lon": 114.656, "lat": 26.737, "height": 88.0 }, "geometry": { "type": "Point", "coordinates": [ 114.656, 26.737 ] } },
{ "type": "Feature", "properties": { "pt_id": " 14086", "trajectory_id": 14, "北京时间": "2026-05-07 13:00", "lon": 114.665, "lat": 26.667, "height": 90.0 }, "geometry": { "type": "Point", "coordinates": [ 114.665, 26.667 ] } },
{ "type": "Feature", "properties": { "pt_id": " 14087", "trajectory_id": 14, "北京时间": "2026-05-07 12:00", "lon": 114.669, "lat": 26.602, "height": 101.0 }, "geometry": { "type": "Point", "coordinates": [ 114.669, 26.602 ] } },
{ "type": "Feature", "properties": { "pt_id": " 14088", "trajectory_id": 14, "北京时间": "2026-05-07 11:00", "lon": 114.671, "lat": 26.537, "height": 116.0 }, "geometry": { "type": "Point", "coordinates": [ 114.671, 26.537 ] } },
{ "type": "Feature", "properties": { "pt_id": " 14089", "trajectory_id": 14, "北京时间": "2026-05-07 10:00", "lon": 114.673, "lat": 26.472, "height": 128.0 }, "geometry": { "type": "Point", "coordinates": [ 114.673, 26.472 ] } },
{ "type": "Feature", "properties": { "pt_id": " 14090", "trajectory_id": 14, "北京时间": "2026-05-07 09:00", "lon": 114.669, "lat": 26.413, "height": 137.0 }, "geometry": { "type": "Point", "coordinates": [ 114.669, 26.413 ] } },
{ "type": "Feature", "properties": { "pt_id": " 14091", "trajectory_id": 14, "北京时间": "2026-05-07 08:00", "lon": 114.662, "lat": 26.357, "height": 146.0 }, "geometry": { "type": "Point", "coordinates": [ 114.662, 26.357 ] } },
{ "type": "Feature", "properties": { "pt_id": " 14092", "trajectory_id": 14, "北京时间": "2026-05-07 07:00", "lon": 114.661, "lat": 26.305, "height": 153.0 }, "geometry": { "type": "Point", "coordinates": [ 114.661, 26.305 ] } },
{ "type": "Feature", "properties": { "pt_id": " 14093", "trajectory_id": 14, "北京时间": "2026-05-07 06:00", "lon": 114.67, "lat": 26.258, "height": 156.0 }, "geometry": { "type": "Point", "coordinates": [ 114.67, 26.258 ] } },
{ "type": "Feature", "properties": { "pt_id": " 14094", "trajectory_id": 14, "北京时间": "2026-05-07 05:00", "lon": 114.688, "lat": 26.217, "height": 161.0 }, "geometry": { "type": "Point", "coordinates": [ 114.688, 26.217 ] } },
{ "type": "Feature", "properties": { "pt_id": " 14095", "trajectory_id": 14, "北京时间": "2026-05-07 04:00", "lon": 114.711, "lat": 26.177, "height": 172.0 }, "geometry": { "type": "Point", "coordinates": [ 114.711, 26.177 ] } },
{ "type": "Feature", "properties": { "pt_id": " 14096", "trajectory_id": 14, "北京时间": "2026-05-07 03:00", "lon": 114.739, "lat": 26.141, "height": 182.0 }, "geometry": { "type": "Point", "coordinates": [ 114.739, 26.141 ] } },
{ "type": "Feature", "properties": { "pt_id": " 14097", "trajectory_id": 14, "北京时间": "2026-05-07 02:00", "lon": 114.772, "lat": 26.109, "height": 188.0 }, "geometry": { "type": "Point", "coordinates": [ 114.772, 26.109 ] } },
{ "type": "Feature", "properties": { "pt_id": " 14098", "trajectory_id": 14, "北京时间": "2026-05-07 01:00", "lon": 114.808, "lat": 26.079, "height": 194.0 }, "geometry": { "type": "Point", "coordinates": [ 114.808, 26.079 ] } },
{ "type": "Feature", "properties": { "pt_id": " 14099", "trajectory_id": 14, "北京时间": "2026-05-07 00:00", "lon": 114.852, "lat": 26.051, "height": 204.0 }, "geometry": { "type": "Point", "coordinates": [ 114.852, 26.051 ] } },
{ "type": "Feature", "properties": { "pt_id": " 14100", "trajectory_id": 14, "北京时间": "2026-05-06 23:00", "lon": 114.905, "lat": 26.031, "height": 220.0 }, "geometry": { "type": "Point", "coordinates": [ 114.905, 26.031 ] } },
{ "type": "Feature", "properties": { "pt_id": " 15000", "trajectory_id": 15, "北京时间": "2026-05-08 23:00", "lon": 113.942, "lat": 30.907, "height": 10.0 }, "geometry": { "type": "Point", "coordinates": [ 113.942, 30.907 ] } },
{ "type": "Feature", "properties": { "pt_id": " 15057", "trajectory_id": 15, "北京时间": "2026-05-08 22:00", "lon": 113.91, "lat": 30.68, "height": 4.0 }, "geometry": { "type": "Point", "coordinates": [ 113.91, 30.68 ] } },
{ "type": "Feature", "properties": { "pt_id": " 15058", "trajectory_id": 15, "北京时间": "2026-05-08 21:00", "lon": 113.889, "lat": 30.46, "height": 3.0 }, "geometry": { "type": "Point", "coordinates": [ 113.889, 30.46 ] } },
{ "type": "Feature", "properties": { "pt_id": " 15059", "trajectory_id": 15, "北京时间": "2026-05-08 20:00", "lon": 113.86, "lat": 30.259, "height": 0.0 }, "geometry": { "type": "Point", "coordinates": [ 113.86, 30.259 ] } },
{ "type": "Feature", "properties": { "pt_id": " 15060", "trajectory_id": 15, "北京时间": "2026-05-08 19:00", "lon": 113.824, "lat": 30.068, "height": 2.0 }, "geometry": { "type": "Point", "coordinates": [ 113.824, 30.068 ] } },
{ "type": "Feature", "properties": { "pt_id": " 15061", "trajectory_id": 15, "北京时间": "2026-05-08 18:00", "lon": 113.809, "lat": 29.895, "height": 17.0 }, "geometry": { "type": "Point", "coordinates": [ 113.809, 29.895 ] } },
{ "type": "Feature", "properties": { "pt_id": " 15062", "trajectory_id": 15, "北京时间": "2026-05-08 17:00", "lon": 113.833, "lat": 29.726, "height": 80.0 }, "geometry": { "type": "Point", "coordinates": [ 113.833, 29.726 ] } },
{ "type": "Feature", "properties": { "pt_id": " 15063", "trajectory_id": 15, "北京时间": "2026-05-08 16:00", "lon": 113.881, "lat": 29.561, "height": 195.0 }, "geometry": { "type": "Point", "coordinates": [ 113.881, 29.561 ] } },
{ "type": "Feature", "properties": { "pt_id": " 15064", "trajectory_id": 15, "北京时间": "2026-05-08 15:00", "lon": 113.936, "lat": 29.415, "height": 311.0 }, "geometry": { "type": "Point", "coordinates": [ 113.936, 29.415 ] } },
{ "type": "Feature", "properties": { "pt_id": " 15065", "trajectory_id": 15, "北京时间": "2026-05-08 14:00", "lon": 113.995, "lat": 29.265, "height": 464.0 }, "geometry": { "type": "Point", "coordinates": [ 113.995, 29.265 ] } },
{ "type": "Feature", "properties": { "pt_id": " 15066", "trajectory_id": 15, "北京时间": "2026-05-08 13:00", "lon": 114.023, "lat": 29.104, "height": 623.0 }, "geometry": { "type": "Point", "coordinates": [ 114.023, 29.104 ] } },
{ "type": "Feature", "properties": { "pt_id": " 15067", "trajectory_id": 15, "北京时间": "2026-05-08 12:00", "lon": 114.026, "lat": 28.935, "height": 660.0 }, "geometry": { "type": "Point", "coordinates": [ 114.026, 28.935 ] } },
{ "type": "Feature", "properties": { "pt_id": " 15068", "trajectory_id": 15, "北京时间": "2026-05-08 11:00", "lon": 114.048, "lat": 28.758, "height": 668.0 }, "geometry": { "type": "Point", "coordinates": [ 114.048, 28.758 ] } },
{ "type": "Feature", "properties": { "pt_id": " 15069", "trajectory_id": 15, "北京时间": "2026-05-08 10:00", "lon": 114.078, "lat": 28.578, "height": 735.0 }, "geometry": { "type": "Point", "coordinates": [ 114.078, 28.578 ] } },
{ "type": "Feature", "properties": { "pt_id": " 15070", "trajectory_id": 15, "北京时间": "2026-05-08 09:00", "lon": 114.078, "lat": 28.403, "height": 884.0 }, "geometry": { "type": "Point", "coordinates": [ 114.078, 28.403 ] } },
{ "type": "Feature", "properties": { "pt_id": " 15071", "trajectory_id": 15, "北京时间": "2026-05-08 08:00", "lon": 114.086, "lat": 28.242, "height": 956.0 }, "geometry": { "type": "Point", "coordinates": [ 114.086, 28.242 ] } },
{ "type": "Feature", "properties": { "pt_id": " 15072", "trajectory_id": 15, "北京时间": "2026-05-08 07:00", "lon": 114.116, "lat": 28.108, "height": 1009.0 }, "geometry": { "type": "Point", "coordinates": [ 114.116, 28.108 ] } },
{ "type": "Feature", "properties": { "pt_id": " 15073", "trajectory_id": 15, "北京时间": "2026-05-08 06:00", "lon": 114.143, "lat": 27.996, "height": 1076.0 }, "geometry": { "type": "Point", "coordinates": [ 114.143, 27.996 ] } },
{ "type": "Feature", "properties": { "pt_id": " 15074", "trajectory_id": 15, "北京时间": "2026-05-08 05:00", "lon": 114.169, "lat": 27.898, "height": 1080.0 }, "geometry": { "type": "Point", "coordinates": [ 114.169, 27.898 ] } },
{ "type": "Feature", "properties": { "pt_id": " 15075", "trajectory_id": 15, "北京时间": "2026-05-08 04:00", "lon": 114.2, "lat": 27.815, "height": 1038.0 }, "geometry": { "type": "Point", "coordinates": [ 114.2, 27.815 ] } },
{ "type": "Feature", "properties": { "pt_id": " 15076", "trajectory_id": 15, "北京时间": "2026-05-08 03:00", "lon": 114.223, "lat": 27.747, "height": 1012.0 }, "geometry": { "type": "Point", "coordinates": [ 114.223, 27.747 ] } },
{ "type": "Feature", "properties": { "pt_id": " 15077", "trajectory_id": 15, "北京时间": "2026-05-08 02:00", "lon": 114.23, "lat": 27.693, "height": 925.0 }, "geometry": { "type": "Point", "coordinates": [ 114.23, 27.693 ] } },
{ "type": "Feature", "properties": { "pt_id": " 15078", "trajectory_id": 15, "北京时间": "2026-05-08 01:00", "lon": 114.228, "lat": 27.664, "height": 691.0 }, "geometry": { "type": "Point", "coordinates": [ 114.228, 27.664 ] } },
{ "type": "Feature", "properties": { "pt_id": " 15079", "trajectory_id": 15, "北京时间": "2026-05-08 00:00", "lon": 114.222, "lat": 27.666, "height": 444.0 }, "geometry": { "type": "Point", "coordinates": [ 114.222, 27.666 ] } },
{ "type": "Feature", "properties": { "pt_id": " 15080", "trajectory_id": 15, "北京时间": "2026-05-07 23:00", "lon": 114.21, "lat": 27.688, "height": 261.0 }, "geometry": { "type": "Point", "coordinates": [ 114.21, 27.688 ] } },
{ "type": "Feature", "properties": { "pt_id": " 15081", "trajectory_id": 15, "北京时间": "2026-05-07 22:00", "lon": 114.189, "lat": 27.735, "height": 132.0 }, "geometry": { "type": "Point", "coordinates": [ 114.189, 27.735 ] } },
{ "type": "Feature", "properties": { "pt_id": " 15082", "trajectory_id": 15, "北京时间": "2026-05-07 21:00", "lon": 114.171, "lat": 27.786, "height": 43.0 }, "geometry": { "type": "Point", "coordinates": [ 114.171, 27.786 ] } },
{ "type": "Feature", "properties": { "pt_id": " 15083", "trajectory_id": 15, "北京时间": "2026-05-07 20:00", "lon": 114.171, "lat": 27.813, "height": 0.0 }, "geometry": { "type": "Point", "coordinates": [ 114.171, 27.813 ] } },
{ "type": "Feature", "properties": { "pt_id": " 15084", "trajectory_id": 15, "北京时间": "2026-05-07 19:00", "lon": 114.187, "lat": 27.828, "height": 0.0 }, "geometry": { "type": "Point", "coordinates": [ 114.187, 27.828 ] } },
{ "type": "Feature", "properties": { "pt_id": " 15085", "trajectory_id": 15, "北京时间": "2026-05-07 18:00", "lon": 114.214, "lat": 27.837, "height": 0.0 }, "geometry": { "type": "Point", "coordinates": [ 114.214, 27.837 ] } },
{ "type": "Feature", "properties": { "pt_id": " 15086", "trajectory_id": 15, "北京时间": "2026-05-07 17:00", "lon": 114.246, "lat": 27.841, "height": 0.0 }, "geometry": { "type": "Point", "coordinates": [ 114.246, 27.841 ] } },
{ "type": "Feature", "properties": { "pt_id": " 15087", "trajectory_id": 15, "北京时间": "2026-05-07 16:00", "lon": 114.281, "lat": 27.839, "height": 0.0 }, "geometry": { "type": "Point", "coordinates": [ 114.281, 27.839 ] } },
{ "type": "Feature", "properties": { "pt_id": " 15088", "trajectory_id": 15, "北京时间": "2026-05-07 15:00", "lon": 114.314, "lat": 27.834, "height": 6.0 }, "geometry": { "type": "Point", "coordinates": [ 114.314, 27.834 ] } },
{ "type": "Feature", "properties": { "pt_id": " 15089", "trajectory_id": 15, "北京时间": "2026-05-07 14:00", "lon": 114.341, "lat": 27.83, "height": 18.0 }, "geometry": { "type": "Point", "coordinates": [ 114.341, 27.83 ] } },
{ "type": "Feature", "properties": { "pt_id": " 15090", "trajectory_id": 15, "北京时间": "2026-05-07 13:00", "lon": 114.365, "lat": 27.826, "height": 29.0 }, "geometry": { "type": "Point", "coordinates": [ 114.365, 27.826 ] } },
{ "type": "Feature", "properties": { "pt_id": " 15091", "trajectory_id": 15, "北京时间": "2026-05-07 12:00", "lon": 114.389, "lat": 27.824, "height": 38.0 }, "geometry": { "type": "Point", "coordinates": [ 114.389, 27.824 ] } },
{ "type": "Feature", "properties": { "pt_id": " 15092", "trajectory_id": 15, "北京时间": "2026-05-07 11:00", "lon": 114.417, "lat": 27.822, "height": 45.0 }, "geometry": { "type": "Point", "coordinates": [ 114.417, 27.822 ] } },
{ "type": "Feature", "properties": { "pt_id": " 15093", "trajectory_id": 15, "北京时间": "2026-05-07 10:00", "lon": 114.449, "lat": 27.823, "height": 50.0 }, "geometry": { "type": "Point", "coordinates": [ 114.449, 27.823 ] } },
{ "type": "Feature", "properties": { "pt_id": " 15094", "trajectory_id": 15, "北京时间": "2026-05-07 09:00", "lon": 114.484, "lat": 27.824, "height": 54.0 }, "geometry": { "type": "Point", "coordinates": [ 114.484, 27.824 ] } },
{ "type": "Feature", "properties": { "pt_id": " 15095", "trajectory_id": 15, "北京时间": "2026-05-07 08:00", "lon": 114.52, "lat": 27.823, "height": 56.0 }, "geometry": { "type": "Point", "coordinates": [ 114.52, 27.823 ] } },
{ "type": "Feature", "properties": { "pt_id": " 15096", "trajectory_id": 15, "北京时间": "2026-05-07 07:00", "lon": 114.558, "lat": 27.82, "height": 58.0 }, "geometry": { "type": "Point", "coordinates": [ 114.558, 27.82 ] } },
{ "type": "Feature", "properties": { "pt_id": " 15097", "trajectory_id": 15, "北京时间": "2026-05-07 06:00", "lon": 114.605, "lat": 27.819, "height": 56.0 }, "geometry": { "type": "Point", "coordinates": [ 114.605, 27.819 ] } },
{ "type": "Feature", "properties": { "pt_id": " 15098", "trajectory_id": 15, "北京时间": "2026-05-07 05:00", "lon": 114.667, "lat": 27.825, "height": 47.0 }, "geometry": { "type": "Point", "coordinates": [ 114.667, 27.825 ] } },
{ "type": "Feature", "properties": { "pt_id": " 15099", "trajectory_id": 15, "北京时间": "2026-05-07 04:00", "lon": 114.743, "lat": 27.844, "height": 35.0 }, "geometry": { "type": "Point", "coordinates": [ 114.743, 27.844 ] } },
{ "type": "Feature", "properties": { "pt_id": " 15100", "trajectory_id": 15, "北京时间": "2026-05-07 03:00", "lon": 114.826, "lat": 27.874, "height": 26.0 }, "geometry": { "type": "Point", "coordinates": [ 114.826, 27.874 ] } },
{ "type": "Feature", "properties": { "pt_id": " 15101", "trajectory_id": 15, "北京时间": "2026-05-07 02:00", "lon": 114.907, "lat": 27.903, "height": 18.0 }, "geometry": { "type": "Point", "coordinates": [ 114.907, 27.903 ] } },
{ "type": "Feature", "properties": { "pt_id": " 15102", "trajectory_id": 15, "北京时间": "2026-05-07 01:00", "lon": 114.978, "lat": 27.922, "height": 11.0 }, "geometry": { "type": "Point", "coordinates": [ 114.978, 27.922 ] } },
{ "type": "Feature", "properties": { "pt_id": " 15103", "trajectory_id": 15, "北京时间": "2026-05-07 00:00", "lon": 115.039, "lat": 27.938, "height": 3.0 }, "geometry": { "type": "Point", "coordinates": [ 115.039, 27.938 ] } },
{ "type": "Feature", "properties": { "pt_id": " 15104", "trajectory_id": 15, "北京时间": "2026-05-06 23:00", "lon": 115.093, "lat": 27.964, "height": 0.0 }, "geometry": { "type": "Point", "coordinates": [ 115.093, 27.964 ] } },
{ "type": "Feature", "properties": { "pt_id": " 16000", "trajectory_id": 16, "北京时间": "2026-05-08 23:00", "lon": 113.942, "lat": 30.907, "height": 10.0 }, "geometry": { "type": "Point", "coordinates": [ 113.942, 30.907 ] } },
{ "type": "Feature", "properties": { "pt_id": " 16061", "trajectory_id": 16, "北京时间": "2026-05-08 22:00", "lon": 113.934, "lat": 30.716, "height": 5.0 }, "geometry": { "type": "Point", "coordinates": [ 113.934, 30.716 ] } },
{ "type": "Feature", "properties": { "pt_id": " 16062", "trajectory_id": 16, "北京时间": "2026-05-08 21:00", "lon": 113.957, "lat": 30.547, "height": 4.0 }, "geometry": { "type": "Point", "coordinates": [ 113.957, 30.547 ] } },
{ "type": "Feature", "properties": { "pt_id": " 16063", "trajectory_id": 16, "北京时间": "2026-05-08 20:00", "lon": 114.019, "lat": 30.401, "height": 4.0 }, "geometry": { "type": "Point", "coordinates": [ 114.019, 30.401 ] } },
{ "type": "Feature", "properties": { "pt_id": " 16064", "trajectory_id": 16, "北京时间": "2026-05-08 19:00", "lon": 114.106, "lat": 30.276, "height": 4.0 }, "geometry": { "type": "Point", "coordinates": [ 114.106, 30.276 ] } },
{ "type": "Feature", "properties": { "pt_id": " 16065", "trajectory_id": 16, "北京时间": "2026-05-08 18:00", "lon": 114.195, "lat": 30.161, "height": 6.0 }, "geometry": { "type": "Point", "coordinates": [ 114.195, 30.161 ] } },
{ "type": "Feature", "properties": { "pt_id": " 16066", "trajectory_id": 16, "北京时间": "2026-05-08 17:00", "lon": 114.286, "lat": 30.044, "height": 18.0 }, "geometry": { "type": "Point", "coordinates": [ 114.286, 30.044 ] } },
{ "type": "Feature", "properties": { "pt_id": " 16067", "trajectory_id": 16, "北京时间": "2026-05-08 16:00", "lon": 114.38, "lat": 29.904, "height": 56.0 }, "geometry": { "type": "Point", "coordinates": [ 114.38, 29.904 ] } },
{ "type": "Feature", "properties": { "pt_id": " 16068", "trajectory_id": 16, "北京时间": "2026-05-08 15:00", "lon": 114.461, "lat": 29.736, "height": 186.0 }, "geometry": { "type": "Point", "coordinates": [ 114.461, 29.736 ] } },
{ "type": "Feature", "properties": { "pt_id": " 16069", "trajectory_id": 16, "北京时间": "2026-05-08 14:00", "lon": 114.522, "lat": 29.504, "height": 481.0 }, "geometry": { "type": "Point", "coordinates": [ 114.522, 29.504 ] } },
{ "type": "Feature", "properties": { "pt_id": " 16070", "trajectory_id": 16, "北京时间": "2026-05-08 13:00", "lon": 114.556, "lat": 29.227, "height": 672.0 }, "geometry": { "type": "Point", "coordinates": [ 114.556, 29.227 ] } },
{ "type": "Feature", "properties": { "pt_id": " 16071", "trajectory_id": 16, "北京时间": "2026-05-08 12:00", "lon": 114.597, "lat": 28.988, "height": 722.0 }, "geometry": { "type": "Point", "coordinates": [ 114.597, 28.988 ] } },
{ "type": "Feature", "properties": { "pt_id": " 16072", "trajectory_id": 16, "北京时间": "2026-05-08 11:00", "lon": 114.643, "lat": 28.767, "height": 880.0 }, "geometry": { "type": "Point", "coordinates": [ 114.643, 28.767 ] } },
{ "type": "Feature", "properties": { "pt_id": " 16073", "trajectory_id": 16, "北京时间": "2026-05-08 10:00", "lon": 114.674, "lat": 28.566, "height": 979.0 }, "geometry": { "type": "Point", "coordinates": [ 114.674, 28.566 ] } },
{ "type": "Feature", "properties": { "pt_id": " 16074", "trajectory_id": 16, "北京时间": "2026-05-08 09:00", "lon": 114.708, "lat": 28.393, "height": 830.0 }, "geometry": { "type": "Point", "coordinates": [ 114.708, 28.393 ] } },
{ "type": "Feature", "properties": { "pt_id": " 16075", "trajectory_id": 16, "北京时间": "2026-05-08 08:00", "lon": 114.767, "lat": 28.219, "height": 698.0 }, "geometry": { "type": "Point", "coordinates": [ 114.767, 28.219 ] } },
{ "type": "Feature", "properties": { "pt_id": " 16076", "trajectory_id": 16, "北京时间": "2026-05-08 07:00", "lon": 114.834, "lat": 28.055, "height": 676.0 }, "geometry": { "type": "Point", "coordinates": [ 114.834, 28.055 ] } },
{ "type": "Feature", "properties": { "pt_id": " 16077", "trajectory_id": 16, "北京时间": "2026-05-08 06:00", "lon": 114.887, "lat": 27.932, "height": 731.0 }, "geometry": { "type": "Point", "coordinates": [ 114.887, 27.932 ] } },
{ "type": "Feature", "properties": { "pt_id": " 16078", "trajectory_id": 16, "北京时间": "2026-05-08 05:00", "lon": 114.922, "lat": 27.837, "height": 758.0 }, "geometry": { "type": "Point", "coordinates": [ 114.922, 27.837 ] } },
{ "type": "Feature", "properties": { "pt_id": " 16079", "trajectory_id": 16, "北京时间": "2026-05-08 04:00", "lon": 114.947, "lat": 27.749, "height": 717.0 }, "geometry": { "type": "Point", "coordinates": [ 114.947, 27.749 ] } },
{ "type": "Feature", "properties": { "pt_id": " 16080", "trajectory_id": 16, "北京时间": "2026-05-08 03:00", "lon": 114.955, "lat": 27.665, "height": 718.0 }, "geometry": { "type": "Point", "coordinates": [ 114.955, 27.665 ] } },
{ "type": "Feature", "properties": { "pt_id": " 16081", "trajectory_id": 16, "北京时间": "2026-05-08 02:00", "lon": 114.939, "lat": 27.591, "height": 771.0 }, "geometry": { "type": "Point", "coordinates": [ 114.939, 27.591 ] } },
{ "type": "Feature", "properties": { "pt_id": " 16082", "trajectory_id": 16, "北京时间": "2026-05-08 01:00", "lon": 114.912, "lat": 27.517, "height": 824.0 }, "geometry": { "type": "Point", "coordinates": [ 114.912, 27.517 ] } },
{ "type": "Feature", "properties": { "pt_id": " 16083", "trajectory_id": 16, "北京时间": "2026-05-08 00:00", "lon": 114.889, "lat": 27.432, "height": 888.0 }, "geometry": { "type": "Point", "coordinates": [ 114.889, 27.432 ] } },
{ "type": "Feature", "properties": { "pt_id": " 16084", "trajectory_id": 16, "北京时间": "2026-05-07 23:00", "lon": 114.87, "lat": 27.337, "height": 963.0 }, "geometry": { "type": "Point", "coordinates": [ 114.87, 27.337 ] } },
{ "type": "Feature", "properties": { "pt_id": " 16085", "trajectory_id": 16, "北京时间": "2026-05-07 22:00", "lon": 114.857, "lat": 27.237, "height": 1041.0 }, "geometry": { "type": "Point", "coordinates": [ 114.857, 27.237 ] } },
{ "type": "Feature", "properties": { "pt_id": " 16086", "trajectory_id": 16, "北京时间": "2026-05-07 21:00", "lon": 114.853, "lat": 27.138, "height": 1084.0 }, "geometry": { "type": "Point", "coordinates": [ 114.853, 27.138 ] } },
{ "type": "Feature", "properties": { "pt_id": " 16087", "trajectory_id": 16, "北京时间": "2026-05-07 20:00", "lon": 114.853, "lat": 27.035, "height": 1086.0 }, "geometry": { "type": "Point", "coordinates": [ 114.853, 27.035 ] } },
{ "type": "Feature", "properties": { "pt_id": " 16088", "trajectory_id": 16, "北京时间": "2026-05-07 19:00", "lon": 114.859, "lat": 26.929, "height": 1075.0 }, "geometry": { "type": "Point", "coordinates": [ 114.859, 26.929 ] } },
{ "type": "Feature", "properties": { "pt_id": " 16089", "trajectory_id": 16, "北京时间": "2026-05-07 18:00", "lon": 114.877, "lat": 26.822, "height": 1074.0 }, "geometry": { "type": "Point", "coordinates": [ 114.877, 26.822 ] } },
{ "type": "Feature", "properties": { "pt_id": " 16090", "trajectory_id": 16, "北京时间": "2026-05-07 17:00", "lon": 114.897, "lat": 26.715, "height": 1090.0 }, "geometry": { "type": "Point", "coordinates": [ 114.897, 26.715 ] } },
{ "type": "Feature", "properties": { "pt_id": " 16091", "trajectory_id": 16, "北京时间": "2026-05-07 16:00", "lon": 114.916, "lat": 26.612, "height": 1109.0 }, "geometry": { "type": "Point", "coordinates": [ 114.916, 26.612 ] } },
{ "type": "Feature", "properties": { "pt_id": " 16092", "trajectory_id": 16, "北京时间": "2026-05-07 15:00", "lon": 114.939, "lat": 26.515, "height": 1141.0 }, "geometry": { "type": "Point", "coordinates": [ 114.939, 26.515 ] } },
{ "type": "Feature", "properties": { "pt_id": " 16093", "trajectory_id": 16, "北京时间": "2026-05-07 14:00", "lon": 114.967, "lat": 26.431, "height": 1210.0 }, "geometry": { "type": "Point", "coordinates": [ 114.967, 26.431 ] } },
{ "type": "Feature", "properties": { "pt_id": " 16094", "trajectory_id": 16, "北京时间": "2026-05-07 13:00", "lon": 115.006, "lat": 26.358, "height": 1301.0 }, "geometry": { "type": "Point", "coordinates": [ 115.006, 26.358 ] } },
{ "type": "Feature", "properties": { "pt_id": " 16095", "trajectory_id": 16, "北京时间": "2026-05-07 12:00", "lon": 115.07, "lat": 26.292, "height": 1384.0 }, "geometry": { "type": "Point", "coordinates": [ 115.07, 26.292 ] } },
{ "type": "Feature", "properties": { "pt_id": " 16096", "trajectory_id": 16, "北京时间": "2026-05-07 11:00", "lon": 115.171, "lat": 26.231, "height": 1444.0 }, "geometry": { "type": "Point", "coordinates": [ 115.171, 26.231 ] } },
{ "type": "Feature", "properties": { "pt_id": " 16097", "trajectory_id": 16, "北京时间": "2026-05-07 10:00", "lon": 115.284, "lat": 26.176, "height": 1471.0 }, "geometry": { "type": "Point", "coordinates": [ 115.284, 26.176 ] } },
{ "type": "Feature", "properties": { "pt_id": " 16098", "trajectory_id": 16, "北京时间": "2026-05-07 09:00", "lon": 115.391, "lat": 26.127, "height": 1458.0 }, "geometry": { "type": "Point", "coordinates": [ 115.391, 26.127 ] } },
{ "type": "Feature", "properties": { "pt_id": " 16099", "trajectory_id": 16, "北京时间": "2026-05-07 08:00", "lon": 115.507, "lat": 26.089, "height": 1407.0 }, "geometry": { "type": "Point", "coordinates": [ 115.507, 26.089 ] } },
{ "type": "Feature", "properties": { "pt_id": " 16100", "trajectory_id": 16, "北京时间": "2026-05-07 07:00", "lon": 115.627, "lat": 26.065, "height": 1362.0 }, "geometry": { "type": "Point", "coordinates": [ 115.627, 26.065 ] } },
{ "type": "Feature", "properties": { "pt_id": " 16101", "trajectory_id": 16, "北京时间": "2026-05-07 06:00", "lon": 115.743, "lat": 26.057, "height": 1373.0 }, "geometry": { "type": "Point", "coordinates": [ 115.743, 26.057 ] } },
{ "type": "Feature", "properties": { "pt_id": " 16102", "trajectory_id": 16, "北京时间": "2026-05-07 05:00", "lon": 115.855, "lat": 26.069, "height": 1450.0 }, "geometry": { "type": "Point", "coordinates": [ 115.855, 26.069 ] } },
{ "type": "Feature", "properties": { "pt_id": " 16103", "trajectory_id": 16, "北京时间": "2026-05-07 04:00", "lon": 115.965, "lat": 26.081, "height": 1537.0 }, "geometry": { "type": "Point", "coordinates": [ 115.965, 26.081 ] } },
{ "type": "Feature", "properties": { "pt_id": " 16104", "trajectory_id": 16, "北京时间": "2026-05-07 03:00", "lon": 116.082, "lat": 26.083, "height": 1554.0 }, "geometry": { "type": "Point", "coordinates": [ 116.082, 26.083 ] } },
{ "type": "Feature", "properties": { "pt_id": " 16105", "trajectory_id": 16, "北京时间": "2026-05-07 02:00", "lon": 116.216, "lat": 26.08, "height": 1492.0 }, "geometry": { "type": "Point", "coordinates": [ 116.216, 26.08 ] } },
{ "type": "Feature", "properties": { "pt_id": " 16106", "trajectory_id": 16, "北京时间": "2026-05-07 01:00", "lon": 116.358, "lat": 26.086, "height": 1435.0 }, "geometry": { "type": "Point", "coordinates": [ 116.358, 26.086 ] } },
{ "type": "Feature", "properties": { "pt_id": " 16107", "trajectory_id": 16, "北京时间": "2026-05-07 00:00", "lon": 116.498, "lat": 26.117, "height": 1447.0 }, "geometry": { "type": "Point", "coordinates": [ 116.498, 26.117 ] } },
{ "type": "Feature", "properties": { "pt_id": " 16108", "trajectory_id": 16, "北京时间": "2026-05-06 23:00", "lon": 116.644, "lat": 26.17, "height": 1508.0 }, "geometry": { "type": "Point", "coordinates": [ 116.644, 26.17 ] } },
{ "type": "Feature", "properties": { "pt_id": " 17000", "trajectory_id": 17, "北京时间": "2026-05-08 23:00", "lon": 113.942, "lat": 30.907, "height": 10.0 }, "geometry": { "type": "Point", "coordinates": [ 113.942, 30.907 ] } },
{ "type": "Feature", "properties": { "pt_id": " 17065", "trajectory_id": 17, "北京时间": "2026-05-08 22:00", "lon": 114.038, "lat": 30.775, "height": 5.0 }, "geometry": { "type": "Point", "coordinates": [ 114.038, 30.775 ] } },
{ "type": "Feature", "properties": { "pt_id": " 17066", "trajectory_id": 17, "北京时间": "2026-05-08 21:00", "lon": 114.125, "lat": 30.647, "height": 1.0 }, "geometry": { "type": "Point", "coordinates": [ 114.125, 30.647 ] } },
{ "type": "Feature", "properties": { "pt_id": " 17067", "trajectory_id": 17, "北京时间": "2026-05-08 20:00", "lon": 114.202, "lat": 30.532, "height": 0.0 }, "geometry": { "type": "Point", "coordinates": [ 114.202, 30.532 ] } },
{ "type": "Feature", "properties": { "pt_id": " 17068", "trajectory_id": 17, "北京时间": "2026-05-08 19:00", "lon": 114.264, "lat": 30.417, "height": 0.0 }, "geometry": { "type": "Point", "coordinates": [ 114.264, 30.417 ] } },
{ "type": "Feature", "properties": { "pt_id": " 17069", "trajectory_id": 17, "北京时间": "2026-05-08 18:00", "lon": 114.326, "lat": 30.299, "height": 0.0 }, "geometry": { "type": "Point", "coordinates": [ 114.326, 30.299 ] } },
{ "type": "Feature", "properties": { "pt_id": " 17070", "trajectory_id": 17, "北京时间": "2026-05-08 17:00", "lon": 114.384, "lat": 30.186, "height": 3.0 }, "geometry": { "type": "Point", "coordinates": [ 114.384, 30.186 ] } },
{ "type": "Feature", "properties": { "pt_id": " 17071", "trajectory_id": 17, "北京时间": "2026-05-08 16:00", "lon": 114.436, "lat": 30.073, "height": 24.0 }, "geometry": { "type": "Point", "coordinates": [ 114.436, 30.073 ] } },
{ "type": "Feature", "properties": { "pt_id": " 17072", "trajectory_id": 17, "北京时间": "2026-05-08 15:00", "lon": 114.491, "lat": 29.927, "height": 79.0 }, "geometry": { "type": "Point", "coordinates": [ 114.491, 29.927 ] } },
{ "type": "Feature", "properties": { "pt_id": " 17073", "trajectory_id": 17, "北京时间": "2026-05-08 14:00", "lon": 114.525, "lat": 29.761, "height": 158.0 }, "geometry": { "type": "Point", "coordinates": [ 114.525, 29.761 ] } },
{ "type": "Feature", "properties": { "pt_id": " 17074", "trajectory_id": 17, "北京时间": "2026-05-08 13:00", "lon": 114.544, "lat": 29.548, "height": 349.0 }, "geometry": { "type": "Point", "coordinates": [ 114.544, 29.548 ] } },
{ "type": "Feature", "properties": { "pt_id": " 17075", "trajectory_id": 17, "北京时间": "2026-05-08 12:00", "lon": 114.562, "lat": 29.305, "height": 542.0 }, "geometry": { "type": "Point", "coordinates": [ 114.562, 29.305 ] } },
{ "type": "Feature", "properties": { "pt_id": " 17076", "trajectory_id": 17, "北京时间": "2026-05-08 11:00", "lon": 114.585, "lat": 29.092, "height": 475.0 }, "geometry": { "type": "Point", "coordinates": [ 114.585, 29.092 ] } },
{ "type": "Feature", "properties": { "pt_id": " 17077", "trajectory_id": 17, "北京时间": "2026-05-08 10:00", "lon": 114.615, "lat": 28.922, "height": 628.0 }, "geometry": { "type": "Point", "coordinates": [ 114.615, 28.922 ] } },
{ "type": "Feature", "properties": { "pt_id": " 17078", "trajectory_id": 17, "北京时间": "2026-05-08 09:00", "lon": 114.626, "lat": 28.787, "height": 861.0 }, "geometry": { "type": "Point", "coordinates": [ 114.626, 28.787 ] } },
{ "type": "Feature", "properties": { "pt_id": " 17079", "trajectory_id": 17, "北京时间": "2026-05-08 08:00", "lon": 114.616, "lat": 28.681, "height": 1096.0 }, "geometry": { "type": "Point", "coordinates": [ 114.616, 28.681 ] } },
{ "type": "Feature", "properties": { "pt_id": " 17080", "trajectory_id": 17, "北京时间": "2026-05-08 07:00", "lon": 114.586, "lat": 28.595, "height": 1278.0 }, "geometry": { "type": "Point", "coordinates": [ 114.586, 28.595 ] } },
{ "type": "Feature", "properties": { "pt_id": " 17081", "trajectory_id": 17, "北京时间": "2026-05-08 06:00", "lon": 114.543, "lat": 28.529, "height": 1442.0 }, "geometry": { "type": "Point", "coordinates": [ 114.543, 28.529 ] } },
{ "type": "Feature", "properties": { "pt_id": " 17082", "trajectory_id": 17, "北京时间": "2026-05-08 05:00", "lon": 114.487, "lat": 28.477, "height": 1582.0 }, "geometry": { "type": "Point", "coordinates": [ 114.487, 28.477 ] } },
{ "type": "Feature", "properties": { "pt_id": " 17083", "trajectory_id": 17, "北京时间": "2026-05-08 04:00", "lon": 114.419, "lat": 28.43, "height": 1677.0 }, "geometry": { "type": "Point", "coordinates": [ 114.419, 28.43 ] } },
{ "type": "Feature", "properties": { "pt_id": " 17084", "trajectory_id": 17, "北京时间": "2026-05-08 03:00", "lon": 114.343, "lat": 28.392, "height": 1739.0 }, "geometry": { "type": "Point", "coordinates": [ 114.343, 28.392 ] } },
{ "type": "Feature", "properties": { "pt_id": " 17085", "trajectory_id": 17, "北京时间": "2026-05-08 02:00", "lon": 114.262, "lat": 28.364, "height": 1777.0 }, "geometry": { "type": "Point", "coordinates": [ 114.262, 28.364 ] } },
{ "type": "Feature", "properties": { "pt_id": " 17086", "trajectory_id": 17, "北京时间": "2026-05-08 01:00", "lon": 114.178, "lat": 28.333, "height": 1793.0 }, "geometry": { "type": "Point", "coordinates": [ 114.178, 28.333 ] } },
{ "type": "Feature", "properties": { "pt_id": " 17087", "trajectory_id": 17, "北京时间": "2026-05-08 00:00", "lon": 114.088, "lat": 28.296, "height": 1789.0 }, "geometry": { "type": "Point", "coordinates": [ 114.088, 28.296 ] } },
{ "type": "Feature", "properties": { "pt_id": " 17088", "trajectory_id": 17, "北京时间": "2026-05-07 23:00", "lon": 113.985, "lat": 28.241, "height": 1759.0 }, "geometry": { "type": "Point", "coordinates": [ 113.985, 28.241 ] } },
{ "type": "Feature", "properties": { "pt_id": " 17089", "trajectory_id": 17, "北京时间": "2026-05-07 22:00", "lon": 113.871, "lat": 28.167, "height": 1714.0 }, "geometry": { "type": "Point", "coordinates": [ 113.871, 28.167 ] } },
{ "type": "Feature", "properties": { "pt_id": " 17090", "trajectory_id": 17, "北京时间": "2026-05-07 21:00", "lon": 113.75, "lat": 28.062, "height": 1680.0 }, "geometry": { "type": "Point", "coordinates": [ 113.75, 28.062 ] } },
{ "type": "Feature", "properties": { "pt_id": " 17091", "trajectory_id": 17, "北京时间": "2026-05-07 20:00", "lon": 113.634, "lat": 27.936, "height": 1693.0 }, "geometry": { "type": "Point", "coordinates": [ 113.634, 27.936 ] } },
{ "type": "Feature", "properties": { "pt_id": " 17092", "trajectory_id": 17, "北京时间": "2026-05-07 19:00", "lon": 113.522, "lat": 27.809, "height": 1757.0 }, "geometry": { "type": "Point", "coordinates": [ 113.522, 27.809 ] } },
{ "type": "Feature", "properties": { "pt_id": " 17093", "trajectory_id": 17, "北京时间": "2026-05-07 18:00", "lon": 113.419, "lat": 27.673, "height": 1823.0 }, "geometry": { "type": "Point", "coordinates": [ 113.419, 27.673 ] } },
{ "type": "Feature", "properties": { "pt_id": " 17094", "trajectory_id": 17, "北京时间": "2026-05-07 17:00", "lon": 113.331, "lat": 27.535, "height": 1891.0 }, "geometry": { "type": "Point", "coordinates": [ 113.331, 27.535 ] } },
{ "type": "Feature", "properties": { "pt_id": " 17095", "trajectory_id": 17, "北京时间": "2026-05-07 16:00", "lon": 113.26, "lat": 27.406, "height": 1946.0 }, "geometry": { "type": "Point", "coordinates": [ 113.26, 27.406 ] } },
{ "type": "Feature", "properties": { "pt_id": " 17096", "trajectory_id": 17, "北京时间": "2026-05-07 15:00", "lon": 113.217, "lat": 27.279, "height": 1955.0 }, "geometry": { "type": "Point", "coordinates": [ 113.217, 27.279 ] } },
{ "type": "Feature", "properties": { "pt_id": " 17097", "trajectory_id": 17, "北京时间": "2026-05-07 14:00", "lon": 113.215, "lat": 27.156, "height": 1935.0 }, "geometry": { "type": "Point", "coordinates": [ 113.215, 27.156 ] } },
{ "type": "Feature", "properties": { "pt_id": " 17098", "trajectory_id": 17, "北京时间": "2026-05-07 13:00", "lon": 113.244, "lat": 27.043, "height": 1917.0 }, "geometry": { "type": "Point", "coordinates": [ 113.244, 27.043 ] } },
{ "type": "Feature", "properties": { "pt_id": " 17099", "trajectory_id": 17, "北京时间": "2026-05-07 12:00", "lon": 113.308, "lat": 26.946, "height": 1906.0 }, "geometry": { "type": "Point", "coordinates": [ 113.308, 26.946 ] } },
{ "type": "Feature", "properties": { "pt_id": " 17100", "trajectory_id": 17, "北京时间": "2026-05-07 11:00", "lon": 113.388, "lat": 26.876, "height": 1906.0 }, "geometry": { "type": "Point", "coordinates": [ 113.388, 26.876 ] } },
{ "type": "Feature", "properties": { "pt_id": " 17101", "trajectory_id": 17, "北京时间": "2026-05-07 10:00", "lon": 113.462, "lat": 26.83, "height": 1914.0 }, "geometry": { "type": "Point", "coordinates": [ 113.462, 26.83 ] } },
{ "type": "Feature", "properties": { "pt_id": " 17102", "trajectory_id": 17, "北京时间": "2026-05-07 09:00", "lon": 113.528, "lat": 26.803, "height": 1925.0 }, "geometry": { "type": "Point", "coordinates": [ 113.528, 26.803 ] } },
{ "type": "Feature", "properties": { "pt_id": " 17103", "trajectory_id": 17, "北京时间": "2026-05-07 08:00", "lon": 113.571, "lat": 26.789, "height": 1952.0 }, "geometry": { "type": "Point", "coordinates": [ 113.571, 26.789 ] } },
{ "type": "Feature", "properties": { "pt_id": " 17104", "trajectory_id": 17, "北京时间": "2026-05-07 07:00", "lon": 113.587, "lat": 26.783, "height": 2008.0 }, "geometry": { "type": "Point", "coordinates": [ 113.587, 26.783 ] } },
{ "type": "Feature", "properties": { "pt_id": " 17105", "trajectory_id": 17, "北京时间": "2026-05-07 06:00", "lon": 113.574, "lat": 26.78, "height": 2080.0 }, "geometry": { "type": "Point", "coordinates": [ 113.574, 26.78 ] } },
{ "type": "Feature", "properties": { "pt_id": " 17106", "trajectory_id": 17, "北京时间": "2026-05-07 05:00", "lon": 113.544, "lat": 26.774, "height": 2132.0 }, "geometry": { "type": "Point", "coordinates": [ 113.544, 26.774 ] } },
{ "type": "Feature", "properties": { "pt_id": " 17107", "trajectory_id": 17, "北京时间": "2026-05-07 04:00", "lon": 113.509, "lat": 26.762, "height": 2156.0 }, "geometry": { "type": "Point", "coordinates": [ 113.509, 26.762 ] } },
{ "type": "Feature", "properties": { "pt_id": " 17108", "trajectory_id": 17, "北京时间": "2026-05-07 03:00", "lon": 113.475, "lat": 26.748, "height": 2164.0 }, "geometry": { "type": "Point", "coordinates": [ 113.475, 26.748 ] } },
{ "type": "Feature", "properties": { "pt_id": " 17109", "trajectory_id": 17, "北京时间": "2026-05-07 02:00", "lon": 113.451, "lat": 26.739, "height": 2156.0 }, "geometry": { "type": "Point", "coordinates": [ 113.451, 26.739 ] } },
{ "type": "Feature", "properties": { "pt_id": " 17110", "trajectory_id": 17, "北京时间": "2026-05-07 01:00", "lon": 113.442, "lat": 26.742, "height": 2121.0 }, "geometry": { "type": "Point", "coordinates": [ 113.442, 26.742 ] } },
{ "type": "Feature", "properties": { "pt_id": " 17111", "trajectory_id": 17, "北京时间": "2026-05-07 00:00", "lon": 113.445, "lat": 26.753, "height": 2054.0 }, "geometry": { "type": "Point", "coordinates": [ 113.445, 26.753 ] } },
{ "type": "Feature", "properties": { "pt_id": " 17112", "trajectory_id": 17, "北京时间": "2026-05-06 23:00", "lon": 113.448, "lat": 26.781, "height": 1996.0 }, "geometry": { "type": "Point", "coordinates": [ 113.448, 26.781 ] } },
{ "type": "Feature", "properties": { "pt_id": " 18000", "trajectory_id": 18, "北京时间": "2026-05-08 23:00", "lon": 113.942, "lat": 30.907, "height": 10.0 }, "geometry": { "type": "Point", "coordinates": [ 113.942, 30.907 ] } },
{ "type": "Feature", "properties": { "pt_id": " 18069", "trajectory_id": 18, "北京时间": "2026-05-08 22:00", "lon": 114.025, "lat": 30.786, "height": 7.0 }, "geometry": { "type": "Point", "coordinates": [ 114.025, 30.786 ] } },
{ "type": "Feature", "properties": { "pt_id": " 18070", "trajectory_id": 18, "北京时间": "2026-05-08 21:00", "lon": 114.092, "lat": 30.665, "height": 6.0 }, "geometry": { "type": "Point", "coordinates": [ 114.092, 30.665 ] } },
{ "type": "Feature", "properties": { "pt_id": " 18071", "trajectory_id": 18, "北京时间": "2026-05-08 20:00", "lon": 114.147, "lat": 30.555, "height": 7.0 }, "geometry": { "type": "Point", "coordinates": [ 114.147, 30.555 ] } },
{ "type": "Feature", "properties": { "pt_id": " 18072", "trajectory_id": 18, "北京时间": "2026-05-08 19:00", "lon": 114.191, "lat": 30.46, "height": 10.0 }, "geometry": { "type": "Point", "coordinates": [ 114.191, 30.46 ] } },
{ "type": "Feature", "properties": { "pt_id": " 18073", "trajectory_id": 18, "北京时间": "2026-05-08 18:00", "lon": 114.23, "lat": 30.371, "height": 13.0 }, "geometry": { "type": "Point", "coordinates": [ 114.23, 30.371 ] } },
{ "type": "Feature", "properties": { "pt_id": " 18074", "trajectory_id": 18, "北京时间": "2026-05-08 17:00", "lon": 114.263, "lat": 30.283, "height": 11.0 }, "geometry": { "type": "Point", "coordinates": [ 114.263, 30.283 ] } },
{ "type": "Feature", "properties": { "pt_id": " 18075", "trajectory_id": 18, "北京时间": "2026-05-08 16:00", "lon": 114.281, "lat": 30.201, "height": 6.0 }, "geometry": { "type": "Point", "coordinates": [ 114.281, 30.201 ] } },
{ "type": "Feature", "properties": { "pt_id": " 18076", "trajectory_id": 18, "北京时间": "2026-05-08 15:00", "lon": 114.287, "lat": 30.122, "height": 3.0 }, "geometry": { "type": "Point", "coordinates": [ 114.287, 30.122 ] } },
{ "type": "Feature", "properties": { "pt_id": " 18077", "trajectory_id": 18, "北京时间": "2026-05-08 14:00", "lon": 114.273, "lat": 30.044, "height": 5.0 }, "geometry": { "type": "Point", "coordinates": [ 114.273, 30.044 ] } },
{ "type": "Feature", "properties": { "pt_id": " 18078", "trajectory_id": 18, "北京时间": "2026-05-08 13:00", "lon": 114.24, "lat": 29.972, "height": 10.0 }, "geometry": { "type": "Point", "coordinates": [ 114.24, 29.972 ] } },
{ "type": "Feature", "properties": { "pt_id": " 18079", "trajectory_id": 18, "北京时间": "2026-05-08 12:00", "lon": 114.199, "lat": 29.896, "height": 28.0 }, "geometry": { "type": "Point", "coordinates": [ 114.199, 29.896 ] } },
{ "type": "Feature", "properties": { "pt_id": " 18080", "trajectory_id": 18, "北京时间": "2026-05-08 11:00", "lon": 114.153, "lat": 29.804, "height": 65.0 }, "geometry": { "type": "Point", "coordinates": [ 114.153, 29.804 ] } },
{ "type": "Feature", "properties": { "pt_id": " 18081", "trajectory_id": 18, "北京时间": "2026-05-08 10:00", "lon": 114.099, "lat": 29.69, "height": 124.0 }, "geometry": { "type": "Point", "coordinates": [ 114.099, 29.69 ] } },
{ "type": "Feature", "properties": { "pt_id": " 18082", "trajectory_id": 18, "北京时间": "2026-05-08 09:00", "lon": 114.05, "lat": 29.562, "height": 179.0 }, "geometry": { "type": "Point", "coordinates": [ 114.05, 29.562 ] } },
{ "type": "Feature", "properties": { "pt_id": " 18083", "trajectory_id": 18, "北京时间": "2026-05-08 08:00", "lon": 114.011, "lat": 29.428, "height": 242.0 }, "geometry": { "type": "Point", "coordinates": [ 114.011, 29.428 ] } },
{ "type": "Feature", "properties": { "pt_id": " 18084", "trajectory_id": 18, "北京时间": "2026-05-08 07:00", "lon": 114.001, "lat": 29.3, "height": 344.0 }, "geometry": { "type": "Point", "coordinates": [ 114.001, 29.3 ] } },
{ "type": "Feature", "properties": { "pt_id": " 18085", "trajectory_id": 18, "北京时间": "2026-05-08 06:00", "lon": 114.012, "lat": 29.191, "height": 476.0 }, "geometry": { "type": "Point", "coordinates": [ 114.012, 29.191 ] } },
{ "type": "Feature", "properties": { "pt_id": " 18086", "trajectory_id": 18, "北京时间": "2026-05-08 05:00", "lon": 114.017, "lat": 29.09, "height": 576.0 }, "geometry": { "type": "Point", "coordinates": [ 114.017, 29.09 ] } },
{ "type": "Feature", "properties": { "pt_id": " 18087", "trajectory_id": 18, "北京时间": "2026-05-08 04:00", "lon": 114.006, "lat": 28.984, "height": 643.0 }, "geometry": { "type": "Point", "coordinates": [ 114.006, 28.984 ] } },
{ "type": "Feature", "properties": { "pt_id": " 18088", "trajectory_id": 18, "北京时间": "2026-05-08 03:00", "lon": 113.979, "lat": 28.865, "height": 682.0 }, "geometry": { "type": "Point", "coordinates": [ 113.979, 28.865 ] } },
{ "type": "Feature", "properties": { "pt_id": " 18089", "trajectory_id": 18, "北京时间": "2026-05-08 02:00", "lon": 113.947, "lat": 28.735, "height": 682.0 }, "geometry": { "type": "Point", "coordinates": [ 113.947, 28.735 ] } },
{ "type": "Feature", "properties": { "pt_id": " 18090", "trajectory_id": 18, "北京时间": "2026-05-08 01:00", "lon": 113.91, "lat": 28.605, "height": 693.0 }, "geometry": { "type": "Point", "coordinates": [ 113.91, 28.605 ] } },
{ "type": "Feature", "properties": { "pt_id": " 18091", "trajectory_id": 18, "北京时间": "2026-05-08 00:00", "lon": 113.867, "lat": 28.471, "height": 764.0 }, "geometry": { "type": "Point", "coordinates": [ 113.867, 28.471 ] } },
{ "type": "Feature", "properties": { "pt_id": " 18092", "trajectory_id": 18, "北京时间": "2026-05-07 23:00", "lon": 113.823, "lat": 28.321, "height": 839.0 }, "geometry": { "type": "Point", "coordinates": [ 113.823, 28.321 ] } },
{ "type": "Feature", "properties": { "pt_id": " 18093", "trajectory_id": 18, "北京时间": "2026-05-07 22:00", "lon": 113.786, "lat": 28.158, "height": 880.0 }, "geometry": { "type": "Point", "coordinates": [ 113.786, 28.158 ] } },
{ "type": "Feature", "properties": { "pt_id": " 18094", "trajectory_id": 18, "北京时间": "2026-05-07 21:00", "lon": 113.771, "lat": 27.994, "height": 945.0 }, "geometry": { "type": "Point", "coordinates": [ 113.771, 27.994 ] } },
{ "type": "Feature", "properties": { "pt_id": " 18095", "trajectory_id": 18, "北京时间": "2026-05-07 20:00", "lon": 113.775, "lat": 27.839, "height": 1026.0 }, "geometry": { "type": "Point", "coordinates": [ 113.775, 27.839 ] } },
{ "type": "Feature", "properties": { "pt_id": " 18096", "trajectory_id": 18, "北京时间": "2026-05-07 19:00", "lon": 113.78, "lat": 27.693, "height": 1097.0 }, "geometry": { "type": "Point", "coordinates": [ 113.78, 27.693 ] } },
{ "type": "Feature", "properties": { "pt_id": " 18097", "trajectory_id": 18, "北京时间": "2026-05-07 18:00", "lon": 113.796, "lat": 27.57, "height": 1161.0 }, "geometry": { "type": "Point", "coordinates": [ 113.796, 27.57 ] } },
{ "type": "Feature", "properties": { "pt_id": " 18098", "trajectory_id": 18, "北京时间": "2026-05-07 17:00", "lon": 113.838, "lat": 27.473, "height": 1203.0 }, "geometry": { "type": "Point", "coordinates": [ 113.838, 27.473 ] } },
{ "type": "Feature", "properties": { "pt_id": " 18099", "trajectory_id": 18, "北京时间": "2026-05-07 16:00", "lon": 113.891, "lat": 27.395, "height": 1203.0 }, "geometry": { "type": "Point", "coordinates": [ 113.891, 27.395 ] } },
{ "type": "Feature", "properties": { "pt_id": " 18100", "trajectory_id": 18, "北京时间": "2026-05-07 15:00", "lon": 113.946, "lat": 27.334, "height": 1042.0 }, "geometry": { "type": "Point", "coordinates": [ 113.946, 27.334 ] } },
{ "type": "Feature", "properties": { "pt_id": " 18101", "trajectory_id": 18, "北京时间": "2026-05-07 14:00", "lon": 113.992, "lat": 27.277, "height": 654.0 }, "geometry": { "type": "Point", "coordinates": [ 113.992, 27.277 ] } },
{ "type": "Feature", "properties": { "pt_id": " 18102", "trajectory_id": 18, "北京时间": "2026-05-07 13:00", "lon": 114.035, "lat": 27.195, "height": 298.0 }, "geometry": { "type": "Point", "coordinates": [ 114.035, 27.195 ] } },
{ "type": "Feature", "properties": { "pt_id": " 18103", "trajectory_id": 18, "北京时间": "2026-05-07 12:00", "lon": 114.078, "lat": 27.115, "height": 138.0 }, "geometry": { "type": "Point", "coordinates": [ 114.078, 27.115 ] } },
{ "type": "Feature", "properties": { "pt_id": " 18104", "trajectory_id": 18, "北京时间": "2026-05-07 11:00", "lon": 114.128, "lat": 27.053, "height": 97.0 }, "geometry": { "type": "Point", "coordinates": [ 114.128, 27.053 ] } },
{ "type": "Feature", "properties": { "pt_id": " 18105", "trajectory_id": 18, "北京时间": "2026-05-07 10:00", "lon": 114.181, "lat": 27.03, "height": 85.0 }, "geometry": { "type": "Point", "coordinates": [ 114.181, 27.03 ] } },
{ "type": "Feature", "properties": { "pt_id": " 18106", "trajectory_id": 18, "北京时间": "2026-05-07 09:00", "lon": 114.235, "lat": 27.034, "height": 70.0 }, "geometry": { "type": "Point", "coordinates": [ 114.235, 27.034 ] } },
{ "type": "Feature", "properties": { "pt_id": " 18107", "trajectory_id": 18, "北京时间": "2026-05-07 08:00", "lon": 114.292, "lat": 27.054, "height": 48.0 }, "geometry": { "type": "Point", "coordinates": [ 114.292, 27.054 ] } },
{ "type": "Feature", "properties": { "pt_id": " 18108", "trajectory_id": 18, "北京时间": "2026-05-07 07:00", "lon": 114.351, "lat": 27.088, "height": 15.0 }, "geometry": { "type": "Point", "coordinates": [ 114.351, 27.088 ] } },
{ "type": "Feature", "properties": { "pt_id": " 18109", "trajectory_id": 18, "北京时间": "2026-05-07 06:00", "lon": 114.402, "lat": 27.122, "height": 0.0 }, "geometry": { "type": "Point", "coordinates": [ 114.402, 27.122 ] } },
{ "type": "Feature", "properties": { "pt_id": " 18110", "trajectory_id": 18, "北京时间": "2026-05-07 05:00", "lon": 114.437, "lat": 27.151, "height": 0.0 }, "geometry": { "type": "Point", "coordinates": [ 114.437, 27.151 ] } },
{ "type": "Feature", "properties": { "pt_id": " 18111", "trajectory_id": 18, "北京时间": "2026-05-07 04:00", "lon": 114.456, "lat": 27.177, "height": 0.0 }, "geometry": { "type": "Point", "coordinates": [ 114.456, 27.177 ] } },
{ "type": "Feature", "properties": { "pt_id": " 18112", "trajectory_id": 18, "北京时间": "2026-05-07 03:00", "lon": 114.467, "lat": 27.201, "height": 0.0 }, "geometry": { "type": "Point", "coordinates": [ 114.467, 27.201 ] } },
{ "type": "Feature", "properties": { "pt_id": " 18113", "trajectory_id": 18, "北京时间": "2026-05-07 02:00", "lon": 114.478, "lat": 27.224, "height": 0.0 }, "geometry": { "type": "Point", "coordinates": [ 114.478, 27.224 ] } },
{ "type": "Feature", "properties": { "pt_id": " 18114", "trajectory_id": 18, "北京时间": "2026-05-07 01:00", "lon": 114.488, "lat": 27.246, "height": 0.0 }, "geometry": { "type": "Point", "coordinates": [ 114.488, 27.246 ] } },
{ "type": "Feature", "properties": { "pt_id": " 18115", "trajectory_id": 18, "北京时间": "2026-05-07 00:00", "lon": 114.495, "lat": 27.27, "height": 1.0 }, "geometry": { "type": "Point", "coordinates": [ 114.495, 27.27 ] } },
{ "type": "Feature", "properties": { "pt_id": " 18116", "trajectory_id": 18, "北京时间": "2026-05-06 23:00", "lon": 114.498, "lat": 27.302, "height": 7.0 }, "geometry": { "type": "Point", "coordinates": [ 114.498, 27.302 ] } },
{ "type": "Feature", "properties": { "pt_id": " 19000", "trajectory_id": 19, "北京时间": "2026-05-08 23:00", "lon": 113.942, "lat": 30.907, "height": 10.0 }, "geometry": { "type": "Point", "coordinates": [ 113.942, 30.907 ] } },
{ "type": "Feature", "properties": { "pt_id": " 19073", "trajectory_id": 19, "北京时间": "2026-05-08 22:00", "lon": 113.98, "lat": 30.788, "height": 8.0 }, "geometry": { "type": "Point", "coordinates": [ 113.98, 30.788 ] } },
{ "type": "Feature", "properties": { "pt_id": " 19074", "trajectory_id": 19, "北京时间": "2026-05-08 21:00", "lon": 113.985, "lat": 30.667, "height": 7.0 }, "geometry": { "type": "Point", "coordinates": [ 113.985, 30.667 ] } },
{ "type": "Feature", "properties": { "pt_id": " 19075", "trajectory_id": 19, "北京时间": "2026-05-08 20:00", "lon": 113.966, "lat": 30.555, "height": 7.0 }, "geometry": { "type": "Point", "coordinates": [ 113.966, 30.555 ] } },
{ "type": "Feature", "properties": { "pt_id": " 19076", "trajectory_id": 19, "北京时间": "2026-05-08 19:00", "lon": 113.935, "lat": 30.443, "height": 7.0 }, "geometry": { "type": "Point", "coordinates": [ 113.935, 30.443 ] } },
{ "type": "Feature", "properties": { "pt_id": " 19077", "trajectory_id": 19, "北京时间": "2026-05-08 18:00", "lon": 113.894, "lat": 30.321, "height": 7.0 }, "geometry": { "type": "Point", "coordinates": [ 113.894, 30.321 ] } },
{ "type": "Feature", "properties": { "pt_id": " 19078", "trajectory_id": 19, "北京时间": "2026-05-08 17:00", "lon": 113.841, "lat": 30.191, "height": 8.0 }, "geometry": { "type": "Point", "coordinates": [ 113.841, 30.191 ] } },
{ "type": "Feature", "properties": { "pt_id": " 19079", "trajectory_id": 19, "北京时间": "2026-05-08 16:00", "lon": 113.773, "lat": 30.062, "height": 10.0 }, "geometry": { "type": "Point", "coordinates": [ 113.773, 30.062 ] } },
{ "type": "Feature", "properties": { "pt_id": " 19080", "trajectory_id": 19, "北京时间": "2026-05-08 15:00", "lon": 113.701, "lat": 29.931, "height": 12.0 }, "geometry": { "type": "Point", "coordinates": [ 113.701, 29.931 ] } },
{ "type": "Feature", "properties": { "pt_id": " 19081", "trajectory_id": 19, "北京时间": "2026-05-08 14:00", "lon": 113.632, "lat": 29.78, "height": 26.0 }, "geometry": { "type": "Point", "coordinates": [ 113.632, 29.78 ] } },
{ "type": "Feature", "properties": { "pt_id": " 19082", "trajectory_id": 19, "北京时间": "2026-05-08 13:00", "lon": 113.558, "lat": 29.603, "height": 66.0 }, "geometry": { "type": "Point", "coordinates": [ 113.558, 29.603 ] } },
{ "type": "Feature", "properties": { "pt_id": " 19083", "trajectory_id": 19, "北京时间": "2026-05-08 12:00", "lon": 113.486, "lat": 29.393, "height": 143.0 }, "geometry": { "type": "Point", "coordinates": [ 113.486, 29.393 ] } },
{ "type": "Feature", "properties": { "pt_id": " 19084", "trajectory_id": 19, "北京时间": "2026-05-08 11:00", "lon": 113.44, "lat": 29.178, "height": 162.0 }, "geometry": { "type": "Point", "coordinates": [ 113.44, 29.178 ] } },
{ "type": "Feature", "properties": { "pt_id": " 19085", "trajectory_id": 19, "北京时间": "2026-05-08 10:00", "lon": 113.44, "lat": 28.975, "height": 211.0 }, "geometry": { "type": "Point", "coordinates": [ 113.44, 28.975 ] } },
{ "type": "Feature", "properties": { "pt_id": " 19086", "trajectory_id": 19, "北京时间": "2026-05-08 09:00", "lon": 113.482, "lat": 28.802, "height": 259.0 }, "geometry": { "type": "Point", "coordinates": [ 113.482, 28.802 ] } },
{ "type": "Feature", "properties": { "pt_id": " 19087", "trajectory_id": 19, "北京时间": "2026-05-08 08:00", "lon": 113.553, "lat": 28.676, "height": 269.0 }, "geometry": { "type": "Point", "coordinates": [ 113.553, 28.676 ] } },
{ "type": "Feature", "properties": { "pt_id": " 19088", "trajectory_id": 19, "北京时间": "2026-05-08 07:00", "lon": 113.623, "lat": 28.571, "height": 305.0 }, "geometry": { "type": "Point", "coordinates": [ 113.623, 28.571 ] } },
{ "type": "Feature", "properties": { "pt_id": " 19089", "trajectory_id": 19, "北京时间": "2026-05-08 06:00", "lon": 113.674, "lat": 28.462, "height": 378.0 }, "geometry": { "type": "Point", "coordinates": [ 113.674, 28.462 ] } },
{ "type": "Feature", "properties": { "pt_id": " 19090", "trajectory_id": 19, "北京时间": "2026-05-08 05:00", "lon": 113.708, "lat": 28.357, "height": 474.0 }, "geometry": { "type": "Point", "coordinates": [ 113.708, 28.357 ] } },
{ "type": "Feature", "properties": { "pt_id": " 19091", "trajectory_id": 19, "北京时间": "2026-05-08 04:00", "lon": 113.738, "lat": 28.236, "height": 537.0 }, "geometry": { "type": "Point", "coordinates": [ 113.738, 28.236 ] } },
{ "type": "Feature", "properties": { "pt_id": " 19092", "trajectory_id": 19, "北京时间": "2026-05-08 03:00", "lon": 113.789, "lat": 28.112, "height": 568.0 }, "geometry": { "type": "Point", "coordinates": [ 113.789, 28.112 ] } },
{ "type": "Feature", "properties": { "pt_id": " 19093", "trajectory_id": 19, "北京时间": "2026-05-08 02:00", "lon": 113.842, "lat": 27.987, "height": 619.0 }, "geometry": { "type": "Point", "coordinates": [ 113.842, 27.987 ] } },
{ "type": "Feature", "properties": { "pt_id": " 19094", "trajectory_id": 19, "北京时间": "2026-05-08 01:00", "lon": 113.888, "lat": 27.864, "height": 679.0 }, "geometry": { "type": "Point", "coordinates": [ 113.888, 27.864 ] } },
{ "type": "Feature", "properties": { "pt_id": " 19095", "trajectory_id": 19, "北京时间": "2026-05-08 00:00", "lon": 113.935, "lat": 27.752, "height": 697.0 }, "geometry": { "type": "Point", "coordinates": [ 113.935, 27.752 ] } },
{ "type": "Feature", "properties": { "pt_id": " 19096", "trajectory_id": 19, "北京时间": "2026-05-07 23:00", "lon": 113.986, "lat": 27.643, "height": 717.0 }, "geometry": { "type": "Point", "coordinates": [ 113.986, 27.643 ] } },
{ "type": "Feature", "properties": { "pt_id": " 19097", "trajectory_id": 19, "北京时间": "2026-05-07 22:00", "lon": 114.054, "lat": 27.535, "height": 797.0 }, "geometry": { "type": "Point", "coordinates": [ 114.054, 27.535 ] } },
{ "type": "Feature", "properties": { "pt_id": " 19098", "trajectory_id": 19, "北京时间": "2026-05-07 21:00", "lon": 114.132, "lat": 27.44, "height": 851.0 }, "geometry": { "type": "Point", "coordinates": [ 114.132, 27.44 ] } },
{ "type": "Feature", "properties": { "pt_id": " 19099", "trajectory_id": 19, "北京时间": "2026-05-07 20:00", "lon": 114.216, "lat": 27.36, "height": 808.0 }, "geometry": { "type": "Point", "coordinates": [ 114.216, 27.36 ] } },
{ "type": "Feature", "properties": { "pt_id": " 19100", "trajectory_id": 19, "北京时间": "2026-05-07 19:00", "lon": 114.311, "lat": 27.279, "height": 668.0 }, "geometry": { "type": "Point", "coordinates": [ 114.311, 27.279 ] } },
{ "type": "Feature", "properties": { "pt_id": " 19101", "trajectory_id": 19, "北京时间": "2026-05-07 18:00", "lon": 114.4, "lat": 27.167, "height": 524.0 }, "geometry": { "type": "Point", "coordinates": [ 114.4, 27.167 ] } },
{ "type": "Feature", "properties": { "pt_id": " 19102", "trajectory_id": 19, "北京时间": "2026-05-07 17:00", "lon": 114.483, "lat": 27.047, "height": 546.0 }, "geometry": { "type": "Point", "coordinates": [ 114.483, 27.047 ] } },
{ "type": "Feature", "properties": { "pt_id": " 19103", "trajectory_id": 19, "北京时间": "2026-05-07 16:00", "lon": 114.552, "lat": 26.965, "height": 686.0 }, "geometry": { "type": "Point", "coordinates": [ 114.552, 26.965 ] } },
{ "type": "Feature", "properties": { "pt_id": " 19104", "trajectory_id": 19, "北京时间": "2026-05-07 15:00", "lon": 114.601, "lat": 26.921, "height": 791.0 }, "geometry": { "type": "Point", "coordinates": [ 114.601, 26.921 ] } },
{ "type": "Feature", "properties": { "pt_id": " 19105", "trajectory_id": 19, "北京时间": "2026-05-07 14:00", "lon": 114.634, "lat": 26.897, "height": 843.0 }, "geometry": { "type": "Point", "coordinates": [ 114.634, 26.897 ] } },
{ "type": "Feature", "properties": { "pt_id": " 19106", "trajectory_id": 19, "北京时间": "2026-05-07 13:00", "lon": 114.663, "lat": 26.888, "height": 866.0 }, "geometry": { "type": "Point", "coordinates": [ 114.663, 26.888 ] } },
{ "type": "Feature", "properties": { "pt_id": " 19107", "trajectory_id": 19, "北京时间": "2026-05-07 12:00", "lon": 114.699, "lat": 26.895, "height": 890.0 }, "geometry": { "type": "Point", "coordinates": [ 114.699, 26.895 ] } },
{ "type": "Feature", "properties": { "pt_id": " 19108", "trajectory_id": 19, "北京时间": "2026-05-07 11:00", "lon": 114.748, "lat": 26.917, "height": 908.0 }, "geometry": { "type": "Point", "coordinates": [ 114.748, 26.917 ] } },
{ "type": "Feature", "properties": { "pt_id": " 19109", "trajectory_id": 19, "北京时间": "2026-05-07 10:00", "lon": 114.816, "lat": 26.95, "height": 945.0 }, "geometry": { "type": "Point", "coordinates": [ 114.816, 26.95 ] } },
{ "type": "Feature", "properties": { "pt_id": " 19110", "trajectory_id": 19, "北京时间": "2026-05-07 09:00", "lon": 114.901, "lat": 26.985, "height": 1013.0 }, "geometry": { "type": "Point", "coordinates": [ 114.901, 26.985 ] } },
{ "type": "Feature", "properties": { "pt_id": " 19111", "trajectory_id": 19, "北京时间": "2026-05-07 08:00", "lon": 114.997, "lat": 27.019, "height": 1050.0 }, "geometry": { "type": "Point", "coordinates": [ 114.997, 27.019 ] } },
{ "type": "Feature", "properties": { "pt_id": " 19112", "trajectory_id": 19, "北京时间": "2026-05-07 07:00", "lon": 115.089, "lat": 27.057, "height": 1080.0 }, "geometry": { "type": "Point", "coordinates": [ 115.089, 27.057 ] } },
{ "type": "Feature", "properties": { "pt_id": " 19113", "trajectory_id": 19, "北京时间": "2026-05-07 06:00", "lon": 115.155, "lat": 27.114, "height": 1119.0 }, "geometry": { "type": "Point", "coordinates": [ 115.155, 27.114 ] } },
{ "type": "Feature", "properties": { "pt_id": " 19114", "trajectory_id": 19, "北京时间": "2026-05-07 05:00", "lon": 115.202, "lat": 27.183, "height": 1102.0 }, "geometry": { "type": "Point", "coordinates": [ 115.202, 27.183 ] } },
{ "type": "Feature", "properties": { "pt_id": " 19115", "trajectory_id": 19, "北京时间": "2026-05-07 04:00", "lon": 115.249, "lat": 27.262, "height": 1056.0 }, "geometry": { "type": "Point", "coordinates": [ 115.249, 27.262 ] } },
{ "type": "Feature", "properties": { "pt_id": " 19116", "trajectory_id": 19, "北京时间": "2026-05-07 03:00", "lon": 115.301, "lat": 27.361, "height": 1034.0 }, "geometry": { "type": "Point", "coordinates": [ 115.301, 27.361 ] } },
{ "type": "Feature", "properties": { "pt_id": " 19117", "trajectory_id": 19, "北京时间": "2026-05-07 02:00", "lon": 115.36, "lat": 27.485, "height": 1023.0 }, "geometry": { "type": "Point", "coordinates": [ 115.36, 27.485 ] } },
{ "type": "Feature", "properties": { "pt_id": " 19118", "trajectory_id": 19, "北京时间": "2026-05-07 01:00", "lon": 115.423, "lat": 27.62, "height": 1021.0 }, "geometry": { "type": "Point", "coordinates": [ 115.423, 27.62 ] } },
{ "type": "Feature", "properties": { "pt_id": " 19119", "trajectory_id": 19, "北京时间": "2026-05-07 00:00", "lon": 115.482, "lat": 27.758, "height": 1058.0 }, "geometry": { "type": "Point", "coordinates": [ 115.482, 27.758 ] } },
{ "type": "Feature", "properties": { "pt_id": " 19120", "trajectory_id": 19, "北京时间": "2026-05-06 23:00", "lon": 115.531, "lat": 27.902, "height": 1119.0 }, "geometry": { "type": "Point", "coordinates": [ 115.531, 27.902 ] } },
{ "type": "Feature", "properties": { "pt_id": " 20000", "trajectory_id": 20, "北京时间": "2026-05-08 23:00", "lon": 113.942, "lat": 30.907, "height": 10.0 }, "geometry": { "type": "Point", "coordinates": [ 113.942, 30.907 ] } },
{ "type": "Feature", "properties": { "pt_id": " 20077", "trajectory_id": 20, "北京时间": "2026-05-08 22:00", "lon": 113.907, "lat": 30.757, "height": 9.0 }, "geometry": { "type": "Point", "coordinates": [ 113.907, 30.757 ] } },
{ "type": "Feature", "properties": { "pt_id": " 20078", "trajectory_id": 20, "北京时间": "2026-05-08 21:00", "lon": 113.865, "lat": 30.6, "height": 9.0 }, "geometry": { "type": "Point", "coordinates": [ 113.865, 30.6 ] } },
{ "type": "Feature", "properties": { "pt_id": " 20079", "trajectory_id": 20, "北京时间": "2026-05-08 20:00", "lon": 113.818, "lat": 30.442, "height": 9.0 }, "geometry": { "type": "Point", "coordinates": [ 113.818, 30.442 ] } },
{ "type": "Feature", "properties": { "pt_id": " 20080", "trajectory_id": 20, "北京时间": "2026-05-08 19:00", "lon": 113.766, "lat": 30.284, "height": 9.0 }, "geometry": { "type": "Point", "coordinates": [ 113.766, 30.284 ] } },
{ "type": "Feature", "properties": { "pt_id": " 20081", "trajectory_id": 20, "北京时间": "2026-05-08 18:00", "lon": 113.711, "lat": 30.126, "height": 9.0 }, "geometry": { "type": "Point", "coordinates": [ 113.711, 30.126 ] } },
{ "type": "Feature", "properties": { "pt_id": " 20082", "trajectory_id": 20, "北京时间": "2026-05-08 17:00", "lon": 113.656, "lat": 29.969, "height": 10.0 }, "geometry": { "type": "Point", "coordinates": [ 113.656, 29.969 ] } },
{ "type": "Feature", "properties": { "pt_id": " 20083", "trajectory_id": 20, "北京时间": "2026-05-08 16:00", "lon": 113.595, "lat": 29.806, "height": 24.0 }, "geometry": { "type": "Point", "coordinates": [ 113.595, 29.806 ] } },
{ "type": "Feature", "properties": { "pt_id": " 20084", "trajectory_id": 20, "北京时间": "2026-05-08 15:00", "lon": 113.524, "lat": 29.613, "height": 66.0 }, "geometry": { "type": "Point", "coordinates": [ 113.524, 29.613 ] } },
{ "type": "Feature", "properties": { "pt_id": " 20085", "trajectory_id": 20, "北京时间": "2026-05-08 14:00", "lon": 113.475, "lat": 29.398, "height": 157.0 }, "geometry": { "type": "Point", "coordinates": [ 113.475, 29.398 ] } },
{ "type": "Feature", "properties": { "pt_id": " 20086", "trajectory_id": 20, "北京时间": "2026-05-08 13:00", "lon": 113.473, "lat": 29.212, "height": 216.0 }, "geometry": { "type": "Point", "coordinates": [ 113.473, 29.212 ] } },
{ "type": "Feature", "properties": { "pt_id": " 20087", "trajectory_id": 20, "北京时间": "2026-05-08 12:00", "lon": 113.516, "lat": 29.035, "height": 306.0 }, "geometry": { "type": "Point", "coordinates": [ 113.516, 29.035 ] } },
{ "type": "Feature", "properties": { "pt_id": " 20088", "trajectory_id": 20, "北京时间": "2026-05-08 11:00", "lon": 113.566, "lat": 28.841, "height": 397.0 }, "geometry": { "type": "Point", "coordinates": [ 113.566, 28.841 ] } },
{ "type": "Feature", "properties": { "pt_id": " 20089", "trajectory_id": 20, "北京时间": "2026-05-08 10:00", "lon": 113.62, "lat": 28.689, "height": 415.0 }, "geometry": { "type": "Point", "coordinates": [ 113.62, 28.689 ] } },
{ "type": "Feature", "properties": { "pt_id": " 20090", "trajectory_id": 20, "北京时间": "2026-05-08 09:00", "lon": 113.662, "lat": 28.558, "height": 470.0 }, "geometry": { "type": "Point", "coordinates": [ 113.662, 28.558 ] } },
{ "type": "Feature", "properties": { "pt_id": " 20091", "trajectory_id": 20, "北京时间": "2026-05-08 08:00", "lon": 113.684, "lat": 28.419, "height": 560.0 }, "geometry": { "type": "Point", "coordinates": [ 113.684, 28.419 ] } },
{ "type": "Feature", "properties": { "pt_id": " 20092", "trajectory_id": 20, "北京时间": "2026-05-08 07:00", "lon": 113.703, "lat": 28.263, "height": 610.0 }, "geometry": { "type": "Point", "coordinates": [ 113.703, 28.263 ] } },
{ "type": "Feature", "properties": { "pt_id": " 20093", "trajectory_id": 20, "北京时间": "2026-05-08 06:00", "lon": 113.748, "lat": 28.104, "height": 622.0 }, "geometry": { "type": "Point", "coordinates": [ 113.748, 28.104 ] } },
{ "type": "Feature", "properties": { "pt_id": " 20094", "trajectory_id": 20, "北京时间": "2026-05-08 05:00", "lon": 113.802, "lat": 27.956, "height": 657.0 }, "geometry": { "type": "Point", "coordinates": [ 113.802, 27.956 ] } },
{ "type": "Feature", "properties": { "pt_id": " 20095", "trajectory_id": 20, "北京时间": "2026-05-08 04:00", "lon": 113.858, "lat": 27.82, "height": 693.0 }, "geometry": { "type": "Point", "coordinates": [ 113.858, 27.82 ] } },
{ "type": "Feature", "properties": { "pt_id": " 20096", "trajectory_id": 20, "北京时间": "2026-05-08 03:00", "lon": 113.911, "lat": 27.693, "height": 710.0 }, "geometry": { "type": "Point", "coordinates": [ 113.911, 27.693 ] } },
{ "type": "Feature", "properties": { "pt_id": " 20097", "trajectory_id": 20, "北京时间": "2026-05-08 02:00", "lon": 113.975, "lat": 27.58, "height": 760.0 }, "geometry": { "type": "Point", "coordinates": [ 113.975, 27.58 ] } },
{ "type": "Feature", "properties": { "pt_id": " 20098", "trajectory_id": 20, "北京时间": "2026-05-08 01:00", "lon": 114.051, "lat": 27.48, "height": 824.0 }, "geometry": { "type": "Point", "coordinates": [ 114.051, 27.48 ] } },
{ "type": "Feature", "properties": { "pt_id": " 20099", "trajectory_id": 20, "北京时间": "2026-05-08 00:00", "lon": 114.126, "lat": 27.393, "height": 819.0 }, "geometry": { "type": "Point", "coordinates": [ 114.126, 27.393 ] } },
{ "type": "Feature", "properties": { "pt_id": " 20100", "trajectory_id": 20, "北京时间": "2026-05-07 23:00", "lon": 114.208, "lat": 27.315, "height": 686.0 }, "geometry": { "type": "Point", "coordinates": [ 114.208, 27.315 ] } },
{ "type": "Feature", "properties": { "pt_id": " 20101", "trajectory_id": 20, "北京时间": "2026-05-07 22:00", "lon": 114.301, "lat": 27.203, "height": 468.0 }, "geometry": { "type": "Point", "coordinates": [ 114.301, 27.203 ] } },
{ "type": "Feature", "properties": { "pt_id": " 20102", "trajectory_id": 20, "北京时间": "2026-05-07 21:00", "lon": 114.387, "lat": 27.063, "height": 415.0 }, "geometry": { "type": "Point", "coordinates": [ 114.387, 27.063 ] } },
{ "type": "Feature", "properties": { "pt_id": " 20103", "trajectory_id": 20, "北京时间": "2026-05-07 20:00", "lon": 114.462, "lat": 26.96, "height": 512.0 }, "geometry": { "type": "Point", "coordinates": [ 114.462, 26.96 ] } },
{ "type": "Feature", "properties": { "pt_id": " 20104", "trajectory_id": 20, "北京时间": "2026-05-07 19:00", "lon": 114.52, "lat": 26.899, "height": 585.0 }, "geometry": { "type": "Point", "coordinates": [ 114.52, 26.899 ] } },
{ "type": "Feature", "properties": { "pt_id": " 20105", "trajectory_id": 20, "北京时间": "2026-05-07 18:00", "lon": 114.561, "lat": 26.863, "height": 593.0 }, "geometry": { "type": "Point", "coordinates": [ 114.561, 26.863 ] } },
{ "type": "Feature", "properties": { "pt_id": " 20106", "trajectory_id": 20, "北京时间": "2026-05-07 17:00", "lon": 114.593, "lat": 26.849, "height": 576.0 }, "geometry": { "type": "Point", "coordinates": [ 114.593, 26.849 ] } },
{ "type": "Feature", "properties": { "pt_id": " 20107", "trajectory_id": 20, "北京时间": "2026-05-07 16:00", "lon": 114.617, "lat": 26.859, "height": 568.0 }, "geometry": { "type": "Point", "coordinates": [ 114.617, 26.859 ] } },
{ "type": "Feature", "properties": { "pt_id": " 20108", "trajectory_id": 20, "北京时间": "2026-05-07 15:00", "lon": 114.639, "lat": 26.895, "height": 571.0 }, "geometry": { "type": "Point", "coordinates": [ 114.639, 26.895 ] } },
{ "type": "Feature", "properties": { "pt_id": " 20109", "trajectory_id": 20, "北京时间": "2026-05-07 14:00", "lon": 114.669, "lat": 26.94, "height": 596.0 }, "geometry": { "type": "Point", "coordinates": [ 114.669, 26.94 ] } },
{ "type": "Feature", "properties": { "pt_id": " 20110", "trajectory_id": 20, "北京时间": "2026-05-07 13:00", "lon": 114.711, "lat": 26.972, "height": 655.0 }, "geometry": { "type": "Point", "coordinates": [ 114.711, 26.972 ] } },
{ "type": "Feature", "properties": { "pt_id": " 20111", "trajectory_id": 20, "北京时间": "2026-05-07 12:00", "lon": 114.771, "lat": 26.984, "height": 759.0 }, "geometry": { "type": "Point", "coordinates": [ 114.771, 26.984 ] } },
{ "type": "Feature", "properties": { "pt_id": " 20112", "trajectory_id": 20, "北京时间": "2026-05-07 11:00", "lon": 114.851, "lat": 27.001, "height": 840.0 }, "geometry": { "type": "Point", "coordinates": [ 114.851, 27.001 ] } },
{ "type": "Feature", "properties": { "pt_id": " 20113", "trajectory_id": 20, "北京时间": "2026-05-07 10:00", "lon": 114.925, "lat": 27.034, "height": 850.0 }, "geometry": { "type": "Point", "coordinates": [ 114.925, 27.034 ] } },
{ "type": "Feature", "properties": { "pt_id": " 20114", "trajectory_id": 20, "北京时间": "2026-05-07 09:00", "lon": 114.993, "lat": 27.084, "height": 811.0 }, "geometry": { "type": "Point", "coordinates": [ 114.993, 27.084 ] } },
{ "type": "Feature", "properties": { "pt_id": " 20115", "trajectory_id": 20, "北京时间": "2026-05-07 08:00", "lon": 115.072, "lat": 27.151, "height": 757.0 }, "geometry": { "type": "Point", "coordinates": [ 115.072, 27.151 ] } },
{ "type": "Feature", "properties": { "pt_id": " 20116", "trajectory_id": 20, "北京时间": "2026-05-07 07:00", "lon": 115.164, "lat": 27.234, "height": 726.0 }, "geometry": { "type": "Point", "coordinates": [ 115.164, 27.234 ] } },
{ "type": "Feature", "properties": { "pt_id": " 20117", "trajectory_id": 20, "北京时间": "2026-05-07 06:00", "lon": 115.264, "lat": 27.345, "height": 733.0 }, "geometry": { "type": "Point", "coordinates": [ 115.264, 27.345 ] } },
{ "type": "Feature", "properties": { "pt_id": " 20118", "trajectory_id": 20, "北京时间": "2026-05-07 05:00", "lon": 115.373, "lat": 27.477, "height": 739.0 }, "geometry": { "type": "Point", "coordinates": [ 115.373, 27.477 ] } },
{ "type": "Feature", "properties": { "pt_id": " 20119", "trajectory_id": 20, "北京时间": "2026-05-07 04:00", "lon": 115.493, "lat": 27.612, "height": 760.0 }, "geometry": { "type": "Point", "coordinates": [ 115.493, 27.612 ] } },
{ "type": "Feature", "properties": { "pt_id": " 20120", "trajectory_id": 20, "北京时间": "2026-05-07 03:00", "lon": 115.609, "lat": 27.765, "height": 835.0 }, "geometry": { "type": "Point", "coordinates": [ 115.609, 27.765 ] } },
{ "type": "Feature", "properties": { "pt_id": " 20121", "trajectory_id": 20, "北京时间": "2026-05-07 02:00", "lon": 115.7, "lat": 27.933, "height": 852.0 }, "geometry": { "type": "Point", "coordinates": [ 115.7, 27.933 ] } },
{ "type": "Feature", "properties": { "pt_id": " 20122", "trajectory_id": 20, "北京时间": "2026-05-07 01:00", "lon": 115.79, "lat": 28.143, "height": 776.0 }, "geometry": { "type": "Point", "coordinates": [ 115.79, 28.143 ] } },
{ "type": "Feature", "properties": { "pt_id": " 20123", "trajectory_id": 20, "北京时间": "2026-05-07 00:00", "lon": 115.871, "lat": 28.403, "height": 821.0 }, "geometry": { "type": "Point", "coordinates": [ 115.871, 28.403 ] } },
{ "type": "Feature", "properties": { "pt_id": " 20124", "trajectory_id": 20, "北京时间": "2026-05-06 23:00", "lon": 115.886, "lat": 28.655, "height": 1004.0 }, "geometry": { "type": "Point", "coordinates": [ 115.886, 28.655 ] } }
]
}
