{
"type": "FeatureCollection",
"name": "东城轨迹和高度",
"crs": { "type": "name", "properties": { "name": "urn:ogc:def:crs:OGC:1.3:CRS84" } },
"features": [
{ "type": "Feature", "properties": { "pt_id": "  1000", "trajectory_id": 1, "北京时间": "2026-05-18 06:00", "lon": 113.942, "lat": 30.907, "height": 10.0 }, "geometry": { "type": "Point", "coordinates": [ 113.942, 30.907 ] } },
{ "type": "Feature", "properties": { "pt_id": "  1001", "trajectory_id": 1, "北京时间": "2026-05-18 05:00", "lon": 114.092, "lat": 30.824, "height": 10.0 }, "geometry": { "type": "Point", "coordinates": [ 114.092, 30.824 ] } },
{ "type": "Feature", "properties": { "pt_id": "  1002", "trajectory_id": 1, "北京时间": "2026-05-18 04:00", "lon": 114.229, "lat": 30.747, "height": 10.0 }, "geometry": { "type": "Point", "coordinates": [ 114.229, 30.747 ] } },
{ "type": "Feature", "properties": { "pt_id": "  1003", "trajectory_id": 1, "北京时间": "2026-05-18 03:00", "lon": 114.352, "lat": 30.686, "height": 10.0 }, "geometry": { "type": "Point", "coordinates": [ 114.352, 30.686 ] } },
{ "type": "Feature", "properties": { "pt_id": "  1004", "trajectory_id": 1, "北京时间": "2026-05-18 02:00", "lon": 114.453, "lat": 30.653, "height": 9.0 }, "geometry": { "type": "Point", "coordinates": [ 114.453, 30.653 ] } },
{ "type": "Feature", "properties": { "pt_id": "  1005", "trajectory_id": 1, "北京时间": "2026-05-18 01:00", "lon": 114.548, "lat": 30.635, "height": 7.0 }, "geometry": { "type": "Point", "coordinates": [ 114.548, 30.635 ] } },
{ "type": "Feature", "properties": { "pt_id": "  1006", "trajectory_id": 1, "北京时间": "2026-05-18 00:00", "lon": 114.658, "lat": 30.62, "height": 6.0 }, "geometry": { "type": "Point", "coordinates": [ 114.658, 30.62 ] } },
{ "type": "Feature", "properties": { "pt_id": "  1007", "trajectory_id": 1, "北京时间": "2026-05-17 23:00", "lon": 114.779, "lat": 30.607, "height": 7.0 }, "geometry": { "type": "Point", "coordinates": [ 114.779, 30.607 ] } },
{ "type": "Feature", "properties": { "pt_id": "  1008", "trajectory_id": 1, "北京时间": "2026-05-17 22:00", "lon": 114.919, "lat": 30.586, "height": 13.0 }, "geometry": { "type": "Point", "coordinates": [ 114.919, 30.586 ] } },
{ "type": "Feature", "properties": { "pt_id": "  1009", "trajectory_id": 1, "北京时间": "2026-05-17 21:00", "lon": 115.089, "lat": 30.544, "height": 25.0 }, "geometry": { "type": "Point", "coordinates": [ 115.089, 30.544 ] } },
{ "type": "Feature", "properties": { "pt_id": "  1010", "trajectory_id": 1, "北京时间": "2026-05-17 20:00", "lon": 115.272, "lat": 30.499, "height": 52.0 }, "geometry": { "type": "Point", "coordinates": [ 115.272, 30.499 ] } },
{ "type": "Feature", "properties": { "pt_id": "  1011", "trajectory_id": 1, "北京时间": "2026-05-17 19:00", "lon": 115.453, "lat": 30.429, "height": 118.0 }, "geometry": { "type": "Point", "coordinates": [ 115.453, 30.429 ] } },
{ "type": "Feature", "properties": { "pt_id": "  1012", "trajectory_id": 1, "北京时间": "2026-05-17 18:00", "lon": 115.616, "lat": 30.326, "height": 220.0 }, "geometry": { "type": "Point", "coordinates": [ 115.616, 30.326 ] } },
{ "type": "Feature", "properties": { "pt_id": "  1013", "trajectory_id": 1, "北京时间": "2026-05-17 17:00", "lon": 115.763, "lat": 30.21, "height": 347.0 }, "geometry": { "type": "Point", "coordinates": [ 115.763, 30.21 ] } },
{ "type": "Feature", "properties": { "pt_id": "  1014", "trajectory_id": 1, "北京时间": "2026-05-17 16:00", "lon": 115.864, "lat": 30.052, "height": 386.0 }, "geometry": { "type": "Point", "coordinates": [ 115.864, 30.052 ] } },
{ "type": "Feature", "properties": { "pt_id": "  1015", "trajectory_id": 1, "北京时间": "2026-05-17 15:00", "lon": 115.957, "lat": 29.839, "height": 416.0 }, "geometry": { "type": "Point", "coordinates": [ 115.957, 29.839 ] } },
{ "type": "Feature", "properties": { "pt_id": "  1016", "trajectory_id": 1, "北京时间": "2026-05-17 14:00", "lon": 116.044, "lat": 29.616, "height": 651.0 }, "geometry": { "type": "Point", "coordinates": [ 116.044, 29.616 ] } },
{ "type": "Feature", "properties": { "pt_id": "  1017", "trajectory_id": 1, "北京时间": "2026-05-17 13:00", "lon": 116.125, "lat": 29.39, "height": 806.0 }, "geometry": { "type": "Point", "coordinates": [ 116.125, 29.39 ] } },
{ "type": "Feature", "properties": { "pt_id": "  1018", "trajectory_id": 1, "北京时间": "2026-05-17 12:00", "lon": 116.217, "lat": 29.149, "height": 839.0 }, "geometry": { "type": "Point", "coordinates": [ 116.217, 29.149 ] } },
{ "type": "Feature", "properties": { "pt_id": "  1019", "trajectory_id": 1, "北京时间": "2026-05-17 11:00", "lon": 116.295, "lat": 28.912, "height": 876.0 }, "geometry": { "type": "Point", "coordinates": [ 116.295, 28.912 ] } },
{ "type": "Feature", "properties": { "pt_id": "  1020", "trajectory_id": 1, "北京时间": "2026-05-17 10:00", "lon": 116.356, "lat": 28.675, "height": 887.0 }, "geometry": { "type": "Point", "coordinates": [ 116.356, 28.675 ] } },
{ "type": "Feature", "properties": { "pt_id": "  1021", "trajectory_id": 1, "北京时间": "2026-05-17 09:00", "lon": 116.404, "lat": 28.442, "height": 895.0 }, "geometry": { "type": "Point", "coordinates": [ 116.404, 28.442 ] } },
{ "type": "Feature", "properties": { "pt_id": "  1022", "trajectory_id": 1, "北京时间": "2026-05-17 08:00", "lon": 116.458, "lat": 28.196, "height": 888.0 }, "geometry": { "type": "Point", "coordinates": [ 116.458, 28.196 ] } },
{ "type": "Feature", "properties": { "pt_id": "  1023", "trajectory_id": 1, "北京时间": "2026-05-17 07:00", "lon": 116.544, "lat": 27.939, "height": 905.0 }, "geometry": { "type": "Point", "coordinates": [ 116.544, 27.939 ] } },
{ "type": "Feature", "properties": { "pt_id": "  1024", "trajectory_id": 1, "北京时间": "2026-05-17 06:00", "lon": 116.642, "lat": 27.699, "height": 970.0 }, "geometry": { "type": "Point", "coordinates": [ 116.642, 27.699 ] } },
{ "type": "Feature", "properties": { "pt_id": "  1025", "trajectory_id": 1, "北京时间": "2026-05-17 05:00", "lon": 116.735, "lat": 27.49, "height": 1086.0 }, "geometry": { "type": "Point", "coordinates": [ 116.735, 27.49 ] } },
{ "type": "Feature", "properties": { "pt_id": "  1026", "trajectory_id": 1, "北京时间": "2026-05-17 04:00", "lon": 116.806, "lat": 27.32, "height": 1173.0 }, "geometry": { "type": "Point", "coordinates": [ 116.806, 27.32 ] } },
{ "type": "Feature", "properties": { "pt_id": "  1027", "trajectory_id": 1, "北京时间": "2026-05-17 03:00", "lon": 116.855, "lat": 27.145, "height": 1223.0 }, "geometry": { "type": "Point", "coordinates": [ 116.855, 27.145 ] } },
{ "type": "Feature", "properties": { "pt_id": "  1028", "trajectory_id": 1, "北京时间": "2026-05-17 02:00", "lon": 116.891, "lat": 26.941, "height": 1266.0 }, "geometry": { "type": "Point", "coordinates": [ 116.891, 26.941 ] } },
{ "type": "Feature", "properties": { "pt_id": "  1029", "trajectory_id": 1, "北京时间": "2026-05-17 01:00", "lon": 116.924, "lat": 26.711, "height": 1349.0 }, "geometry": { "type": "Point", "coordinates": [ 116.924, 26.711 ] } },
{ "type": "Feature", "properties": { "pt_id": "  1030", "trajectory_id": 1, "北京时间": "2026-05-17 00:00", "lon": 116.972, "lat": 26.459, "height": 1389.0 }, "geometry": { "type": "Point", "coordinates": [ 116.972, 26.459 ] } },
{ "type": "Feature", "properties": { "pt_id": "  1031", "trajectory_id": 1, "北京时间": "2026-05-16 23:00", "lon": 117.055, "lat": 26.178, "height": 1377.0 }, "geometry": { "type": "Point", "coordinates": [ 117.055, 26.178 ] } },
{ "type": "Feature", "properties": { "pt_id": "  1032", "trajectory_id": 1, "北京时间": "2026-05-16 22:00", "lon": 117.172, "lat": 25.892, "height": 1498.0 }, "geometry": { "type": "Point", "coordinates": [ 117.172, 25.892 ] } },
{ "type": "Feature", "properties": { "pt_id": "  1033", "trajectory_id": 1, "北京时间": "2026-05-16 21:00", "lon": 117.278, "lat": 25.627, "height": 1595.0 }, "geometry": { "type": "Point", "coordinates": [ 117.278, 25.627 ] } },
{ "type": "Feature", "properties": { "pt_id": "  1034", "trajectory_id": 1, "北京时间": "2026-05-16 20:00", "lon": 117.411, "lat": 25.395, "height": 1619.0 }, "geometry": { "type": "Point", "coordinates": [ 117.411, 25.395 ] } },
{ "type": "Feature", "properties": { "pt_id": "  1035", "trajectory_id": 1, "北京时间": "2026-05-16 19:00", "lon": 117.559, "lat": 25.208, "height": 1627.0 }, "geometry": { "type": "Point", "coordinates": [ 117.559, 25.208 ] } },
{ "type": "Feature", "properties": { "pt_id": "  1036", "trajectory_id": 1, "北京时间": "2026-05-16 18:00", "lon": 117.664, "lat": 25.055, "height": 1697.0 }, "geometry": { "type": "Point", "coordinates": [ 117.664, 25.055 ] } },
{ "type": "Feature", "properties": { "pt_id": "  1037", "trajectory_id": 1, "北京时间": "2026-05-16 17:00", "lon": 117.722, "lat": 24.923, "height": 1817.0 }, "geometry": { "type": "Point", "coordinates": [ 117.722, 24.923 ] } },
{ "type": "Feature", "properties": { "pt_id": "  1038", "trajectory_id": 1, "北京时间": "2026-05-16 16:00", "lon": 117.792, "lat": 24.821, "height": 1870.0 }, "geometry": { "type": "Point", "coordinates": [ 117.792, 24.821 ] } },
{ "type": "Feature", "properties": { "pt_id": "  1039", "trajectory_id": 1, "北京时间": "2026-05-16 15:00", "lon": 117.913, "lat": 24.738, "height": 1861.0 }, "geometry": { "type": "Point", "coordinates": [ 117.913, 24.738 ] } },
{ "type": "Feature", "properties": { "pt_id": "  1040", "trajectory_id": 1, "北京时间": "2026-05-16 14:00", "lon": 118.052, "lat": 24.665, "height": 1891.0 }, "geometry": { "type": "Point", "coordinates": [ 118.052, 24.665 ] } },
{ "type": "Feature", "properties": { "pt_id": "  1041", "trajectory_id": 1, "北京时间": "2026-05-16 13:00", "lon": 118.191, "lat": 24.611, "height": 1941.0 }, "geometry": { "type": "Point", "coordinates": [ 118.191, 24.611 ] } },
{ "type": "Feature", "properties": { "pt_id": "  1042", "trajectory_id": 1, "北京时间": "2026-05-16 12:00", "lon": 118.333, "lat": 24.577, "height": 1953.0 }, "geometry": { "type": "Point", "coordinates": [ 118.333, 24.577 ] } },
{ "type": "Feature", "properties": { "pt_id": "  1043", "trajectory_id": 1, "北京时间": "2026-05-16 11:00", "lon": 118.476, "lat": 24.557, "height": 1914.0 }, "geometry": { "type": "Point", "coordinates": [ 118.476, 24.557 ] } },
{ "type": "Feature", "properties": { "pt_id": "  1044", "trajectory_id": 1, "北京时间": "2026-05-16 10:00", "lon": 118.621, "lat": 24.554, "height": 1826.0 }, "geometry": { "type": "Point", "coordinates": [ 118.621, 24.554 ] } },
{ "type": "Feature", "properties": { "pt_id": "  1045", "trajectory_id": 1, "北京时间": "2026-05-16 09:00", "lon": 118.786, "lat": 24.573, "height": 1718.0 }, "geometry": { "type": "Point", "coordinates": [ 118.786, 24.573 ] } },
{ "type": "Feature", "properties": { "pt_id": "  1046", "trajectory_id": 1, "北京时间": "2026-05-16 08:00", "lon": 118.976, "lat": 24.602, "height": 1629.0 }, "geometry": { "type": "Point", "coordinates": [ 118.976, 24.602 ] } },
{ "type": "Feature", "properties": { "pt_id": "  1047", "trajectory_id": 1, "北京时间": "2026-05-16 07:00", "lon": 119.17, "lat": 24.632, "height": 1588.0 }, "geometry": { "type": "Point", "coordinates": [ 119.17, 24.632 ] } },
{ "type": "Feature", "properties": { "pt_id": "  1048", "trajectory_id": 1, "北京时间": "2026-05-16 06:00", "lon": 119.353, "lat": 24.661, "height": 1572.0 }, "geometry": { "type": "Point", "coordinates": [ 119.353, 24.661 ] } },
{ "type": "Feature", "properties": { "pt_id": "  2000", "trajectory_id": 2, "北京时间": "2026-05-18 06:00", "lon": 113.942, "lat": 30.907, "height": 10.0 }, "geometry": { "type": "Point", "coordinates": [ 113.942, 30.907 ] } },
{ "type": "Feature", "properties": { "pt_id": "  2005", "trajectory_id": 2, "北京时间": "2026-05-18 05:00", "lon": 114.108, "lat": 30.849, "height": 11.0 }, "geometry": { "type": "Point", "coordinates": [ 114.108, 30.849 ] } },
{ "type": "Feature", "properties": { "pt_id": "  2006", "trajectory_id": 2, "北京时间": "2026-05-18 04:00", "lon": 114.254, "lat": 30.816, "height": 13.0 }, "geometry": { "type": "Point", "coordinates": [ 114.254, 30.816 ] } },
{ "type": "Feature", "properties": { "pt_id": "  2007", "trajectory_id": 2, "北京时间": "2026-05-18 03:00", "lon": 114.387, "lat": 30.794, "height": 17.0 }, "geometry": { "type": "Point", "coordinates": [ 114.387, 30.794 ] } },
{ "type": "Feature", "properties": { "pt_id": "  2008", "trajectory_id": 2, "北京时间": "2026-05-18 02:00", "lon": 114.53, "lat": 30.755, "height": 24.0 }, "geometry": { "type": "Point", "coordinates": [ 114.53, 30.755 ] } },
{ "type": "Feature", "properties": { "pt_id": "  2009", "trajectory_id": 2, "北京时间": "2026-05-18 01:00", "lon": 114.71, "lat": 30.689, "height": 34.0 }, "geometry": { "type": "Point", "coordinates": [ 114.71, 30.689 ] } },
{ "type": "Feature", "properties": { "pt_id": "  2010", "trajectory_id": 2, "北京时间": "2026-05-18 00:00", "lon": 114.94, "lat": 30.593, "height": 52.0 }, "geometry": { "type": "Point", "coordinates": [ 114.94, 30.593 ] } },
{ "type": "Feature", "properties": { "pt_id": "  2011", "trajectory_id": 2, "北京时间": "2026-05-17 23:00", "lon": 115.177, "lat": 30.459, "height": 71.0 }, "geometry": { "type": "Point", "coordinates": [ 115.177, 30.459 ] } },
{ "type": "Feature", "properties": { "pt_id": "  2012", "trajectory_id": 2, "北京时间": "2026-05-17 22:00", "lon": 115.384, "lat": 30.297, "height": 112.0 }, "geometry": { "type": "Point", "coordinates": [ 115.384, 30.297 ] } },
{ "type": "Feature", "properties": { "pt_id": "  2013", "trajectory_id": 2, "北京时间": "2026-05-17 21:00", "lon": 115.577, "lat": 30.138, "height": 175.0 }, "geometry": { "type": "Point", "coordinates": [ 115.577, 30.138 ] } },
{ "type": "Feature", "properties": { "pt_id": "  2014", "trajectory_id": 2, "北京时间": "2026-05-17 20:00", "lon": 115.715, "lat": 30.001, "height": 169.0 }, "geometry": { "type": "Point", "coordinates": [ 115.715, 30.001 ] } },
{ "type": "Feature", "properties": { "pt_id": "  2015", "trajectory_id": 2, "北京时间": "2026-05-17 19:00", "lon": 115.823, "lat": 29.872, "height": 137.0 }, "geometry": { "type": "Point", "coordinates": [ 115.823, 29.872 ] } },
{ "type": "Feature", "properties": { "pt_id": "  2016", "trajectory_id": 2, "北京时间": "2026-05-17 18:00", "lon": 115.917, "lat": 29.692, "height": 238.0 }, "geometry": { "type": "Point", "coordinates": [ 115.917, 29.692 ] } },
{ "type": "Feature", "properties": { "pt_id": "  2017", "trajectory_id": 2, "北京时间": "2026-05-17 17:00", "lon": 116.012, "lat": 29.522, "height": 437.0 }, "geometry": { "type": "Point", "coordinates": [ 116.012, 29.522 ] } },
{ "type": "Feature", "properties": { "pt_id": "  2018", "trajectory_id": 2, "北京时间": "2026-05-17 16:00", "lon": 116.106, "lat": 29.338, "height": 556.0 }, "geometry": { "type": "Point", "coordinates": [ 116.106, 29.338 ] } },
{ "type": "Feature", "properties": { "pt_id": "  2019", "trajectory_id": 2, "北京时间": "2026-05-17 15:00", "lon": 116.227, "lat": 29.123, "height": 572.0 }, "geometry": { "type": "Point", "coordinates": [ 116.227, 29.123 ] } },
{ "type": "Feature", "properties": { "pt_id": "  2020", "trajectory_id": 2, "北京时间": "2026-05-17 14:00", "lon": 116.349, "lat": 28.917, "height": 588.0 }, "geometry": { "type": "Point", "coordinates": [ 116.349, 28.917 ] } },
{ "type": "Feature", "properties": { "pt_id": "  2021", "trajectory_id": 2, "北京时间": "2026-05-17 13:00", "lon": 116.478, "lat": 28.737, "height": 585.0 }, "geometry": { "type": "Point", "coordinates": [ 116.478, 28.737 ] } },
{ "type": "Feature", "properties": { "pt_id": "  2022", "trajectory_id": 2, "北京时间": "2026-05-17 12:00", "lon": 116.596, "lat": 28.582, "height": 584.0 }, "geometry": { "type": "Point", "coordinates": [ 116.596, 28.582 ] } },
{ "type": "Feature", "properties": { "pt_id": "  2023", "trajectory_id": 2, "北京时间": "2026-05-17 11:00", "lon": 116.71, "lat": 28.444, "height": 601.0 }, "geometry": { "type": "Point", "coordinates": [ 116.71, 28.444 ] } },
{ "type": "Feature", "properties": { "pt_id": "  2024", "trajectory_id": 2, "北京时间": "2026-05-17 10:00", "lon": 116.819, "lat": 28.321, "height": 641.0 }, "geometry": { "type": "Point", "coordinates": [ 116.819, 28.321 ] } },
{ "type": "Feature", "properties": { "pt_id": "  2025", "trajectory_id": 2, "北京时间": "2026-05-17 09:00", "lon": 116.917, "lat": 28.202, "height": 691.0 }, "geometry": { "type": "Point", "coordinates": [ 116.917, 28.202 ] } },
{ "type": "Feature", "properties": { "pt_id": "  2026", "trajectory_id": 2, "北京时间": "2026-05-17 08:00", "lon": 117.013, "lat": 28.07, "height": 771.0 }, "geometry": { "type": "Point", "coordinates": [ 117.013, 28.07 ] } },
{ "type": "Feature", "properties": { "pt_id": "  2027", "trajectory_id": 2, "北京时间": "2026-05-17 07:00", "lon": 117.117, "lat": 27.893, "height": 942.0 }, "geometry": { "type": "Point", "coordinates": [ 117.117, 27.893 ] } },
{ "type": "Feature", "properties": { "pt_id": "  2028", "trajectory_id": 2, "北京时间": "2026-05-17 06:00", "lon": 117.275, "lat": 27.595, "height": 1169.0 }, "geometry": { "type": "Point", "coordinates": [ 117.275, 27.595 ] } },
{ "type": "Feature", "properties": { "pt_id": "  2029", "trajectory_id": 2, "北京时间": "2026-05-17 05:00", "lon": 117.442, "lat": 27.289, "height": 1355.0 }, "geometry": { "type": "Point", "coordinates": [ 117.442, 27.289 ] } },
{ "type": "Feature", "properties": { "pt_id": "  2030", "trajectory_id": 2, "北京时间": "2026-05-17 04:00", "lon": 117.607, "lat": 27.007, "height": 1471.0 }, "geometry": { "type": "Point", "coordinates": [ 117.607, 27.007 ] } },
{ "type": "Feature", "properties": { "pt_id": "  2031", "trajectory_id": 2, "北京时间": "2026-05-17 03:00", "lon": 117.785, "lat": 26.725, "height": 1534.0 }, "geometry": { "type": "Point", "coordinates": [ 117.785, 26.725 ] } },
{ "type": "Feature", "properties": { "pt_id": "  2032", "trajectory_id": 2, "北京时间": "2026-05-17 02:00", "lon": 117.995, "lat": 26.456, "height": 1533.0 }, "geometry": { "type": "Point", "coordinates": [ 117.995, 26.456 ] } },
{ "type": "Feature", "properties": { "pt_id": "  2033", "trajectory_id": 2, "北京时间": "2026-05-17 01:00", "lon": 118.23, "lat": 26.217, "height": 1569.0 }, "geometry": { "type": "Point", "coordinates": [ 118.23, 26.217 ] } },
{ "type": "Feature", "properties": { "pt_id": "  2034", "trajectory_id": 2, "北京时间": "2026-05-17 00:00", "lon": 118.442, "lat": 26.011, "height": 1630.0 }, "geometry": { "type": "Point", "coordinates": [ 118.442, 26.011 ] } },
{ "type": "Feature", "properties": { "pt_id": "  2035", "trajectory_id": 2, "北京时间": "2026-05-16 23:00", "lon": 118.598, "lat": 25.839, "height": 1737.0 }, "geometry": { "type": "Point", "coordinates": [ 118.598, 25.839 ] } },
{ "type": "Feature", "properties": { "pt_id": "  2036", "trajectory_id": 2, "北京时间": "2026-05-16 22:00", "lon": 118.801, "lat": 25.705, "height": 1801.0 }, "geometry": { "type": "Point", "coordinates": [ 118.801, 25.705 ] } },
{ "type": "Feature", "properties": { "pt_id": "  2037", "trajectory_id": 2, "北京时间": "2026-05-16 21:00", "lon": 119.089, "lat": 25.631, "height": 1810.0 }, "geometry": { "type": "Point", "coordinates": [ 119.089, 25.631 ] } },
{ "type": "Feature", "properties": { "pt_id": "  2038", "trajectory_id": 2, "北京时间": "2026-05-16 20:00", "lon": 119.478, "lat": 25.665, "height": 1791.0 }, "geometry": { "type": "Point", "coordinates": [ 119.478, 25.665 ] } },
{ "type": "Feature", "properties": { "pt_id": "  2039", "trajectory_id": 2, "北京时间": "2026-05-16 19:00", "lon": 119.874, "lat": 25.736, "height": 1784.0 }, "geometry": { "type": "Point", "coordinates": [ 119.874, 25.736 ] } },
{ "type": "Feature", "properties": { "pt_id": "  2040", "trajectory_id": 2, "北京时间": "2026-05-16 18:00", "lon": 120.284, "lat": 25.787, "height": 1763.0 }, "geometry": { "type": "Point", "coordinates": [ 120.284, 25.787 ] } },
{ "type": "Feature", "properties": { "pt_id": "  2041", "trajectory_id": 2, "北京时间": "2026-05-16 17:00", "lon": 120.699, "lat": 25.812, "height": 1809.0 }, "geometry": { "type": "Point", "coordinates": [ 120.699, 25.812 ] } },
{ "type": "Feature", "properties": { "pt_id": "  2042", "trajectory_id": 2, "北京时间": "2026-05-16 16:00", "lon": 121.102, "lat": 25.824, "height": 1902.0 }, "geometry": { "type": "Point", "coordinates": [ 121.102, 25.824 ] } },
{ "type": "Feature", "properties": { "pt_id": "  2043", "trajectory_id": 2, "北京时间": "2026-05-16 15:00", "lon": 121.473, "lat": 25.825, "height": 1963.0 }, "geometry": { "type": "Point", "coordinates": [ 121.473, 25.825 ] } },
{ "type": "Feature", "properties": { "pt_id": "  2044", "trajectory_id": 2, "北京时间": "2026-05-16 14:00", "lon": 121.803, "lat": 25.824, "height": 2024.0 }, "geometry": { "type": "Point", "coordinates": [ 121.803, 25.824 ] } },
{ "type": "Feature", "properties": { "pt_id": "  2045", "trajectory_id": 2, "北京时间": "2026-05-16 13:00", "lon": 122.098, "lat": 25.837, "height": 1997.0 }, "geometry": { "type": "Point", "coordinates": [ 122.098, 25.837 ] } },
{ "type": "Feature", "properties": { "pt_id": "  2046", "trajectory_id": 2, "北京时间": "2026-05-16 12:00", "lon": 122.392, "lat": 25.867, "height": 2028.0 }, "geometry": { "type": "Point", "coordinates": [ 122.392, 25.867 ] } },
{ "type": "Feature", "properties": { "pt_id": "  2047", "trajectory_id": 2, "北京时间": "2026-05-16 11:00", "lon": 122.666, "lat": 25.916, "height": 2118.0 }, "geometry": { "type": "Point", "coordinates": [ 122.666, 25.916 ] } },
{ "type": "Feature", "properties": { "pt_id": "  2048", "trajectory_id": 2, "北京时间": "2026-05-16 10:00", "lon": 122.928, "lat": 25.983, "height": 2086.0 }, "geometry": { "type": "Point", "coordinates": [ 122.928, 25.983 ] } },
{ "type": "Feature", "properties": { "pt_id": "  2049", "trajectory_id": 2, "北京时间": "2026-05-16 09:00", "lon": 123.19, "lat": 26.063, "height": 2087.0 }, "geometry": { "type": "Point", "coordinates": [ 123.19, 26.063 ] } },
{ "type": "Feature", "properties": { "pt_id": "  2050", "trajectory_id": 2, "北京时间": "2026-05-16 08:00", "lon": 123.449, "lat": 26.136, "height": 2098.0 }, "geometry": { "type": "Point", "coordinates": [ 123.449, 26.136 ] } },
{ "type": "Feature", "properties": { "pt_id": "  2051", "trajectory_id": 2, "北京时间": "2026-05-16 07:00", "lon": 123.696, "lat": 26.196, "height": 2121.0 }, "geometry": { "type": "Point", "coordinates": [ 123.696, 26.196 ] } },
{ "type": "Feature", "properties": { "pt_id": "  2052", "trajectory_id": 2, "北京时间": "2026-05-16 06:00", "lon": 123.929, "lat": 26.245, "height": 2139.0 }, "geometry": { "type": "Point", "coordinates": [ 123.929, 26.245 ] } },
{ "type": "Feature", "properties": { "pt_id": "  3000", "trajectory_id": 3, "北京时间": "2026-05-18 06:00", "lon": 113.942, "lat": 30.907, "height": 10.0 }, "geometry": { "type": "Point", "coordinates": [ 113.942, 30.907 ] } },
{ "type": "Feature", "properties": { "pt_id": "  3009", "trajectory_id": 3, "北京时间": "2026-05-18 05:00", "lon": 114.121, "lat": 30.884, "height": 12.0 }, "geometry": { "type": "Point", "coordinates": [ 114.121, 30.884 ] } },
{ "type": "Feature", "properties": { "pt_id": "  3010", "trajectory_id": 3, "北京时间": "2026-05-18 04:00", "lon": 114.3, "lat": 30.851, "height": 14.0 }, "geometry": { "type": "Point", "coordinates": [ 114.3, 30.851 ] } },
{ "type": "Feature", "properties": { "pt_id": "  3011", "trajectory_id": 3, "北京时间": "2026-05-18 03:00", "lon": 114.467, "lat": 30.785, "height": 11.0 }, "geometry": { "type": "Point", "coordinates": [ 114.467, 30.785 ] } },
{ "type": "Feature", "properties": { "pt_id": "  3012", "trajectory_id": 3, "北京时间": "2026-05-18 02:00", "lon": 114.615, "lat": 30.68, "height": 8.0 }, "geometry": { "type": "Point", "coordinates": [ 114.615, 30.68 ] } },
{ "type": "Feature", "properties": { "pt_id": "  3013", "trajectory_id": 3, "北京时间": "2026-05-18 01:00", "lon": 114.74, "lat": 30.541, "height": 8.0 }, "geometry": { "type": "Point", "coordinates": [ 114.74, 30.541 ] } },
{ "type": "Feature", "properties": { "pt_id": "  3014", "trajectory_id": 3, "北京时间": "2026-05-18 00:00", "lon": 114.865, "lat": 30.391, "height": 12.0 }, "geometry": { "type": "Point", "coordinates": [ 114.865, 30.391 ] } },
{ "type": "Feature", "properties": { "pt_id": "  3015", "trajectory_id": 3, "北京时间": "2026-05-17 23:00", "lon": 115.025, "lat": 30.229, "height": 34.0 }, "geometry": { "type": "Point", "coordinates": [ 115.025, 30.229 ] } },
{ "type": "Feature", "properties": { "pt_id": "  3016", "trajectory_id": 3, "北京时间": "2026-05-17 22:00", "lon": 115.222, "lat": 30.011, "height": 50.0 }, "geometry": { "type": "Point", "coordinates": [ 115.222, 30.011 ] } },
{ "type": "Feature", "properties": { "pt_id": "  3017", "trajectory_id": 3, "北京时间": "2026-05-17 21:00", "lon": 115.417, "lat": 29.77, "height": 129.0 }, "geometry": { "type": "Point", "coordinates": [ 115.417, 29.77 ] } },
{ "type": "Feature", "properties": { "pt_id": "  3018", "trajectory_id": 3, "北京时间": "2026-05-17 20:00", "lon": 115.632, "lat": 29.522, "height": 182.0 }, "geometry": { "type": "Point", "coordinates": [ 115.632, 29.522 ] } },
{ "type": "Feature", "properties": { "pt_id": "  3019", "trajectory_id": 3, "北京时间": "2026-05-17 19:00", "lon": 115.834, "lat": 29.324, "height": 174.0 }, "geometry": { "type": "Point", "coordinates": [ 115.834, 29.324 ] } },
{ "type": "Feature", "properties": { "pt_id": "  3020", "trajectory_id": 3, "北京时间": "2026-05-17 18:00", "lon": 116.014, "lat": 29.175, "height": 131.0 }, "geometry": { "type": "Point", "coordinates": [ 116.014, 29.175 ] } },
{ "type": "Feature", "properties": { "pt_id": "  3021", "trajectory_id": 3, "北京时间": "2026-05-17 17:00", "lon": 116.181, "lat": 29.024, "height": 124.0 }, "geometry": { "type": "Point", "coordinates": [ 116.181, 29.024 ] } },
{ "type": "Feature", "properties": { "pt_id": "  3022", "trajectory_id": 3, "北京时间": "2026-05-17 16:00", "lon": 116.371, "lat": 28.866, "height": 129.0 }, "geometry": { "type": "Point", "coordinates": [ 116.371, 28.866 ] } },
{ "type": "Feature", "properties": { "pt_id": "  3023", "trajectory_id": 3, "北京时间": "2026-05-17 15:00", "lon": 116.579, "lat": 28.719, "height": 137.0 }, "geometry": { "type": "Point", "coordinates": [ 116.579, 28.719 ] } },
{ "type": "Feature", "properties": { "pt_id": "  3024", "trajectory_id": 3, "北京时间": "2026-05-17 14:00", "lon": 116.829, "lat": 28.576, "height": 174.0 }, "geometry": { "type": "Point", "coordinates": [ 116.829, 28.576 ] } },
{ "type": "Feature", "properties": { "pt_id": "  3025", "trajectory_id": 3, "北京时间": "2026-05-17 13:00", "lon": 117.186, "lat": 28.444, "height": 276.0 }, "geometry": { "type": "Point", "coordinates": [ 117.186, 28.444 ] } },
{ "type": "Feature", "properties": { "pt_id": "  3026", "trajectory_id": 3, "北京时间": "2026-05-17 12:00", "lon": 117.501, "lat": 28.349, "height": 317.0 }, "geometry": { "type": "Point", "coordinates": [ 117.501, 28.349 ] } },
{ "type": "Feature", "properties": { "pt_id": "  3027", "trajectory_id": 3, "北京时间": "2026-05-17 11:00", "lon": 117.734, "lat": 28.269, "height": 364.0 }, "geometry": { "type": "Point", "coordinates": [ 117.734, 28.269 ] } },
{ "type": "Feature", "properties": { "pt_id": "  3028", "trajectory_id": 3, "北京时间": "2026-05-17 10:00", "lon": 117.89, "lat": 28.146, "height": 455.0 }, "geometry": { "type": "Point", "coordinates": [ 117.89, 28.146 ] } },
{ "type": "Feature", "properties": { "pt_id": "  3029", "trajectory_id": 3, "北京时间": "2026-05-17 09:00", "lon": 117.992, "lat": 27.947, "height": 710.0 }, "geometry": { "type": "Point", "coordinates": [ 117.992, 27.947 ] } },
{ "type": "Feature", "properties": { "pt_id": "  3030", "trajectory_id": 3, "北京时间": "2026-05-17 08:00", "lon": 118.085, "lat": 27.734, "height": 845.0 }, "geometry": { "type": "Point", "coordinates": [ 118.085, 27.734 ] } },
{ "type": "Feature", "properties": { "pt_id": "  3031", "trajectory_id": 3, "北京时间": "2026-05-17 07:00", "lon": 118.215, "lat": 27.575, "height": 787.0 }, "geometry": { "type": "Point", "coordinates": [ 118.215, 27.575 ] } },
{ "type": "Feature", "properties": { "pt_id": "  3032", "trajectory_id": 3, "北京时间": "2026-05-17 06:00", "lon": 118.401, "lat": 27.437, "height": 786.0 }, "geometry": { "type": "Point", "coordinates": [ 118.401, 27.437 ] } },
{ "type": "Feature", "properties": { "pt_id": "  3033", "trajectory_id": 3, "北京时间": "2026-05-17 05:00", "lon": 118.649, "lat": 27.286, "height": 936.0 }, "geometry": { "type": "Point", "coordinates": [ 118.649, 27.286 ] } },
{ "type": "Feature", "properties": { "pt_id": "  3034", "trajectory_id": 3, "北京时间": "2026-05-17 04:00", "lon": 118.969, "lat": 27.118, "height": 1066.0 }, "geometry": { "type": "Point", "coordinates": [ 118.969, 27.118 ] } },
{ "type": "Feature", "properties": { "pt_id": "  3035", "trajectory_id": 3, "北京时间": "2026-05-17 03:00", "lon": 119.365, "lat": 26.953, "height": 1280.0 }, "geometry": { "type": "Point", "coordinates": [ 119.365, 26.953 ] } },
{ "type": "Feature", "properties": { "pt_id": "  3036", "trajectory_id": 3, "北京时间": "2026-05-17 02:00", "lon": 119.704, "lat": 26.888, "height": 1210.0 }, "geometry": { "type": "Point", "coordinates": [ 119.704, 26.888 ] } },
{ "type": "Feature", "properties": { "pt_id": "  3037", "trajectory_id": 3, "北京时间": "2026-05-17 01:00", "lon": 120.06, "lat": 26.876, "height": 1176.0 }, "geometry": { "type": "Point", "coordinates": [ 120.06, 26.876 ] } },
{ "type": "Feature", "properties": { "pt_id": "  3038", "trajectory_id": 3, "北京时间": "2026-05-17 00:00", "lon": 120.412, "lat": 26.901, "height": 1090.0 }, "geometry": { "type": "Point", "coordinates": [ 120.412, 26.901 ] } },
{ "type": "Feature", "properties": { "pt_id": "  3039", "trajectory_id": 3, "北京时间": "2026-05-16 23:00", "lon": 120.756, "lat": 26.902, "height": 1052.0 }, "geometry": { "type": "Point", "coordinates": [ 120.756, 26.902 ] } },
{ "type": "Feature", "properties": { "pt_id": "  3040", "trajectory_id": 3, "北京时间": "2026-05-16 22:00", "lon": 121.092, "lat": 26.864, "height": 1086.0 }, "geometry": { "type": "Point", "coordinates": [ 121.092, 26.864 ] } },
{ "type": "Feature", "properties": { "pt_id": "  3041", "trajectory_id": 3, "北京时间": "2026-05-16 21:00", "lon": 121.442, "lat": 26.801, "height": 1095.0 }, "geometry": { "type": "Point", "coordinates": [ 121.442, 26.801 ] } },
{ "type": "Feature", "properties": { "pt_id": "  3042", "trajectory_id": 3, "北京时间": "2026-05-16 20:00", "lon": 121.823, "lat": 26.733, "height": 1121.0 }, "geometry": { "type": "Point", "coordinates": [ 121.823, 26.733 ] } },
{ "type": "Feature", "properties": { "pt_id": "  3043", "trajectory_id": 3, "北京时间": "2026-05-16 19:00", "lon": 122.207, "lat": 26.654, "height": 1233.0 }, "geometry": { "type": "Point", "coordinates": [ 122.207, 26.654 ] } },
{ "type": "Feature", "properties": { "pt_id": "  3044", "trajectory_id": 3, "北京时间": "2026-05-16 18:00", "lon": 122.592, "lat": 26.576, "height": 1322.0 }, "geometry": { "type": "Point", "coordinates": [ 122.592, 26.576 ] } },
{ "type": "Feature", "properties": { "pt_id": "  3045", "trajectory_id": 3, "北京时间": "2026-05-16 17:00", "lon": 122.979, "lat": 26.524, "height": 1418.0 }, "geometry": { "type": "Point", "coordinates": [ 122.979, 26.524 ] } },
{ "type": "Feature", "properties": { "pt_id": "  3046", "trajectory_id": 3, "北京时间": "2026-05-16 16:00", "lon": 123.363, "lat": 26.494, "height": 1484.0 }, "geometry": { "type": "Point", "coordinates": [ 123.363, 26.494 ] } },
{ "type": "Feature", "properties": { "pt_id": "  3047", "trajectory_id": 3, "北京时间": "2026-05-16 15:00", "lon": 123.756, "lat": 26.477, "height": 1478.0 }, "geometry": { "type": "Point", "coordinates": [ 123.756, 26.477 ] } },
{ "type": "Feature", "properties": { "pt_id": "  3048", "trajectory_id": 3, "北京时间": "2026-05-16 14:00", "lon": 124.143, "lat": 26.469, "height": 1480.0 }, "geometry": { "type": "Point", "coordinates": [ 124.143, 26.469 ] } },
{ "type": "Feature", "properties": { "pt_id": "  3049", "trajectory_id": 3, "北京时间": "2026-05-16 13:00", "lon": 124.522, "lat": 26.457, "height": 1516.0 }, "geometry": { "type": "Point", "coordinates": [ 124.522, 26.457 ] } },
{ "type": "Feature", "properties": { "pt_id": "  3050", "trajectory_id": 3, "北京时间": "2026-05-16 12:00", "lon": 124.905, "lat": 26.441, "height": 1594.0 }, "geometry": { "type": "Point", "coordinates": [ 124.905, 26.441 ] } },
{ "type": "Feature", "properties": { "pt_id": "  3051", "trajectory_id": 3, "北京时间": "2026-05-16 11:00", "lon": 125.279, "lat": 26.429, "height": 1678.0 }, "geometry": { "type": "Point", "coordinates": [ 125.279, 26.429 ] } },
{ "type": "Feature", "properties": { "pt_id": "  3052", "trajectory_id": 3, "北京时间": "2026-05-16 10:00", "lon": 125.652, "lat": 26.409, "height": 1790.0 }, "geometry": { "type": "Point", "coordinates": [ 125.652, 26.409 ] } },
{ "type": "Feature", "properties": { "pt_id": "  3053", "trajectory_id": 3, "北京时间": "2026-05-16 09:00", "lon": 126.024, "lat": 26.397, "height": 1844.0 }, "geometry": { "type": "Point", "coordinates": [ 126.024, 26.397 ] } },
{ "type": "Feature", "properties": { "pt_id": "  3054", "trajectory_id": 3, "北京时间": "2026-05-16 08:00", "lon": 126.396, "lat": 26.4, "height": 1903.0 }, "geometry": { "type": "Point", "coordinates": [ 126.396, 26.4 ] } },
{ "type": "Feature", "properties": { "pt_id": "  3055", "trajectory_id": 3, "北京时间": "2026-05-16 07:00", "lon": 126.765, "lat": 26.423, "height": 1962.0 }, "geometry": { "type": "Point", "coordinates": [ 126.765, 26.423 ] } },
{ "type": "Feature", "properties": { "pt_id": "  3056", "trajectory_id": 3, "北京时间": "2026-05-16 06:00", "lon": 127.123, "lat": 26.458, "height": 2017.0 }, "geometry": { "type": "Point", "coordinates": [ 127.123, 26.458 ] } },
{ "type": "Feature", "properties": { "pt_id": "  4000", "trajectory_id": 4, "北京时间": "2026-05-18 06:00", "lon": 113.942, "lat": 30.907, "height": 10.0 }, "geometry": { "type": "Point", "coordinates": [ 113.942, 30.907 ] } },
{ "type": "Feature", "properties": { "pt_id": "  4013", "trajectory_id": 4, "北京时间": "2026-05-18 05:00", "lon": 114.034, "lat": 30.807, "height": 10.0 }, "geometry": { "type": "Point", "coordinates": [ 114.034, 30.807 ] } },
{ "type": "Feature", "properties": { "pt_id": "  4014", "trajectory_id": 4, "北京时间": "2026-05-18 04:00", "lon": 114.099, "lat": 30.69, "height": 8.0 }, "geometry": { "type": "Point", "coordinates": [ 114.099, 30.69 ] } },
{ "type": "Feature", "properties": { "pt_id": "  4015", "trajectory_id": 4, "北京时间": "2026-05-18 03:00", "lon": 114.183, "lat": 30.576, "height": 9.0 }, "geometry": { "type": "Point", "coordinates": [ 114.183, 30.576 ] } },
{ "type": "Feature", "properties": { "pt_id": "  4016", "trajectory_id": 4, "北京时间": "2026-05-18 02:00", "lon": 114.31, "lat": 30.456, "height": 12.0 }, "geometry": { "type": "Point", "coordinates": [ 114.31, 30.456 ] } },
{ "type": "Feature", "properties": { "pt_id": "  4017", "trajectory_id": 4, "北京时间": "2026-05-18 01:00", "lon": 114.454, "lat": 30.331, "height": 8.0 }, "geometry": { "type": "Point", "coordinates": [ 114.454, 30.331 ] } },
{ "type": "Feature", "properties": { "pt_id": "  4018", "trajectory_id": 4, "北京时间": "2026-05-18 00:00", "lon": 114.613, "lat": 30.22, "height": 16.0 }, "geometry": { "type": "Point", "coordinates": [ 114.613, 30.22 ] } },
{ "type": "Feature", "properties": { "pt_id": "  4019", "trajectory_id": 4, "北京时间": "2026-05-17 23:00", "lon": 114.762, "lat": 30.098, "height": 66.0 }, "geometry": { "type": "Point", "coordinates": [ 114.762, 30.098 ] } },
{ "type": "Feature", "properties": { "pt_id": "  4020", "trajectory_id": 4, "北京时间": "2026-05-17 22:00", "lon": 114.894, "lat": 29.969, "height": 139.0 }, "geometry": { "type": "Point", "coordinates": [ 114.894, 29.969 ] } },
{ "type": "Feature", "properties": { "pt_id": "  4021", "trajectory_id": 4, "北京时间": "2026-05-17 21:00", "lon": 115.026, "lat": 29.837, "height": 176.0 }, "geometry": { "type": "Point", "coordinates": [ 115.026, 29.837 ] } },
{ "type": "Feature", "properties": { "pt_id": "  4022", "trajectory_id": 4, "北京时间": "2026-05-17 20:00", "lon": 115.168, "lat": 29.7, "height": 212.0 }, "geometry": { "type": "Point", "coordinates": [ 115.168, 29.7 ] } },
{ "type": "Feature", "properties": { "pt_id": "  4023", "trajectory_id": 4, "北京时间": "2026-05-17 19:00", "lon": 115.357, "lat": 29.525, "height": 247.0 }, "geometry": { "type": "Point", "coordinates": [ 115.357, 29.525 ] } },
{ "type": "Feature", "properties": { "pt_id": "  4024", "trajectory_id": 4, "北京时间": "2026-05-17 18:00", "lon": 115.548, "lat": 29.32, "height": 209.0 }, "geometry": { "type": "Point", "coordinates": [ 115.548, 29.32 ] } },
{ "type": "Feature", "properties": { "pt_id": "  4025", "trajectory_id": 4, "北京时间": "2026-05-17 17:00", "lon": 115.697, "lat": 29.115, "height": 178.0 }, "geometry": { "type": "Point", "coordinates": [ 115.697, 29.115 ] } },
{ "type": "Feature", "properties": { "pt_id": "  4026", "trajectory_id": 4, "北京时间": "2026-05-17 16:00", "lon": 115.803, "lat": 28.909, "height": 159.0 }, "geometry": { "type": "Point", "coordinates": [ 115.803, 28.909 ] } },
{ "type": "Feature", "properties": { "pt_id": "  4027", "trajectory_id": 4, "北京时间": "2026-05-17 15:00", "lon": 115.919, "lat": 28.712, "height": 133.0 }, "geometry": { "type": "Point", "coordinates": [ 115.919, 28.712 ] } },
{ "type": "Feature", "properties": { "pt_id": "  4028", "trajectory_id": 4, "北京时间": "2026-05-17 14:00", "lon": 116.104, "lat": 28.458, "height": 129.0 }, "geometry": { "type": "Point", "coordinates": [ 116.104, 28.458 ] } },
{ "type": "Feature", "properties": { "pt_id": "  4029", "trajectory_id": 4, "北京时间": "2026-05-17 13:00", "lon": 116.343, "lat": 28.17, "height": 152.0 }, "geometry": { "type": "Point", "coordinates": [ 116.343, 28.17 ] } },
{ "type": "Feature", "properties": { "pt_id": "  4030", "trajectory_id": 4, "北京时间": "2026-05-17 12:00", "lon": 116.619, "lat": 27.88, "height": 268.0 }, "geometry": { "type": "Point", "coordinates": [ 116.619, 27.88 ] } },
{ "type": "Feature", "properties": { "pt_id": "  4031", "trajectory_id": 4, "北京时间": "2026-05-17 11:00", "lon": 116.962, "lat": 27.598, "height": 628.0 }, "geometry": { "type": "Point", "coordinates": [ 116.962, 27.598 ] } },
{ "type": "Feature", "properties": { "pt_id": "  4032", "trajectory_id": 4, "北京时间": "2026-05-17 10:00", "lon": 117.355, "lat": 27.314, "height": 950.0 }, "geometry": { "type": "Point", "coordinates": [ 117.355, 27.314 ] } },
{ "type": "Feature", "properties": { "pt_id": "  4033", "trajectory_id": 4, "北京时间": "2026-05-17 09:00", "lon": 117.661, "lat": 27.084, "height": 1096.0 }, "geometry": { "type": "Point", "coordinates": [ 117.661, 27.084 ] } },
{ "type": "Feature", "properties": { "pt_id": "  4034", "trajectory_id": 4, "北京时间": "2026-05-17 08:00", "lon": 117.857, "lat": 26.895, "height": 1125.0 }, "geometry": { "type": "Point", "coordinates": [ 117.857, 26.895 ] } },
{ "type": "Feature", "properties": { "pt_id": "  4035", "trajectory_id": 4, "北京时间": "2026-05-17 07:00", "lon": 118.088, "lat": 26.715, "height": 1194.0 }, "geometry": { "type": "Point", "coordinates": [ 118.088, 26.715 ] } },
{ "type": "Feature", "properties": { "pt_id": "  4036", "trajectory_id": 4, "北京时间": "2026-05-17 06:00", "lon": 118.358, "lat": 26.55, "height": 1223.0 }, "geometry": { "type": "Point", "coordinates": [ 118.358, 26.55 ] } },
{ "type": "Feature", "properties": { "pt_id": "  4037", "trajectory_id": 4, "北京时间": "2026-05-17 05:00", "lon": 118.588, "lat": 26.452, "height": 1219.0 }, "geometry": { "type": "Point", "coordinates": [ 118.588, 26.452 ] } },
{ "type": "Feature", "properties": { "pt_id": "  4038", "trajectory_id": 4, "北京时间": "2026-05-17 04:00", "lon": 118.906, "lat": 26.387, "height": 1281.0 }, "geometry": { "type": "Point", "coordinates": [ 118.906, 26.387 ] } },
{ "type": "Feature", "properties": { "pt_id": "  4039", "trajectory_id": 4, "北京时间": "2026-05-17 03:00", "lon": 119.32, "lat": 26.374, "height": 1337.0 }, "geometry": { "type": "Point", "coordinates": [ 119.32, 26.374 ] } },
{ "type": "Feature", "properties": { "pt_id": "  4040", "trajectory_id": 4, "北京时间": "2026-05-17 02:00", "lon": 119.735, "lat": 26.42, "height": 1340.0 }, "geometry": { "type": "Point", "coordinates": [ 119.735, 26.42 ] } },
{ "type": "Feature", "properties": { "pt_id": "  4041", "trajectory_id": 4, "北京时间": "2026-05-17 01:00", "lon": 120.124, "lat": 26.463, "height": 1320.0 }, "geometry": { "type": "Point", "coordinates": [ 120.124, 26.463 ] } },
{ "type": "Feature", "properties": { "pt_id": "  4042", "trajectory_id": 4, "北京时间": "2026-05-17 00:00", "lon": 120.528, "lat": 26.486, "height": 1247.0 }, "geometry": { "type": "Point", "coordinates": [ 120.528, 26.486 ] } },
{ "type": "Feature", "properties": { "pt_id": "  4043", "trajectory_id": 4, "北京时间": "2026-05-16 23:00", "lon": 120.952, "lat": 26.473, "height": 1244.0 }, "geometry": { "type": "Point", "coordinates": [ 120.952, 26.473 ] } },
{ "type": "Feature", "properties": { "pt_id": "  4044", "trajectory_id": 4, "北京时间": "2026-05-16 22:00", "lon": 121.376, "lat": 26.428, "height": 1297.0 }, "geometry": { "type": "Point", "coordinates": [ 121.376, 26.428 ] } },
{ "type": "Feature", "properties": { "pt_id": "  4045", "trajectory_id": 4, "北京时间": "2026-05-16 21:00", "lon": 121.798, "lat": 26.377, "height": 1298.0 }, "geometry": { "type": "Point", "coordinates": [ 121.798, 26.377 ] } },
{ "type": "Feature", "properties": { "pt_id": "  4046", "trajectory_id": 4, "北京时间": "2026-05-16 20:00", "lon": 122.215, "lat": 26.332, "height": 1400.0 }, "geometry": { "type": "Point", "coordinates": [ 122.215, 26.332 ] } },
{ "type": "Feature", "properties": { "pt_id": "  4047", "trajectory_id": 4, "北京时间": "2026-05-16 19:00", "lon": 122.618, "lat": 26.298, "height": 1408.0 }, "geometry": { "type": "Point", "coordinates": [ 122.618, 26.298 ] } },
{ "type": "Feature", "properties": { "pt_id": "  4048", "trajectory_id": 4, "北京时间": "2026-05-16 18:00", "lon": 123.011, "lat": 26.278, "height": 1427.0 }, "geometry": { "type": "Point", "coordinates": [ 123.011, 26.278 ] } },
{ "type": "Feature", "properties": { "pt_id": "  4049", "trajectory_id": 4, "北京时间": "2026-05-16 17:00", "lon": 123.397, "lat": 26.264, "height": 1442.0 }, "geometry": { "type": "Point", "coordinates": [ 123.397, 26.264 ] } },
{ "type": "Feature", "properties": { "pt_id": "  4050", "trajectory_id": 4, "北京时间": "2026-05-16 16:00", "lon": 123.782, "lat": 26.255, "height": 1448.0 }, "geometry": { "type": "Point", "coordinates": [ 123.782, 26.255 ] } },
{ "type": "Feature", "properties": { "pt_id": "  4051", "trajectory_id": 4, "北京时间": "2026-05-16 15:00", "lon": 124.163, "lat": 26.247, "height": 1430.0 }, "geometry": { "type": "Point", "coordinates": [ 124.163, 26.247 ] } },
{ "type": "Feature", "properties": { "pt_id": "  4052", "trajectory_id": 4, "北京时间": "2026-05-16 14:00", "lon": 124.559, "lat": 26.234, "height": 1461.0 }, "geometry": { "type": "Point", "coordinates": [ 124.559, 26.234 ] } },
{ "type": "Feature", "properties": { "pt_id": "  4053", "trajectory_id": 4, "北京时间": "2026-05-16 13:00", "lon": 124.962, "lat": 26.219, "height": 1477.0 }, "geometry": { "type": "Point", "coordinates": [ 124.962, 26.219 ] } },
{ "type": "Feature", "properties": { "pt_id": "  4054", "trajectory_id": 4, "北京时间": "2026-05-16 12:00", "lon": 125.371, "lat": 26.221, "height": 1523.0 }, "geometry": { "type": "Point", "coordinates": [ 125.371, 26.221 ] } },
{ "type": "Feature", "properties": { "pt_id": "  4055", "trajectory_id": 4, "北京时间": "2026-05-16 11:00", "lon": 125.782, "lat": 26.242, "height": 1568.0 }, "geometry": { "type": "Point", "coordinates": [ 125.782, 26.242 ] } },
{ "type": "Feature", "properties": { "pt_id": "  4056", "trajectory_id": 4, "北京时间": "2026-05-16 10:00", "lon": 126.189, "lat": 26.263, "height": 1628.0 }, "geometry": { "type": "Point", "coordinates": [ 126.189, 26.263 ] } },
{ "type": "Feature", "properties": { "pt_id": "  4057", "trajectory_id": 4, "北京时间": "2026-05-16 09:00", "lon": 126.573, "lat": 26.278, "height": 1707.0 }, "geometry": { "type": "Point", "coordinates": [ 126.573, 26.278 ] } },
{ "type": "Feature", "properties": { "pt_id": "  4058", "trajectory_id": 4, "北京时间": "2026-05-16 08:00", "lon": 126.939, "lat": 26.295, "height": 1784.0 }, "geometry": { "type": "Point", "coordinates": [ 126.939, 26.295 ] } },
{ "type": "Feature", "properties": { "pt_id": "  4059", "trajectory_id": 4, "北京时间": "2026-05-16 07:00", "lon": 127.288, "lat": 26.31, "height": 1873.0 }, "geometry": { "type": "Point", "coordinates": [ 127.288, 26.31 ] } },
{ "type": "Feature", "properties": { "pt_id": "  4060", "trajectory_id": 4, "北京时间": "2026-05-16 06:00", "lon": 127.619, "lat": 26.321, "height": 1908.0 }, "geometry": { "type": "Point", "coordinates": [ 127.619, 26.321 ] } },
{ "type": "Feature", "properties": { "pt_id": "  5000", "trajectory_id": 5, "北京时间": "2026-05-18 06:00", "lon": 113.942, "lat": 30.907, "height": 10.0 }, "geometry": { "type": "Point", "coordinates": [ 113.942, 30.907 ] } },
{ "type": "Feature", "properties": { "pt_id": "  5017", "trajectory_id": 5, "北京时间": "2026-05-18 05:00", "lon": 114.072, "lat": 30.819, "height": 9.0 }, "geometry": { "type": "Point", "coordinates": [ 114.072, 30.819 ] } },
{ "type": "Feature", "properties": { "pt_id": "  5018", "trajectory_id": 5, "北京时间": "2026-05-18 04:00", "lon": 114.212, "lat": 30.721, "height": 8.0 }, "geometry": { "type": "Point", "coordinates": [ 114.212, 30.721 ] } },
{ "type": "Feature", "properties": { "pt_id": "  5019", "trajectory_id": 5, "北京时间": "2026-05-18 03:00", "lon": 114.387, "lat": 30.595, "height": 8.0 }, "geometry": { "type": "Point", "coordinates": [ 114.387, 30.595 ] } },
{ "type": "Feature", "properties": { "pt_id": "  5020", "trajectory_id": 5, "北京时间": "2026-05-18 02:00", "lon": 114.59, "lat": 30.46, "height": 10.0 }, "geometry": { "type": "Point", "coordinates": [ 114.59, 30.46 ] } },
{ "type": "Feature", "properties": { "pt_id": "  5021", "trajectory_id": 5, "北京时间": "2026-05-18 01:00", "lon": 114.801, "lat": 30.338, "height": 22.0 }, "geometry": { "type": "Point", "coordinates": [ 114.801, 30.338 ] } },
{ "type": "Feature", "properties": { "pt_id": "  5022", "trajectory_id": 5, "北京时间": "2026-05-18 00:00", "lon": 115.027, "lat": 30.199, "height": 47.0 }, "geometry": { "type": "Point", "coordinates": [ 115.027, 30.199 ] } },
{ "type": "Feature", "properties": { "pt_id": "  5023", "trajectory_id": 5, "北京时间": "2026-05-17 23:00", "lon": 115.249, "lat": 30.056, "height": 65.0 }, "geometry": { "type": "Point", "coordinates": [ 115.249, 30.056 ] } },
{ "type": "Feature", "properties": { "pt_id": "  5024", "trajectory_id": 5, "北京时间": "2026-05-17 22:00", "lon": 115.455, "lat": 29.933, "height": 71.0 }, "geometry": { "type": "Point", "coordinates": [ 115.455, 29.933 ] } },
{ "type": "Feature", "properties": { "pt_id": "  5025", "trajectory_id": 5, "北京时间": "2026-05-17 21:00", "lon": 115.616, "lat": 29.791, "height": 103.0 }, "geometry": { "type": "Point", "coordinates": [ 115.616, 29.791 ] } },
{ "type": "Feature", "properties": { "pt_id": "  5026", "trajectory_id": 5, "北京时间": "2026-05-17 20:00", "lon": 115.724, "lat": 29.611, "height": 133.0 }, "geometry": { "type": "Point", "coordinates": [ 115.724, 29.611 ] } },
{ "type": "Feature", "properties": { "pt_id": "  5027", "trajectory_id": 5, "北京时间": "2026-05-17 19:00", "lon": 115.867, "lat": 29.395, "height": 168.0 }, "geometry": { "type": "Point", "coordinates": [ 115.867, 29.395 ] } },
{ "type": "Feature", "properties": { "pt_id": "  5028", "trajectory_id": 5, "北京时间": "2026-05-17 18:00", "lon": 115.99, "lat": 29.196, "height": 150.0 }, "geometry": { "type": "Point", "coordinates": [ 115.99, 29.196 ] } },
{ "type": "Feature", "properties": { "pt_id": "  5029", "trajectory_id": 5, "北京时间": "2026-05-17 17:00", "lon": 116.093, "lat": 28.937, "height": 138.0 }, "geometry": { "type": "Point", "coordinates": [ 116.093, 28.937 ] } },
{ "type": "Feature", "properties": { "pt_id": "  5030", "trajectory_id": 5, "北京时间": "2026-05-17 16:00", "lon": 116.206, "lat": 28.632, "height": 124.0 }, "geometry": { "type": "Point", "coordinates": [ 116.206, 28.632 ] } },
{ "type": "Feature", "properties": { "pt_id": "  5031", "trajectory_id": 5, "北京时间": "2026-05-17 15:00", "lon": 116.383, "lat": 28.273, "height": 174.0 }, "geometry": { "type": "Point", "coordinates": [ 116.383, 28.273 ] } },
{ "type": "Feature", "properties": { "pt_id": "  5032", "trajectory_id": 5, "北京时间": "2026-05-17 14:00", "lon": 116.657, "lat": 27.935, "height": 329.0 }, "geometry": { "type": "Point", "coordinates": [ 116.657, 27.935 ] } },
{ "type": "Feature", "properties": { "pt_id": "  5033", "trajectory_id": 5, "北京时间": "2026-05-17 13:00", "lon": 117.031, "lat": 27.626, "height": 742.0 }, "geometry": { "type": "Point", "coordinates": [ 117.031, 27.626 ] } },
{ "type": "Feature", "properties": { "pt_id": "  5034", "trajectory_id": 5, "北京时间": "2026-05-17 12:00", "lon": 117.481, "lat": 27.399, "height": 1025.0 }, "geometry": { "type": "Point", "coordinates": [ 117.481, 27.399 ] } },
{ "type": "Feature", "properties": { "pt_id": "  5035", "trajectory_id": 5, "北京时间": "2026-05-17 11:00", "lon": 117.805, "lat": 27.253, "height": 1112.0 }, "geometry": { "type": "Point", "coordinates": [ 117.805, 27.253 ] } },
{ "type": "Feature", "properties": { "pt_id": "  5036", "trajectory_id": 5, "北京时间": "2026-05-17 10:00", "lon": 118.066, "lat": 27.124, "height": 1119.0 }, "geometry": { "type": "Point", "coordinates": [ 118.066, 27.124 ] } },
{ "type": "Feature", "properties": { "pt_id": "  5037", "trajectory_id": 5, "北京时间": "2026-05-17 09:00", "lon": 118.292, "lat": 27.034, "height": 1218.0 }, "geometry": { "type": "Point", "coordinates": [ 118.292, 27.034 ] } },
{ "type": "Feature", "properties": { "pt_id": "  5038", "trajectory_id": 5, "北京时间": "2026-05-17 08:00", "lon": 118.519, "lat": 26.976, "height": 1327.0 }, "geometry": { "type": "Point", "coordinates": [ 118.519, 26.976 ] } },
{ "type": "Feature", "properties": { "pt_id": "  5039", "trajectory_id": 5, "北京时间": "2026-05-17 07:00", "lon": 118.808, "lat": 26.876, "height": 1423.0 }, "geometry": { "type": "Point", "coordinates": [ 118.808, 26.876 ] } },
{ "type": "Feature", "properties": { "pt_id": "  5040", "trajectory_id": 5, "北京时间": "2026-05-17 06:00", "lon": 119.126, "lat": 26.756, "height": 1496.0 }, "geometry": { "type": "Point", "coordinates": [ 119.126, 26.756 ] } },
{ "type": "Feature", "properties": { "pt_id": "  5041", "trajectory_id": 5, "北京时间": "2026-05-17 05:00", "lon": 119.466, "lat": 26.679, "height": 1648.0 }, "geometry": { "type": "Point", "coordinates": [ 119.466, 26.679 ] } },
{ "type": "Feature", "properties": { "pt_id": "  5042", "trajectory_id": 5, "北京时间": "2026-05-17 04:00", "lon": 119.842, "lat": 26.676, "height": 1695.0 }, "geometry": { "type": "Point", "coordinates": [ 119.842, 26.676 ] } },
{ "type": "Feature", "properties": { "pt_id": "  5043", "trajectory_id": 5, "北京时间": "2026-05-17 03:00", "lon": 120.234, "lat": 26.703, "height": 1650.0 }, "geometry": { "type": "Point", "coordinates": [ 120.234, 26.703 ] } },
{ "type": "Feature", "properties": { "pt_id": "  5044", "trajectory_id": 5, "北京时间": "2026-05-17 02:00", "lon": 120.615, "lat": 26.738, "height": 1596.0 }, "geometry": { "type": "Point", "coordinates": [ 120.615, 26.738 ] } },
{ "type": "Feature", "properties": { "pt_id": "  5045", "trajectory_id": 5, "北京时间": "2026-05-17 01:00", "lon": 120.996, "lat": 26.745, "height": 1641.0 }, "geometry": { "type": "Point", "coordinates": [ 120.996, 26.745 ] } },
{ "type": "Feature", "properties": { "pt_id": "  5046", "trajectory_id": 5, "北京时间": "2026-05-17 00:00", "lon": 121.389, "lat": 26.73, "height": 1652.0 }, "geometry": { "type": "Point", "coordinates": [ 121.389, 26.73 ] } },
{ "type": "Feature", "properties": { "pt_id": "  5047", "trajectory_id": 5, "北京时间": "2026-05-16 23:00", "lon": 121.788, "lat": 26.723, "height": 1653.0 }, "geometry": { "type": "Point", "coordinates": [ 121.788, 26.723 ] } },
{ "type": "Feature", "properties": { "pt_id": "  5048", "trajectory_id": 5, "北京时间": "2026-05-16 22:00", "lon": 122.171, "lat": 26.733, "height": 1752.0 }, "geometry": { "type": "Point", "coordinates": [ 122.171, 26.733 ] } },
{ "type": "Feature", "properties": { "pt_id": "  5049", "trajectory_id": 5, "北京时间": "2026-05-16 21:00", "lon": 122.534, "lat": 26.759, "height": 1790.0 }, "geometry": { "type": "Point", "coordinates": [ 122.534, 26.759 ] } },
{ "type": "Feature", "properties": { "pt_id": "  5050", "trajectory_id": 5, "北京时间": "2026-05-16 20:00", "lon": 122.89, "lat": 26.775, "height": 1751.0 }, "geometry": { "type": "Point", "coordinates": [ 122.89, 26.775 ] } },
{ "type": "Feature", "properties": { "pt_id": "  5051", "trajectory_id": 5, "北京时间": "2026-05-16 19:00", "lon": 123.258, "lat": 26.773, "height": 1717.0 }, "geometry": { "type": "Point", "coordinates": [ 123.258, 26.773 ] } },
{ "type": "Feature", "properties": { "pt_id": "  5052", "trajectory_id": 5, "北京时间": "2026-05-16 18:00", "lon": 123.643, "lat": 26.766, "height": 1757.0 }, "geometry": { "type": "Point", "coordinates": [ 123.643, 26.766 ] } },
{ "type": "Feature", "properties": { "pt_id": "  5053", "trajectory_id": 5, "北京时间": "2026-05-16 17:00", "lon": 124.015, "lat": 26.773, "height": 1844.0 }, "geometry": { "type": "Point", "coordinates": [ 124.015, 26.773 ] } },
{ "type": "Feature", "properties": { "pt_id": "  5054", "trajectory_id": 5, "北京时间": "2026-05-16 16:00", "lon": 124.376, "lat": 26.78, "height": 1825.0 }, "geometry": { "type": "Point", "coordinates": [ 124.376, 26.78 ] } },
{ "type": "Feature", "properties": { "pt_id": "  5055", "trajectory_id": 5, "北京时间": "2026-05-16 15:00", "lon": 124.746, "lat": 26.783, "height": 1837.0 }, "geometry": { "type": "Point", "coordinates": [ 124.746, 26.783 ] } },
{ "type": "Feature", "properties": { "pt_id": "  5056", "trajectory_id": 5, "北京时间": "2026-05-16 14:00", "lon": 125.124, "lat": 26.789, "height": 1870.0 }, "geometry": { "type": "Point", "coordinates": [ 125.124, 26.789 ] } },
{ "type": "Feature", "properties": { "pt_id": "  5057", "trajectory_id": 5, "北京时间": "2026-05-16 13:00", "lon": 125.491, "lat": 26.798, "height": 1938.0 }, "geometry": { "type": "Point", "coordinates": [ 125.491, 26.798 ] } },
{ "type": "Feature", "properties": { "pt_id": "  5058", "trajectory_id": 5, "北京时间": "2026-05-16 12:00", "lon": 125.847, "lat": 26.81, "height": 1980.0 }, "geometry": { "type": "Point", "coordinates": [ 125.847, 26.81 ] } },
{ "type": "Feature", "properties": { "pt_id": "  5059", "trajectory_id": 5, "北京时间": "2026-05-16 11:00", "lon": 126.195, "lat": 26.823, "height": 2021.0 }, "geometry": { "type": "Point", "coordinates": [ 126.195, 26.823 ] } },
{ "type": "Feature", "properties": { "pt_id": "  5060", "trajectory_id": 5, "北京时间": "2026-05-16 10:00", "lon": 126.533, "lat": 26.828, "height": 2016.0 }, "geometry": { "type": "Point", "coordinates": [ 126.533, 26.828 ] } },
{ "type": "Feature", "properties": { "pt_id": "  5061", "trajectory_id": 5, "北京时间": "2026-05-16 09:00", "lon": 126.863, "lat": 26.818, "height": 1946.0 }, "geometry": { "type": "Point", "coordinates": [ 126.863, 26.818 ] } },
{ "type": "Feature", "properties": { "pt_id": "  5062", "trajectory_id": 5, "北京时间": "2026-05-16 08:00", "lon": 127.194, "lat": 26.81, "height": 1843.0 }, "geometry": { "type": "Point", "coordinates": [ 127.194, 26.81 ] } },
{ "type": "Feature", "properties": { "pt_id": "  5063", "trajectory_id": 5, "北京时间": "2026-05-16 07:00", "lon": 127.543, "lat": 26.82, "height": 1763.0 }, "geometry": { "type": "Point", "coordinates": [ 127.543, 26.82 ] } },
{ "type": "Feature", "properties": { "pt_id": "  5064", "trajectory_id": 5, "北京时间": "2026-05-16 06:00", "lon": 127.904, "lat": 26.839, "height": 1833.0 }, "geometry": { "type": "Point", "coordinates": [ 127.904, 26.839 ] } },
{ "type": "Feature", "properties": { "pt_id": "  6000", "trajectory_id": 6, "北京时间": "2026-05-18 06:00", "lon": 113.942, "lat": 30.907, "height": 10.0 }, "geometry": { "type": "Point", "coordinates": [ 113.942, 30.907 ] } },
{ "type": "Feature", "properties": { "pt_id": "  6021", "trajectory_id": 6, "北京时间": "2026-05-18 05:00", "lon": 114.136, "lat": 30.859, "height": 11.0 }, "geometry": { "type": "Point", "coordinates": [ 114.136, 30.859 ] } },
{ "type": "Feature", "properties": { "pt_id": "  6022", "trajectory_id": 6, "北京时间": "2026-05-18 04:00", "lon": 114.346, "lat": 30.786, "height": 10.0 }, "geometry": { "type": "Point", "coordinates": [ 114.346, 30.786 ] } },
{ "type": "Feature", "properties": { "pt_id": "  6023", "trajectory_id": 6, "北京时间": "2026-05-18 03:00", "lon": 114.576, "lat": 30.676, "height": 10.0 }, "geometry": { "type": "Point", "coordinates": [ 114.576, 30.676 ] } },
{ "type": "Feature", "properties": { "pt_id": "  6024", "trajectory_id": 6, "北京时间": "2026-05-18 02:00", "lon": 114.802, "lat": 30.554, "height": 11.0 }, "geometry": { "type": "Point", "coordinates": [ 114.802, 30.554 ] } },
{ "type": "Feature", "properties": { "pt_id": "  6025", "trajectory_id": 6, "北京时间": "2026-05-18 01:00", "lon": 115.021, "lat": 30.406, "height": 16.0 }, "geometry": { "type": "Point", "coordinates": [ 115.021, 30.406 ] } },
{ "type": "Feature", "properties": { "pt_id": "  6026", "trajectory_id": 6, "北京时间": "2026-05-18 00:00", "lon": 115.233, "lat": 30.255, "height": 28.0 }, "geometry": { "type": "Point", "coordinates": [ 115.233, 30.255 ] } },
{ "type": "Feature", "properties": { "pt_id": "  6027", "trajectory_id": 6, "北京时间": "2026-05-17 23:00", "lon": 115.439, "lat": 30.117, "height": 47.0 }, "geometry": { "type": "Point", "coordinates": [ 115.439, 30.117 ] } },
{ "type": "Feature", "properties": { "pt_id": "  6028", "trajectory_id": 6, "北京时间": "2026-05-17 22:00", "lon": 115.616, "lat": 29.977, "height": 57.0 }, "geometry": { "type": "Point", "coordinates": [ 115.616, 29.977 ] } },
{ "type": "Feature", "properties": { "pt_id": "  6029", "trajectory_id": 6, "北京时间": "2026-05-17 21:00", "lon": 115.737, "lat": 29.857, "height": 70.0 }, "geometry": { "type": "Point", "coordinates": [ 115.737, 29.857 ] } },
{ "type": "Feature", "properties": { "pt_id": "  6030", "trajectory_id": 6, "北京时间": "2026-05-17 20:00", "lon": 115.829, "lat": 29.679, "height": 120.0 }, "geometry": { "type": "Point", "coordinates": [ 115.829, 29.679 ] } },
{ "type": "Feature", "properties": { "pt_id": "  6031", "trajectory_id": 6, "北京时间": "2026-05-17 19:00", "lon": 115.907, "lat": 29.471, "height": 168.0 }, "geometry": { "type": "Point", "coordinates": [ 115.907, 29.471 ] } },
{ "type": "Feature", "properties": { "pt_id": "  6032", "trajectory_id": 6, "北京时间": "2026-05-17 18:00", "lon": 115.963, "lat": 29.237, "height": 117.0 }, "geometry": { "type": "Point", "coordinates": [ 115.963, 29.237 ] } },
{ "type": "Feature", "properties": { "pt_id": "  6033", "trajectory_id": 6, "北京时间": "2026-05-17 17:00", "lon": 116.016, "lat": 28.972, "height": 92.0 }, "geometry": { "type": "Point", "coordinates": [ 116.016, 28.972 ] } },
{ "type": "Feature", "properties": { "pt_id": "  6034", "trajectory_id": 6, "北京时间": "2026-05-17 16:00", "lon": 116.104, "lat": 28.671, "height": 112.0 }, "geometry": { "type": "Point", "coordinates": [ 116.104, 28.671 ] } },
{ "type": "Feature", "properties": { "pt_id": "  6035", "trajectory_id": 6, "北京时间": "2026-05-17 15:00", "lon": 116.27, "lat": 28.356, "height": 153.0 }, "geometry": { "type": "Point", "coordinates": [ 116.27, 28.356 ] } },
{ "type": "Feature", "properties": { "pt_id": "  6036", "trajectory_id": 6, "北京时间": "2026-05-17 14:00", "lon": 116.495, "lat": 28.028, "height": 230.0 }, "geometry": { "type": "Point", "coordinates": [ 116.495, 28.028 ] } },
{ "type": "Feature", "properties": { "pt_id": "  6037", "trajectory_id": 6, "北京时间": "2026-05-17 13:00", "lon": 116.788, "lat": 27.718, "height": 474.0 }, "geometry": { "type": "Point", "coordinates": [ 116.788, 27.718 ] } },
{ "type": "Feature", "properties": { "pt_id": "  6038", "trajectory_id": 6, "北京时间": "2026-05-17 12:00", "lon": 117.155, "lat": 27.455, "height": 816.0 }, "geometry": { "type": "Point", "coordinates": [ 117.155, 27.455 ] } },
{ "type": "Feature", "properties": { "pt_id": "  6039", "trajectory_id": 6, "北京时间": "2026-05-17 11:00", "lon": 117.501, "lat": 27.267, "height": 1074.0 }, "geometry": { "type": "Point", "coordinates": [ 117.501, 27.267 ] } },
{ "type": "Feature", "properties": { "pt_id": "  6040", "trajectory_id": 6, "北京时间": "2026-05-17 10:00", "lon": 117.776, "lat": 27.14, "height": 1173.0 }, "geometry": { "type": "Point", "coordinates": [ 117.776, 27.14 ] } },
{ "type": "Feature", "properties": { "pt_id": "  6041", "trajectory_id": 6, "北京时间": "2026-05-17 09:00", "lon": 118.034, "lat": 27.024, "height": 1136.0 }, "geometry": { "type": "Point", "coordinates": [ 118.034, 27.024 ] } },
{ "type": "Feature", "properties": { "pt_id": "  6042", "trajectory_id": 6, "北京时间": "2026-05-17 08:00", "lon": 118.262, "lat": 26.931, "height": 1074.0 }, "geometry": { "type": "Point", "coordinates": [ 118.262, 26.931 ] } },
{ "type": "Feature", "properties": { "pt_id": "  6043", "trajectory_id": 6, "北京时间": "2026-05-17 07:00", "lon": 118.518, "lat": 26.857, "height": 1153.0 }, "geometry": { "type": "Point", "coordinates": [ 118.518, 26.857 ] } },
{ "type": "Feature", "properties": { "pt_id": "  6044", "trajectory_id": 6, "北京时间": "2026-05-17 06:00", "lon": 118.845, "lat": 26.767, "height": 1200.0 }, "geometry": { "type": "Point", "coordinates": [ 118.845, 26.767 ] } },
{ "type": "Feature", "properties": { "pt_id": "  6045", "trajectory_id": 6, "北京时间": "2026-05-17 05:00", "lon": 119.218, "lat": 26.692, "height": 1251.0 }, "geometry": { "type": "Point", "coordinates": [ 119.218, 26.692 ] } },
{ "type": "Feature", "properties": { "pt_id": "  6046", "trajectory_id": 6, "北京时间": "2026-05-17 04:00", "lon": 119.625, "lat": 26.698, "height": 1200.0 }, "geometry": { "type": "Point", "coordinates": [ 119.625, 26.698 ] } },
{ "type": "Feature", "properties": { "pt_id": "  6047", "trajectory_id": 6, "北京时间": "2026-05-17 03:00", "lon": 120.028, "lat": 26.772, "height": 1100.0 }, "geometry": { "type": "Point", "coordinates": [ 120.028, 26.772 ] } },
{ "type": "Feature", "properties": { "pt_id": "  6048", "trajectory_id": 6, "北京时间": "2026-05-17 02:00", "lon": 120.407, "lat": 26.851, "height": 1002.0 }, "geometry": { "type": "Point", "coordinates": [ 120.407, 26.851 ] } },
{ "type": "Feature", "properties": { "pt_id": "  6049", "trajectory_id": 6, "北京时间": "2026-05-17 01:00", "lon": 120.762, "lat": 26.899, "height": 969.0 }, "geometry": { "type": "Point", "coordinates": [ 120.762, 26.899 ] } },
{ "type": "Feature", "properties": { "pt_id": "  6050", "trajectory_id": 6, "北京时间": "2026-05-17 00:00", "lon": 121.118, "lat": 26.905, "height": 945.0 }, "geometry": { "type": "Point", "coordinates": [ 121.118, 26.905 ] } },
{ "type": "Feature", "properties": { "pt_id": "  6051", "trajectory_id": 6, "北京时间": "2026-05-16 23:00", "lon": 121.498, "lat": 26.879, "height": 883.0 }, "geometry": { "type": "Point", "coordinates": [ 121.498, 26.879 ] } },
{ "type": "Feature", "properties": { "pt_id": "  6052", "trajectory_id": 6, "北京时间": "2026-05-16 22:00", "lon": 121.888, "lat": 26.829, "height": 891.0 }, "geometry": { "type": "Point", "coordinates": [ 121.888, 26.829 ] } },
{ "type": "Feature", "properties": { "pt_id": "  6053", "trajectory_id": 6, "北京时间": "2026-05-16 21:00", "lon": 122.275, "lat": 26.761, "height": 901.0 }, "geometry": { "type": "Point", "coordinates": [ 122.275, 26.761 ] } },
{ "type": "Feature", "properties": { "pt_id": "  6054", "trajectory_id": 6, "北京时间": "2026-05-16 20:00", "lon": 122.669, "lat": 26.687, "height": 926.0 }, "geometry": { "type": "Point", "coordinates": [ 122.669, 26.687 ] } },
{ "type": "Feature", "properties": { "pt_id": "  6055", "trajectory_id": 6, "北京时间": "2026-05-16 19:00", "lon": 123.061, "lat": 26.622, "height": 964.0 }, "geometry": { "type": "Point", "coordinates": [ 123.061, 26.622 ] } },
{ "type": "Feature", "properties": { "pt_id": "  6056", "trajectory_id": 6, "北京时间": "2026-05-16 18:00", "lon": 123.463, "lat": 26.571, "height": 961.0 }, "geometry": { "type": "Point", "coordinates": [ 123.463, 26.571 ] } },
{ "type": "Feature", "properties": { "pt_id": "  6057", "trajectory_id": 6, "北京时间": "2026-05-16 17:00", "lon": 123.871, "lat": 26.537, "height": 952.0 }, "geometry": { "type": "Point", "coordinates": [ 123.871, 26.537 ] } },
{ "type": "Feature", "properties": { "pt_id": "  6058", "trajectory_id": 6, "北京时间": "2026-05-16 16:00", "lon": 124.281, "lat": 26.521, "height": 939.0 }, "geometry": { "type": "Point", "coordinates": [ 124.281, 26.521 ] } },
{ "type": "Feature", "properties": { "pt_id": "  6059", "trajectory_id": 6, "北京时间": "2026-05-16 15:00", "lon": 124.685, "lat": 26.507, "height": 1017.0 }, "geometry": { "type": "Point", "coordinates": [ 124.685, 26.507 ] } },
{ "type": "Feature", "properties": { "pt_id": "  6060", "trajectory_id": 6, "北京时间": "2026-05-16 14:00", "lon": 125.07, "lat": 26.488, "height": 1091.0 }, "geometry": { "type": "Point", "coordinates": [ 125.07, 26.488 ] } },
{ "type": "Feature", "properties": { "pt_id": "  6061", "trajectory_id": 6, "北京时间": "2026-05-16 13:00", "lon": 125.433, "lat": 26.464, "height": 1129.0 }, "geometry": { "type": "Point", "coordinates": [ 125.433, 26.464 ] } },
{ "type": "Feature", "properties": { "pt_id": "  6062", "trajectory_id": 6, "北京时间": "2026-05-16 12:00", "lon": 125.787, "lat": 26.443, "height": 1090.0 }, "geometry": { "type": "Point", "coordinates": [ 125.787, 26.443 ] } },
{ "type": "Feature", "properties": { "pt_id": "  6063", "trajectory_id": 6, "北京时间": "2026-05-16 11:00", "lon": 126.147, "lat": 26.436, "height": 1100.0 }, "geometry": { "type": "Point", "coordinates": [ 126.147, 26.436 ] } },
{ "type": "Feature", "properties": { "pt_id": "  6064", "trajectory_id": 6, "北京时间": "2026-05-16 10:00", "lon": 126.501, "lat": 26.438, "height": 1133.0 }, "geometry": { "type": "Point", "coordinates": [ 126.501, 26.438 ] } },
{ "type": "Feature", "properties": { "pt_id": "  6065", "trajectory_id": 6, "北京时间": "2026-05-16 09:00", "lon": 126.855, "lat": 26.448, "height": 1134.0 }, "geometry": { "type": "Point", "coordinates": [ 126.855, 26.448 ] } },
{ "type": "Feature", "properties": { "pt_id": "  6066", "trajectory_id": 6, "北京时间": "2026-05-16 08:00", "lon": 127.211, "lat": 26.463, "height": 1166.0 }, "geometry": { "type": "Point", "coordinates": [ 127.211, 26.463 ] } },
{ "type": "Feature", "properties": { "pt_id": "  6067", "trajectory_id": 6, "北京时间": "2026-05-16 07:00", "lon": 127.553, "lat": 26.487, "height": 1231.0 }, "geometry": { "type": "Point", "coordinates": [ 127.553, 26.487 ] } },
{ "type": "Feature", "properties": { "pt_id": "  6068", "trajectory_id": 6, "北京时间": "2026-05-16 06:00", "lon": 127.884, "lat": 26.517, "height": 1249.0 }, "geometry": { "type": "Point", "coordinates": [ 127.884, 26.517 ] } },
{ "type": "Feature", "properties": { "pt_id": "  7000", "trajectory_id": 7, "北京时间": "2026-05-18 06:00", "lon": 113.942, "lat": 30.907, "height": 10.0 }, "geometry": { "type": "Point", "coordinates": [ 113.942, 30.907 ] } },
{ "type": "Feature", "properties": { "pt_id": "  7025", "trajectory_id": 7, "北京时间": "2026-05-18 05:00", "lon": 114.093, "lat": 30.876, "height": 15.0 }, "geometry": { "type": "Point", "coordinates": [ 114.093, 30.876 ] } },
{ "type": "Feature", "properties": { "pt_id": "  7026", "trajectory_id": 7, "北京时间": "2026-05-18 04:00", "lon": 114.242, "lat": 30.826, "height": 18.0 }, "geometry": { "type": "Point", "coordinates": [ 114.242, 30.826 ] } },
{ "type": "Feature", "properties": { "pt_id": "  7027", "trajectory_id": 7, "北京时间": "2026-05-18 03:00", "lon": 114.422, "lat": 30.745, "height": 18.0 }, "geometry": { "type": "Point", "coordinates": [ 114.422, 30.745 ] } },
{ "type": "Feature", "properties": { "pt_id": "  7028", "trajectory_id": 7, "北京时间": "2026-05-18 02:00", "lon": 114.638, "lat": 30.642, "height": 20.0 }, "geometry": { "type": "Point", "coordinates": [ 114.638, 30.642 ] } },
{ "type": "Feature", "properties": { "pt_id": "  7029", "trajectory_id": 7, "北京时间": "2026-05-18 01:00", "lon": 114.883, "lat": 30.52, "height": 26.0 }, "geometry": { "type": "Point", "coordinates": [ 114.883, 30.52 ] } },
{ "type": "Feature", "properties": { "pt_id": "  7030", "trajectory_id": 7, "北京时间": "2026-05-18 00:00", "lon": 115.121, "lat": 30.369, "height": 42.0 }, "geometry": { "type": "Point", "coordinates": [ 115.121, 30.369 ] } },
{ "type": "Feature", "properties": { "pt_id": "  7031", "trajectory_id": 7, "北京时间": "2026-05-17 23:00", "lon": 115.331, "lat": 30.207, "height": 59.0 }, "geometry": { "type": "Point", "coordinates": [ 115.331, 30.207 ] } },
{ "type": "Feature", "properties": { "pt_id": "  7032", "trajectory_id": 7, "北京时间": "2026-05-17 22:00", "lon": 115.501, "lat": 30.046, "height": 69.0 }, "geometry": { "type": "Point", "coordinates": [ 115.501, 30.046 ] } },
{ "type": "Feature", "properties": { "pt_id": "  7033", "trajectory_id": 7, "北京时间": "2026-05-17 21:00", "lon": 115.644, "lat": 29.914, "height": 60.0 }, "geometry": { "type": "Point", "coordinates": [ 115.644, 29.914 ] } },
{ "type": "Feature", "properties": { "pt_id": "  7034", "trajectory_id": 7, "北京时间": "2026-05-17 20:00", "lon": 115.769, "lat": 29.813, "height": 48.0 }, "geometry": { "type": "Point", "coordinates": [ 115.769, 29.813 ] } },
{ "type": "Feature", "properties": { "pt_id": "  7035", "trajectory_id": 7, "北京时间": "2026-05-17 19:00", "lon": 115.877, "lat": 29.702, "height": 69.0 }, "geometry": { "type": "Point", "coordinates": [ 115.877, 29.702 ] } },
{ "type": "Feature", "properties": { "pt_id": "  7036", "trajectory_id": 7, "北京时间": "2026-05-17 18:00", "lon": 115.997, "lat": 29.553, "height": 126.0 }, "geometry": { "type": "Point", "coordinates": [ 115.997, 29.553 ] } },
{ "type": "Feature", "properties": { "pt_id": "  7037", "trajectory_id": 7, "北京时间": "2026-05-17 17:00", "lon": 116.118, "lat": 29.407, "height": 153.0 }, "geometry": { "type": "Point", "coordinates": [ 116.118, 29.407 ] } },
{ "type": "Feature", "properties": { "pt_id": "  7038", "trajectory_id": 7, "北京时间": "2026-05-17 16:00", "lon": 116.282, "lat": 29.258, "height": 181.0 }, "geometry": { "type": "Point", "coordinates": [ 116.282, 29.258 ] } },
{ "type": "Feature", "properties": { "pt_id": "  7039", "trajectory_id": 7, "北京时间": "2026-05-17 15:00", "lon": 116.458, "lat": 29.129, "height": 190.0 }, "geometry": { "type": "Point", "coordinates": [ 116.458, 29.129 ] } },
{ "type": "Feature", "properties": { "pt_id": "  7040", "trajectory_id": 7, "北京时间": "2026-05-17 14:00", "lon": 116.632, "lat": 28.996, "height": 163.0 }, "geometry": { "type": "Point", "coordinates": [ 116.632, 28.996 ] } },
{ "type": "Feature", "properties": { "pt_id": "  7041", "trajectory_id": 7, "北京时间": "2026-05-17 13:00", "lon": 116.824, "lat": 28.865, "height": 170.0 }, "geometry": { "type": "Point", "coordinates": [ 116.824, 28.865 ] } },
{ "type": "Feature", "properties": { "pt_id": "  7042", "trajectory_id": 7, "北京时间": "2026-05-17 12:00", "lon": 117.055, "lat": 28.738, "height": 245.0 }, "geometry": { "type": "Point", "coordinates": [ 117.055, 28.738 ] } },
{ "type": "Feature", "properties": { "pt_id": "  7043", "trajectory_id": 7, "北京时间": "2026-05-17 11:00", "lon": 117.331, "lat": 28.619, "height": 294.0 }, "geometry": { "type": "Point", "coordinates": [ 117.331, 28.619 ] } },
{ "type": "Feature", "properties": { "pt_id": "  7044", "trajectory_id": 7, "北京时间": "2026-05-17 10:00", "lon": 117.652, "lat": 28.557, "height": 464.0 }, "geometry": { "type": "Point", "coordinates": [ 117.652, 28.557 ] } },
{ "type": "Feature", "properties": { "pt_id": "  7045", "trajectory_id": 7, "北京时间": "2026-05-17 09:00", "lon": 117.961, "lat": 28.513, "height": 680.0 }, "geometry": { "type": "Point", "coordinates": [ 117.961, 28.513 ] } },
{ "type": "Feature", "properties": { "pt_id": "  7046", "trajectory_id": 7, "北京时间": "2026-05-17 08:00", "lon": 118.208, "lat": 28.445, "height": 645.0 }, "geometry": { "type": "Point", "coordinates": [ 118.208, 28.445 ] } },
{ "type": "Feature", "properties": { "pt_id": "  7047", "trajectory_id": 7, "北京时间": "2026-05-17 07:00", "lon": 118.355, "lat": 28.331, "height": 688.0 }, "geometry": { "type": "Point", "coordinates": [ 118.355, 28.331 ] } },
{ "type": "Feature", "properties": { "pt_id": "  7048", "trajectory_id": 7, "北京时间": "2026-05-17 06:00", "lon": 118.472, "lat": 28.194, "height": 806.0 }, "geometry": { "type": "Point", "coordinates": [ 118.472, 28.194 ] } },
{ "type": "Feature", "properties": { "pt_id": "  7049", "trajectory_id": 7, "北京时间": "2026-05-17 05:00", "lon": 118.622, "lat": 28.058, "height": 902.0 }, "geometry": { "type": "Point", "coordinates": [ 118.622, 28.058 ] } },
{ "type": "Feature", "properties": { "pt_id": "  7050", "trajectory_id": 7, "北京时间": "2026-05-17 04:00", "lon": 118.811, "lat": 27.939, "height": 1010.0 }, "geometry": { "type": "Point", "coordinates": [ 118.811, 27.939 ] } },
{ "type": "Feature", "properties": { "pt_id": "  7051", "trajectory_id": 7, "北京时间": "2026-05-17 03:00", "lon": 119.034, "lat": 27.81, "height": 1113.0 }, "geometry": { "type": "Point", "coordinates": [ 119.034, 27.81 ] } },
{ "type": "Feature", "properties": { "pt_id": "  7052", "trajectory_id": 7, "北京时间": "2026-05-17 02:00", "lon": 119.371, "lat": 27.613, "height": 1174.0 }, "geometry": { "type": "Point", "coordinates": [ 119.371, 27.613 ] } },
{ "type": "Feature", "properties": { "pt_id": "  7053", "trajectory_id": 7, "北京时间": "2026-05-17 01:00", "lon": 119.773, "lat": 27.451, "height": 1229.0 }, "geometry": { "type": "Point", "coordinates": [ 119.773, 27.451 ] } },
{ "type": "Feature", "properties": { "pt_id": "  7054", "trajectory_id": 7, "北京时间": "2026-05-17 00:00", "lon": 120.166, "lat": 27.379, "height": 1234.0 }, "geometry": { "type": "Point", "coordinates": [ 120.166, 27.379 ] } },
{ "type": "Feature", "properties": { "pt_id": "  7055", "trajectory_id": 7, "北京时间": "2026-05-16 23:00", "lon": 120.497, "lat": 27.373, "height": 1043.0 }, "geometry": { "type": "Point", "coordinates": [ 120.497, 27.373 ] } },
{ "type": "Feature", "properties": { "pt_id": "  7056", "trajectory_id": 7, "北京时间": "2026-05-16 22:00", "lon": 120.816, "lat": 27.372, "height": 847.0 }, "geometry": { "type": "Point", "coordinates": [ 120.816, 27.372 ] } },
{ "type": "Feature", "properties": { "pt_id": "  7057", "trajectory_id": 7, "北京时间": "2026-05-16 21:00", "lon": 121.158, "lat": 27.351, "height": 816.0 }, "geometry": { "type": "Point", "coordinates": [ 121.158, 27.351 ] } },
{ "type": "Feature", "properties": { "pt_id": "  7058", "trajectory_id": 7, "北京时间": "2026-05-16 20:00", "lon": 121.528, "lat": 27.313, "height": 755.0 }, "geometry": { "type": "Point", "coordinates": [ 121.528, 27.313 ] } },
{ "type": "Feature", "properties": { "pt_id": "  7059", "trajectory_id": 7, "北京时间": "2026-05-16 19:00", "lon": 121.917, "lat": 27.263, "height": 726.0 }, "geometry": { "type": "Point", "coordinates": [ 121.917, 27.263 ] } },
{ "type": "Feature", "properties": { "pt_id": "  7060", "trajectory_id": 7, "北京时间": "2026-05-16 18:00", "lon": 122.309, "lat": 27.205, "height": 727.0 }, "geometry": { "type": "Point", "coordinates": [ 122.309, 27.205 ] } },
{ "type": "Feature", "properties": { "pt_id": "  7061", "trajectory_id": 7, "北京时间": "2026-05-16 17:00", "lon": 122.689, "lat": 27.131, "height": 798.0 }, "geometry": { "type": "Point", "coordinates": [ 122.689, 27.131 ] } },
{ "type": "Feature", "properties": { "pt_id": "  7062", "trajectory_id": 7, "北京时间": "2026-05-16 16:00", "lon": 123.054, "lat": 27.04, "height": 862.0 }, "geometry": { "type": "Point", "coordinates": [ 123.054, 27.04 ] } },
{ "type": "Feature", "properties": { "pt_id": "  7063", "trajectory_id": 7, "北京时间": "2026-05-16 15:00", "lon": 123.406, "lat": 26.948, "height": 919.0 }, "geometry": { "type": "Point", "coordinates": [ 123.406, 26.948 ] } },
{ "type": "Feature", "properties": { "pt_id": "  7064", "trajectory_id": 7, "北京时间": "2026-05-16 14:00", "lon": 123.763, "lat": 26.859, "height": 959.0 }, "geometry": { "type": "Point", "coordinates": [ 123.763, 26.859 ] } },
{ "type": "Feature", "properties": { "pt_id": "  7065", "trajectory_id": 7, "北京时间": "2026-05-16 13:00", "lon": 124.139, "lat": 26.777, "height": 965.0 }, "geometry": { "type": "Point", "coordinates": [ 124.139, 26.777 ] } },
{ "type": "Feature", "properties": { "pt_id": "  7066", "trajectory_id": 7, "北京时间": "2026-05-16 12:00", "lon": 124.517, "lat": 26.71, "height": 995.0 }, "geometry": { "type": "Point", "coordinates": [ 124.517, 26.71 ] } },
{ "type": "Feature", "properties": { "pt_id": "  7067", "trajectory_id": 7, "北京时间": "2026-05-16 11:00", "lon": 124.899, "lat": 26.659, "height": 996.0 }, "geometry": { "type": "Point", "coordinates": [ 124.899, 26.659 ] } },
{ "type": "Feature", "properties": { "pt_id": "  7068", "trajectory_id": 7, "北京时间": "2026-05-16 10:00", "lon": 125.282, "lat": 26.624, "height": 968.0 }, "geometry": { "type": "Point", "coordinates": [ 125.282, 26.624 ] } },
{ "type": "Feature", "properties": { "pt_id": "  7069", "trajectory_id": 7, "北京时间": "2026-05-16 09:00", "lon": 125.662, "lat": 26.604, "height": 931.0 }, "geometry": { "type": "Point", "coordinates": [ 125.662, 26.604 ] } },
{ "type": "Feature", "properties": { "pt_id": "  7070", "trajectory_id": 7, "北京时间": "2026-05-16 08:00", "lon": 126.036, "lat": 26.587, "height": 937.0 }, "geometry": { "type": "Point", "coordinates": [ 126.036, 26.587 ] } },
{ "type": "Feature", "properties": { "pt_id": "  7071", "trajectory_id": 7, "北京时间": "2026-05-16 07:00", "lon": 126.392, "lat": 26.572, "height": 1002.0 }, "geometry": { "type": "Point", "coordinates": [ 126.392, 26.572 ] } },
{ "type": "Feature", "properties": { "pt_id": "  7072", "trajectory_id": 7, "北京时间": "2026-05-16 06:00", "lon": 126.735, "lat": 26.577, "height": 1080.0 }, "geometry": { "type": "Point", "coordinates": [ 126.735, 26.577 ] } },
{ "type": "Feature", "properties": { "pt_id": "  8000", "trajectory_id": 8, "北京时间": "2026-05-18 06:00", "lon": 113.942, "lat": 30.907, "height": 10.0 }, "geometry": { "type": "Point", "coordinates": [ 113.942, 30.907 ] } },
{ "type": "Feature", "properties": { "pt_id": "  8029", "trajectory_id": 8, "北京时间": "2026-05-18 05:00", "lon": 114.139, "lat": 30.817, "height": 11.0 }, "geometry": { "type": "Point", "coordinates": [ 114.139, 30.817 ] } },
{ "type": "Feature", "properties": { "pt_id": "  8030", "trajectory_id": 8, "北京时间": "2026-05-18 04:00", "lon": 114.341, "lat": 30.696, "height": 10.0 }, "geometry": { "type": "Point", "coordinates": [ 114.341, 30.696 ] } },
{ "type": "Feature", "properties": { "pt_id": "  8031", "trajectory_id": 8, "北京时间": "2026-05-18 03:00", "lon": 114.548, "lat": 30.553, "height": 11.0 }, "geometry": { "type": "Point", "coordinates": [ 114.548, 30.553 ] } },
{ "type": "Feature", "properties": { "pt_id": "  8032", "trajectory_id": 8, "北京时间": "2026-05-18 02:00", "lon": 114.763, "lat": 30.4, "height": 18.0 }, "geometry": { "type": "Point", "coordinates": [ 114.763, 30.4 ] } },
{ "type": "Feature", "properties": { "pt_id": "  8033", "trajectory_id": 8, "北京时间": "2026-05-18 01:00", "lon": 114.992, "lat": 30.22, "height": 53.0 }, "geometry": { "type": "Point", "coordinates": [ 114.992, 30.22 ] } },
{ "type": "Feature", "properties": { "pt_id": "  8034", "trajectory_id": 8, "北京时间": "2026-05-18 00:00", "lon": 115.217, "lat": 30.014, "height": 106.0 }, "geometry": { "type": "Point", "coordinates": [ 115.217, 30.014 ] } },
{ "type": "Feature", "properties": { "pt_id": "  8035", "trajectory_id": 8, "北京时间": "2026-05-17 23:00", "lon": 115.439, "lat": 29.792, "height": 183.0 }, "geometry": { "type": "Point", "coordinates": [ 115.439, 29.792 ] } },
{ "type": "Feature", "properties": { "pt_id": "  8036", "trajectory_id": 8, "北京时间": "2026-05-17 22:00", "lon": 115.687, "lat": 29.556, "height": 250.0 }, "geometry": { "type": "Point", "coordinates": [ 115.687, 29.556 ] } },
{ "type": "Feature", "properties": { "pt_id": "  8037", "trajectory_id": 8, "北京时间": "2026-05-17 21:00", "lon": 115.93, "lat": 29.372, "height": 314.0 }, "geometry": { "type": "Point", "coordinates": [ 115.93, 29.372 ] } },
{ "type": "Feature", "properties": { "pt_id": "  8038", "trajectory_id": 8, "北京时间": "2026-05-17 20:00", "lon": 116.156, "lat": 29.205, "height": 358.0 }, "geometry": { "type": "Point", "coordinates": [ 116.156, 29.205 ] } },
{ "type": "Feature", "properties": { "pt_id": "  8039", "trajectory_id": 8, "北京时间": "2026-05-17 19:00", "lon": 116.37, "lat": 29.054, "height": 394.0 }, "geometry": { "type": "Point", "coordinates": [ 116.37, 29.054 ] } },
{ "type": "Feature", "properties": { "pt_id": "  8040", "trajectory_id": 8, "北京时间": "2026-05-17 18:00", "lon": 116.571, "lat": 28.917, "height": 374.0 }, "geometry": { "type": "Point", "coordinates": [ 116.571, 28.917 ] } },
{ "type": "Feature", "properties": { "pt_id": "  8041", "trajectory_id": 8, "北京时间": "2026-05-17 17:00", "lon": 116.782, "lat": 28.788, "height": 390.0 }, "geometry": { "type": "Point", "coordinates": [ 116.782, 28.788 ] } },
{ "type": "Feature", "properties": { "pt_id": "  8042", "trajectory_id": 8, "北京时间": "2026-05-17 16:00", "lon": 117.038, "lat": 28.66, "height": 449.0 }, "geometry": { "type": "Point", "coordinates": [ 117.038, 28.66 ] } },
{ "type": "Feature", "properties": { "pt_id": "  8043", "trajectory_id": 8, "北京时间": "2026-05-17 15:00", "lon": 117.356, "lat": 28.543, "height": 517.0 }, "geometry": { "type": "Point", "coordinates": [ 117.356, 28.543 ] } },
{ "type": "Feature", "properties": { "pt_id": "  8044", "trajectory_id": 8, "北京时间": "2026-05-17 14:00", "lon": 117.717, "lat": 28.455, "height": 767.0 }, "geometry": { "type": "Point", "coordinates": [ 117.717, 28.455 ] } },
{ "type": "Feature", "properties": { "pt_id": "  8045", "trajectory_id": 8, "北京时间": "2026-05-17 13:00", "lon": 117.973, "lat": 28.321, "height": 857.0 }, "geometry": { "type": "Point", "coordinates": [ 117.973, 28.321 ] } },
{ "type": "Feature", "properties": { "pt_id": "  8046", "trajectory_id": 8, "北京时间": "2026-05-17 12:00", "lon": 118.136, "lat": 28.125, "height": 929.0 }, "geometry": { "type": "Point", "coordinates": [ 118.136, 28.125 ] } },
{ "type": "Feature", "properties": { "pt_id": "  8047", "trajectory_id": 8, "北京时间": "2026-05-17 11:00", "lon": 118.324, "lat": 27.876, "height": 1069.0 }, "geometry": { "type": "Point", "coordinates": [ 118.324, 27.876 ] } },
{ "type": "Feature", "properties": { "pt_id": "  8048", "trajectory_id": 8, "北京时间": "2026-05-17 10:00", "lon": 118.599, "lat": 27.672, "height": 1141.0 }, "geometry": { "type": "Point", "coordinates": [ 118.599, 27.672 ] } },
{ "type": "Feature", "properties": { "pt_id": "  8049", "trajectory_id": 8, "北京时间": "2026-05-17 09:00", "lon": 118.936, "lat": 27.488, "height": 1223.0 }, "geometry": { "type": "Point", "coordinates": [ 118.936, 27.488 ] } },
{ "type": "Feature", "properties": { "pt_id": "  8050", "trajectory_id": 8, "北京时间": "2026-05-17 08:00", "lon": 119.249, "lat": 27.302, "height": 1365.0 }, "geometry": { "type": "Point", "coordinates": [ 119.249, 27.302 ] } },
{ "type": "Feature", "properties": { "pt_id": "  8051", "trajectory_id": 8, "北京时间": "2026-05-17 07:00", "lon": 119.579, "lat": 27.162, "height": 1405.0 }, "geometry": { "type": "Point", "coordinates": [ 119.579, 27.162 ] } },
{ "type": "Feature", "properties": { "pt_id": "  8052", "trajectory_id": 8, "北京时间": "2026-05-17 06:00", "lon": 119.985, "lat": 27.099, "height": 1416.0 }, "geometry": { "type": "Point", "coordinates": [ 119.985, 27.099 ] } },
{ "type": "Feature", "properties": { "pt_id": "  8053", "trajectory_id": 8, "北京时间": "2026-05-17 05:00", "lon": 120.357, "lat": 27.1, "height": 1444.0 }, "geometry": { "type": "Point", "coordinates": [ 120.357, 27.1 ] } },
{ "type": "Feature", "properties": { "pt_id": "  8054", "trajectory_id": 8, "北京时间": "2026-05-17 04:00", "lon": 120.663, "lat": 27.131, "height": 1298.0 }, "geometry": { "type": "Point", "coordinates": [ 120.663, 27.131 ] } },
{ "type": "Feature", "properties": { "pt_id": "  8055", "trajectory_id": 8, "北京时间": "2026-05-17 03:00", "lon": 120.969, "lat": 27.141, "height": 1227.0 }, "geometry": { "type": "Point", "coordinates": [ 120.969, 27.141 ] } },
{ "type": "Feature", "properties": { "pt_id": "  8056", "trajectory_id": 8, "北京时间": "2026-05-17 02:00", "lon": 121.295, "lat": 27.122, "height": 1280.0 }, "geometry": { "type": "Point", "coordinates": [ 121.295, 27.122 ] } },
{ "type": "Feature", "properties": { "pt_id": "  8057", "trajectory_id": 8, "北京时间": "2026-05-17 01:00", "lon": 121.637, "lat": 27.092, "height": 1306.0 }, "geometry": { "type": "Point", "coordinates": [ 121.637, 27.092 ] } },
{ "type": "Feature", "properties": { "pt_id": "  8058", "trajectory_id": 8, "北京时间": "2026-05-17 00:00", "lon": 121.992, "lat": 27.054, "height": 1304.0 }, "geometry": { "type": "Point", "coordinates": [ 121.992, 27.054 ] } },
{ "type": "Feature", "properties": { "pt_id": "  8059", "trajectory_id": 8, "北京时间": "2026-05-16 23:00", "lon": 122.34, "lat": 27.006, "height": 1267.0 }, "geometry": { "type": "Point", "coordinates": [ 122.34, 27.006 ] } },
{ "type": "Feature", "properties": { "pt_id": "  8060", "trajectory_id": 8, "北京时间": "2026-05-16 22:00", "lon": 122.683, "lat": 26.946, "height": 1270.0 }, "geometry": { "type": "Point", "coordinates": [ 122.683, 26.946 ] } },
{ "type": "Feature", "properties": { "pt_id": "  8061", "trajectory_id": 8, "北京时间": "2026-05-16 21:00", "lon": 123.02, "lat": 26.872, "height": 1305.0 }, "geometry": { "type": "Point", "coordinates": [ 123.02, 26.872 ] } },
{ "type": "Feature", "properties": { "pt_id": "  8062", "trajectory_id": 8, "北京时间": "2026-05-16 20:00", "lon": 123.354, "lat": 26.792, "height": 1334.0 }, "geometry": { "type": "Point", "coordinates": [ 123.354, 26.792 ] } },
{ "type": "Feature", "properties": { "pt_id": "  8063", "trajectory_id": 8, "北京时间": "2026-05-16 19:00", "lon": 123.684, "lat": 26.711, "height": 1303.0 }, "geometry": { "type": "Point", "coordinates": [ 123.684, 26.711 ] } },
{ "type": "Feature", "properties": { "pt_id": "  8064", "trajectory_id": 8, "北京时间": "2026-05-16 18:00", "lon": 124.02, "lat": 26.627, "height": 1251.0 }, "geometry": { "type": "Point", "coordinates": [ 124.02, 26.627 ] } },
{ "type": "Feature", "properties": { "pt_id": "  8065", "trajectory_id": 8, "北京时间": "2026-05-16 17:00", "lon": 124.372, "lat": 26.554, "height": 1253.0 }, "geometry": { "type": "Point", "coordinates": [ 124.372, 26.554 ] } },
{ "type": "Feature", "properties": { "pt_id": "  8066", "trajectory_id": 8, "北京时间": "2026-05-16 16:00", "lon": 124.729, "lat": 26.501, "height": 1297.0 }, "geometry": { "type": "Point", "coordinates": [ 124.729, 26.501 ] } },
{ "type": "Feature", "properties": { "pt_id": "  8067", "trajectory_id": 8, "北京时间": "2026-05-16 15:00", "lon": 125.091, "lat": 26.46, "height": 1329.0 }, "geometry": { "type": "Point", "coordinates": [ 125.091, 26.46 ] } },
{ "type": "Feature", "properties": { "pt_id": "  8068", "trajectory_id": 8, "北京时间": "2026-05-16 14:00", "lon": 125.448, "lat": 26.424, "height": 1310.0 }, "geometry": { "type": "Point", "coordinates": [ 125.448, 26.424 ] } },
{ "type": "Feature", "properties": { "pt_id": "  8069", "trajectory_id": 8, "北京时间": "2026-05-16 13:00", "lon": 125.802, "lat": 26.397, "height": 1260.0 }, "geometry": { "type": "Point", "coordinates": [ 125.802, 26.397 ] } },
{ "type": "Feature", "properties": { "pt_id": "  8070", "trajectory_id": 8, "北京时间": "2026-05-16 12:00", "lon": 126.152, "lat": 26.374, "height": 1256.0 }, "geometry": { "type": "Point", "coordinates": [ 126.152, 26.374 ] } },
{ "type": "Feature", "properties": { "pt_id": "  8071", "trajectory_id": 8, "北京时间": "2026-05-16 11:00", "lon": 126.48, "lat": 26.366, "height": 1267.0 }, "geometry": { "type": "Point", "coordinates": [ 126.48, 26.366 ] } },
{ "type": "Feature", "properties": { "pt_id": "  8072", "trajectory_id": 8, "北京时间": "2026-05-16 10:00", "lon": 126.798, "lat": 26.384, "height": 1329.0 }, "geometry": { "type": "Point", "coordinates": [ 126.798, 26.384 ] } },
{ "type": "Feature", "properties": { "pt_id": "  8073", "trajectory_id": 8, "北京时间": "2026-05-16 09:00", "lon": 127.1, "lat": 26.431, "height": 1485.0 }, "geometry": { "type": "Point", "coordinates": [ 127.1, 26.431 ] } },
{ "type": "Feature", "properties": { "pt_id": "  8074", "trajectory_id": 8, "北京时间": "2026-05-16 08:00", "lon": 127.368, "lat": 26.501, "height": 1591.0 }, "geometry": { "type": "Point", "coordinates": [ 127.368, 26.501 ] } },
{ "type": "Feature", "properties": { "pt_id": "  8075", "trajectory_id": 8, "北京时间": "2026-05-16 07:00", "lon": 127.608, "lat": 26.583, "height": 1636.0 }, "geometry": { "type": "Point", "coordinates": [ 127.608, 26.583 ] } },
{ "type": "Feature", "properties": { "pt_id": "  8076", "trajectory_id": 8, "北京时间": "2026-05-16 06:00", "lon": 127.816, "lat": 26.682, "height": 1707.0 }, "geometry": { "type": "Point", "coordinates": [ 127.816, 26.682 ] } },
{ "type": "Feature", "properties": { "pt_id": "  9000", "trajectory_id": 9, "北京时间": "2026-05-18 06:00", "lon": 113.942, "lat": 30.907, "height": 10.0 }, "geometry": { "type": "Point", "coordinates": [ 113.942, 30.907 ] } },
{ "type": "Feature", "properties": { "pt_id": "  9033", "trajectory_id": 9, "北京时间": "2026-05-18 05:00", "lon": 114.131, "lat": 30.747, "height": 9.0 }, "geometry": { "type": "Point", "coordinates": [ 114.131, 30.747 ] } },
{ "type": "Feature", "properties": { "pt_id": "  9034", "trajectory_id": 9, "北京时间": "2026-05-18 04:00", "lon": 114.345, "lat": 30.582, "height": 9.0 }, "geometry": { "type": "Point", "coordinates": [ 114.345, 30.582 ] } },
{ "type": "Feature", "properties": { "pt_id": "  9035", "trajectory_id": 9, "北京时间": "2026-05-18 03:00", "lon": 114.582, "lat": 30.412, "height": 11.0 }, "geometry": { "type": "Point", "coordinates": [ 114.582, 30.412 ] } },
{ "type": "Feature", "properties": { "pt_id": "  9036", "trajectory_id": 9, "北京时间": "2026-05-18 02:00", "lon": 114.832, "lat": 30.228, "height": 51.0 }, "geometry": { "type": "Point", "coordinates": [ 114.832, 30.228 ] } },
{ "type": "Feature", "properties": { "pt_id": "  9037", "trajectory_id": 9, "北京时间": "2026-05-18 01:00", "lon": 115.101, "lat": 29.988, "height": 143.0 }, "geometry": { "type": "Point", "coordinates": [ 115.101, 29.988 ] } },
{ "type": "Feature", "properties": { "pt_id": "  9038", "trajectory_id": 9, "北京时间": "2026-05-18 00:00", "lon": 115.377, "lat": 29.724, "height": 305.0 }, "geometry": { "type": "Point", "coordinates": [ 115.377, 29.724 ] } },
{ "type": "Feature", "properties": { "pt_id": "  9039", "trajectory_id": 9, "北京时间": "2026-05-17 23:00", "lon": 115.671, "lat": 29.484, "height": 439.0 }, "geometry": { "type": "Point", "coordinates": [ 115.671, 29.484 ] } },
{ "type": "Feature", "properties": { "pt_id": "  9040", "trajectory_id": 9, "北京时间": "2026-05-17 22:00", "lon": 115.927, "lat": 29.31, "height": 593.0 }, "geometry": { "type": "Point", "coordinates": [ 115.927, 29.31 ] } },
{ "type": "Feature", "properties": { "pt_id": "  9041", "trajectory_id": 9, "北京时间": "2026-05-17 21:00", "lon": 116.154, "lat": 29.156, "height": 751.0 }, "geometry": { "type": "Point", "coordinates": [ 116.154, 29.156 ] } },
{ "type": "Feature", "properties": { "pt_id": "  9042", "trajectory_id": 9, "北京时间": "2026-05-17 20:00", "lon": 116.376, "lat": 29.01, "height": 798.0 }, "geometry": { "type": "Point", "coordinates": [ 116.376, 29.01 ] } },
{ "type": "Feature", "properties": { "pt_id": "  9043", "trajectory_id": 9, "北京时间": "2026-05-17 19:00", "lon": 116.593, "lat": 28.88, "height": 722.0 }, "geometry": { "type": "Point", "coordinates": [ 116.593, 28.88 ] } },
{ "type": "Feature", "properties": { "pt_id": "  9044", "trajectory_id": 9, "北京时间": "2026-05-17 18:00", "lon": 116.822, "lat": 28.754, "height": 702.0 }, "geometry": { "type": "Point", "coordinates": [ 116.822, 28.754 ] } },
{ "type": "Feature", "properties": { "pt_id": "  9045", "trajectory_id": 9, "北京时间": "2026-05-17 17:00", "lon": 117.051, "lat": 28.62, "height": 722.0 }, "geometry": { "type": "Point", "coordinates": [ 117.051, 28.62 ] } },
{ "type": "Feature", "properties": { "pt_id": "  9046", "trajectory_id": 9, "北京时间": "2026-05-17 16:00", "lon": 117.266, "lat": 28.472, "height": 798.0 }, "geometry": { "type": "Point", "coordinates": [ 117.266, 28.472 ] } },
{ "type": "Feature", "properties": { "pt_id": "  9047", "trajectory_id": 9, "北京时间": "2026-05-17 15:00", "lon": 117.445, "lat": 28.321, "height": 868.0 }, "geometry": { "type": "Point", "coordinates": [ 117.445, 28.321 ] } },
{ "type": "Feature", "properties": { "pt_id": "  9048", "trajectory_id": 9, "北京时间": "2026-05-17 14:00", "lon": 117.577, "lat": 28.173, "height": 911.0 }, "geometry": { "type": "Point", "coordinates": [ 117.577, 28.173 ] } },
{ "type": "Feature", "properties": { "pt_id": "  9049", "trajectory_id": 9, "北京时间": "2026-05-17 13:00", "lon": 117.677, "lat": 28.037, "height": 972.0 }, "geometry": { "type": "Point", "coordinates": [ 117.677, 28.037 ] } },
{ "type": "Feature", "properties": { "pt_id": "  9050", "trajectory_id": 9, "北京时间": "2026-05-17 12:00", "lon": 117.752, "lat": 27.926, "height": 1068.0 }, "geometry": { "type": "Point", "coordinates": [ 117.752, 27.926 ] } },
{ "type": "Feature", "properties": { "pt_id": "  9051", "trajectory_id": 9, "北京时间": "2026-05-17 11:00", "lon": 117.884, "lat": 27.759, "height": 1187.0 }, "geometry": { "type": "Point", "coordinates": [ 117.884, 27.759 ] } },
{ "type": "Feature", "properties": { "pt_id": "  9052", "trajectory_id": 9, "北京时间": "2026-05-17 10:00", "lon": 118.091, "lat": 27.539, "height": 1206.0 }, "geometry": { "type": "Point", "coordinates": [ 118.091, 27.539 ] } },
{ "type": "Feature", "properties": { "pt_id": "  9053", "trajectory_id": 9, "北京时间": "2026-05-17 09:00", "lon": 118.385, "lat": 27.329, "height": 1145.0 }, "geometry": { "type": "Point", "coordinates": [ 118.385, 27.329 ] } },
{ "type": "Feature", "properties": { "pt_id": "  9054", "trajectory_id": 9, "北京时间": "2026-05-17 08:00", "lon": 118.746, "lat": 27.135, "height": 1205.0 }, "geometry": { "type": "Point", "coordinates": [ 118.746, 27.135 ] } },
{ "type": "Feature", "properties": { "pt_id": "  9055", "trajectory_id": 9, "北京时间": "2026-05-17 07:00", "lon": 119.124, "lat": 26.972, "height": 1443.0 }, "geometry": { "type": "Point", "coordinates": [ 119.124, 26.972 ] } },
{ "type": "Feature", "properties": { "pt_id": "  9056", "trajectory_id": 9, "北京时间": "2026-05-17 06:00", "lon": 119.492, "lat": 26.869, "height": 1768.0 }, "geometry": { "type": "Point", "coordinates": [ 119.492, 26.869 ] } },
{ "type": "Feature", "properties": { "pt_id": "  9057", "trajectory_id": 9, "北京时间": "2026-05-17 05:00", "lon": 119.882, "lat": 26.806, "height": 1776.0 }, "geometry": { "type": "Point", "coordinates": [ 119.882, 26.806 ] } },
{ "type": "Feature", "properties": { "pt_id": "  9058", "trajectory_id": 9, "北京时间": "2026-05-17 04:00", "lon": 120.274, "lat": 26.783, "height": 1826.0 }, "geometry": { "type": "Point", "coordinates": [ 120.274, 26.783 ] } },
{ "type": "Feature", "properties": { "pt_id": "  9059", "trajectory_id": 9, "北京时间": "2026-05-17 03:00", "lon": 120.635, "lat": 26.81, "height": 1715.0 }, "geometry": { "type": "Point", "coordinates": [ 120.635, 26.81 ] } },
{ "type": "Feature", "properties": { "pt_id": "  9060", "trajectory_id": 9, "北京时间": "2026-05-17 02:00", "lon": 120.987, "lat": 26.823, "height": 1655.0 }, "geometry": { "type": "Point", "coordinates": [ 120.987, 26.823 ] } },
{ "type": "Feature", "properties": { "pt_id": "  9061", "trajectory_id": 9, "北京时间": "2026-05-17 01:00", "lon": 121.333, "lat": 26.806, "height": 1634.0 }, "geometry": { "type": "Point", "coordinates": [ 121.333, 26.806 ] } },
{ "type": "Feature", "properties": { "pt_id": "  9062", "trajectory_id": 9, "北京时间": "2026-05-17 00:00", "lon": 121.665, "lat": 26.778, "height": 1645.0 }, "geometry": { "type": "Point", "coordinates": [ 121.665, 26.778 ] } },
{ "type": "Feature", "properties": { "pt_id": "  9063", "trajectory_id": 9, "北京时间": "2026-05-16 23:00", "lon": 122.016, "lat": 26.734, "height": 1675.0 }, "geometry": { "type": "Point", "coordinates": [ 122.016, 26.734 ] } },
{ "type": "Feature", "properties": { "pt_id": "  9064", "trajectory_id": 9, "北京时间": "2026-05-16 22:00", "lon": 122.385, "lat": 26.681, "height": 1757.0 }, "geometry": { "type": "Point", "coordinates": [ 122.385, 26.681 ] } },
{ "type": "Feature", "properties": { "pt_id": "  9065", "trajectory_id": 9, "北京时间": "2026-05-16 21:00", "lon": 122.717, "lat": 26.639, "height": 1780.0 }, "geometry": { "type": "Point", "coordinates": [ 122.717, 26.639 ] } },
{ "type": "Feature", "properties": { "pt_id": "  9066", "trajectory_id": 9, "北京时间": "2026-05-16 20:00", "lon": 123.041, "lat": 26.618, "height": 1749.0 }, "geometry": { "type": "Point", "coordinates": [ 123.041, 26.618 ] } },
{ "type": "Feature", "properties": { "pt_id": "  9067", "trajectory_id": 9, "北京时间": "2026-05-16 19:00", "lon": 123.408, "lat": 26.631, "height": 1746.0 }, "geometry": { "type": "Point", "coordinates": [ 123.408, 26.631 ] } },
{ "type": "Feature", "properties": { "pt_id": "  9068", "trajectory_id": 9, "北京时间": "2026-05-16 18:00", "lon": 123.791, "lat": 26.653, "height": 1767.0 }, "geometry": { "type": "Point", "coordinates": [ 123.791, 26.653 ] } },
{ "type": "Feature", "properties": { "pt_id": "  9069", "trajectory_id": 9, "北京时间": "2026-05-16 17:00", "lon": 124.151, "lat": 26.669, "height": 1807.0 }, "geometry": { "type": "Point", "coordinates": [ 124.151, 26.669 ] } },
{ "type": "Feature", "properties": { "pt_id": "  9070", "trajectory_id": 9, "北京时间": "2026-05-16 16:00", "lon": 124.484, "lat": 26.68, "height": 1928.0 }, "geometry": { "type": "Point", "coordinates": [ 124.484, 26.68 ] } },
{ "type": "Feature", "properties": { "pt_id": "  9071", "trajectory_id": 9, "北京时间": "2026-05-16 15:00", "lon": 124.752, "lat": 26.675, "height": 1998.0 }, "geometry": { "type": "Point", "coordinates": [ 124.752, 26.675 ] } },
{ "type": "Feature", "properties": { "pt_id": "  9072", "trajectory_id": 9, "北京时间": "2026-05-16 14:00", "lon": 124.975, "lat": 26.647, "height": 1950.0 }, "geometry": { "type": "Point", "coordinates": [ 124.975, 26.647 ] } },
{ "type": "Feature", "properties": { "pt_id": "  9073", "trajectory_id": 9, "北京时间": "2026-05-16 13:00", "lon": 125.193, "lat": 26.597, "height": 1869.0 }, "geometry": { "type": "Point", "coordinates": [ 125.193, 26.597 ] } },
{ "type": "Feature", "properties": { "pt_id": "  9074", "trajectory_id": 9, "北京时间": "2026-05-16 12:00", "lon": 125.42, "lat": 26.534, "height": 1850.0 }, "geometry": { "type": "Point", "coordinates": [ 125.42, 26.534 ] } },
{ "type": "Feature", "properties": { "pt_id": "  9075", "trajectory_id": 9, "北京时间": "2026-05-16 11:00", "lon": 125.65, "lat": 26.462, "height": 1854.0 }, "geometry": { "type": "Point", "coordinates": [ 125.65, 26.462 ] } },
{ "type": "Feature", "properties": { "pt_id": "  9076", "trajectory_id": 9, "北京时间": "2026-05-16 10:00", "lon": 125.881, "lat": 26.375, "height": 1824.0 }, "geometry": { "type": "Point", "coordinates": [ 125.881, 26.375 ] } },
{ "type": "Feature", "properties": { "pt_id": "  9077", "trajectory_id": 9, "北京时间": "2026-05-16 09:00", "lon": 126.104, "lat": 26.308, "height": 1808.0 }, "geometry": { "type": "Point", "coordinates": [ 126.104, 26.308 ] } },
{ "type": "Feature", "properties": { "pt_id": "  9078", "trajectory_id": 9, "北京时间": "2026-05-16 08:00", "lon": 126.311, "lat": 26.297, "height": 1795.0 }, "geometry": { "type": "Point", "coordinates": [ 126.311, 26.297 ] } },
{ "type": "Feature", "properties": { "pt_id": "  9079", "trajectory_id": 9, "北京时间": "2026-05-16 07:00", "lon": 126.494, "lat": 26.33, "height": 1750.0 }, "geometry": { "type": "Point", "coordinates": [ 126.494, 26.33 ] } },
{ "type": "Feature", "properties": { "pt_id": "  9080", "trajectory_id": 9, "北京时间": "2026-05-16 06:00", "lon": 126.644, "lat": 26.388, "height": 1703.0 }, "geometry": { "type": "Point", "coordinates": [ 126.644, 26.388 ] } },
{ "type": "Feature", "properties": { "pt_id": " 10000", "trajectory_id": 10, "北京时间": "2026-05-18 06:00", "lon": 113.942, "lat": 30.907, "height": 10.0 }, "geometry": { "type": "Point", "coordinates": [ 113.942, 30.907 ] } },
{ "type": "Feature", "properties": { "pt_id": " 10037", "trajectory_id": 10, "北京时间": "2026-05-18 05:00", "lon": 114.158, "lat": 30.737, "height": 9.0 }, "geometry": { "type": "Point", "coordinates": [ 114.158, 30.737 ] } },
{ "type": "Feature", "properties": { "pt_id": " 10038", "trajectory_id": 10, "北京时间": "2026-05-18 04:00", "lon": 114.395, "lat": 30.554, "height": 10.0 }, "geometry": { "type": "Point", "coordinates": [ 114.395, 30.554 ] } },
{ "type": "Feature", "properties": { "pt_id": " 10039", "trajectory_id": 10, "北京时间": "2026-05-18 03:00", "lon": 114.641, "lat": 30.366, "height": 17.0 }, "geometry": { "type": "Point", "coordinates": [ 114.641, 30.366 ] } },
{ "type": "Feature", "properties": { "pt_id": " 10040", "trajectory_id": 10, "北京时间": "2026-05-18 02:00", "lon": 114.917, "lat": 30.158, "height": 67.0 }, "geometry": { "type": "Point", "coordinates": [ 114.917, 30.158 ] } },
{ "type": "Feature", "properties": { "pt_id": " 10041", "trajectory_id": 10, "北京时间": "2026-05-18 01:00", "lon": 115.2, "lat": 29.927, "height": 98.0 }, "geometry": { "type": "Point", "coordinates": [ 115.2, 29.927 ] } },
{ "type": "Feature", "properties": { "pt_id": " 10042", "trajectory_id": 10, "北京时间": "2026-05-18 00:00", "lon": 115.458, "lat": 29.684, "height": 217.0 }, "geometry": { "type": "Point", "coordinates": [ 115.458, 29.684 ] } },
{ "type": "Feature", "properties": { "pt_id": " 10043", "trajectory_id": 10, "北京时间": "2026-05-17 23:00", "lon": 115.679, "lat": 29.471, "height": 246.0 }, "geometry": { "type": "Point", "coordinates": [ 115.679, 29.471 ] } },
{ "type": "Feature", "properties": { "pt_id": " 10044", "trajectory_id": 10, "北京时间": "2026-05-17 22:00", "lon": 115.861, "lat": 29.32, "height": 262.0 }, "geometry": { "type": "Point", "coordinates": [ 115.861, 29.32 ] } },
{ "type": "Feature", "properties": { "pt_id": " 10045", "trajectory_id": 10, "北京时间": "2026-05-17 21:00", "lon": 116.029, "lat": 29.22, "height": 278.0 }, "geometry": { "type": "Point", "coordinates": [ 116.029, 29.22 ] } },
{ "type": "Feature", "properties": { "pt_id": " 10046", "trajectory_id": 10, "北京时间": "2026-05-17 20:00", "lon": 116.2, "lat": 29.124, "height": 266.0 }, "geometry": { "type": "Point", "coordinates": [ 116.2, 29.124 ] } },
{ "type": "Feature", "properties": { "pt_id": " 10047", "trajectory_id": 10, "北京时间": "2026-05-17 19:00", "lon": 116.378, "lat": 29.026, "height": 237.0 }, "geometry": { "type": "Point", "coordinates": [ 116.378, 29.026 ] } },
{ "type": "Feature", "properties": { "pt_id": " 10048", "trajectory_id": 10, "北京时间": "2026-05-17 18:00", "lon": 116.579, "lat": 28.933, "height": 211.0 }, "geometry": { "type": "Point", "coordinates": [ 116.579, 28.933 ] } },
{ "type": "Feature", "properties": { "pt_id": " 10049", "trajectory_id": 10, "北京时间": "2026-05-17 17:00", "lon": 116.821, "lat": 28.839, "height": 202.0 }, "geometry": { "type": "Point", "coordinates": [ 116.821, 28.839 ] } },
{ "type": "Feature", "properties": { "pt_id": " 10050", "trajectory_id": 10, "北京时间": "2026-05-17 16:00", "lon": 117.073, "lat": 28.743, "height": 247.0 }, "geometry": { "type": "Point", "coordinates": [ 117.073, 28.743 ] } },
{ "type": "Feature", "properties": { "pt_id": " 10051", "trajectory_id": 10, "北京时间": "2026-05-17 15:00", "lon": 117.364, "lat": 28.643, "height": 345.0 }, "geometry": { "type": "Point", "coordinates": [ 117.364, 28.643 ] } },
{ "type": "Feature", "properties": { "pt_id": " 10052", "trajectory_id": 10, "北京时间": "2026-05-17 14:00", "lon": 117.686, "lat": 28.577, "height": 467.0 }, "geometry": { "type": "Point", "coordinates": [ 117.686, 28.577 ] } },
{ "type": "Feature", "properties": { "pt_id": " 10053", "trajectory_id": 10, "北京时间": "2026-05-17 13:00", "lon": 117.989, "lat": 28.509, "height": 579.0 }, "geometry": { "type": "Point", "coordinates": [ 117.989, 28.509 ] } },
{ "type": "Feature", "properties": { "pt_id": " 10054", "trajectory_id": 10, "北京时间": "2026-05-17 12:00", "lon": 118.197, "lat": 28.423, "height": 516.0 }, "geometry": { "type": "Point", "coordinates": [ 118.197, 28.423 ] } },
{ "type": "Feature", "properties": { "pt_id": " 10055", "trajectory_id": 10, "北京时间": "2026-05-17 11:00", "lon": 118.323, "lat": 28.273, "height": 668.0 }, "geometry": { "type": "Point", "coordinates": [ 118.323, 28.273 ] } },
{ "type": "Feature", "properties": { "pt_id": " 10056", "trajectory_id": 10, "北京时间": "2026-05-17 10:00", "lon": 118.506, "lat": 28.079, "height": 869.0 }, "geometry": { "type": "Point", "coordinates": [ 118.506, 28.079 ] } },
{ "type": "Feature", "properties": { "pt_id": " 10057", "trajectory_id": 10, "北京时间": "2026-05-17 09:00", "lon": 118.744, "lat": 27.92, "height": 979.0 }, "geometry": { "type": "Point", "coordinates": [ 118.744, 27.92 ] } },
{ "type": "Feature", "properties": { "pt_id": " 10058", "trajectory_id": 10, "北京时间": "2026-05-17 08:00", "lon": 119.035, "lat": 27.763, "height": 1199.0 }, "geometry": { "type": "Point", "coordinates": [ 119.035, 27.763 ] } },
{ "type": "Feature", "properties": { "pt_id": " 10059", "trajectory_id": 10, "北京时间": "2026-05-17 07:00", "lon": 119.328, "lat": 27.589, "height": 1350.0 }, "geometry": { "type": "Point", "coordinates": [ 119.328, 27.589 ] } },
{ "type": "Feature", "properties": { "pt_id": " 10060", "trajectory_id": 10, "北京时间": "2026-05-17 06:00", "lon": 119.59, "lat": 27.443, "height": 1410.0 }, "geometry": { "type": "Point", "coordinates": [ 119.59, 27.443 ] } },
{ "type": "Feature", "properties": { "pt_id": " 10061", "trajectory_id": 10, "北京时间": "2026-05-17 05:00", "lon": 119.871, "lat": 27.357, "height": 1403.0 }, "geometry": { "type": "Point", "coordinates": [ 119.871, 27.357 ] } },
{ "type": "Feature", "properties": { "pt_id": " 10062", "trajectory_id": 10, "北京时间": "2026-05-17 04:00", "lon": 120.207, "lat": 27.309, "height": 1361.0 }, "geometry": { "type": "Point", "coordinates": [ 120.207, 27.309 ] } },
{ "type": "Feature", "properties": { "pt_id": " 10063", "trajectory_id": 10, "北京时间": "2026-05-17 03:00", "lon": 120.608, "lat": 27.267, "height": 1306.0 }, "geometry": { "type": "Point", "coordinates": [ 120.608, 27.267 ] } },
{ "type": "Feature", "properties": { "pt_id": " 10064", "trajectory_id": 10, "北京时间": "2026-05-17 02:00", "lon": 121.009, "lat": 27.216, "height": 1191.0 }, "geometry": { "type": "Point", "coordinates": [ 121.009, 27.216 ] } },
{ "type": "Feature", "properties": { "pt_id": " 10065", "trajectory_id": 10, "北京时间": "2026-05-17 01:00", "lon": 121.415, "lat": 27.142, "height": 1070.0 }, "geometry": { "type": "Point", "coordinates": [ 121.415, 27.142 ] } },
{ "type": "Feature", "properties": { "pt_id": " 10066", "trajectory_id": 10, "北京时间": "2026-05-17 00:00", "lon": 121.843, "lat": 27.069, "height": 1032.0 }, "geometry": { "type": "Point", "coordinates": [ 121.843, 27.069 ] } },
{ "type": "Feature", "properties": { "pt_id": " 10067", "trajectory_id": 10, "北京时间": "2026-05-16 23:00", "lon": 122.307, "lat": 27.007, "height": 1065.0 }, "geometry": { "type": "Point", "coordinates": [ 122.307, 27.007 ] } },
{ "type": "Feature", "properties": { "pt_id": " 10068", "trajectory_id": 10, "北京时间": "2026-05-16 22:00", "lon": 122.768, "lat": 26.946, "height": 1080.0 }, "geometry": { "type": "Point", "coordinates": [ 122.768, 26.946 ] } },
{ "type": "Feature", "properties": { "pt_id": " 10069", "trajectory_id": 10, "北京时间": "2026-05-16 21:00", "lon": 123.217, "lat": 26.891, "height": 1123.0 }, "geometry": { "type": "Point", "coordinates": [ 123.217, 26.891 ] } },
{ "type": "Feature", "properties": { "pt_id": " 10070", "trajectory_id": 10, "北京时间": "2026-05-16 20:00", "lon": 123.635, "lat": 26.836, "height": 1106.0 }, "geometry": { "type": "Point", "coordinates": [ 123.635, 26.836 ] } },
{ "type": "Feature", "properties": { "pt_id": " 10071", "trajectory_id": 10, "北京时间": "2026-05-16 19:00", "lon": 124.044, "lat": 26.772, "height": 1033.0 }, "geometry": { "type": "Point", "coordinates": [ 124.044, 26.772 ] } },
{ "type": "Feature", "properties": { "pt_id": " 10072", "trajectory_id": 10, "北京时间": "2026-05-16 18:00", "lon": 124.42, "lat": 26.709, "height": 1045.0 }, "geometry": { "type": "Point", "coordinates": [ 124.42, 26.709 ] } },
{ "type": "Feature", "properties": { "pt_id": " 10073", "trajectory_id": 10, "北京时间": "2026-05-16 17:00", "lon": 124.755, "lat": 26.657, "height": 1019.0 }, "geometry": { "type": "Point", "coordinates": [ 124.755, 26.657 ] } },
{ "type": "Feature", "properties": { "pt_id": " 10074", "trajectory_id": 10, "北京时间": "2026-05-16 16:00", "lon": 125.083, "lat": 26.616, "height": 1038.0 }, "geometry": { "type": "Point", "coordinates": [ 125.083, 26.616 ] } },
{ "type": "Feature", "properties": { "pt_id": " 10075", "trajectory_id": 10, "北京时间": "2026-05-16 15:00", "lon": 125.391, "lat": 26.587, "height": 1102.0 }, "geometry": { "type": "Point", "coordinates": [ 125.391, 26.587 ] } },
{ "type": "Feature", "properties": { "pt_id": " 10076", "trajectory_id": 10, "北京时间": "2026-05-16 14:00", "lon": 125.673, "lat": 26.567, "height": 1145.0 }, "geometry": { "type": "Point", "coordinates": [ 125.673, 26.567 ] } },
{ "type": "Feature", "properties": { "pt_id": " 10077", "trajectory_id": 10, "北京时间": "2026-05-16 13:00", "lon": 125.938, "lat": 26.568, "height": 1144.0 }, "geometry": { "type": "Point", "coordinates": [ 125.938, 26.568 ] } },
{ "type": "Feature", "properties": { "pt_id": " 10078", "trajectory_id": 10, "北京时间": "2026-05-16 12:00", "lon": 126.179, "lat": 26.602, "height": 1148.0 }, "geometry": { "type": "Point", "coordinates": [ 126.179, 26.602 ] } },
{ "type": "Feature", "properties": { "pt_id": " 10079", "trajectory_id": 10, "北京时间": "2026-05-16 11:00", "lon": 126.396, "lat": 26.655, "height": 1093.0 }, "geometry": { "type": "Point", "coordinates": [ 126.396, 26.655 ] } },
{ "type": "Feature", "properties": { "pt_id": " 10080", "trajectory_id": 10, "北京时间": "2026-05-16 10:00", "lon": 126.605, "lat": 26.706, "height": 1023.0 }, "geometry": { "type": "Point", "coordinates": [ 126.605, 26.706 ] } },
{ "type": "Feature", "properties": { "pt_id": " 10081", "trajectory_id": 10, "北京时间": "2026-05-16 09:00", "lon": 126.813, "lat": 26.736, "height": 1033.0 }, "geometry": { "type": "Point", "coordinates": [ 126.813, 26.736 ] } },
{ "type": "Feature", "properties": { "pt_id": " 10082", "trajectory_id": 10, "北京时间": "2026-05-16 08:00", "lon": 127.01, "lat": 26.759, "height": 1097.0 }, "geometry": { "type": "Point", "coordinates": [ 127.01, 26.759 ] } },
{ "type": "Feature", "properties": { "pt_id": " 10083", "trajectory_id": 10, "北京时间": "2026-05-16 07:00", "lon": 127.178, "lat": 26.776, "height": 1176.0 }, "geometry": { "type": "Point", "coordinates": [ 127.178, 26.776 ] } },
{ "type": "Feature", "properties": { "pt_id": " 10084", "trajectory_id": 10, "北京时间": "2026-05-16 06:00", "lon": 127.316, "lat": 26.777, "height": 1138.0 }, "geometry": { "type": "Point", "coordinates": [ 127.316, 26.777 ] } },
{ "type": "Feature", "properties": { "pt_id": " 11000", "trajectory_id": 11, "北京时间": "2026-05-18 06:00", "lon": 113.942, "lat": 30.907, "height": 10.0 }, "geometry": { "type": "Point", "coordinates": [ 113.942, 30.907 ] } },
{ "type": "Feature", "properties": { "pt_id": " 11041", "trajectory_id": 11, "北京时间": "2026-05-18 05:00", "lon": 114.16, "lat": 30.713, "height": 10.0 }, "geometry": { "type": "Point", "coordinates": [ 114.16, 30.713 ] } },
{ "type": "Feature", "properties": { "pt_id": " 11042", "trajectory_id": 11, "北京时间": "2026-05-18 04:00", "lon": 114.386, "lat": 30.536, "height": 11.0 }, "geometry": { "type": "Point", "coordinates": [ 114.386, 30.536 ] } },
{ "type": "Feature", "properties": { "pt_id": " 11043", "trajectory_id": 11, "北京时间": "2026-05-18 03:00", "lon": 114.631, "lat": 30.368, "height": 14.0 }, "geometry": { "type": "Point", "coordinates": [ 114.631, 30.368 ] } },
{ "type": "Feature", "properties": { "pt_id": " 11044", "trajectory_id": 11, "北京时间": "2026-05-18 02:00", "lon": 114.901, "lat": 30.199, "height": 49.0 }, "geometry": { "type": "Point", "coordinates": [ 114.901, 30.199 ] } },
{ "type": "Feature", "properties": { "pt_id": " 11045", "trajectory_id": 11, "北京时间": "2026-05-18 01:00", "lon": 115.164, "lat": 30.024, "height": 75.0 }, "geometry": { "type": "Point", "coordinates": [ 115.164, 30.024 ] } },
{ "type": "Feature", "properties": { "pt_id": " 11046", "trajectory_id": 11, "北京时间": "2026-05-18 00:00", "lon": 115.381, "lat": 29.881, "height": 99.0 }, "geometry": { "type": "Point", "coordinates": [ 115.381, 29.881 ] } },
{ "type": "Feature", "properties": { "pt_id": " 11047", "trajectory_id": 11, "北京时间": "2026-05-17 23:00", "lon": 115.547, "lat": 29.765, "height": 146.0 }, "geometry": { "type": "Point", "coordinates": [ 115.547, 29.765 ] } },
{ "type": "Feature", "properties": { "pt_id": " 11048", "trajectory_id": 11, "北京时间": "2026-05-17 22:00", "lon": 115.669, "lat": 29.691, "height": 146.0 }, "geometry": { "type": "Point", "coordinates": [ 115.669, 29.691 ] } },
{ "type": "Feature", "properties": { "pt_id": " 11049", "trajectory_id": 11, "北京时间": "2026-05-17 21:00", "lon": 115.797, "lat": 29.647, "height": 109.0 }, "geometry": { "type": "Point", "coordinates": [ 115.797, 29.647 ] } },
{ "type": "Feature", "properties": { "pt_id": " 11050", "trajectory_id": 11, "北京时间": "2026-05-17 20:00", "lon": 115.922, "lat": 29.597, "height": 105.0 }, "geometry": { "type": "Point", "coordinates": [ 115.922, 29.597 ] } },
{ "type": "Feature", "properties": { "pt_id": " 11051", "trajectory_id": 11, "北京时间": "2026-05-17 19:00", "lon": 116.037, "lat": 29.536, "height": 130.0 }, "geometry": { "type": "Point", "coordinates": [ 116.037, 29.536 ] } },
{ "type": "Feature", "properties": { "pt_id": " 11052", "trajectory_id": 11, "北京时间": "2026-05-17 18:00", "lon": 116.196, "lat": 29.466, "height": 164.0 }, "geometry": { "type": "Point", "coordinates": [ 116.196, 29.466 ] } },
{ "type": "Feature", "properties": { "pt_id": " 11053", "trajectory_id": 11, "北京时间": "2026-05-17 17:00", "lon": 116.456, "lat": 29.388, "height": 180.0 }, "geometry": { "type": "Point", "coordinates": [ 116.456, 29.388 ] } },
{ "type": "Feature", "properties": { "pt_id": " 11054", "trajectory_id": 11, "北京时间": "2026-05-17 16:00", "lon": 116.753, "lat": 29.343, "height": 163.0 }, "geometry": { "type": "Point", "coordinates": [ 116.753, 29.343 ] } },
{ "type": "Feature", "properties": { "pt_id": " 11055", "trajectory_id": 11, "北京时间": "2026-05-17 15:00", "lon": 117.085, "lat": 29.314, "height": 251.0 }, "geometry": { "type": "Point", "coordinates": [ 117.085, 29.314 ] } },
{ "type": "Feature", "properties": { "pt_id": " 11056", "trajectory_id": 11, "北京时间": "2026-05-17 14:00", "lon": 117.475, "lat": 29.269, "height": 337.0 }, "geometry": { "type": "Point", "coordinates": [ 117.475, 29.269 ] } },
{ "type": "Feature", "properties": { "pt_id": " 11057", "trajectory_id": 11, "北京时间": "2026-05-17 13:00", "lon": 117.892, "lat": 29.213, "height": 468.0 }, "geometry": { "type": "Point", "coordinates": [ 117.892, 29.213 ] } },
{ "type": "Feature", "properties": { "pt_id": " 11058", "trajectory_id": 11, "北京时间": "2026-05-17 12:00", "lon": 118.21, "lat": 29.14, "height": 707.0 }, "geometry": { "type": "Point", "coordinates": [ 118.21, 29.14 ] } },
{ "type": "Feature", "properties": { "pt_id": " 11059", "trajectory_id": 11, "北京时间": "2026-05-17 11:00", "lon": 118.498, "lat": 29.086, "height": 684.0 }, "geometry": { "type": "Point", "coordinates": [ 118.498, 29.086 ] } },
{ "type": "Feature", "properties": { "pt_id": " 11060", "trajectory_id": 11, "北京时间": "2026-05-17 10:00", "lon": 118.784, "lat": 29.054, "height": 766.0 }, "geometry": { "type": "Point", "coordinates": [ 118.784, 29.054 ] } },
{ "type": "Feature", "properties": { "pt_id": " 11061", "trajectory_id": 11, "北京时间": "2026-05-17 09:00", "lon": 119.041, "lat": 28.973, "height": 858.0 }, "geometry": { "type": "Point", "coordinates": [ 119.041, 28.973 ] } },
{ "type": "Feature", "properties": { "pt_id": " 11062", "trajectory_id": 11, "北京时间": "2026-05-17 08:00", "lon": 119.263, "lat": 28.761, "height": 1072.0 }, "geometry": { "type": "Point", "coordinates": [ 119.263, 28.761 ] } },
{ "type": "Feature", "properties": { "pt_id": " 11063", "trajectory_id": 11, "北京时间": "2026-05-17 07:00", "lon": 119.476, "lat": 28.477, "height": 1313.0 }, "geometry": { "type": "Point", "coordinates": [ 119.476, 28.477 ] } },
{ "type": "Feature", "properties": { "pt_id": " 11064", "trajectory_id": 11, "北京时间": "2026-05-17 06:00", "lon": 119.719, "lat": 28.224, "height": 1426.0 }, "geometry": { "type": "Point", "coordinates": [ 119.719, 28.224 ] } },
{ "type": "Feature", "properties": { "pt_id": " 11065", "trajectory_id": 11, "北京时间": "2026-05-17 05:00", "lon": 119.953, "lat": 28.001, "height": 1522.0 }, "geometry": { "type": "Point", "coordinates": [ 119.953, 28.001 ] } },
{ "type": "Feature", "properties": { "pt_id": " 11066", "trajectory_id": 11, "北京时间": "2026-05-17 04:00", "lon": 120.216, "lat": 27.828, "height": 1571.0 }, "geometry": { "type": "Point", "coordinates": [ 120.216, 27.828 ] } },
{ "type": "Feature", "properties": { "pt_id": " 11067", "trajectory_id": 11, "北京时间": "2026-05-17 03:00", "lon": 120.577, "lat": 27.726, "height": 1490.0 }, "geometry": { "type": "Point", "coordinates": [ 120.577, 27.726 ] } },
{ "type": "Feature", "properties": { "pt_id": " 11068", "trajectory_id": 11, "北京时间": "2026-05-17 02:00", "lon": 120.975, "lat": 27.675, "height": 1245.0 }, "geometry": { "type": "Point", "coordinates": [ 120.975, 27.675 ] } },
{ "type": "Feature", "properties": { "pt_id": " 11069", "trajectory_id": 11, "北京时间": "2026-05-17 01:00", "lon": 121.395, "lat": 27.613, "height": 1115.0 }, "geometry": { "type": "Point", "coordinates": [ 121.395, 27.613 ] } },
{ "type": "Feature", "properties": { "pt_id": " 11070", "trajectory_id": 11, "北京时间": "2026-05-17 00:00", "lon": 121.848, "lat": 27.557, "height": 1025.0 }, "geometry": { "type": "Point", "coordinates": [ 121.848, 27.557 ] } },
{ "type": "Feature", "properties": { "pt_id": " 11071", "trajectory_id": 11, "北京时间": "2026-05-16 23:00", "lon": 122.271, "lat": 27.487, "height": 969.0 }, "geometry": { "type": "Point", "coordinates": [ 122.271, 27.487 ] } },
{ "type": "Feature", "properties": { "pt_id": " 11072", "trajectory_id": 11, "北京时间": "2026-05-16 22:00", "lon": 122.692, "lat": 27.378, "height": 918.0 }, "geometry": { "type": "Point", "coordinates": [ 122.692, 27.378 ] } },
{ "type": "Feature", "properties": { "pt_id": " 11073", "trajectory_id": 11, "北京时间": "2026-05-16 21:00", "lon": 123.123, "lat": 27.269, "height": 821.0 }, "geometry": { "type": "Point", "coordinates": [ 123.123, 27.269 ] } },
{ "type": "Feature", "properties": { "pt_id": " 11074", "trajectory_id": 11, "北京时间": "2026-05-16 20:00", "lon": 123.533, "lat": 27.151, "height": 806.0 }, "geometry": { "type": "Point", "coordinates": [ 123.533, 27.151 ] } },
{ "type": "Feature", "properties": { "pt_id": " 11075", "trajectory_id": 11, "北京时间": "2026-05-16 19:00", "lon": 123.924, "lat": 27.05, "height": 742.0 }, "geometry": { "type": "Point", "coordinates": [ 123.924, 27.05 ] } },
{ "type": "Feature", "properties": { "pt_id": " 11076", "trajectory_id": 11, "北京时间": "2026-05-16 18:00", "lon": 124.274, "lat": 26.951, "height": 709.0 }, "geometry": { "type": "Point", "coordinates": [ 124.274, 26.951 ] } },
{ "type": "Feature", "properties": { "pt_id": " 11077", "trajectory_id": 11, "北京时间": "2026-05-16 17:00", "lon": 124.587, "lat": 26.872, "height": 674.0 }, "geometry": { "type": "Point", "coordinates": [ 124.587, 26.872 ] } },
{ "type": "Feature", "properties": { "pt_id": " 11078", "trajectory_id": 11, "北京时间": "2026-05-16 16:00", "lon": 124.885, "lat": 26.835, "height": 621.0 }, "geometry": { "type": "Point", "coordinates": [ 124.885, 26.835 ] } },
{ "type": "Feature", "properties": { "pt_id": " 11079", "trajectory_id": 11, "北京时间": "2026-05-16 15:00", "lon": 125.17, "lat": 26.839, "height": 671.0 }, "geometry": { "type": "Point", "coordinates": [ 125.17, 26.839 ] } },
{ "type": "Feature", "properties": { "pt_id": " 11080", "trajectory_id": 11, "北京时间": "2026-05-16 14:00", "lon": 125.416, "lat": 26.867, "height": 754.0 }, "geometry": { "type": "Point", "coordinates": [ 125.416, 26.867 ] } },
{ "type": "Feature", "properties": { "pt_id": " 11081", "trajectory_id": 11, "北京时间": "2026-05-16 13:00", "lon": 125.632, "lat": 26.901, "height": 784.0 }, "geometry": { "type": "Point", "coordinates": [ 125.632, 26.901 ] } },
{ "type": "Feature", "properties": { "pt_id": " 11082", "trajectory_id": 11, "北京时间": "2026-05-16 12:00", "lon": 125.829, "lat": 26.931, "height": 808.0 }, "geometry": { "type": "Point", "coordinates": [ 125.829, 26.931 ] } },
{ "type": "Feature", "properties": { "pt_id": " 11083", "trajectory_id": 11, "北京时间": "2026-05-16 11:00", "lon": 126.013, "lat": 26.94, "height": 832.0 }, "geometry": { "type": "Point", "coordinates": [ 126.013, 26.94 ] } },
{ "type": "Feature", "properties": { "pt_id": " 11084", "trajectory_id": 11, "北京时间": "2026-05-16 10:00", "lon": 126.189, "lat": 26.918, "height": 832.0 }, "geometry": { "type": "Point", "coordinates": [ 126.189, 26.918 ] } },
{ "type": "Feature", "properties": { "pt_id": " 11085", "trajectory_id": 11, "北京时间": "2026-05-16 09:00", "lon": 126.364, "lat": 26.866, "height": 792.0 }, "geometry": { "type": "Point", "coordinates": [ 126.364, 26.866 ] } },
{ "type": "Feature", "properties": { "pt_id": " 11086", "trajectory_id": 11, "北京时间": "2026-05-16 08:00", "lon": 126.535, "lat": 26.798, "height": 768.0 }, "geometry": { "type": "Point", "coordinates": [ 126.535, 26.798 ] } },
{ "type": "Feature", "properties": { "pt_id": " 11087", "trajectory_id": 11, "北京时间": "2026-05-16 07:00", "lon": 126.697, "lat": 26.734, "height": 739.0 }, "geometry": { "type": "Point", "coordinates": [ 126.697, 26.734 ] } },
{ "type": "Feature", "properties": { "pt_id": " 11088", "trajectory_id": 11, "北京时间": "2026-05-16 06:00", "lon": 126.861, "lat": 26.677, "height": 722.0 }, "geometry": { "type": "Point", "coordinates": [ 126.861, 26.677 ] } },
{ "type": "Feature", "properties": { "pt_id": " 12000", "trajectory_id": 12, "北京时间": "2026-05-18 06:00", "lon": 113.942, "lat": 30.907, "height": 10.0 }, "geometry": { "type": "Point", "coordinates": [ 113.942, 30.907 ] } },
{ "type": "Feature", "properties": { "pt_id": " 12045", "trajectory_id": 12, "北京时间": "2026-05-18 05:00", "lon": 114.182, "lat": 30.785, "height": 10.0 }, "geometry": { "type": "Point", "coordinates": [ 114.182, 30.785 ] } },
{ "type": "Feature", "properties": { "pt_id": " 12046", "trajectory_id": 12, "北京时间": "2026-05-18 04:00", "lon": 114.442, "lat": 30.676, "height": 10.0 }, "geometry": { "type": "Point", "coordinates": [ 114.442, 30.676 ] } },
{ "type": "Feature", "properties": { "pt_id": " 12047", "trajectory_id": 12, "北京时间": "2026-05-18 03:00", "lon": 114.689, "lat": 30.584, "height": 10.0 }, "geometry": { "type": "Point", "coordinates": [ 114.689, 30.584 ] } },
{ "type": "Feature", "properties": { "pt_id": " 12048", "trajectory_id": 12, "北京时间": "2026-05-18 02:00", "lon": 114.907, "lat": 30.513, "height": 11.0 }, "geometry": { "type": "Point", "coordinates": [ 114.907, 30.513 ] } },
{ "type": "Feature", "properties": { "pt_id": " 12049", "trajectory_id": 12, "北京时间": "2026-05-18 01:00", "lon": 115.069, "lat": 30.482, "height": 12.0 }, "geometry": { "type": "Point", "coordinates": [ 115.069, 30.482 ] } },
{ "type": "Feature", "properties": { "pt_id": " 12050", "trajectory_id": 12, "北京时间": "2026-05-18 00:00", "lon": 115.194, "lat": 30.469, "height": 12.0 }, "geometry": { "type": "Point", "coordinates": [ 115.194, 30.469 ] } },
{ "type": "Feature", "properties": { "pt_id": " 12051", "trajectory_id": 12, "北京时间": "2026-05-17 23:00", "lon": 115.301, "lat": 30.45, "height": 19.0 }, "geometry": { "type": "Point", "coordinates": [ 115.301, 30.45 ] } },
{ "type": "Feature", "properties": { "pt_id": " 12052", "trajectory_id": 12, "北京时间": "2026-05-17 22:00", "lon": 115.411, "lat": 30.418, "height": 49.0 }, "geometry": { "type": "Point", "coordinates": [ 115.411, 30.418 ] } },
{ "type": "Feature", "properties": { "pt_id": " 12053", "trajectory_id": 12, "北京时间": "2026-05-17 21:00", "lon": 115.532, "lat": 30.384, "height": 94.0 }, "geometry": { "type": "Point", "coordinates": [ 115.532, 30.384 ] } },
{ "type": "Feature", "properties": { "pt_id": " 12054", "trajectory_id": 12, "北京时间": "2026-05-17 20:00", "lon": 115.667, "lat": 30.346, "height": 148.0 }, "geometry": { "type": "Point", "coordinates": [ 115.667, 30.346 ] } },
{ "type": "Feature", "properties": { "pt_id": " 12055", "trajectory_id": 12, "北京时间": "2026-05-17 19:00", "lon": 115.806, "lat": 30.31, "height": 210.0 }, "geometry": { "type": "Point", "coordinates": [ 115.806, 30.31 ] } },
{ "type": "Feature", "properties": { "pt_id": " 12056", "trajectory_id": 12, "北京时间": "2026-05-17 18:00", "lon": 115.955, "lat": 30.305, "height": 223.0 }, "geometry": { "type": "Point", "coordinates": [ 115.955, 30.305 ] } },
{ "type": "Feature", "properties": { "pt_id": " 12057", "trajectory_id": 12, "北京时间": "2026-05-17 17:00", "lon": 116.106, "lat": 30.334, "height": 189.0 }, "geometry": { "type": "Point", "coordinates": [ 116.106, 30.334 ] } },
{ "type": "Feature", "properties": { "pt_id": " 12058", "trajectory_id": 12, "北京时间": "2026-05-17 16:00", "lon": 116.241, "lat": 30.386, "height": 168.0 }, "geometry": { "type": "Point", "coordinates": [ 116.241, 30.386 ] } },
{ "type": "Feature", "properties": { "pt_id": " 12059", "trajectory_id": 12, "北京时间": "2026-05-17 15:00", "lon": 116.377, "lat": 30.459, "height": 150.0 }, "geometry": { "type": "Point", "coordinates": [ 116.377, 30.459 ] } },
{ "type": "Feature", "properties": { "pt_id": " 12060", "trajectory_id": 12, "北京时间": "2026-05-17 14:00", "lon": 116.527, "lat": 30.544, "height": 111.0 }, "geometry": { "type": "Point", "coordinates": [ 116.527, 30.544 ] } },
{ "type": "Feature", "properties": { "pt_id": " 12061", "trajectory_id": 12, "北京时间": "2026-05-17 13:00", "lon": 116.661, "lat": 30.587, "height": 82.0 }, "geometry": { "type": "Point", "coordinates": [ 116.661, 30.587 ] } },
{ "type": "Feature", "properties": { "pt_id": " 12062", "trajectory_id": 12, "北京时间": "2026-05-17 12:00", "lon": 116.801, "lat": 30.597, "height": 57.0 }, "geometry": { "type": "Point", "coordinates": [ 116.801, 30.597 ] } },
{ "type": "Feature", "properties": { "pt_id": " 12063", "trajectory_id": 12, "北京时间": "2026-05-17 11:00", "lon": 116.947, "lat": 30.605, "height": 42.0 }, "geometry": { "type": "Point", "coordinates": [ 116.947, 30.605 ] } },
{ "type": "Feature", "properties": { "pt_id": " 12064", "trajectory_id": 12, "北京时间": "2026-05-17 10:00", "lon": 117.073, "lat": 30.626, "height": 42.0 }, "geometry": { "type": "Point", "coordinates": [ 117.073, 30.626 ] } },
{ "type": "Feature", "properties": { "pt_id": " 12065", "trajectory_id": 12, "北京时间": "2026-05-17 09:00", "lon": 117.182, "lat": 30.652, "height": 44.0 }, "geometry": { "type": "Point", "coordinates": [ 117.182, 30.652 ] } },
{ "type": "Feature", "properties": { "pt_id": " 12066", "trajectory_id": 12, "北京时间": "2026-05-17 08:00", "lon": 117.288, "lat": 30.677, "height": 45.0 }, "geometry": { "type": "Point", "coordinates": [ 117.288, 30.677 ] } },
{ "type": "Feature", "properties": { "pt_id": " 12067", "trajectory_id": 12, "北京时间": "2026-05-17 07:00", "lon": 117.397, "lat": 30.707, "height": 45.0 }, "geometry": { "type": "Point", "coordinates": [ 117.397, 30.707 ] } },
{ "type": "Feature", "properties": { "pt_id": " 12068", "trajectory_id": 12, "北京时间": "2026-05-17 06:00", "lon": 117.521, "lat": 30.738, "height": 47.0 }, "geometry": { "type": "Point", "coordinates": [ 117.521, 30.738 ] } },
{ "type": "Feature", "properties": { "pt_id": " 12069", "trajectory_id": 12, "北京时间": "2026-05-17 05:00", "lon": 117.668, "lat": 30.749, "height": 60.0 }, "geometry": { "type": "Point", "coordinates": [ 117.668, 30.749 ] } },
{ "type": "Feature", "properties": { "pt_id": " 12070", "trajectory_id": 12, "北京时间": "2026-05-17 04:00", "lon": 117.819, "lat": 30.734, "height": 80.0 }, "geometry": { "type": "Point", "coordinates": [ 117.819, 30.734 ] } },
{ "type": "Feature", "properties": { "pt_id": " 12071", "trajectory_id": 12, "北京时间": "2026-05-17 03:00", "lon": 117.962, "lat": 30.718, "height": 102.0 }, "geometry": { "type": "Point", "coordinates": [ 117.962, 30.718 ] } },
{ "type": "Feature", "properties": { "pt_id": " 12072", "trajectory_id": 12, "北京时间": "2026-05-17 02:00", "lon": 118.096, "lat": 30.696, "height": 123.0 }, "geometry": { "type": "Point", "coordinates": [ 118.096, 30.696 ] } },
{ "type": "Feature", "properties": { "pt_id": " 12073", "trajectory_id": 12, "北京时间": "2026-05-17 01:00", "lon": 118.21, "lat": 30.666, "height": 132.0 }, "geometry": { "type": "Point", "coordinates": [ 118.21, 30.666 ] } },
{ "type": "Feature", "properties": { "pt_id": " 12074", "trajectory_id": 12, "北京时间": "2026-05-17 00:00", "lon": 118.308, "lat": 30.623, "height": 145.0 }, "geometry": { "type": "Point", "coordinates": [ 118.308, 30.623 ] } },
{ "type": "Feature", "properties": { "pt_id": " 12075", "trajectory_id": 12, "北京时间": "2026-05-16 23:00", "lon": 118.391, "lat": 30.561, "height": 189.0 }, "geometry": { "type": "Point", "coordinates": [ 118.391, 30.561 ] } },
{ "type": "Feature", "properties": { "pt_id": " 12076", "trajectory_id": 12, "北京时间": "2026-05-16 22:00", "lon": 118.455, "lat": 30.477, "height": 259.0 }, "geometry": { "type": "Point", "coordinates": [ 118.455, 30.477 ] } },
{ "type": "Feature", "properties": { "pt_id": " 12077", "trajectory_id": 12, "北京时间": "2026-05-16 21:00", "lon": 118.514, "lat": 30.382, "height": 324.0 }, "geometry": { "type": "Point", "coordinates": [ 118.514, 30.382 ] } },
{ "type": "Feature", "properties": { "pt_id": " 12078", "trajectory_id": 12, "北京时间": "2026-05-16 20:00", "lon": 118.587, "lat": 30.272, "height": 367.0 }, "geometry": { "type": "Point", "coordinates": [ 118.587, 30.272 ] } },
{ "type": "Feature", "properties": { "pt_id": " 12079", "trajectory_id": 12, "北京时间": "2026-05-16 19:00", "lon": 118.688, "lat": 30.167, "height": 395.0 }, "geometry": { "type": "Point", "coordinates": [ 118.688, 30.167 ] } },
{ "type": "Feature", "properties": { "pt_id": " 12080", "trajectory_id": 12, "北京时间": "2026-05-16 18:00", "lon": 118.858, "lat": 30.077, "height": 488.0 }, "geometry": { "type": "Point", "coordinates": [ 118.858, 30.077 ] } },
{ "type": "Feature", "properties": { "pt_id": " 12081", "trajectory_id": 12, "北京时间": "2026-05-16 17:00", "lon": 119.114, "lat": 29.97, "height": 487.0 }, "geometry": { "type": "Point", "coordinates": [ 119.114, 29.97 ] } },
{ "type": "Feature", "properties": { "pt_id": " 12082", "trajectory_id": 12, "北京时间": "2026-05-16 16:00", "lon": 119.391, "lat": 29.83, "height": 431.0 }, "geometry": { "type": "Point", "coordinates": [ 119.391, 29.83 ] } },
{ "type": "Feature", "properties": { "pt_id": " 12083", "trajectory_id": 12, "北京时间": "2026-05-16 15:00", "lon": 119.612, "lat": 29.716, "height": 370.0 }, "geometry": { "type": "Point", "coordinates": [ 119.612, 29.716 ] } },
{ "type": "Feature", "properties": { "pt_id": " 12084", "trajectory_id": 12, "北京时间": "2026-05-16 14:00", "lon": 119.853, "lat": 29.624, "height": 390.0 }, "geometry": { "type": "Point", "coordinates": [ 119.853, 29.624 ] } },
{ "type": "Feature", "properties": { "pt_id": " 12085", "trajectory_id": 12, "北京时间": "2026-05-16 13:00", "lon": 120.121, "lat": 29.545, "height": 339.0 }, "geometry": { "type": "Point", "coordinates": [ 120.121, 29.545 ] } },
{ "type": "Feature", "properties": { "pt_id": " 12086", "trajectory_id": 12, "北京时间": "2026-05-16 12:00", "lon": 120.402, "lat": 29.468, "height": 415.0 }, "geometry": { "type": "Point", "coordinates": [ 120.402, 29.468 ] } },
{ "type": "Feature", "properties": { "pt_id": " 12087", "trajectory_id": 12, "北京时间": "2026-05-16 11:00", "lon": 120.758, "lat": 29.388, "height": 415.0 }, "geometry": { "type": "Point", "coordinates": [ 120.758, 29.388 ] } },
{ "type": "Feature", "properties": { "pt_id": " 12088", "trajectory_id": 12, "北京时间": "2026-05-16 10:00", "lon": 121.053, "lat": 29.326, "height": 398.0 }, "geometry": { "type": "Point", "coordinates": [ 121.053, 29.326 ] } },
{ "type": "Feature", "properties": { "pt_id": " 12089", "trajectory_id": 12, "北京时间": "2026-05-16 09:00", "lon": 121.277, "lat": 29.222, "height": 435.0 }, "geometry": { "type": "Point", "coordinates": [ 121.277, 29.222 ] } },
{ "type": "Feature", "properties": { "pt_id": " 12090", "trajectory_id": 12, "北京时间": "2026-05-16 08:00", "lon": 121.449, "lat": 29.105, "height": 359.0 }, "geometry": { "type": "Point", "coordinates": [ 121.449, 29.105 ] } },
{ "type": "Feature", "properties": { "pt_id": " 12091", "trajectory_id": 12, "北京时间": "2026-05-16 07:00", "lon": 121.609, "lat": 29.01, "height": 232.0 }, "geometry": { "type": "Point", "coordinates": [ 121.609, 29.01 ] } },
{ "type": "Feature", "properties": { "pt_id": " 12092", "trajectory_id": 12, "北京时间": "2026-05-16 06:00", "lon": 121.741, "lat": 28.931, "height": 123.0 }, "geometry": { "type": "Point", "coordinates": [ 121.741, 28.931 ] } },
{ "type": "Feature", "properties": { "pt_id": " 13000", "trajectory_id": 13, "北京时间": "2026-05-18 06:00", "lon": 113.942, "lat": 30.907, "height": 10.0 }, "geometry": { "type": "Point", "coordinates": [ 113.942, 30.907 ] } },
{ "type": "Feature", "properties": { "pt_id": " 13049", "trajectory_id": 13, "北京时间": "2026-05-18 05:00", "lon": 114.133, "lat": 30.879, "height": 10.0 }, "geometry": { "type": "Point", "coordinates": [ 114.133, 30.879 ] } },
{ "type": "Feature", "properties": { "pt_id": " 13050", "trajectory_id": 13, "北京时间": "2026-05-18 04:00", "lon": 114.305, "lat": 30.865, "height": 11.0 }, "geometry": { "type": "Point", "coordinates": [ 114.305, 30.865 ] } },
{ "type": "Feature", "properties": { "pt_id": " 13051", "trajectory_id": 13, "北京时间": "2026-05-18 03:00", "lon": 114.452, "lat": 30.844, "height": 11.0 }, "geometry": { "type": "Point", "coordinates": [ 114.452, 30.844 ] } },
{ "type": "Feature", "properties": { "pt_id": " 13052", "trajectory_id": 13, "北京时间": "2026-05-18 02:00", "lon": 114.579, "lat": 30.802, "height": 12.0 }, "geometry": { "type": "Point", "coordinates": [ 114.579, 30.802 ] } },
{ "type": "Feature", "properties": { "pt_id": " 13053", "trajectory_id": 13, "北京时间": "2026-05-18 01:00", "lon": 114.7, "lat": 30.749, "height": 12.0 }, "geometry": { "type": "Point", "coordinates": [ 114.7, 30.749 ] } },
{ "type": "Feature", "properties": { "pt_id": " 13054", "trajectory_id": 13, "北京时间": "2026-05-18 00:00", "lon": 114.817, "lat": 30.705, "height": 14.0 }, "geometry": { "type": "Point", "coordinates": [ 114.817, 30.705 ] } },
{ "type": "Feature", "properties": { "pt_id": " 13055", "trajectory_id": 13, "北京时间": "2026-05-17 23:00", "lon": 114.937, "lat": 30.679, "height": 31.0 }, "geometry": { "type": "Point", "coordinates": [ 114.937, 30.679 ] } },
{ "type": "Feature", "properties": { "pt_id": " 13056", "trajectory_id": 13, "北京时间": "2026-05-17 22:00", "lon": 115.067, "lat": 30.662, "height": 66.0 }, "geometry": { "type": "Point", "coordinates": [ 115.067, 30.662 ] } },
{ "type": "Feature", "properties": { "pt_id": " 13057", "trajectory_id": 13, "北京时间": "2026-05-17 21:00", "lon": 115.202, "lat": 30.652, "height": 94.0 }, "geometry": { "type": "Point", "coordinates": [ 115.202, 30.652 ] } },
{ "type": "Feature", "properties": { "pt_id": " 13058", "trajectory_id": 13, "北京时间": "2026-05-17 20:00", "lon": 115.346, "lat": 30.654, "height": 117.0 }, "geometry": { "type": "Point", "coordinates": [ 115.346, 30.654 ] } },
{ "type": "Feature", "properties": { "pt_id": " 13059", "trajectory_id": 13, "北京时间": "2026-05-17 19:00", "lon": 115.513, "lat": 30.645, "height": 192.0 }, "geometry": { "type": "Point", "coordinates": [ 115.513, 30.645 ] } },
{ "type": "Feature", "properties": { "pt_id": " 13060", "trajectory_id": 13, "北京时间": "2026-05-17 18:00", "lon": 115.687, "lat": 30.607, "height": 294.0 }, "geometry": { "type": "Point", "coordinates": [ 115.687, 30.607 ] } },
{ "type": "Feature", "properties": { "pt_id": " 13061", "trajectory_id": 13, "北京时间": "2026-05-17 17:00", "lon": 115.858, "lat": 30.563, "height": 413.0 }, "geometry": { "type": "Point", "coordinates": [ 115.858, 30.563 ] } },
{ "type": "Feature", "properties": { "pt_id": " 13062", "trajectory_id": 13, "北京时间": "2026-05-17 16:00", "lon": 116.03, "lat": 30.521, "height": 479.0 }, "geometry": { "type": "Point", "coordinates": [ 116.03, 30.521 ] } },
{ "type": "Feature", "properties": { "pt_id": " 13063", "trajectory_id": 13, "北京时间": "2026-05-17 15:00", "lon": 116.204, "lat": 30.496, "height": 484.0 }, "geometry": { "type": "Point", "coordinates": [ 116.204, 30.496 ] } },
{ "type": "Feature", "properties": { "pt_id": " 13064", "trajectory_id": 13, "北京时间": "2026-05-17 14:00", "lon": 116.374, "lat": 30.49, "height": 426.0 }, "geometry": { "type": "Point", "coordinates": [ 116.374, 30.49 ] } },
{ "type": "Feature", "properties": { "pt_id": " 13065", "trajectory_id": 13, "北京时间": "2026-05-17 13:00", "lon": 116.528, "lat": 30.508, "height": 365.0 }, "geometry": { "type": "Point", "coordinates": [ 116.528, 30.508 ] } },
{ "type": "Feature", "properties": { "pt_id": " 13066", "trajectory_id": 13, "北京时间": "2026-05-17 12:00", "lon": 116.668, "lat": 30.547, "height": 336.0 }, "geometry": { "type": "Point", "coordinates": [ 116.668, 30.547 ] } },
{ "type": "Feature", "properties": { "pt_id": " 13067", "trajectory_id": 13, "北京时间": "2026-05-17 11:00", "lon": 116.793, "lat": 30.594, "height": 345.0 }, "geometry": { "type": "Point", "coordinates": [ 116.793, 30.594 ] } },
{ "type": "Feature", "properties": { "pt_id": " 13068", "trajectory_id": 13, "北京时间": "2026-05-17 10:00", "lon": 116.911, "lat": 30.644, "height": 363.0 }, "geometry": { "type": "Point", "coordinates": [ 116.911, 30.644 ] } },
{ "type": "Feature", "properties": { "pt_id": " 13069", "trajectory_id": 13, "北京时间": "2026-05-17 09:00", "lon": 117.024, "lat": 30.683, "height": 363.0 }, "geometry": { "type": "Point", "coordinates": [ 117.024, 30.683 ] } },
{ "type": "Feature", "properties": { "pt_id": " 13070", "trajectory_id": 13, "北京时间": "2026-05-17 08:00", "lon": 117.137, "lat": 30.713, "height": 358.0 }, "geometry": { "type": "Point", "coordinates": [ 117.137, 30.713 ] } },
{ "type": "Feature", "properties": { "pt_id": " 13071", "trajectory_id": 13, "北京时间": "2026-05-17 07:00", "lon": 117.257, "lat": 30.737, "height": 348.0 }, "geometry": { "type": "Point", "coordinates": [ 117.257, 30.737 ] } },
{ "type": "Feature", "properties": { "pt_id": " 13072", "trajectory_id": 13, "北京时间": "2026-05-17 06:00", "lon": 117.38, "lat": 30.748, "height": 327.0 }, "geometry": { "type": "Point", "coordinates": [ 117.38, 30.748 ] } },
{ "type": "Feature", "properties": { "pt_id": " 13073", "trajectory_id": 13, "北京时间": "2026-05-17 05:00", "lon": 117.505, "lat": 30.747, "height": 293.0 }, "geometry": { "type": "Point", "coordinates": [ 117.505, 30.747 ] } },
{ "type": "Feature", "properties": { "pt_id": " 13074", "trajectory_id": 13, "北京时间": "2026-05-17 04:00", "lon": 117.636, "lat": 30.73, "height": 259.0 }, "geometry": { "type": "Point", "coordinates": [ 117.636, 30.73 ] } },
{ "type": "Feature", "properties": { "pt_id": " 13075", "trajectory_id": 13, "北京时间": "2026-05-17 03:00", "lon": 117.757, "lat": 30.673, "height": 244.0 }, "geometry": { "type": "Point", "coordinates": [ 117.757, 30.673 ] } },
{ "type": "Feature", "properties": { "pt_id": " 13076", "trajectory_id": 13, "北京时间": "2026-05-17 02:00", "lon": 117.852, "lat": 30.584, "height": 268.0 }, "geometry": { "type": "Point", "coordinates": [ 117.852, 30.584 ] } },
{ "type": "Feature", "properties": { "pt_id": " 13077", "trajectory_id": 13, "北京时间": "2026-05-17 01:00", "lon": 117.922, "lat": 30.492, "height": 323.0 }, "geometry": { "type": "Point", "coordinates": [ 117.922, 30.492 ] } },
{ "type": "Feature", "properties": { "pt_id": " 13078", "trajectory_id": 13, "北京时间": "2026-05-17 00:00", "lon": 117.992, "lat": 30.401, "height": 344.0 }, "geometry": { "type": "Point", "coordinates": [ 117.992, 30.401 ] } },
{ "type": "Feature", "properties": { "pt_id": " 13079", "trajectory_id": 13, "北京时间": "2026-05-16 23:00", "lon": 118.066, "lat": 30.311, "height": 337.0 }, "geometry": { "type": "Point", "coordinates": [ 118.066, 30.311 ] } },
{ "type": "Feature", "properties": { "pt_id": " 13080", "trajectory_id": 13, "北京时间": "2026-05-16 22:00", "lon": 118.153, "lat": 30.214, "height": 385.0 }, "geometry": { "type": "Point", "coordinates": [ 118.153, 30.214 ] } },
{ "type": "Feature", "properties": { "pt_id": " 13081", "trajectory_id": 13, "北京时间": "2026-05-16 21:00", "lon": 118.338, "lat": 30.096, "height": 543.0 }, "geometry": { "type": "Point", "coordinates": [ 118.338, 30.096 ] } },
{ "type": "Feature", "properties": { "pt_id": " 13082", "trajectory_id": 13, "北京时间": "2026-05-16 20:00", "lon": 118.645, "lat": 29.984, "height": 640.0 }, "geometry": { "type": "Point", "coordinates": [ 118.645, 29.984 ] } },
{ "type": "Feature", "properties": { "pt_id": " 13083", "trajectory_id": 13, "北京时间": "2026-05-16 19:00", "lon": 119.005, "lat": 29.886, "height": 726.0 }, "geometry": { "type": "Point", "coordinates": [ 119.005, 29.886 ] } },
{ "type": "Feature", "properties": { "pt_id": " 13084", "trajectory_id": 13, "北京时间": "2026-05-16 18:00", "lon": 119.361, "lat": 29.791, "height": 655.0 }, "geometry": { "type": "Point", "coordinates": [ 119.361, 29.791 ] } },
{ "type": "Feature", "properties": { "pt_id": " 13085", "trajectory_id": 13, "北京时间": "2026-05-16 17:00", "lon": 119.694, "lat": 29.71, "height": 600.0 }, "geometry": { "type": "Point", "coordinates": [ 119.694, 29.71 ] } },
{ "type": "Feature", "properties": { "pt_id": " 13086", "trajectory_id": 13, "北京时间": "2026-05-16 16:00", "lon": 120.109, "lat": 29.576, "height": 648.0 }, "geometry": { "type": "Point", "coordinates": [ 120.109, 29.576 ] } },
{ "type": "Feature", "properties": { "pt_id": " 13087", "trajectory_id": 13, "北京时间": "2026-05-16 15:00", "lon": 120.592, "lat": 29.429, "height": 820.0 }, "geometry": { "type": "Point", "coordinates": [ 120.592, 29.429 ] } },
{ "type": "Feature", "properties": { "pt_id": " 13088", "trajectory_id": 13, "北京时间": "2026-05-16 14:00", "lon": 121.003, "lat": 29.254, "height": 750.0 }, "geometry": { "type": "Point", "coordinates": [ 121.003, 29.254 ] } },
{ "type": "Feature", "properties": { "pt_id": " 13089", "trajectory_id": 13, "北京时间": "2026-05-16 13:00", "lon": 121.311, "lat": 29.065, "height": 736.0 }, "geometry": { "type": "Point", "coordinates": [ 121.311, 29.065 ] } },
{ "type": "Feature", "properties": { "pt_id": " 13090", "trajectory_id": 13, "北京时间": "2026-05-16 12:00", "lon": 121.563, "lat": 28.861, "height": 687.0 }, "geometry": { "type": "Point", "coordinates": [ 121.563, 28.861 ] } },
{ "type": "Feature", "properties": { "pt_id": " 13091", "trajectory_id": 13, "北京时间": "2026-05-16 11:00", "lon": 121.768, "lat": 28.635, "height": 577.0 }, "geometry": { "type": "Point", "coordinates": [ 121.768, 28.635 ] } },
{ "type": "Feature", "properties": { "pt_id": " 13092", "trajectory_id": 13, "北京时间": "2026-05-16 10:00", "lon": 121.94, "lat": 28.389, "height": 622.0 }, "geometry": { "type": "Point", "coordinates": [ 121.94, 28.389 ] } },
{ "type": "Feature", "properties": { "pt_id": " 13093", "trajectory_id": 13, "北京时间": "2026-05-16 09:00", "lon": 122.113, "lat": 28.187, "height": 796.0 }, "geometry": { "type": "Point", "coordinates": [ 122.113, 28.187 ] } },
{ "type": "Feature", "properties": { "pt_id": " 13094", "trajectory_id": 13, "北京时间": "2026-05-16 08:00", "lon": 122.288, "lat": 28.001, "height": 796.0 }, "geometry": { "type": "Point", "coordinates": [ 122.288, 28.001 ] } },
{ "type": "Feature", "properties": { "pt_id": " 13095", "trajectory_id": 13, "北京时间": "2026-05-16 07:00", "lon": 122.414, "lat": 27.836, "height": 722.0 }, "geometry": { "type": "Point", "coordinates": [ 122.414, 27.836 ] } },
{ "type": "Feature", "properties": { "pt_id": " 13096", "trajectory_id": 13, "北京时间": "2026-05-16 06:00", "lon": 122.497, "lat": 27.714, "height": 604.0 }, "geometry": { "type": "Point", "coordinates": [ 122.497, 27.714 ] } },
{ "type": "Feature", "properties": { "pt_id": " 14000", "trajectory_id": 14, "北京时间": "2026-05-18 06:00", "lon": 113.942, "lat": 30.907, "height": 10.0 }, "geometry": { "type": "Point", "coordinates": [ 113.942, 30.907 ] } },
{ "type": "Feature", "properties": { "pt_id": " 14053", "trajectory_id": 14, "北京时间": "2026-05-18 05:00", "lon": 114.077, "lat": 30.905, "height": 13.0 }, "geometry": { "type": "Point", "coordinates": [ 114.077, 30.905 ] } },
{ "type": "Feature", "properties": { "pt_id": " 14054", "trajectory_id": 14, "北京时间": "2026-05-18 04:00", "lon": 114.214, "lat": 30.895, "height": 18.0 }, "geometry": { "type": "Point", "coordinates": [ 114.214, 30.895 ] } },
{ "type": "Feature", "properties": { "pt_id": " 14055", "trajectory_id": 14, "北京时间": "2026-05-18 03:00", "lon": 114.343, "lat": 30.874, "height": 23.0 }, "geometry": { "type": "Point", "coordinates": [ 114.343, 30.874 ] } },
{ "type": "Feature", "properties": { "pt_id": " 14056", "trajectory_id": 14, "北京时间": "2026-05-18 02:00", "lon": 114.463, "lat": 30.847, "height": 25.0 }, "geometry": { "type": "Point", "coordinates": [ 114.463, 30.847 ] } },
{ "type": "Feature", "properties": { "pt_id": " 14057", "trajectory_id": 14, "北京时间": "2026-05-18 01:00", "lon": 114.583, "lat": 30.821, "height": 25.0 }, "geometry": { "type": "Point", "coordinates": [ 114.583, 30.821 ] } },
{ "type": "Feature", "properties": { "pt_id": " 14058", "trajectory_id": 14, "北京时间": "2026-05-18 00:00", "lon": 114.705, "lat": 30.806, "height": 25.0 }, "geometry": { "type": "Point", "coordinates": [ 114.705, 30.806 ] } },
{ "type": "Feature", "properties": { "pt_id": " 14059", "trajectory_id": 14, "北京时间": "2026-05-17 23:00", "lon": 114.82, "lat": 30.789, "height": 29.0 }, "geometry": { "type": "Point", "coordinates": [ 114.82, 30.789 ] } },
{ "type": "Feature", "properties": { "pt_id": " 14060", "trajectory_id": 14, "北京时间": "2026-05-17 22:00", "lon": 114.929, "lat": 30.751, "height": 43.0 }, "geometry": { "type": "Point", "coordinates": [ 114.929, 30.751 ] } },
{ "type": "Feature", "properties": { "pt_id": " 14061", "trajectory_id": 14, "北京时间": "2026-05-17 21:00", "lon": 115.041, "lat": 30.684, "height": 50.0 }, "geometry": { "type": "Point", "coordinates": [ 115.041, 30.684 ] } },
{ "type": "Feature", "properties": { "pt_id": " 14062", "trajectory_id": 14, "北京时间": "2026-05-17 20:00", "lon": 115.161, "lat": 30.602, "height": 45.0 }, "geometry": { "type": "Point", "coordinates": [ 115.161, 30.602 ] } },
{ "type": "Feature", "properties": { "pt_id": " 14063", "trajectory_id": 14, "北京时间": "2026-05-17 19:00", "lon": 115.28, "lat": 30.525, "height": 43.0 }, "geometry": { "type": "Point", "coordinates": [ 115.28, 30.525 ] } },
{ "type": "Feature", "properties": { "pt_id": " 14064", "trajectory_id": 14, "北京时间": "2026-05-17 18:00", "lon": 115.406, "lat": 30.441, "height": 55.0 }, "geometry": { "type": "Point", "coordinates": [ 115.406, 30.441 ] } },
{ "type": "Feature", "properties": { "pt_id": " 14065", "trajectory_id": 14, "北京时间": "2026-05-17 17:00", "lon": 115.551, "lat": 30.347, "height": 93.0 }, "geometry": { "type": "Point", "coordinates": [ 115.551, 30.347 ] } },
{ "type": "Feature", "properties": { "pt_id": " 14066", "trajectory_id": 14, "北京时间": "2026-05-17 16:00", "lon": 115.708, "lat": 30.274, "height": 150.0 }, "geometry": { "type": "Point", "coordinates": [ 115.708, 30.274 ] } },
{ "type": "Feature", "properties": { "pt_id": " 14067", "trajectory_id": 14, "北京时间": "2026-05-17 15:00", "lon": 115.859, "lat": 30.234, "height": 200.0 }, "geometry": { "type": "Point", "coordinates": [ 115.859, 30.234 ] } },
{ "type": "Feature", "properties": { "pt_id": " 14068", "trajectory_id": 14, "北京时间": "2026-05-17 14:00", "lon": 116.011, "lat": 30.227, "height": 162.0 }, "geometry": { "type": "Point", "coordinates": [ 116.011, 30.227 ] } },
{ "type": "Feature", "properties": { "pt_id": " 14069", "trajectory_id": 14, "北京时间": "2026-05-17 13:00", "lon": 116.152, "lat": 30.257, "height": 113.0 }, "geometry": { "type": "Point", "coordinates": [ 116.152, 30.257 ] } },
{ "type": "Feature", "properties": { "pt_id": " 14070", "trajectory_id": 14, "北京时间": "2026-05-17 12:00", "lon": 116.28, "lat": 30.319, "height": 80.0 }, "geometry": { "type": "Point", "coordinates": [ 116.28, 30.319 ] } },
{ "type": "Feature", "properties": { "pt_id": " 14071", "trajectory_id": 14, "北京时间": "2026-05-17 11:00", "lon": 116.385, "lat": 30.386, "height": 64.0 }, "geometry": { "type": "Point", "coordinates": [ 116.385, 30.386 ] } },
{ "type": "Feature", "properties": { "pt_id": " 14072", "trajectory_id": 14, "北京时间": "2026-05-17 10:00", "lon": 116.491, "lat": 30.459, "height": 45.0 }, "geometry": { "type": "Point", "coordinates": [ 116.491, 30.459 ] } },
{ "type": "Feature", "properties": { "pt_id": " 14073", "trajectory_id": 14, "北京时间": "2026-05-17 09:00", "lon": 116.59, "lat": 30.529, "height": 14.0 }, "geometry": { "type": "Point", "coordinates": [ 116.59, 30.529 ] } },
{ "type": "Feature", "properties": { "pt_id": " 14074", "trajectory_id": 14, "北京时间": "2026-05-17 08:00", "lon": 116.665, "lat": 30.589, "height": 1.0 }, "geometry": { "type": "Point", "coordinates": [ 116.665, 30.589 ] } },
{ "type": "Feature", "properties": { "pt_id": " 14075", "trajectory_id": 14, "北京时间": "2026-05-17 07:00", "lon": 116.732, "lat": 30.655, "height": 0.0 }, "geometry": { "type": "Point", "coordinates": [ 116.732, 30.655 ] } },
{ "type": "Feature", "properties": { "pt_id": " 14076", "trajectory_id": 14, "北京时间": "2026-05-17 06:00", "lon": 116.799, "lat": 30.729, "height": 0.0 }, "geometry": { "type": "Point", "coordinates": [ 116.799, 30.729 ] } },
{ "type": "Feature", "properties": { "pt_id": " 14077", "trajectory_id": 14, "北京时间": "2026-05-17 05:00", "lon": 116.858, "lat": 30.804, "height": 3.0 }, "geometry": { "type": "Point", "coordinates": [ 116.858, 30.804 ] } },
{ "type": "Feature", "properties": { "pt_id": " 14078", "trajectory_id": 14, "北京时间": "2026-05-17 04:00", "lon": 116.905, "lat": 30.876, "height": 22.0 }, "geometry": { "type": "Point", "coordinates": [ 116.905, 30.876 ] } },
{ "type": "Feature", "properties": { "pt_id": " 14079", "trajectory_id": 14, "北京时间": "2026-05-17 03:00", "lon": 116.955, "lat": 30.951, "height": 53.0 }, "geometry": { "type": "Point", "coordinates": [ 116.955, 30.951 ] } },
{ "type": "Feature", "properties": { "pt_id": " 14080", "trajectory_id": 14, "北京时间": "2026-05-17 02:00", "lon": 117.033, "lat": 31.023, "height": 65.0 }, "geometry": { "type": "Point", "coordinates": [ 117.033, 31.023 ] } },
{ "type": "Feature", "properties": { "pt_id": " 14081", "trajectory_id": 14, "北京时间": "2026-05-17 01:00", "lon": 117.185, "lat": 31.057, "height": 48.0 }, "geometry": { "type": "Point", "coordinates": [ 117.185, 31.057 ] } },
{ "type": "Feature", "properties": { "pt_id": " 14082", "trajectory_id": 14, "北京时间": "2026-05-17 00:00", "lon": 117.413, "lat": 31.048, "height": 45.0 }, "geometry": { "type": "Point", "coordinates": [ 117.413, 31.048 ] } },
{ "type": "Feature", "properties": { "pt_id": " 14083", "trajectory_id": 14, "北京时间": "2026-05-16 23:00", "lon": 117.694, "lat": 31.014, "height": 55.0 }, "geometry": { "type": "Point", "coordinates": [ 117.694, 31.014 ] } },
{ "type": "Feature", "properties": { "pt_id": " 14084", "trajectory_id": 14, "北京时间": "2026-05-16 22:00", "lon": 118.06, "lat": 30.96, "height": 125.0 }, "geometry": { "type": "Point", "coordinates": [ 118.06, 30.96 ] } },
{ "type": "Feature", "properties": { "pt_id": " 14085", "trajectory_id": 14, "北京时间": "2026-05-16 21:00", "lon": 118.406, "lat": 30.894, "height": 190.0 }, "geometry": { "type": "Point", "coordinates": [ 118.406, 30.894 ] } },
{ "type": "Feature", "properties": { "pt_id": " 14086", "trajectory_id": 14, "北京时间": "2026-05-16 20:00", "lon": 118.72, "lat": 30.78, "height": 376.0 }, "geometry": { "type": "Point", "coordinates": [ 118.72, 30.78 ] } },
{ "type": "Feature", "properties": { "pt_id": " 14087", "trajectory_id": 14, "北京时间": "2026-05-16 19:00", "lon": 118.988, "lat": 30.608, "height": 519.0 }, "geometry": { "type": "Point", "coordinates": [ 118.988, 30.608 ] } },
{ "type": "Feature", "properties": { "pt_id": " 14088", "trajectory_id": 14, "北京时间": "2026-05-16 18:00", "lon": 119.25, "lat": 30.411, "height": 642.0 }, "geometry": { "type": "Point", "coordinates": [ 119.25, 30.411 ] } },
{ "type": "Feature", "properties": { "pt_id": " 14089", "trajectory_id": 14, "北京时间": "2026-05-16 17:00", "lon": 119.535, "lat": 30.248, "height": 644.0 }, "geometry": { "type": "Point", "coordinates": [ 119.535, 30.248 ] } },
{ "type": "Feature", "properties": { "pt_id": " 14090", "trajectory_id": 14, "北京时间": "2026-05-16 16:00", "lon": 119.797, "lat": 30.077, "height": 656.0 }, "geometry": { "type": "Point", "coordinates": [ 119.797, 30.077 ] } },
{ "type": "Feature", "properties": { "pt_id": " 14091", "trajectory_id": 14, "北京时间": "2026-05-16 15:00", "lon": 120.057, "lat": 29.838, "height": 804.0 }, "geometry": { "type": "Point", "coordinates": [ 120.057, 29.838 ] } },
{ "type": "Feature", "properties": { "pt_id": " 14092", "trajectory_id": 14, "北京时间": "2026-05-16 14:00", "lon": 120.363, "lat": 29.597, "height": 1152.0 }, "geometry": { "type": "Point", "coordinates": [ 120.363, 29.597 ] } },
{ "type": "Feature", "properties": { "pt_id": " 14093", "trajectory_id": 14, "北京时间": "2026-05-16 13:00", "lon": 120.667, "lat": 29.354, "height": 1431.0 }, "geometry": { "type": "Point", "coordinates": [ 120.667, 29.354 ] } },
{ "type": "Feature", "properties": { "pt_id": " 14094", "trajectory_id": 14, "北京时间": "2026-05-16 12:00", "lon": 120.886, "lat": 29.079, "height": 1719.0 }, "geometry": { "type": "Point", "coordinates": [ 120.886, 29.079 ] } },
{ "type": "Feature", "properties": { "pt_id": " 14095", "trajectory_id": 14, "北京时间": "2026-05-16 11:00", "lon": 121.085, "lat": 28.819, "height": 2066.0 }, "geometry": { "type": "Point", "coordinates": [ 121.085, 28.819 ] } },
{ "type": "Feature", "properties": { "pt_id": " 14096", "trajectory_id": 14, "北京时间": "2026-05-16 10:00", "lon": 121.265, "lat": 28.586, "height": 2157.0 }, "geometry": { "type": "Point", "coordinates": [ 121.265, 28.586 ] } },
{ "type": "Feature", "properties": { "pt_id": " 14097", "trajectory_id": 14, "北京时间": "2026-05-16 09:00", "lon": 121.472, "lat": 28.375, "height": 2118.0 }, "geometry": { "type": "Point", "coordinates": [ 121.472, 28.375 ] } },
{ "type": "Feature", "properties": { "pt_id": " 14098", "trajectory_id": 14, "北京时间": "2026-05-16 08:00", "lon": 121.678, "lat": 28.178, "height": 2057.0 }, "geometry": { "type": "Point", "coordinates": [ 121.678, 28.178 ] } },
{ "type": "Feature", "properties": { "pt_id": " 14099", "trajectory_id": 14, "北京时间": "2026-05-16 07:00", "lon": 121.865, "lat": 27.99, "height": 2076.0 }, "geometry": { "type": "Point", "coordinates": [ 121.865, 27.99 ] } },
{ "type": "Feature", "properties": { "pt_id": " 14100", "trajectory_id": 14, "北京时间": "2026-05-16 06:00", "lon": 122.034, "lat": 27.822, "height": 2023.0 }, "geometry": { "type": "Point", "coordinates": [ 122.034, 27.822 ] } },
{ "type": "Feature", "properties": { "pt_id": " 15000", "trajectory_id": 15, "北京时间": "2026-05-18 06:00", "lon": 113.942, "lat": 30.907, "height": 10.0 }, "geometry": { "type": "Point", "coordinates": [ 113.942, 30.907 ] } },
{ "type": "Feature", "properties": { "pt_id": " 15057", "trajectory_id": 15, "北京时间": "2026-05-18 05:00", "lon": 114.086, "lat": 30.909, "height": 11.0 }, "geometry": { "type": "Point", "coordinates": [ 114.086, 30.909 ] } },
{ "type": "Feature", "properties": { "pt_id": " 15058", "trajectory_id": 15, "北京时间": "2026-05-18 04:00", "lon": 114.222, "lat": 30.913, "height": 15.0 }, "geometry": { "type": "Point", "coordinates": [ 114.222, 30.913 ] } },
{ "type": "Feature", "properties": { "pt_id": " 15059", "trajectory_id": 15, "北京时间": "2026-05-18 03:00", "lon": 114.35, "lat": 30.905, "height": 19.0 }, "geometry": { "type": "Point", "coordinates": [ 114.35, 30.905 ] } },
{ "type": "Feature", "properties": { "pt_id": " 15060", "trajectory_id": 15, "北京时间": "2026-05-18 02:00", "lon": 114.472, "lat": 30.877, "height": 15.0 }, "geometry": { "type": "Point", "coordinates": [ 114.472, 30.877 ] } },
{ "type": "Feature", "properties": { "pt_id": " 15061", "trajectory_id": 15, "北京时间": "2026-05-18 01:00", "lon": 114.594, "lat": 30.828, "height": 8.0 }, "geometry": { "type": "Point", "coordinates": [ 114.594, 30.828 ] } },
{ "type": "Feature", "properties": { "pt_id": " 15062", "trajectory_id": 15, "北京时间": "2026-05-18 00:00", "lon": 114.713, "lat": 30.761, "height": 7.0 }, "geometry": { "type": "Point", "coordinates": [ 114.713, 30.761 ] } },
{ "type": "Feature", "properties": { "pt_id": " 15063", "trajectory_id": 15, "北京时间": "2026-05-17 23:00", "lon": 114.83, "lat": 30.692, "height": 12.0 }, "geometry": { "type": "Point", "coordinates": [ 114.83, 30.692 ] } },
{ "type": "Feature", "properties": { "pt_id": " 15064", "trajectory_id": 15, "北京时间": "2026-05-17 22:00", "lon": 114.945, "lat": 30.622, "height": 16.0 }, "geometry": { "type": "Point", "coordinates": [ 114.945, 30.622 ] } },
{ "type": "Feature", "properties": { "pt_id": " 15065", "trajectory_id": 15, "北京时间": "2026-05-17 21:00", "lon": 115.057, "lat": 30.532, "height": 16.0 }, "geometry": { "type": "Point", "coordinates": [ 115.057, 30.532 ] } },
{ "type": "Feature", "properties": { "pt_id": " 15066", "trajectory_id": 15, "北京时间": "2026-05-17 20:00", "lon": 115.182, "lat": 30.429, "height": 20.0 }, "geometry": { "type": "Point", "coordinates": [ 115.182, 30.429 ] } },
{ "type": "Feature", "properties": { "pt_id": " 15067", "trajectory_id": 15, "北京时间": "2026-05-17 19:00", "lon": 115.325, "lat": 30.318, "height": 28.0 }, "geometry": { "type": "Point", "coordinates": [ 115.325, 30.318 ] } },
{ "type": "Feature", "properties": { "pt_id": " 15068", "trajectory_id": 15, "北京时间": "2026-05-17 18:00", "lon": 115.472, "lat": 30.215, "height": 46.0 }, "geometry": { "type": "Point", "coordinates": [ 115.472, 30.215 ] } },
{ "type": "Feature", "properties": { "pt_id": " 15069", "trajectory_id": 15, "北京时间": "2026-05-17 17:00", "lon": 115.62, "lat": 30.144, "height": 59.0 }, "geometry": { "type": "Point", "coordinates": [ 115.62, 30.144 ] } },
{ "type": "Feature", "properties": { "pt_id": " 15070", "trajectory_id": 15, "北京时间": "2026-05-17 16:00", "lon": 115.78, "lat": 30.112, "height": 72.0 }, "geometry": { "type": "Point", "coordinates": [ 115.78, 30.112 ] } },
{ "type": "Feature", "properties": { "pt_id": " 15071", "trajectory_id": 15, "北京时间": "2026-05-17 15:00", "lon": 115.932, "lat": 30.124, "height": 75.0 }, "geometry": { "type": "Point", "coordinates": [ 115.932, 30.124 ] } },
{ "type": "Feature", "properties": { "pt_id": " 15072", "trajectory_id": 15, "北京时间": "2026-05-17 14:00", "lon": 116.062, "lat": 30.171, "height": 66.0 }, "geometry": { "type": "Point", "coordinates": [ 116.062, 30.171 ] } },
{ "type": "Feature", "properties": { "pt_id": " 15073", "trajectory_id": 15, "北京时间": "2026-05-17 13:00", "lon": 116.177, "lat": 30.243, "height": 61.0 }, "geometry": { "type": "Point", "coordinates": [ 116.177, 30.243 ] } },
{ "type": "Feature", "properties": { "pt_id": " 15074", "trajectory_id": 15, "北京时间": "2026-05-17 12:00", "lon": 116.277, "lat": 30.327, "height": 58.0 }, "geometry": { "type": "Point", "coordinates": [ 116.277, 30.327 ] } },
{ "type": "Feature", "properties": { "pt_id": " 15075", "trajectory_id": 15, "北京时间": "2026-05-17 11:00", "lon": 116.359, "lat": 30.4, "height": 50.0 }, "geometry": { "type": "Point", "coordinates": [ 116.359, 30.4 ] } },
{ "type": "Feature", "properties": { "pt_id": " 15076", "trajectory_id": 15, "北京时间": "2026-05-17 10:00", "lon": 116.443, "lat": 30.48, "height": 40.0 }, "geometry": { "type": "Point", "coordinates": [ 116.443, 30.48 ] } },
{ "type": "Feature", "properties": { "pt_id": " 15077", "trajectory_id": 15, "北京时间": "2026-05-17 09:00", "lon": 116.532, "lat": 30.576, "height": 40.0 }, "geometry": { "type": "Point", "coordinates": [ 116.532, 30.576 ] } },
{ "type": "Feature", "properties": { "pt_id": " 15078", "trajectory_id": 15, "北京时间": "2026-05-17 08:00", "lon": 116.606, "lat": 30.668, "height": 62.0 }, "geometry": { "type": "Point", "coordinates": [ 116.606, 30.668 ] } },
{ "type": "Feature", "properties": { "pt_id": " 15079", "trajectory_id": 15, "北京时间": "2026-05-17 07:00", "lon": 116.686, "lat": 30.774, "height": 88.0 }, "geometry": { "type": "Point", "coordinates": [ 116.686, 30.774 ] } },
{ "type": "Feature", "properties": { "pt_id": " 15080", "trajectory_id": 15, "北京时间": "2026-05-17 06:00", "lon": 116.782, "lat": 30.876, "height": 95.0 }, "geometry": { "type": "Point", "coordinates": [ 116.782, 30.876 ] } },
{ "type": "Feature", "properties": { "pt_id": " 15081", "trajectory_id": 15, "北京时间": "2026-05-17 05:00", "lon": 116.889, "lat": 30.943, "height": 86.0 }, "geometry": { "type": "Point", "coordinates": [ 116.889, 30.943 ] } },
{ "type": "Feature", "properties": { "pt_id": " 15082", "trajectory_id": 15, "北京时间": "2026-05-17 04:00", "lon": 117.013, "lat": 30.99, "height": 52.0 }, "geometry": { "type": "Point", "coordinates": [ 117.013, 30.99 ] } },
{ "type": "Feature", "properties": { "pt_id": " 15083", "trajectory_id": 15, "北京时间": "2026-05-17 03:00", "lon": 117.167, "lat": 31.019, "height": 34.0 }, "geometry": { "type": "Point", "coordinates": [ 117.167, 31.019 ] } },
{ "type": "Feature", "properties": { "pt_id": " 15084", "trajectory_id": 15, "北京时间": "2026-05-17 02:00", "lon": 117.385, "lat": 31.019, "height": 44.0 }, "geometry": { "type": "Point", "coordinates": [ 117.385, 31.019 ] } },
{ "type": "Feature", "properties": { "pt_id": " 15085", "trajectory_id": 15, "北京时间": "2026-05-17 01:00", "lon": 117.653, "lat": 31.005, "height": 62.0 }, "geometry": { "type": "Point", "coordinates": [ 117.653, 31.005 ] } },
{ "type": "Feature", "properties": { "pt_id": " 15086", "trajectory_id": 15, "北京时间": "2026-05-17 00:00", "lon": 118.01, "lat": 30.982, "height": 100.0 }, "geometry": { "type": "Point", "coordinates": [ 118.01, 30.982 ] } },
{ "type": "Feature", "properties": { "pt_id": " 15087", "trajectory_id": 15, "北京时间": "2026-05-16 23:00", "lon": 118.392, "lat": 30.937, "height": 135.0 }, "geometry": { "type": "Point", "coordinates": [ 118.392, 30.937 ] } },
{ "type": "Feature", "properties": { "pt_id": " 15088", "trajectory_id": 15, "北京时间": "2026-05-16 22:00", "lon": 118.732, "lat": 30.868, "height": 231.0 }, "geometry": { "type": "Point", "coordinates": [ 118.732, 30.868 ] } },
{ "type": "Feature", "properties": { "pt_id": " 15089", "trajectory_id": 15, "北京时间": "2026-05-16 21:00", "lon": 119.02, "lat": 30.767, "height": 334.0 }, "geometry": { "type": "Point", "coordinates": [ 119.02, 30.767 ] } },
{ "type": "Feature", "properties": { "pt_id": " 15090", "trajectory_id": 15, "北京时间": "2026-05-16 20:00", "lon": 119.308, "lat": 30.638, "height": 683.0 }, "geometry": { "type": "Point", "coordinates": [ 119.308, 30.638 ] } },
{ "type": "Feature", "properties": { "pt_id": " 15091", "trajectory_id": 15, "北京时间": "2026-05-16 19:00", "lon": 119.627, "lat": 30.447, "height": 960.0 }, "geometry": { "type": "Point", "coordinates": [ 119.627, 30.447 ] } },
{ "type": "Feature", "properties": { "pt_id": " 15092", "trajectory_id": 15, "北京时间": "2026-05-16 18:00", "lon": 119.865, "lat": 30.238, "height": 1215.0 }, "geometry": { "type": "Point", "coordinates": [ 119.865, 30.238 ] } },
{ "type": "Feature", "properties": { "pt_id": " 15093", "trajectory_id": 15, "北京时间": "2026-05-16 17:00", "lon": 120.085, "lat": 30.01, "height": 1283.0 }, "geometry": { "type": "Point", "coordinates": [ 120.085, 30.01 ] } },
{ "type": "Feature", "properties": { "pt_id": " 15094", "trajectory_id": 15, "北京时间": "2026-05-16 16:00", "lon": 120.289, "lat": 29.75, "height": 1477.0 }, "geometry": { "type": "Point", "coordinates": [ 120.289, 29.75 ] } },
{ "type": "Feature", "properties": { "pt_id": " 15095", "trajectory_id": 15, "北京时间": "2026-05-16 15:00", "lon": 120.465, "lat": 29.5, "height": 1577.0 }, "geometry": { "type": "Point", "coordinates": [ 120.465, 29.5 ] } },
{ "type": "Feature", "properties": { "pt_id": " 15096", "trajectory_id": 15, "北京时间": "2026-05-16 14:00", "lon": 120.624, "lat": 29.254, "height": 1646.0 }, "geometry": { "type": "Point", "coordinates": [ 120.624, 29.254 ] } },
{ "type": "Feature", "properties": { "pt_id": " 15097", "trajectory_id": 15, "北京时间": "2026-05-16 13:00", "lon": 120.742, "lat": 28.988, "height": 1862.0 }, "geometry": { "type": "Point", "coordinates": [ 120.742, 28.988 ] } },
{ "type": "Feature", "properties": { "pt_id": " 15098", "trajectory_id": 15, "北京时间": "2026-05-16 12:00", "lon": 120.784, "lat": 28.722, "height": 1980.0 }, "geometry": { "type": "Point", "coordinates": [ 120.784, 28.722 ] } },
{ "type": "Feature", "properties": { "pt_id": " 15099", "trajectory_id": 15, "北京时间": "2026-05-16 11:00", "lon": 120.814, "lat": 28.457, "height": 1957.0 }, "geometry": { "type": "Point", "coordinates": [ 120.814, 28.457 ] } },
{ "type": "Feature", "properties": { "pt_id": " 15100", "trajectory_id": 15, "北京时间": "2026-05-16 10:00", "lon": 120.849, "lat": 28.193, "height": 1951.0 }, "geometry": { "type": "Point", "coordinates": [ 120.849, 28.193 ] } },
{ "type": "Feature", "properties": { "pt_id": " 15101", "trajectory_id": 15, "北京时间": "2026-05-16 09:00", "lon": 120.92, "lat": 27.943, "height": 1978.0 }, "geometry": { "type": "Point", "coordinates": [ 120.92, 27.943 ] } },
{ "type": "Feature", "properties": { "pt_id": " 15102", "trajectory_id": 15, "北京时间": "2026-05-16 08:00", "lon": 121.001, "lat": 27.714, "height": 2006.0 }, "geometry": { "type": "Point", "coordinates": [ 121.001, 27.714 ] } },
{ "type": "Feature", "properties": { "pt_id": " 15103", "trajectory_id": 15, "北京时间": "2026-05-16 07:00", "lon": 121.005, "lat": 27.511, "height": 2073.0 }, "geometry": { "type": "Point", "coordinates": [ 121.005, 27.511 ] } },
{ "type": "Feature", "properties": { "pt_id": " 15104", "trajectory_id": 15, "北京时间": "2026-05-16 06:00", "lon": 120.92, "lat": 27.352, "height": 2135.0 }, "geometry": { "type": "Point", "coordinates": [ 120.92, 27.352 ] } },
{ "type": "Feature", "properties": { "pt_id": " 16000", "trajectory_id": 16, "北京时间": "2026-05-18 06:00", "lon": 113.942, "lat": 30.907, "height": 10.0 }, "geometry": { "type": "Point", "coordinates": [ 113.942, 30.907 ] } },
{ "type": "Feature", "properties": { "pt_id": " 16061", "trajectory_id": 16, "北京时间": "2026-05-18 05:00", "lon": 114.066, "lat": 30.907, "height": 10.0 }, "geometry": { "type": "Point", "coordinates": [ 114.066, 30.907 ] } },
{ "type": "Feature", "properties": { "pt_id": " 16062", "trajectory_id": 16, "北京时间": "2026-05-18 04:00", "lon": 114.188, "lat": 30.894, "height": 11.0 }, "geometry": { "type": "Point", "coordinates": [ 114.188, 30.894 ] } },
{ "type": "Feature", "properties": { "pt_id": " 16063", "trajectory_id": 16, "北京时间": "2026-05-18 03:00", "lon": 114.321, "lat": 30.869, "height": 12.0 }, "geometry": { "type": "Point", "coordinates": [ 114.321, 30.869 ] } },
{ "type": "Feature", "properties": { "pt_id": " 16064", "trajectory_id": 16, "北京时间": "2026-05-18 02:00", "lon": 114.46, "lat": 30.832, "height": 11.0 }, "geometry": { "type": "Point", "coordinates": [ 114.46, 30.832 ] } },
{ "type": "Feature", "properties": { "pt_id": " 16065", "trajectory_id": 16, "北京时间": "2026-05-18 01:00", "lon": 114.592, "lat": 30.785, "height": 12.0 }, "geometry": { "type": "Point", "coordinates": [ 114.592, 30.785 ] } },
{ "type": "Feature", "properties": { "pt_id": " 16066", "trajectory_id": 16, "北京时间": "2026-05-18 00:00", "lon": 114.702, "lat": 30.731, "height": 15.0 }, "geometry": { "type": "Point", "coordinates": [ 114.702, 30.731 ] } },
{ "type": "Feature", "properties": { "pt_id": " 16067", "trajectory_id": 16, "北京时间": "2026-05-17 23:00", "lon": 114.805, "lat": 30.658, "height": 14.0 }, "geometry": { "type": "Point", "coordinates": [ 114.805, 30.658 ] } },
{ "type": "Feature", "properties": { "pt_id": " 16068", "trajectory_id": 16, "北京时间": "2026-05-17 22:00", "lon": 114.92, "lat": 30.572, "height": 11.0 }, "geometry": { "type": "Point", "coordinates": [ 114.92, 30.572 ] } },
{ "type": "Feature", "properties": { "pt_id": " 16069", "trajectory_id": 16, "北京时间": "2026-05-17 21:00", "lon": 115.032, "lat": 30.474, "height": 10.0 }, "geometry": { "type": "Point", "coordinates": [ 115.032, 30.474 ] } },
{ "type": "Feature", "properties": { "pt_id": " 16070", "trajectory_id": 16, "北京时间": "2026-05-17 20:00", "lon": 115.135, "lat": 30.379, "height": 13.0 }, "geometry": { "type": "Point", "coordinates": [ 115.135, 30.379 ] } },
{ "type": "Feature", "properties": { "pt_id": " 16071", "trajectory_id": 16, "北京时间": "2026-05-17 19:00", "lon": 115.231, "lat": 30.295, "height": 15.0 }, "geometry": { "type": "Point", "coordinates": [ 115.231, 30.295 ] } },
{ "type": "Feature", "properties": { "pt_id": " 16072", "trajectory_id": 16, "北京时间": "2026-05-17 18:00", "lon": 115.321, "lat": 30.234, "height": 15.0 }, "geometry": { "type": "Point", "coordinates": [ 115.321, 30.234 ] } },
{ "type": "Feature", "properties": { "pt_id": " 16073", "trajectory_id": 16, "北京时间": "2026-05-17 17:00", "lon": 115.394, "lat": 30.209, "height": 13.0 }, "geometry": { "type": "Point", "coordinates": [ 115.394, 30.209 ] } },
{ "type": "Feature", "properties": { "pt_id": " 16074", "trajectory_id": 16, "北京时间": "2026-05-17 16:00", "lon": 115.457, "lat": 30.201, "height": 14.0 }, "geometry": { "type": "Point", "coordinates": [ 115.457, 30.201 ] } },
{ "type": "Feature", "properties": { "pt_id": " 16075", "trajectory_id": 16, "北京时间": "2026-05-17 15:00", "lon": 115.521, "lat": 30.202, "height": 22.0 }, "geometry": { "type": "Point", "coordinates": [ 115.521, 30.202 ] } },
{ "type": "Feature", "properties": { "pt_id": " 16076", "trajectory_id": 16, "北京时间": "2026-05-17 14:00", "lon": 115.596, "lat": 30.21, "height": 48.0 }, "geometry": { "type": "Point", "coordinates": [ 115.596, 30.21 ] } },
{ "type": "Feature", "properties": { "pt_id": " 16077", "trajectory_id": 16, "北京时间": "2026-05-17 13:00", "lon": 115.685, "lat": 30.212, "height": 88.0 }, "geometry": { "type": "Point", "coordinates": [ 115.685, 30.212 ] } },
{ "type": "Feature", "properties": { "pt_id": " 16078", "trajectory_id": 16, "北京时间": "2026-05-17 12:00", "lon": 115.787, "lat": 30.198, "height": 126.0 }, "geometry": { "type": "Point", "coordinates": [ 115.787, 30.198 ] } },
{ "type": "Feature", "properties": { "pt_id": " 16079", "trajectory_id": 16, "北京时间": "2026-05-17 11:00", "lon": 115.895, "lat": 30.169, "height": 134.0 }, "geometry": { "type": "Point", "coordinates": [ 115.895, 30.169 ] } },
{ "type": "Feature", "properties": { "pt_id": " 16080", "trajectory_id": 16, "北京时间": "2026-05-17 10:00", "lon": 116.005, "lat": 30.14, "height": 114.0 }, "geometry": { "type": "Point", "coordinates": [ 116.005, 30.14 ] } },
{ "type": "Feature", "properties": { "pt_id": " 16081", "trajectory_id": 16, "北京时间": "2026-05-17 09:00", "lon": 116.118, "lat": 30.135, "height": 84.0 }, "geometry": { "type": "Point", "coordinates": [ 116.118, 30.135 ] } },
{ "type": "Feature", "properties": { "pt_id": " 16082", "trajectory_id": 16, "北京时间": "2026-05-17 08:00", "lon": 116.236, "lat": 30.146, "height": 57.0 }, "geometry": { "type": "Point", "coordinates": [ 116.236, 30.146 ] } },
{ "type": "Feature", "properties": { "pt_id": " 16083", "trajectory_id": 16, "北京时间": "2026-05-17 07:00", "lon": 116.352, "lat": 30.163, "height": 40.0 }, "geometry": { "type": "Point", "coordinates": [ 116.352, 30.163 ] } },
{ "type": "Feature", "properties": { "pt_id": " 16084", "trajectory_id": 16, "北京时间": "2026-05-17 06:00", "lon": 116.457, "lat": 30.181, "height": 41.0 }, "geometry": { "type": "Point", "coordinates": [ 116.457, 30.181 ] } },
{ "type": "Feature", "properties": { "pt_id": " 16085", "trajectory_id": 16, "北京时间": "2026-05-17 05:00", "lon": 116.552, "lat": 30.212, "height": 53.0 }, "geometry": { "type": "Point", "coordinates": [ 116.552, 30.212 ] } },
{ "type": "Feature", "properties": { "pt_id": " 16086", "trajectory_id": 16, "北京时间": "2026-05-17 04:00", "lon": 116.631, "lat": 30.239, "height": 66.0 }, "geometry": { "type": "Point", "coordinates": [ 116.631, 30.239 ] } },
{ "type": "Feature", "properties": { "pt_id": " 16087", "trajectory_id": 16, "北京时间": "2026-05-17 03:00", "lon": 116.691, "lat": 30.25, "height": 76.0 }, "geometry": { "type": "Point", "coordinates": [ 116.691, 30.25 ] } },
{ "type": "Feature", "properties": { "pt_id": " 16088", "trajectory_id": 16, "北京时间": "2026-05-17 02:00", "lon": 116.737, "lat": 30.251, "height": 84.0 }, "geometry": { "type": "Point", "coordinates": [ 116.737, 30.251 ] } },
{ "type": "Feature", "properties": { "pt_id": " 16089", "trajectory_id": 16, "北京时间": "2026-05-17 01:00", "lon": 116.769, "lat": 30.251, "height": 92.0 }, "geometry": { "type": "Point", "coordinates": [ 116.769, 30.251 ] } },
{ "type": "Feature", "properties": { "pt_id": " 16090", "trajectory_id": 16, "北京时间": "2026-05-17 00:00", "lon": 116.789, "lat": 30.252, "height": 98.0 }, "geometry": { "type": "Point", "coordinates": [ 116.789, 30.252 ] } },
{ "type": "Feature", "properties": { "pt_id": " 16091", "trajectory_id": 16, "北京时间": "2026-05-16 23:00", "lon": 116.798, "lat": 30.255, "height": 100.0 }, "geometry": { "type": "Point", "coordinates": [ 116.798, 30.255 ] } },
{ "type": "Feature", "properties": { "pt_id": " 16092", "trajectory_id": 16, "北京时间": "2026-05-16 22:00", "lon": 116.806, "lat": 30.26, "height": 100.0 }, "geometry": { "type": "Point", "coordinates": [ 116.806, 30.26 ] } },
{ "type": "Feature", "properties": { "pt_id": " 16093", "trajectory_id": 16, "北京时间": "2026-05-16 21:00", "lon": 116.82, "lat": 30.271, "height": 100.0 }, "geometry": { "type": "Point", "coordinates": [ 116.82, 30.271 ] } },
{ "type": "Feature", "properties": { "pt_id": " 16094", "trajectory_id": 16, "北京时间": "2026-05-16 20:00", "lon": 116.838, "lat": 30.287, "height": 101.0 }, "geometry": { "type": "Point", "coordinates": [ 116.838, 30.287 ] } },
{ "type": "Feature", "properties": { "pt_id": " 16095", "trajectory_id": 16, "北京时间": "2026-05-16 19:00", "lon": 116.847, "lat": 30.296, "height": 104.0 }, "geometry": { "type": "Point", "coordinates": [ 116.847, 30.296 ] } },
{ "type": "Feature", "properties": { "pt_id": " 16096", "trajectory_id": 16, "北京时间": "2026-05-16 18:00", "lon": 116.836, "lat": 30.282, "height": 108.0 }, "geometry": { "type": "Point", "coordinates": [ 116.836, 30.282 ] } },
{ "type": "Feature", "properties": { "pt_id": " 16097", "trajectory_id": 16, "北京时间": "2026-05-16 17:00", "lon": 116.81, "lat": 30.245, "height": 112.0 }, "geometry": { "type": "Point", "coordinates": [ 116.81, 30.245 ] } },
{ "type": "Feature", "properties": { "pt_id": " 16098", "trajectory_id": 16, "北京时间": "2026-05-16 16:00", "lon": 116.78, "lat": 30.2, "height": 117.0 }, "geometry": { "type": "Point", "coordinates": [ 116.78, 30.2 ] } },
{ "type": "Feature", "properties": { "pt_id": " 16099", "trajectory_id": 16, "北京时间": "2026-05-16 15:00", "lon": 116.755, "lat": 30.166, "height": 120.0 }, "geometry": { "type": "Point", "coordinates": [ 116.755, 30.166 ] } },
{ "type": "Feature", "properties": { "pt_id": " 16100", "trajectory_id": 16, "北京时间": "2026-05-16 14:00", "lon": 116.731, "lat": 30.145, "height": 119.0 }, "geometry": { "type": "Point", "coordinates": [ 116.731, 30.145 ] } },
{ "type": "Feature", "properties": { "pt_id": " 16101", "trajectory_id": 16, "北京时间": "2026-05-16 13:00", "lon": 116.713, "lat": 30.122, "height": 119.0 }, "geometry": { "type": "Point", "coordinates": [ 116.713, 30.122 ] } },
{ "type": "Feature", "properties": { "pt_id": " 16102", "trajectory_id": 16, "北京时间": "2026-05-16 12:00", "lon": 116.709, "lat": 30.087, "height": 131.0 }, "geometry": { "type": "Point", "coordinates": [ 116.709, 30.087 ] } },
{ "type": "Feature", "properties": { "pt_id": " 16103", "trajectory_id": 16, "北京时间": "2026-05-16 11:00", "lon": 116.725, "lat": 30.045, "height": 158.0 }, "geometry": { "type": "Point", "coordinates": [ 116.725, 30.045 ] } },
{ "type": "Feature", "properties": { "pt_id": " 16104", "trajectory_id": 16, "北京时间": "2026-05-16 10:00", "lon": 116.756, "lat": 29.999, "height": 204.0 }, "geometry": { "type": "Point", "coordinates": [ 116.756, 29.999 ] } },
{ "type": "Feature", "properties": { "pt_id": " 16105", "trajectory_id": 16, "北京时间": "2026-05-16 09:00", "lon": 116.794, "lat": 29.931, "height": 255.0 }, "geometry": { "type": "Point", "coordinates": [ 116.794, 29.931 ] } },
{ "type": "Feature", "properties": { "pt_id": " 16106", "trajectory_id": 16, "北京时间": "2026-05-16 08:00", "lon": 116.847, "lat": 29.837, "height": 306.0 }, "geometry": { "type": "Point", "coordinates": [ 116.847, 29.837 ] } },
{ "type": "Feature", "properties": { "pt_id": " 16107", "trajectory_id": 16, "北京时间": "2026-05-16 07:00", "lon": 116.946, "lat": 29.722, "height": 380.0 }, "geometry": { "type": "Point", "coordinates": [ 116.946, 29.722 ] } },
{ "type": "Feature", "properties": { "pt_id": " 16108", "trajectory_id": 16, "北京时间": "2026-05-16 06:00", "lon": 117.084, "lat": 29.619, "height": 444.0 }, "geometry": { "type": "Point", "coordinates": [ 117.084, 29.619 ] } },
{ "type": "Feature", "properties": { "pt_id": " 17000", "trajectory_id": 17, "北京时间": "2026-05-18 06:00", "lon": 113.942, "lat": 30.907, "height": 10.0 }, "geometry": { "type": "Point", "coordinates": [ 113.942, 30.907 ] } },
{ "type": "Feature", "properties": { "pt_id": " 17065", "trajectory_id": 17, "北京时间": "2026-05-18 05:00", "lon": 114.051, "lat": 30.934, "height": 12.0 }, "geometry": { "type": "Point", "coordinates": [ 114.051, 30.934 ] } },
{ "type": "Feature", "properties": { "pt_id": " 17066", "trajectory_id": 17, "北京时间": "2026-05-18 04:00", "lon": 114.153, "lat": 30.947, "height": 15.0 }, "geometry": { "type": "Point", "coordinates": [ 114.153, 30.947 ] } },
{ "type": "Feature", "properties": { "pt_id": " 17067", "trajectory_id": 17, "北京时间": "2026-05-18 03:00", "lon": 114.253, "lat": 30.952, "height": 20.0 }, "geometry": { "type": "Point", "coordinates": [ 114.253, 30.952 ] } },
{ "type": "Feature", "properties": { "pt_id": " 17068", "trajectory_id": 17, "北京时间": "2026-05-18 02:00", "lon": 114.346, "lat": 30.95, "height": 22.0 }, "geometry": { "type": "Point", "coordinates": [ 114.346, 30.95 ] } },
{ "type": "Feature", "properties": { "pt_id": " 17069", "trajectory_id": 17, "北京时间": "2026-05-18 01:00", "lon": 114.434, "lat": 30.95, "height": 20.0 }, "geometry": { "type": "Point", "coordinates": [ 114.434, 30.95 ] } },
{ "type": "Feature", "properties": { "pt_id": " 17070", "trajectory_id": 17, "北京时间": "2026-05-18 00:00", "lon": 114.517, "lat": 30.963, "height": 19.0 }, "geometry": { "type": "Point", "coordinates": [ 114.517, 30.963 ] } },
{ "type": "Feature", "properties": { "pt_id": " 17071", "trajectory_id": 17, "北京时间": "2026-05-17 23:00", "lon": 114.585, "lat": 30.991, "height": 19.0 }, "geometry": { "type": "Point", "coordinates": [ 114.585, 30.991 ] } },
{ "type": "Feature", "properties": { "pt_id": " 17072", "trajectory_id": 17, "北京时间": "2026-05-17 22:00", "lon": 114.637, "lat": 31.032, "height": 19.0 }, "geometry": { "type": "Point", "coordinates": [ 114.637, 31.032 ] } },
{ "type": "Feature", "properties": { "pt_id": " 17073", "trajectory_id": 17, "北京时间": "2026-05-17 21:00", "lon": 114.678, "lat": 31.084, "height": 19.0 }, "geometry": { "type": "Point", "coordinates": [ 114.678, 31.084 ] } },
{ "type": "Feature", "properties": { "pt_id": " 17074", "trajectory_id": 17, "北京时间": "2026-05-17 20:00", "lon": 114.709, "lat": 31.136, "height": 20.0 }, "geometry": { "type": "Point", "coordinates": [ 114.709, 31.136 ] } },
{ "type": "Feature", "properties": { "pt_id": " 17075", "trajectory_id": 17, "北京时间": "2026-05-17 19:00", "lon": 114.733, "lat": 31.181, "height": 24.0 }, "geometry": { "type": "Point", "coordinates": [ 114.733, 31.181 ] } },
{ "type": "Feature", "properties": { "pt_id": " 17076", "trajectory_id": 17, "北京时间": "2026-05-17 18:00", "lon": 114.748, "lat": 31.222, "height": 29.0 }, "geometry": { "type": "Point", "coordinates": [ 114.748, 31.222 ] } },
{ "type": "Feature", "properties": { "pt_id": " 17077", "trajectory_id": 17, "北京时间": "2026-05-17 17:00", "lon": 114.762, "lat": 31.259, "height": 36.0 }, "geometry": { "type": "Point", "coordinates": [ 114.762, 31.259 ] } },
{ "type": "Feature", "properties": { "pt_id": " 17078", "trajectory_id": 17, "北京时间": "2026-05-17 16:00", "lon": 114.783, "lat": 31.295, "height": 49.0 }, "geometry": { "type": "Point", "coordinates": [ 114.783, 31.295 ] } },
{ "type": "Feature", "properties": { "pt_id": " 17079", "trajectory_id": 17, "北京时间": "2026-05-17 15:00", "lon": 114.813, "lat": 31.329, "height": 67.0 }, "geometry": { "type": "Point", "coordinates": [ 114.813, 31.329 ] } },
{ "type": "Feature", "properties": { "pt_id": " 17080", "trajectory_id": 17, "北京时间": "2026-05-17 14:00", "lon": 114.869, "lat": 31.357, "height": 89.0 }, "geometry": { "type": "Point", "coordinates": [ 114.869, 31.357 ] } },
{ "type": "Feature", "properties": { "pt_id": " 17081", "trajectory_id": 17, "北京时间": "2026-05-17 13:00", "lon": 114.966, "lat": 31.374, "height": 126.0 }, "geometry": { "type": "Point", "coordinates": [ 114.966, 31.374 ] } },
{ "type": "Feature", "properties": { "pt_id": " 17082", "trajectory_id": 17, "北京时间": "2026-05-17 12:00", "lon": 115.118, "lat": 31.366, "height": 192.0 }, "geometry": { "type": "Point", "coordinates": [ 115.118, 31.366 ] } },
{ "type": "Feature", "properties": { "pt_id": " 17083", "trajectory_id": 17, "北京时间": "2026-05-17 11:00", "lon": 115.323, "lat": 31.347, "height": 304.0 }, "geometry": { "type": "Point", "coordinates": [ 115.323, 31.347 ] } },
{ "type": "Feature", "properties": { "pt_id": " 17084", "trajectory_id": 17, "北京时间": "2026-05-17 10:00", "lon": 115.572, "lat": 31.333, "height": 473.0 }, "geometry": { "type": "Point", "coordinates": [ 115.572, 31.333 ] } },
{ "type": "Feature", "properties": { "pt_id": " 17085", "trajectory_id": 17, "北京时间": "2026-05-17 09:00", "lon": 115.909, "lat": 31.31, "height": 726.0 }, "geometry": { "type": "Point", "coordinates": [ 115.909, 31.31 ] } },
{ "type": "Feature", "properties": { "pt_id": " 17086", "trajectory_id": 17, "北京时间": "2026-05-17 08:00", "lon": 116.29, "lat": 31.286, "height": 721.0 }, "geometry": { "type": "Point", "coordinates": [ 116.29, 31.286 ] } },
{ "type": "Feature", "properties": { "pt_id": " 17087", "trajectory_id": 17, "北京时间": "2026-05-17 07:00", "lon": 116.649, "lat": 31.228, "height": 739.0 }, "geometry": { "type": "Point", "coordinates": [ 116.649, 31.228 ] } },
{ "type": "Feature", "properties": { "pt_id": " 17088", "trajectory_id": 17, "北京时间": "2026-05-17 06:00", "lon": 117.016, "lat": 31.16, "height": 736.0 }, "geometry": { "type": "Point", "coordinates": [ 117.016, 31.16 ] } },
{ "type": "Feature", "properties": { "pt_id": " 17089", "trajectory_id": 17, "北京时间": "2026-05-17 05:00", "lon": 117.399, "lat": 31.107, "height": 703.0 }, "geometry": { "type": "Point", "coordinates": [ 117.399, 31.107 ] } },
{ "type": "Feature", "properties": { "pt_id": " 17090", "trajectory_id": 17, "北京时间": "2026-05-17 04:00", "lon": 117.889, "lat": 31.011, "height": 703.0 }, "geometry": { "type": "Point", "coordinates": [ 117.889, 31.011 ] } },
{ "type": "Feature", "properties": { "pt_id": " 17091", "trajectory_id": 17, "北京时间": "2026-05-17 03:00", "lon": 118.404, "lat": 30.891, "height": 727.0 }, "geometry": { "type": "Point", "coordinates": [ 118.404, 30.891 ] } },
{ "type": "Feature", "properties": { "pt_id": " 17092", "trajectory_id": 17, "北京时间": "2026-05-17 02:00", "lon": 118.915, "lat": 30.727, "height": 1063.0 }, "geometry": { "type": "Point", "coordinates": [ 118.915, 30.727 ] } },
{ "type": "Feature", "properties": { "pt_id": " 17093", "trajectory_id": 17, "北京时间": "2026-05-17 01:00", "lon": 119.404, "lat": 30.535, "height": 1583.0 }, "geometry": { "type": "Point", "coordinates": [ 119.404, 30.535 ] } },
{ "type": "Feature", "properties": { "pt_id": " 17094", "trajectory_id": 17, "北京时间": "2026-05-17 00:00", "lon": 119.809, "lat": 30.302, "height": 1635.0 }, "geometry": { "type": "Point", "coordinates": [ 119.809, 30.302 ] } },
{ "type": "Feature", "properties": { "pt_id": " 17095", "trajectory_id": 17, "北京时间": "2026-05-16 23:00", "lon": 120.119, "lat": 30.068, "height": 1716.0 }, "geometry": { "type": "Point", "coordinates": [ 120.119, 30.068 ] } },
{ "type": "Feature", "properties": { "pt_id": " 17096", "trajectory_id": 17, "北京时间": "2026-05-16 22:00", "lon": 120.376, "lat": 29.825, "height": 1711.0 }, "geometry": { "type": "Point", "coordinates": [ 120.376, 29.825 ] } },
{ "type": "Feature", "properties": { "pt_id": " 17097", "trajectory_id": 17, "北京时间": "2026-05-16 21:00", "lon": 120.588, "lat": 29.569, "height": 1615.0 }, "geometry": { "type": "Point", "coordinates": [ 120.588, 29.569 ] } },
{ "type": "Feature", "properties": { "pt_id": " 17098", "trajectory_id": 17, "北京时间": "2026-05-16 20:00", "lon": 120.777, "lat": 29.29, "height": 1642.0 }, "geometry": { "type": "Point", "coordinates": [ 120.777, 29.29 ] } },
{ "type": "Feature", "properties": { "pt_id": " 17099", "trajectory_id": 17, "北京时间": "2026-05-16 19:00", "lon": 120.969, "lat": 29.01, "height": 1880.0 }, "geometry": { "type": "Point", "coordinates": [ 120.969, 29.01 ] } },
{ "type": "Feature", "properties": { "pt_id": " 17100", "trajectory_id": 17, "北京时间": "2026-05-16 18:00", "lon": 121.15, "lat": 28.721, "height": 2111.0 }, "geometry": { "type": "Point", "coordinates": [ 121.15, 28.721 ] } },
{ "type": "Feature", "properties": { "pt_id": " 17101", "trajectory_id": 17, "北京时间": "2026-05-16 17:00", "lon": 121.314, "lat": 28.447, "height": 2210.0 }, "geometry": { "type": "Point", "coordinates": [ 121.314, 28.447 ] } },
{ "type": "Feature", "properties": { "pt_id": " 17102", "trajectory_id": 17, "北京时间": "2026-05-16 16:00", "lon": 121.478, "lat": 28.194, "height": 2217.0 }, "geometry": { "type": "Point", "coordinates": [ 121.478, 28.194 ] } },
{ "type": "Feature", "properties": { "pt_id": " 17103", "trajectory_id": 17, "北京时间": "2026-05-16 15:00", "lon": 121.642, "lat": 27.961, "height": 2155.0 }, "geometry": { "type": "Point", "coordinates": [ 121.642, 27.961 ] } },
{ "type": "Feature", "properties": { "pt_id": " 17104", "trajectory_id": 17, "北京时间": "2026-05-16 14:00", "lon": 121.809, "lat": 27.752, "height": 2254.0 }, "geometry": { "type": "Point", "coordinates": [ 121.809, 27.752 ] } },
{ "type": "Feature", "properties": { "pt_id": " 17105", "trajectory_id": 17, "北京时间": "2026-05-16 13:00", "lon": 121.987, "lat": 27.579, "height": 2379.0 }, "geometry": { "type": "Point", "coordinates": [ 121.987, 27.579 ] } },
{ "type": "Feature", "properties": { "pt_id": " 17106", "trajectory_id": 17, "北京时间": "2026-05-16 12:00", "lon": 122.188, "lat": 27.45, "height": 2364.0 }, "geometry": { "type": "Point", "coordinates": [ 122.188, 27.45 ] } },
{ "type": "Feature", "properties": { "pt_id": " 17107", "trajectory_id": 17, "北京时间": "2026-05-16 11:00", "lon": 122.369, "lat": 27.35, "height": 2142.0 }, "geometry": { "type": "Point", "coordinates": [ 122.369, 27.35 ] } },
{ "type": "Feature", "properties": { "pt_id": " 17108", "trajectory_id": 17, "北京时间": "2026-05-16 10:00", "lon": 122.485, "lat": 27.258, "height": 1928.0 }, "geometry": { "type": "Point", "coordinates": [ 122.485, 27.258 ] } },
{ "type": "Feature", "properties": { "pt_id": " 17109", "trajectory_id": 17, "北京时间": "2026-05-16 09:00", "lon": 122.564, "lat": 27.172, "height": 1757.0 }, "geometry": { "type": "Point", "coordinates": [ 122.564, 27.172 ] } },
{ "type": "Feature", "properties": { "pt_id": " 17110", "trajectory_id": 17, "北京时间": "2026-05-16 08:00", "lon": 122.615, "lat": 27.101, "height": 1626.0 }, "geometry": { "type": "Point", "coordinates": [ 122.615, 27.101 ] } },
{ "type": "Feature", "properties": { "pt_id": " 17111", "trajectory_id": 17, "北京时间": "2026-05-16 07:00", "lon": 122.642, "lat": 27.055, "height": 1528.0 }, "geometry": { "type": "Point", "coordinates": [ 122.642, 27.055 ] } },
{ "type": "Feature", "properties": { "pt_id": " 17112", "trajectory_id": 17, "北京时间": "2026-05-16 06:00", "lon": 122.655, "lat": 27.031, "height": 1418.0 }, "geometry": { "type": "Point", "coordinates": [ 122.655, 27.031 ] } },
{ "type": "Feature", "properties": { "pt_id": " 18000", "trajectory_id": 18, "北京时间": "2026-05-18 06:00", "lon": 113.942, "lat": 30.907, "height": 10.0 }, "geometry": { "type": "Point", "coordinates": [ 113.942, 30.907 ] } },
{ "type": "Feature", "properties": { "pt_id": " 18069", "trajectory_id": 18, "北京时间": "2026-05-18 05:00", "lon": 114.03, "lat": 30.926, "height": 12.0 }, "geometry": { "type": "Point", "coordinates": [ 114.03, 30.926 ] } },
{ "type": "Feature", "properties": { "pt_id": " 18070", "trajectory_id": 18, "北京时间": "2026-05-18 04:00", "lon": 114.115, "lat": 30.934, "height": 13.0 }, "geometry": { "type": "Point", "coordinates": [ 114.115, 30.934 ] } },
{ "type": "Feature", "properties": { "pt_id": " 18071", "trajectory_id": 18, "北京时间": "2026-05-18 03:00", "lon": 114.199, "lat": 30.941, "height": 14.0 }, "geometry": { "type": "Point", "coordinates": [ 114.199, 30.941 ] } },
{ "type": "Feature", "properties": { "pt_id": " 18072", "trajectory_id": 18, "北京时间": "2026-05-18 02:00", "lon": 114.278, "lat": 30.96, "height": 20.0 }, "geometry": { "type": "Point", "coordinates": [ 114.278, 30.96 ] } },
{ "type": "Feature", "properties": { "pt_id": " 18073", "trajectory_id": 18, "北京时间": "2026-05-18 01:00", "lon": 114.342, "lat": 30.999, "height": 32.0 }, "geometry": { "type": "Point", "coordinates": [ 114.342, 30.999 ] } },
{ "type": "Feature", "properties": { "pt_id": " 18074", "trajectory_id": 18, "北京时间": "2026-05-18 00:00", "lon": 114.392, "lat": 31.046, "height": 45.0 }, "geometry": { "type": "Point", "coordinates": [ 114.392, 31.046 ] } },
{ "type": "Feature", "properties": { "pt_id": " 18075", "trajectory_id": 18, "北京时间": "2026-05-17 23:00", "lon": 114.431, "lat": 31.084, "height": 47.0 }, "geometry": { "type": "Point", "coordinates": [ 114.431, 31.084 ] } },
{ "type": "Feature", "properties": { "pt_id": " 18076", "trajectory_id": 18, "北京时间": "2026-05-17 22:00", "lon": 114.462, "lat": 31.11, "height": 42.0 }, "geometry": { "type": "Point", "coordinates": [ 114.462, 31.11 ] } },
{ "type": "Feature", "properties": { "pt_id": " 18077", "trajectory_id": 18, "北京时间": "2026-05-17 21:00", "lon": 114.49, "lat": 31.13, "height": 36.0 }, "geometry": { "type": "Point", "coordinates": [ 114.49, 31.13 ] } },
{ "type": "Feature", "properties": { "pt_id": " 18078", "trajectory_id": 18, "北京时间": "2026-05-17 20:00", "lon": 114.525, "lat": 31.145, "height": 32.0 }, "geometry": { "type": "Point", "coordinates": [ 114.525, 31.145 ] } },
{ "type": "Feature", "properties": { "pt_id": " 18079", "trajectory_id": 18, "北京时间": "2026-05-17 19:00", "lon": 114.57, "lat": 31.157, "height": 33.0 }, "geometry": { "type": "Point", "coordinates": [ 114.57, 31.157 ] } },
{ "type": "Feature", "properties": { "pt_id": " 18080", "trajectory_id": 18, "北京时间": "2026-05-17 18:00", "lon": 114.63, "lat": 31.166, "height": 33.0 }, "geometry": { "type": "Point", "coordinates": [ 114.63, 31.166 ] } },
{ "type": "Feature", "properties": { "pt_id": " 18081", "trajectory_id": 18, "北京时间": "2026-05-17 17:00", "lon": 114.709, "lat": 31.163, "height": 33.0 }, "geometry": { "type": "Point", "coordinates": [ 114.709, 31.163 ] } },
{ "type": "Feature", "properties": { "pt_id": " 18082", "trajectory_id": 18, "北京时间": "2026-05-17 16:00", "lon": 114.797, "lat": 31.12, "height": 37.0 }, "geometry": { "type": "Point", "coordinates": [ 114.797, 31.12 ] } },
{ "type": "Feature", "properties": { "pt_id": " 18083", "trajectory_id": 18, "北京时间": "2026-05-17 15:00", "lon": 114.873, "lat": 31.058, "height": 54.0 }, "geometry": { "type": "Point", "coordinates": [ 114.873, 31.058 ] } },
{ "type": "Feature", "properties": { "pt_id": " 18084", "trajectory_id": 18, "北京时间": "2026-05-17 14:00", "lon": 114.929, "lat": 31.024, "height": 73.0 }, "geometry": { "type": "Point", "coordinates": [ 114.929, 31.024 ] } },
{ "type": "Feature", "properties": { "pt_id": " 18085", "trajectory_id": 18, "北京时间": "2026-05-17 13:00", "lon": 114.961, "lat": 31.027, "height": 77.0 }, "geometry": { "type": "Point", "coordinates": [ 114.961, 31.027 ] } },
{ "type": "Feature", "properties": { "pt_id": " 18086", "trajectory_id": 18, "北京时间": "2026-05-17 12:00", "lon": 114.99, "lat": 31.058, "height": 72.0 }, "geometry": { "type": "Point", "coordinates": [ 114.99, 31.058 ] } },
{ "type": "Feature", "properties": { "pt_id": " 18087", "trajectory_id": 18, "北京时间": "2026-05-17 11:00", "lon": 115.033, "lat": 31.114, "height": 75.0 }, "geometry": { "type": "Point", "coordinates": [ 115.033, 31.114 ] } },
{ "type": "Feature", "properties": { "pt_id": " 18088", "trajectory_id": 18, "北京时间": "2026-05-17 10:00", "lon": 115.097, "lat": 31.199, "height": 104.0 }, "geometry": { "type": "Point", "coordinates": [ 115.097, 31.199 ] } },
{ "type": "Feature", "properties": { "pt_id": " 18089", "trajectory_id": 18, "北京时间": "2026-05-17 09:00", "lon": 115.16, "lat": 31.279, "height": 144.0 }, "geometry": { "type": "Point", "coordinates": [ 115.16, 31.279 ] } },
{ "type": "Feature", "properties": { "pt_id": " 18090", "trajectory_id": 18, "北京时间": "2026-05-17 08:00", "lon": 115.207, "lat": 31.335, "height": 154.0 }, "geometry": { "type": "Point", "coordinates": [ 115.207, 31.335 ] } },
{ "type": "Feature", "properties": { "pt_id": " 18091", "trajectory_id": 18, "北京时间": "2026-05-17 07:00", "lon": 115.24, "lat": 31.373, "height": 153.0 }, "geometry": { "type": "Point", "coordinates": [ 115.24, 31.373 ] } },
{ "type": "Feature", "properties": { "pt_id": " 18092", "trajectory_id": 18, "北京时间": "2026-05-17 06:00", "lon": 115.269, "lat": 31.41, "height": 160.0 }, "geometry": { "type": "Point", "coordinates": [ 115.269, 31.41 ] } },
{ "type": "Feature", "properties": { "pt_id": " 18093", "trajectory_id": 18, "北京时间": "2026-05-17 05:00", "lon": 115.304, "lat": 31.467, "height": 174.0 }, "geometry": { "type": "Point", "coordinates": [ 115.304, 31.467 ] } },
{ "type": "Feature", "properties": { "pt_id": " 18094", "trajectory_id": 18, "北京时间": "2026-05-17 04:00", "lon": 115.339, "lat": 31.542, "height": 187.0 }, "geometry": { "type": "Point", "coordinates": [ 115.339, 31.542 ] } },
{ "type": "Feature", "properties": { "pt_id": " 18095", "trajectory_id": 18, "北京时间": "2026-05-17 03:00", "lon": 115.363, "lat": 31.61, "height": 187.0 }, "geometry": { "type": "Point", "coordinates": [ 115.363, 31.61 ] } },
{ "type": "Feature", "properties": { "pt_id": " 18096", "trajectory_id": 18, "北京时间": "2026-05-17 02:00", "lon": 115.391, "lat": 31.664, "height": 176.0 }, "geometry": { "type": "Point", "coordinates": [ 115.391, 31.664 ] } },
{ "type": "Feature", "properties": { "pt_id": " 18097", "trajectory_id": 18, "北京时间": "2026-05-17 01:00", "lon": 115.425, "lat": 31.71, "height": 155.0 }, "geometry": { "type": "Point", "coordinates": [ 115.425, 31.71 ] } },
{ "type": "Feature", "properties": { "pt_id": " 18098", "trajectory_id": 18, "北京时间": "2026-05-17 00:00", "lon": 115.458, "lat": 31.748, "height": 129.0 }, "geometry": { "type": "Point", "coordinates": [ 115.458, 31.748 ] } },
{ "type": "Feature", "properties": { "pt_id": " 18099", "trajectory_id": 18, "北京时间": "2026-05-16 23:00", "lon": 115.479, "lat": 31.781, "height": 101.0 }, "geometry": { "type": "Point", "coordinates": [ 115.479, 31.781 ] } },
{ "type": "Feature", "properties": { "pt_id": " 18100", "trajectory_id": 18, "北京时间": "2026-05-16 22:00", "lon": 115.486, "lat": 31.813, "height": 70.0 }, "geometry": { "type": "Point", "coordinates": [ 115.486, 31.813 ] } },
{ "type": "Feature", "properties": { "pt_id": " 18101", "trajectory_id": 18, "北京时间": "2026-05-16 21:00", "lon": 115.484, "lat": 31.834, "height": 49.0 }, "geometry": { "type": "Point", "coordinates": [ 115.484, 31.834 ] } },
{ "type": "Feature", "properties": { "pt_id": " 18102", "trajectory_id": 18, "北京时间": "2026-05-16 20:00", "lon": 115.476, "lat": 31.839, "height": 46.0 }, "geometry": { "type": "Point", "coordinates": [ 115.476, 31.839 ] } },
{ "type": "Feature", "properties": { "pt_id": " 18103", "trajectory_id": 18, "北京时间": "2026-05-16 19:00", "lon": 115.465, "lat": 31.83, "height": 57.0 }, "geometry": { "type": "Point", "coordinates": [ 115.465, 31.83 ] } },
{ "type": "Feature", "properties": { "pt_id": " 18104", "trajectory_id": 18, "北京时间": "2026-05-16 18:00", "lon": 115.459, "lat": 31.8, "height": 86.0 }, "geometry": { "type": "Point", "coordinates": [ 115.459, 31.8 ] } },
{ "type": "Feature", "properties": { "pt_id": " 18105", "trajectory_id": 18, "北京时间": "2026-05-16 17:00", "lon": 115.463, "lat": 31.751, "height": 138.0 }, "geometry": { "type": "Point", "coordinates": [ 115.463, 31.751 ] } },
{ "type": "Feature", "properties": { "pt_id": " 18106", "trajectory_id": 18, "北京时间": "2026-05-16 16:00", "lon": 115.465, "lat": 31.689, "height": 209.0 }, "geometry": { "type": "Point", "coordinates": [ 115.465, 31.689 ] } },
{ "type": "Feature", "properties": { "pt_id": " 18107", "trajectory_id": 18, "北京时间": "2026-05-16 15:00", "lon": 115.468, "lat": 31.627, "height": 307.0 }, "geometry": { "type": "Point", "coordinates": [ 115.468, 31.627 ] } },
{ "type": "Feature", "properties": { "pt_id": " 18108", "trajectory_id": 18, "北京时间": "2026-05-16 14:00", "lon": 115.48, "lat": 31.583, "height": 468.0 }, "geometry": { "type": "Point", "coordinates": [ 115.48, 31.583 ] } },
{ "type": "Feature", "properties": { "pt_id": " 18109", "trajectory_id": 18, "北京时间": "2026-05-16 13:00", "lon": 115.485, "lat": 31.542, "height": 681.0 }, "geometry": { "type": "Point", "coordinates": [ 115.485, 31.542 ] } },
{ "type": "Feature", "properties": { "pt_id": " 18110", "trajectory_id": 18, "北京时间": "2026-05-16 12:00", "lon": 115.503, "lat": 31.49, "height": 813.0 }, "geometry": { "type": "Point", "coordinates": [ 115.503, 31.49 ] } },
{ "type": "Feature", "properties": { "pt_id": " 18111", "trajectory_id": 18, "北京时间": "2026-05-16 11:00", "lon": 115.534, "lat": 31.427, "height": 823.0 }, "geometry": { "type": "Point", "coordinates": [ 115.534, 31.427 ] } },
{ "type": "Feature", "properties": { "pt_id": " 18112", "trajectory_id": 18, "北京时间": "2026-05-16 10:00", "lon": 115.596, "lat": 31.345, "height": 784.0 }, "geometry": { "type": "Point", "coordinates": [ 115.596, 31.345 ] } },
{ "type": "Feature", "properties": { "pt_id": " 18113", "trajectory_id": 18, "北京时间": "2026-05-16 09:00", "lon": 115.687, "lat": 31.247, "height": 783.0 }, "geometry": { "type": "Point", "coordinates": [ 115.687, 31.247 ] } },
{ "type": "Feature", "properties": { "pt_id": " 18114", "trajectory_id": 18, "北京时间": "2026-05-16 08:00", "lon": 115.787, "lat": 31.161, "height": 765.0 }, "geometry": { "type": "Point", "coordinates": [ 115.787, 31.161 ] } },
{ "type": "Feature", "properties": { "pt_id": " 18115", "trajectory_id": 18, "北京时间": "2026-05-16 07:00", "lon": 115.86, "lat": 31.097, "height": 657.0 }, "geometry": { "type": "Point", "coordinates": [ 115.86, 31.097 ] } },
{ "type": "Feature", "properties": { "pt_id": " 18116", "trajectory_id": 18, "北京时间": "2026-05-16 06:00", "lon": 115.913, "lat": 31.036, "height": 528.0 }, "geometry": { "type": "Point", "coordinates": [ 115.913, 31.036 ] } },
{ "type": "Feature", "properties": { "pt_id": " 19000", "trajectory_id": 19, "北京时间": "2026-05-18 06:00", "lon": 113.942, "lat": 30.907, "height": 10.0 }, "geometry": { "type": "Point", "coordinates": [ 113.942, 30.907 ] } },
{ "type": "Feature", "properties": { "pt_id": " 19073", "trajectory_id": 19, "北京时间": "2026-05-18 05:00", "lon": 114.009, "lat": 30.925, "height": 10.0 }, "geometry": { "type": "Point", "coordinates": [ 114.009, 30.925 ] } },
{ "type": "Feature", "properties": { "pt_id": " 19074", "trajectory_id": 19, "北京时间": "2026-05-18 04:00", "lon": 114.072, "lat": 30.944, "height": 12.0 }, "geometry": { "type": "Point", "coordinates": [ 114.072, 30.944 ] } },
{ "type": "Feature", "properties": { "pt_id": " 19075", "trajectory_id": 19, "北京时间": "2026-05-18 03:00", "lon": 114.131, "lat": 30.965, "height": 18.0 }, "geometry": { "type": "Point", "coordinates": [ 114.131, 30.965 ] } },
{ "type": "Feature", "properties": { "pt_id": " 19076", "trajectory_id": 19, "北京时间": "2026-05-18 02:00", "lon": 114.189, "lat": 30.986, "height": 26.0 }, "geometry": { "type": "Point", "coordinates": [ 114.189, 30.986 ] } },
{ "type": "Feature", "properties": { "pt_id": " 19077", "trajectory_id": 19, "北京时间": "2026-05-18 01:00", "lon": 114.251, "lat": 31.012, "height": 36.0 }, "geometry": { "type": "Point", "coordinates": [ 114.251, 31.012 ] } },
{ "type": "Feature", "properties": { "pt_id": " 19078", "trajectory_id": 19, "北京时间": "2026-05-18 00:00", "lon": 114.317, "lat": 31.039, "height": 53.0 }, "geometry": { "type": "Point", "coordinates": [ 114.317, 31.039 ] } },
{ "type": "Feature", "properties": { "pt_id": " 19079", "trajectory_id": 19, "北京时间": "2026-05-17 23:00", "lon": 114.384, "lat": 31.056, "height": 66.0 }, "geometry": { "type": "Point", "coordinates": [ 114.384, 31.056 ] } },
{ "type": "Feature", "properties": { "pt_id": " 19080", "trajectory_id": 19, "北京时间": "2026-05-17 22:00", "lon": 114.446, "lat": 31.062, "height": 60.0 }, "geometry": { "type": "Point", "coordinates": [ 114.446, 31.062 ] } },
{ "type": "Feature", "properties": { "pt_id": " 19081", "trajectory_id": 19, "北京时间": "2026-05-17 21:00", "lon": 114.504, "lat": 31.064, "height": 38.0 }, "geometry": { "type": "Point", "coordinates": [ 114.504, 31.064 ] } },
{ "type": "Feature", "properties": { "pt_id": " 19082", "trajectory_id": 19, "北京时间": "2026-05-17 20:00", "lon": 114.558, "lat": 31.056, "height": 20.0 }, "geometry": { "type": "Point", "coordinates": [ 114.558, 31.056 ] } },
{ "type": "Feature", "properties": { "pt_id": " 19083", "trajectory_id": 19, "北京时间": "2026-05-17 19:00", "lon": 114.609, "lat": 31.049, "height": 15.0 }, "geometry": { "type": "Point", "coordinates": [ 114.609, 31.049 ] } },
{ "type": "Feature", "properties": { "pt_id": " 19084", "trajectory_id": 19, "北京时间": "2026-05-17 18:00", "lon": 114.671, "lat": 31.078, "height": 23.0 }, "geometry": { "type": "Point", "coordinates": [ 114.671, 31.078 ] } },
{ "type": "Feature", "properties": { "pt_id": " 19085", "trajectory_id": 19, "北京时间": "2026-05-17 17:00", "lon": 114.763, "lat": 31.166, "height": 45.0 }, "geometry": { "type": "Point", "coordinates": [ 114.763, 31.166 ] } },
{ "type": "Feature", "properties": { "pt_id": " 19086", "trajectory_id": 19, "北京时间": "2026-05-17 16:00", "lon": 114.915, "lat": 31.288, "height": 93.0 }, "geometry": { "type": "Point", "coordinates": [ 114.915, 31.288 ] } },
{ "type": "Feature", "properties": { "pt_id": " 19087", "trajectory_id": 19, "北京时间": "2026-05-17 15:00", "lon": 115.088, "lat": 31.397, "height": 192.0 }, "geometry": { "type": "Point", "coordinates": [ 115.088, 31.397 ] } },
{ "type": "Feature", "properties": { "pt_id": " 19088", "trajectory_id": 19, "北京时间": "2026-05-17 14:00", "lon": 115.248, "lat": 31.502, "height": 266.0 }, "geometry": { "type": "Point", "coordinates": [ 115.248, 31.502 ] } },
{ "type": "Feature", "properties": { "pt_id": " 19089", "trajectory_id": 19, "北京时间": "2026-05-17 13:00", "lon": 115.38, "lat": 31.583, "height": 255.0 }, "geometry": { "type": "Point", "coordinates": [ 115.38, 31.583 ] } },
{ "type": "Feature", "properties": { "pt_id": " 19090", "trajectory_id": 19, "北京时间": "2026-05-17 12:00", "lon": 115.485, "lat": 31.621, "height": 254.0 }, "geometry": { "type": "Point", "coordinates": [ 115.485, 31.621 ] } },
{ "type": "Feature", "properties": { "pt_id": " 19091", "trajectory_id": 19, "北京时间": "2026-05-17 11:00", "lon": 115.558, "lat": 31.63, "height": 279.0 }, "geometry": { "type": "Point", "coordinates": [ 115.558, 31.63 ] } },
{ "type": "Feature", "properties": { "pt_id": " 19092", "trajectory_id": 19, "北京时间": "2026-05-17 10:00", "lon": 115.616, "lat": 31.634, "height": 306.0 }, "geometry": { "type": "Point", "coordinates": [ 115.616, 31.634 ] } },
{ "type": "Feature", "properties": { "pt_id": " 19093", "trajectory_id": 19, "北京时间": "2026-05-17 09:00", "lon": 115.667, "lat": 31.646, "height": 313.0 }, "geometry": { "type": "Point", "coordinates": [ 115.667, 31.646 ] } },
{ "type": "Feature", "properties": { "pt_id": " 19094", "trajectory_id": 19, "北京时间": "2026-05-17 08:00", "lon": 115.702, "lat": 31.666, "height": 306.0 }, "geometry": { "type": "Point", "coordinates": [ 115.702, 31.666 ] } },
{ "type": "Feature", "properties": { "pt_id": " 19095", "trajectory_id": 19, "北京时间": "2026-05-17 07:00", "lon": 115.729, "lat": 31.693, "height": 290.0 }, "geometry": { "type": "Point", "coordinates": [ 115.729, 31.693 ] } },
{ "type": "Feature", "properties": { "pt_id": " 19096", "trajectory_id": 19, "北京时间": "2026-05-17 06:00", "lon": 115.755, "lat": 31.726, "height": 266.0 }, "geometry": { "type": "Point", "coordinates": [ 115.755, 31.726 ] } },
{ "type": "Feature", "properties": { "pt_id": " 19097", "trajectory_id": 19, "北京时间": "2026-05-17 05:00", "lon": 115.78, "lat": 31.768, "height": 237.0 }, "geometry": { "type": "Point", "coordinates": [ 115.78, 31.768 ] } },
{ "type": "Feature", "properties": { "pt_id": " 19098", "trajectory_id": 19, "北京时间": "2026-05-17 04:00", "lon": 115.798, "lat": 31.811, "height": 206.0 }, "geometry": { "type": "Point", "coordinates": [ 115.798, 31.811 ] } },
{ "type": "Feature", "properties": { "pt_id": " 19099", "trajectory_id": 19, "北京时间": "2026-05-17 03:00", "lon": 115.808, "lat": 31.847, "height": 178.0 }, "geometry": { "type": "Point", "coordinates": [ 115.808, 31.847 ] } },
{ "type": "Feature", "properties": { "pt_id": " 19100", "trajectory_id": 19, "北京时间": "2026-05-17 02:00", "lon": 115.807, "lat": 31.877, "height": 150.0 }, "geometry": { "type": "Point", "coordinates": [ 115.807, 31.877 ] } },
{ "type": "Feature", "properties": { "pt_id": " 19101", "trajectory_id": 19, "北京时间": "2026-05-17 01:00", "lon": 115.801, "lat": 31.892, "height": 132.0 }, "geometry": { "type": "Point", "coordinates": [ 115.801, 31.892 ] } },
{ "type": "Feature", "properties": { "pt_id": " 19102", "trajectory_id": 19, "北京时间": "2026-05-17 00:00", "lon": 115.802, "lat": 31.88, "height": 127.0 }, "geometry": { "type": "Point", "coordinates": [ 115.802, 31.88 ] } },
{ "type": "Feature", "properties": { "pt_id": " 19103", "trajectory_id": 19, "北京时间": "2026-05-16 23:00", "lon": 115.814, "lat": 31.842, "height": 139.0 }, "geometry": { "type": "Point", "coordinates": [ 115.814, 31.842 ] } },
{ "type": "Feature", "properties": { "pt_id": " 19104", "trajectory_id": 19, "北京时间": "2026-05-16 22:00", "lon": 115.831, "lat": 31.794, "height": 168.0 }, "geometry": { "type": "Point", "coordinates": [ 115.831, 31.794 ] } },
{ "type": "Feature", "properties": { "pt_id": " 19105", "trajectory_id": 19, "北京时间": "2026-05-16 21:00", "lon": 115.845, "lat": 31.74, "height": 218.0 }, "geometry": { "type": "Point", "coordinates": [ 115.845, 31.74 ] } },
{ "type": "Feature", "properties": { "pt_id": " 19106", "trajectory_id": 19, "北京时间": "2026-05-16 20:00", "lon": 115.858, "lat": 31.677, "height": 269.0 }, "geometry": { "type": "Point", "coordinates": [ 115.858, 31.677 ] } },
{ "type": "Feature", "properties": { "pt_id": " 19107", "trajectory_id": 19, "北京时间": "2026-05-16 19:00", "lon": 115.861, "lat": 31.607, "height": 348.0 }, "geometry": { "type": "Point", "coordinates": [ 115.861, 31.607 ] } },
{ "type": "Feature", "properties": { "pt_id": " 19108", "trajectory_id": 19, "北京时间": "2026-05-16 18:00", "lon": 115.858, "lat": 31.532, "height": 480.0 }, "geometry": { "type": "Point", "coordinates": [ 115.858, 31.532 ] } },
{ "type": "Feature", "properties": { "pt_id": " 19109", "trajectory_id": 19, "北京时间": "2026-05-16 17:00", "lon": 115.863, "lat": 31.457, "height": 619.0 }, "geometry": { "type": "Point", "coordinates": [ 115.863, 31.457 ] } },
{ "type": "Feature", "properties": { "pt_id": " 19110", "trajectory_id": 19, "北京时间": "2026-05-16 16:00", "lon": 115.903, "lat": 31.384, "height": 648.0 }, "geometry": { "type": "Point", "coordinates": [ 115.903, 31.384 ] } },
{ "type": "Feature", "properties": { "pt_id": " 19111", "trajectory_id": 19, "北京时间": "2026-05-16 15:00", "lon": 115.948, "lat": 31.306, "height": 561.0 }, "geometry": { "type": "Point", "coordinates": [ 115.948, 31.306 ] } },
{ "type": "Feature", "properties": { "pt_id": " 19112", "trajectory_id": 19, "北京时间": "2026-05-16 14:00", "lon": 115.972, "lat": 31.207, "height": 512.0 }, "geometry": { "type": "Point", "coordinates": [ 115.972, 31.207 ] } },
{ "type": "Feature", "properties": { "pt_id": " 19113", "trajectory_id": 19, "北京时间": "2026-05-16 13:00", "lon": 116.011, "lat": 31.112, "height": 508.0 }, "geometry": { "type": "Point", "coordinates": [ 116.011, 31.112 ] } },
{ "type": "Feature", "properties": { "pt_id": " 19114", "trajectory_id": 19, "北京时间": "2026-05-16 12:00", "lon": 116.061, "lat": 31.029, "height": 460.0 }, "geometry": { "type": "Point", "coordinates": [ 116.061, 31.029 ] } },
{ "type": "Feature", "properties": { "pt_id": " 19115", "trajectory_id": 19, "北京时间": "2026-05-16 11:00", "lon": 116.103, "lat": 30.949, "height": 378.0 }, "geometry": { "type": "Point", "coordinates": [ 116.103, 30.949 ] } },
{ "type": "Feature", "properties": { "pt_id": " 19116", "trajectory_id": 19, "北京时间": "2026-05-16 10:00", "lon": 116.139, "lat": 30.88, "height": 318.0 }, "geometry": { "type": "Point", "coordinates": [ 116.139, 30.88 ] } },
{ "type": "Feature", "properties": { "pt_id": " 19117", "trajectory_id": 19, "北京时间": "2026-05-16 09:00", "lon": 116.173, "lat": 30.816, "height": 261.0 }, "geometry": { "type": "Point", "coordinates": [ 116.173, 30.816 ] } },
{ "type": "Feature", "properties": { "pt_id": " 19118", "trajectory_id": 19, "北京时间": "2026-05-16 08:00", "lon": 116.197, "lat": 30.743, "height": 142.0 }, "geometry": { "type": "Point", "coordinates": [ 116.197, 30.743 ] } },
{ "type": "Feature", "properties": { "pt_id": " 19119", "trajectory_id": 19, "北京时间": "2026-05-16 07:00", "lon": 116.195, "lat": 30.681, "height": 56.0 }, "geometry": { "type": "Point", "coordinates": [ 116.195, 30.681 ] } },
{ "type": "Feature", "properties": { "pt_id": " 19120", "trajectory_id": 19, "北京时间": "2026-05-16 06:00", "lon": 116.158, "lat": 30.649, "height": 50.0 }, "geometry": { "type": "Point", "coordinates": [ 116.158, 30.649 ] } },
{ "type": "Feature", "properties": { "pt_id": " 20000", "trajectory_id": 20, "北京时间": "2026-05-18 06:00", "lon": 113.942, "lat": 30.907, "height": 10.0 }, "geometry": { "type": "Point", "coordinates": [ 113.942, 30.907 ] } },
{ "type": "Feature", "properties": { "pt_id": " 20077", "trajectory_id": 20, "北京时间": "2026-05-18 05:00", "lon": 113.988, "lat": 30.935, "height": 17.0 }, "geometry": { "type": "Point", "coordinates": [ 113.988, 30.935 ] } },
{ "type": "Feature", "properties": { "pt_id": " 20078", "trajectory_id": 20, "北京时间": "2026-05-18 04:00", "lon": 114.047, "lat": 30.966, "height": 28.0 }, "geometry": { "type": "Point", "coordinates": [ 114.047, 30.966 ] } },
{ "type": "Feature", "properties": { "pt_id": " 20079", "trajectory_id": 20, "北京时间": "2026-05-18 03:00", "lon": 114.126, "lat": 31.008, "height": 48.0 }, "geometry": { "type": "Point", "coordinates": [ 114.126, 31.008 ] } },
{ "type": "Feature", "properties": { "pt_id": " 20080", "trajectory_id": 20, "北京时间": "2026-05-18 02:00", "lon": 114.204, "lat": 31.061, "height": 72.0 }, "geometry": { "type": "Point", "coordinates": [ 114.204, 31.061 ] } },
{ "type": "Feature", "properties": { "pt_id": " 20081", "trajectory_id": 20, "北京时间": "2026-05-18 01:00", "lon": 114.27, "lat": 31.125, "height": 78.0 }, "geometry": { "type": "Point", "coordinates": [ 114.27, 31.125 ] } },
{ "type": "Feature", "properties": { "pt_id": " 20082", "trajectory_id": 20, "北京时间": "2026-05-18 00:00", "lon": 114.358, "lat": 31.196, "height": 60.0 }, "geometry": { "type": "Point", "coordinates": [ 114.358, 31.196 ] } },
{ "type": "Feature", "properties": { "pt_id": " 20083", "trajectory_id": 20, "北京时间": "2026-05-17 23:00", "lon": 114.507, "lat": 31.295, "height": 42.0 }, "geometry": { "type": "Point", "coordinates": [ 114.507, 31.295 ] } },
{ "type": "Feature", "properties": { "pt_id": " 20084", "trajectory_id": 20, "北京时间": "2026-05-17 22:00", "lon": 114.673, "lat": 31.416, "height": 76.0 }, "geometry": { "type": "Point", "coordinates": [ 114.673, 31.416 ] } },
{ "type": "Feature", "properties": { "pt_id": " 20085", "trajectory_id": 20, "北京时间": "2026-05-17 21:00", "lon": 114.906, "lat": 31.536, "height": 182.0 }, "geometry": { "type": "Point", "coordinates": [ 114.906, 31.536 ] } },
{ "type": "Feature", "properties": { "pt_id": " 20086", "trajectory_id": 20, "北京时间": "2026-05-17 20:00", "lon": 115.191, "lat": 31.617, "height": 296.0 }, "geometry": { "type": "Point", "coordinates": [ 115.191, 31.617 ] } },
{ "type": "Feature", "properties": { "pt_id": " 20087", "trajectory_id": 20, "北京时间": "2026-05-17 19:00", "lon": 115.419, "lat": 31.668, "height": 355.0 }, "geometry": { "type": "Point", "coordinates": [ 115.419, 31.668 ] } },
{ "type": "Feature", "properties": { "pt_id": " 20088", "trajectory_id": 20, "北京时间": "2026-05-17 18:00", "lon": 115.63, "lat": 31.684, "height": 416.0 }, "geometry": { "type": "Point", "coordinates": [ 115.63, 31.684 ] } },
{ "type": "Feature", "properties": { "pt_id": " 20089", "trajectory_id": 20, "北京时间": "2026-05-17 17:00", "lon": 115.866, "lat": 31.659, "height": 458.0 }, "geometry": { "type": "Point", "coordinates": [ 115.866, 31.659 ] } },
{ "type": "Feature", "properties": { "pt_id": " 20090", "trajectory_id": 20, "北京时间": "2026-05-17 16:00", "lon": 116.105, "lat": 31.62, "height": 427.0 }, "geometry": { "type": "Point", "coordinates": [ 116.105, 31.62 ] } },
{ "type": "Feature", "properties": { "pt_id": " 20091", "trajectory_id": 20, "北京时间": "2026-05-17 15:00", "lon": 116.28, "lat": 31.589, "height": 352.0 }, "geometry": { "type": "Point", "coordinates": [ 116.28, 31.589 ] } },
{ "type": "Feature", "properties": { "pt_id": " 20092", "trajectory_id": 20, "北京时间": "2026-05-17 14:00", "lon": 116.411, "lat": 31.567, "height": 284.0 }, "geometry": { "type": "Point", "coordinates": [ 116.411, 31.567 ] } },
{ "type": "Feature", "properties": { "pt_id": " 20093", "trajectory_id": 20, "北京时间": "2026-05-17 13:00", "lon": 116.525, "lat": 31.554, "height": 221.0 }, "geometry": { "type": "Point", "coordinates": [ 116.525, 31.554 ] } },
{ "type": "Feature", "properties": { "pt_id": " 20094", "trajectory_id": 20, "北京时间": "2026-05-17 12:00", "lon": 116.595, "lat": 31.554, "height": 174.0 }, "geometry": { "type": "Point", "coordinates": [ 116.595, 31.554 ] } },
{ "type": "Feature", "properties": { "pt_id": " 20095", "trajectory_id": 20, "北京时间": "2026-05-17 11:00", "lon": 116.636, "lat": 31.561, "height": 140.0 }, "geometry": { "type": "Point", "coordinates": [ 116.636, 31.561 ] } },
{ "type": "Feature", "properties": { "pt_id": " 20096", "trajectory_id": 20, "北京时间": "2026-05-17 10:00", "lon": 116.677, "lat": 31.565, "height": 109.0 }, "geometry": { "type": "Point", "coordinates": [ 116.677, 31.565 ] } },
{ "type": "Feature", "properties": { "pt_id": " 20097", "trajectory_id": 20, "北京时间": "2026-05-17 09:00", "lon": 116.716, "lat": 31.567, "height": 81.0 }, "geometry": { "type": "Point", "coordinates": [ 116.716, 31.567 ] } },
{ "type": "Feature", "properties": { "pt_id": " 20098", "trajectory_id": 20, "北京时间": "2026-05-17 08:00", "lon": 116.769, "lat": 31.566, "height": 60.0 }, "geometry": { "type": "Point", "coordinates": [ 116.769, 31.566 ] } },
{ "type": "Feature", "properties": { "pt_id": " 20099", "trajectory_id": 20, "北京时间": "2026-05-17 07:00", "lon": 116.844, "lat": 31.557, "height": 45.0 }, "geometry": { "type": "Point", "coordinates": [ 116.844, 31.557 ] } },
{ "type": "Feature", "properties": { "pt_id": " 20100", "trajectory_id": 20, "北京时间": "2026-05-17 06:00", "lon": 116.926, "lat": 31.541, "height": 34.0 }, "geometry": { "type": "Point", "coordinates": [ 116.926, 31.541 ] } },
{ "type": "Feature", "properties": { "pt_id": " 20101", "trajectory_id": 20, "北京时间": "2026-05-17 05:00", "lon": 117.007, "lat": 31.519, "height": 30.0 }, "geometry": { "type": "Point", "coordinates": [ 117.007, 31.519 ] } },
{ "type": "Feature", "properties": { "pt_id": " 20102", "trajectory_id": 20, "北京时间": "2026-05-17 04:00", "lon": 117.089, "lat": 31.495, "height": 32.0 }, "geometry": { "type": "Point", "coordinates": [ 117.089, 31.495 ] } },
{ "type": "Feature", "properties": { "pt_id": " 20103", "trajectory_id": 20, "北京时间": "2026-05-17 03:00", "lon": 117.167, "lat": 31.474, "height": 40.0 }, "geometry": { "type": "Point", "coordinates": [ 117.167, 31.474 ] } },
{ "type": "Feature", "properties": { "pt_id": " 20104", "trajectory_id": 20, "北京时间": "2026-05-17 02:00", "lon": 117.221, "lat": 31.448, "height": 57.0 }, "geometry": { "type": "Point", "coordinates": [ 117.221, 31.448 ] } },
{ "type": "Feature", "properties": { "pt_id": " 20105", "trajectory_id": 20, "北京时间": "2026-05-17 01:00", "lon": 117.231, "lat": 31.406, "height": 76.0 }, "geometry": { "type": "Point", "coordinates": [ 117.231, 31.406 ] } },
{ "type": "Feature", "properties": { "pt_id": " 20106", "trajectory_id": 20, "北京时间": "2026-05-17 00:00", "lon": 117.202, "lat": 31.347, "height": 97.0 }, "geometry": { "type": "Point", "coordinates": [ 117.202, 31.347 ] } },
{ "type": "Feature", "properties": { "pt_id": " 20107", "trajectory_id": 20, "北京时间": "2026-05-16 23:00", "lon": 117.152, "lat": 31.264, "height": 147.0 }, "geometry": { "type": "Point", "coordinates": [ 117.152, 31.264 ] } },
{ "type": "Feature", "properties": { "pt_id": " 20108", "trajectory_id": 20, "北京时间": "2026-05-16 22:00", "lon": 117.095, "lat": 31.155, "height": 265.0 }, "geometry": { "type": "Point", "coordinates": [ 117.095, 31.155 ] } },
{ "type": "Feature", "properties": { "pt_id": " 20109", "trajectory_id": 20, "北京时间": "2026-05-16 21:00", "lon": 117.029, "lat": 31.036, "height": 430.0 }, "geometry": { "type": "Point", "coordinates": [ 117.029, 31.036 ] } },
{ "type": "Feature", "properties": { "pt_id": " 20110", "trajectory_id": 20, "北京时间": "2026-05-16 20:00", "lon": 116.951, "lat": 30.901, "height": 596.0 }, "geometry": { "type": "Point", "coordinates": [ 116.951, 30.901 ] } },
{ "type": "Feature", "properties": { "pt_id": " 20111", "trajectory_id": 20, "北京时间": "2026-05-16 19:00", "lon": 116.865, "lat": 30.752, "height": 706.0 }, "geometry": { "type": "Point", "coordinates": [ 116.865, 30.752 ] } },
{ "type": "Feature", "properties": { "pt_id": " 20112", "trajectory_id": 20, "北京时间": "2026-05-16 18:00", "lon": 116.783, "lat": 30.599, "height": 769.0 }, "geometry": { "type": "Point", "coordinates": [ 116.783, 30.599 ] } },
{ "type": "Feature", "properties": { "pt_id": " 20113", "trajectory_id": 20, "北京时间": "2026-05-16 17:00", "lon": 116.731, "lat": 30.433, "height": 799.0 }, "geometry": { "type": "Point", "coordinates": [ 116.731, 30.433 ] } },
{ "type": "Feature", "properties": { "pt_id": " 20114", "trajectory_id": 20, "北京时间": "2026-05-16 16:00", "lon": 116.716, "lat": 30.244, "height": 763.0 }, "geometry": { "type": "Point", "coordinates": [ 116.716, 30.244 ] } },
{ "type": "Feature", "properties": { "pt_id": " 20115", "trajectory_id": 20, "北京时间": "2026-05-16 15:00", "lon": 116.736, "lat": 30.019, "height": 768.0 }, "geometry": { "type": "Point", "coordinates": [ 116.736, 30.019 ] } },
{ "type": "Feature", "properties": { "pt_id": " 20116", "trajectory_id": 20, "北京时间": "2026-05-16 14:00", "lon": 116.8, "lat": 29.759, "height": 940.0 }, "geometry": { "type": "Point", "coordinates": [ 116.8, 29.759 ] } },
{ "type": "Feature", "properties": { "pt_id": " 20117", "trajectory_id": 20, "北京时间": "2026-05-16 13:00", "lon": 116.894, "lat": 29.535, "height": 1053.0 }, "geometry": { "type": "Point", "coordinates": [ 116.894, 29.535 ] } },
{ "type": "Feature", "properties": { "pt_id": " 20118", "trajectory_id": 20, "北京时间": "2026-05-16 12:00", "lon": 116.966, "lat": 29.365, "height": 1019.0 }, "geometry": { "type": "Point", "coordinates": [ 116.966, 29.365 ] } },
{ "type": "Feature", "properties": { "pt_id": " 20119", "trajectory_id": 20, "北京时间": "2026-05-16 11:00", "lon": 116.995, "lat": 29.229, "height": 961.0 }, "geometry": { "type": "Point", "coordinates": [ 116.995, 29.229 ] } },
{ "type": "Feature", "properties": { "pt_id": " 20120", "trajectory_id": 20, "北京时间": "2026-05-16 10:00", "lon": 116.982, "lat": 29.118, "height": 896.0 }, "geometry": { "type": "Point", "coordinates": [ 116.982, 29.118 ] } },
{ "type": "Feature", "properties": { "pt_id": " 20121", "trajectory_id": 20, "北京时间": "2026-05-16 09:00", "lon": 116.917, "lat": 29.012, "height": 824.0 }, "geometry": { "type": "Point", "coordinates": [ 116.917, 29.012 ] } },
{ "type": "Feature", "properties": { "pt_id": " 20122", "trajectory_id": 20, "北京时间": "2026-05-16 08:00", "lon": 116.828, "lat": 28.862, "height": 765.0 }, "geometry": { "type": "Point", "coordinates": [ 116.828, 28.862 ] } },
{ "type": "Feature", "properties": { "pt_id": " 20123", "trajectory_id": 20, "北京时间": "2026-05-16 07:00", "lon": 116.751, "lat": 28.662, "height": 660.0 }, "geometry": { "type": "Point", "coordinates": [ 116.751, 28.662 ] } },
{ "type": "Feature", "properties": { "pt_id": " 20124", "trajectory_id": 20, "北京时间": "2026-05-16 06:00", "lon": 116.681, "lat": 28.402, "height": 483.0 }, "geometry": { "type": "Point", "coordinates": [ 116.681, 28.402 ] } }
]
}
